Symbol,Company Name,ISIN Code,Instrument Key,Instrument Type,Security Type,Lot Size,Tick Size
20MICRONS,20 MICRONS LTD,INE144J01027,NSE_EQ|INE144J01027,EQ,NORMAL,1,1.0
21STCENMGM,21ST CENTURY MGMT SERVICE,INE253B01015,NSE_EQ|INE253B01015,EQ,NORMAL,1,1.0
360ONE,360 ONE WAM LIMITED,INE466L01038,NSE_EQ|INE466L01038,EQ,NORMAL,1,10.0
3BBLACKBIO,3B BLACKBIO DX LTD.,INE994E01018,NSE_EQ|INE994E01018,EQ,NORMAL,1,10.0
3IINFOLTD,3I INFOTECH LIMITED,INE748C01038,NSE_EQ|INE748C01038,BE,NORMAL,1,1.0
3MINDIA,3M INDIA LIMITED,INE470A01017,NSE_EQ|INE470A01017,EQ,NORMAL,1,500.0
3PLAND,3P LAND HOLDINGS LIMITED,INE105C01023,NSE_EQ|INE105C01023,EQ,NORMAL,1,1.0
5PAISA,5PAISA CAPITAL LIMITED,INE618L01018,NSE_EQ|INE618L01018,EQ,NORMAL,1,5.0
63MOONS,63 MOONS TECHNOLOGIES LTD,INE111B01023,NSE_EQ|INE111B01023,EQ,NORMAL,1,5.0
A2ZINFRA,A2Z INFRA ENGINEERING LTD,INE619I01012,NSE_EQ|INE619I01012,EQ,NORMAL,1,1.0
AAATECH,AAA TECHNOLOGIES LIMITED,INE0D0U01013,NSE_EQ|INE0D0U01013,EQ,NORMAL,1,1.0
AADHARHFC,AADHAR HOUSING FINANCE L,INE883F01010,NSE_EQ|INE883F01010,EQ,NORMAL,1,5.0
AAKAAR,AAKAAR MEDICAL TECHNO LTD,INE1GYP01013,NSE_EQ|INE1GYP01013,SM,SME,1600,5.0
AAKASH,AAKASH EXPLORATION SER L,INE087Z01024,NSE_EQ|INE087Z01024,EQ,NORMAL,1,1.0
AARADHYA,AARADHYA DISPOSAL INDUS L,INE124401014,NSE_EQ|INE124401014,SM,SME,1200,5.0
AAREYDRUGS,AAREY DRUGS & PHARM LTD,INE198H01019,NSE_EQ|INE198H01019,EQ,NORMAL,1,1.0
AARNAV,AARNAV FASHIONS LIMITED,INE750R01016,NSE_EQ|INE750R01016,BE,NORMAL,1,1.0
AARON,AARON INDUSTRIES LIMITED,INE721Z01010,NSE_EQ|INE721Z01010,EQ,NORMAL,1,1.0
AARTECH,AARTECH SOLONICS LIMITED,INE01C001026,NSE_EQ|INE01C001026,BE,NORMAL,1,1.0
AARTIDRUGS,AARTI DRUGS LTD.,INE767A01016,NSE_EQ|INE767A01016,EQ,NORMAL,1,5.0
AARTIIND,AARTI INDUSTRIES LTD,INE769A01020,NSE_EQ|INE769A01020,EQ,NORMAL,1,5.0
AARTIPHARM,AARTI PHARMALABS LIMITED,INE0LRU01027,NSE_EQ|INE0LRU01027,EQ,NORMAL,1,5.0
AARTISURF,AARTI SURFACTANTS LIMITED,INE09EO01013,NSE_EQ|INE09EO01013,BE,NORMAL,1,5.0
AARVI,AARVI ENCON LIMITED,INE754X01016,NSE_EQ|INE754X01016,EQ,NORMAL,1,1.0
AASTHA,AASTHA SPINTEX LIMITED,INE2FMX01012,NSE_EQ|INE2FMX01012,EQ,NORMAL,1,1.0
AATMAJ,AATMAJ HEALTHCARE LIMITED,INE0OB201016,NSE_EQ|INE0OB201016,SM,SME,2000,5.0
AAVAS,AAVAS FINANCIERS LIMITED,INE216P01012,NSE_EQ|INE216P01012,EQ,NORMAL,1,10.0
ABAN,ABAN OFFSHORE LTD.,INE421A01028,NSE_EQ|INE421A01028,BE,NORMAL,1,1.0
ABANSENT,ABANS ENTERPRISES LTD.,INE365O01028,NSE_EQ|INE365O01028,EQ,NORMAL,1,1.0
ABB,ABB INDIA LIMITED,INE117A01022,NSE_EQ|INE117A01022,EQ,NORMAL,1,50.0
ABBOTINDIA,ABBOTT INDIA LIMITED,INE358A01014,NSE_EQ|INE358A01014,EQ,NORMAL,1,500.0
ABCAPITAL,ADITYA BIRLA CAPITAL LTD.,INE674K01013,NSE_EQ|INE674K01013,EQ,NORMAL,1,5.0
ABCOTS,A B COTSPIN INDIA LIMITED,INE08PH01015,NSE_EQ|INE08PH01015,EQ,NORMAL,1,1.0
ABDL,ALLIED BLEND N DISTILS L,INE552Z01027,NSE_EQ|INE552Z01027,EQ,NORMAL,1,5.0
ABFRL,ADITYA BIRLA FASHION & RT,INE647O01011,NSE_EQ|INE647O01011,EQ,NORMAL,1,1.0
ABGSEC,BIRLASLAMC - ABGSEC,INF209KC1134,NSE_EQ|INF209KC1134,EQ,NORMAL,1,1.0
ABHAPOWER,ABHA POWER N STEEL LTD,INE0UYG01015,NSE_EQ|INE0UYG01015,SM,SME,1600,5.0
ABINFRA,A B INFRABUILD LIMITED,INE00YB01025,NSE_EQ|INE00YB01025,BE,NORMAL,1,1.0
ABLBL,ADITYA BIRLA LIFES BRAN L,INE14LE01019,NSE_EQ|INE14LE01019,EQ,NORMAL,1,1.0
ABMINTLLTD,ABM INTERNATIONAL LTD,INE251C01025,NSE_EQ|INE251C01025,BE,NORMAL,1,1.0
ABMKNO,A B M KNOWLEDGEWARE LTD.,INE850B01026,NSE_EQ|INE850B01026,EQ,NORMAL,1,1.0
ABREL,ADITYA BIRLA REAL EST LTD,INE055A01016,NSE_EQ|INE055A01016,EQ,NORMAL,1,10.0
ABSL10BANK,BIRLASLAMC - ABSL10BANK,INF209KC1670,NSE_EQ|INF209KC1670,EQ,NORMAL,1,1.0
ABSLAMC,ADIT BIRL SUN LIF AMC LTD,INE404A01024,NSE_EQ|INE404A01024,EQ,NORMAL,1,10.0
ABSLBANETF,BIRLASLAMC - ABSLBANETF,INF209KB17D5,NSE_EQ|INF209KB17D5,EQ,NORMAL,1,1.0
ABSLLIQUID,BIRLASLAMC - ABSLLIQUID,INF209KB18T9,NSE_EQ|INF209KB18T9,EQ,NORMAL,1,1.0
ABSLMSCIN,BIRLASLAMC - ABSLMSCIN,INF209KC1662,NSE_EQ|INF209KC1662,EQ,NORMAL,1,1.0
ABSLNN50ET,BIRLASLAMC - ABSLNN50ET,INF209KB16D7,NSE_EQ|INF209KB16D7,EQ,NORMAL,1,1.0
ABSLPSE,BIRLASLAMC-ABSLPSE,INF209KB19Z4,NSE_EQ|INF209KB19Z4,EQ,NORMAL,1,1.0
ACC,ACC LIMITED,INE012A01025,NSE_EQ|INE012A01025,EQ,NORMAL,1,10.0
ACCELYA,ACCELYA SOLN INDIA LTD,INE793A01012,NSE_EQ|INE793A01012,EQ,NORMAL,1,10.0
ACCENTMIC,ACCENT MICROCELL LIMITED,INE0Q5D01013,NSE_EQ|INE0Q5D01013,SM,SME,500,5.0
ACCURACY,ACCURACY SHIPPING LIMITED,INE648Z01023,NSE_EQ|INE648Z01023,BE,NORMAL,1,1.0
ACE,ACTION CONST EQUIP LTD,INE731H01025,NSE_EQ|INE731H01025,EQ,NORMAL,1,10.0
ACEINTEG,ACE INTEGRATED SOLU. LTD.,INE543V01017,NSE_EQ|INE543V01017,EQ,NORMAL,1,1.0
ACETEC,ACETECH E-COMMERCE LTD,INE1J6M01010,NSE_EQ|INE1J6M01010,SM,SME,1200,5.0
ACGL,AUTOMOBILE CORPN OF GOA L,INE451C01013,NSE_EQ|INE451C01013,EQ,NORMAL,1,10.0
ACI,ARCHEAN CHEMICAL IND LTD,INE128X01021,NSE_EQ|INE128X01021,EQ,NORMAL,1,5.0
ACL,ANDHRA CEMENTS LIMITED,INE666E01020,NSE_EQ|INE666E01020,EQ,NORMAL,1,1.0
ACMESOLAR,ACME SOLAR HOLDINGS LTD,INE622W01025,NSE_EQ|INE622W01025,EQ,NORMAL,1,5.0
ACSTECH,A C S TECHNOLOGIES LTD.,INE366C01021,NSE_EQ|INE366C01021,EQ,NORMAL,1,1.0
ACTIVEINFR,ACTIVE INFRASTRUCTURES L,INE0KLO01025,NSE_EQ|INE0KLO01025,SM,SME,600,5.0
ACUTAAS,ACUTAAS CHEMICALS LIMITED,INE00FF01025,NSE_EQ|INE00FF01025,EQ,NORMAL,1,10.0
ADANIENSOL,ADANI ENERGY SOLUTION LTD,INE931S01010,NSE_EQ|INE931S01010,EQ,NORMAL,1,10.0
ADANIENT,ADANI ENTERPRISES LIMITED,INE423A01024,NSE_EQ|INE423A01024,EQ,NORMAL,1,10.0
ADANIGREEN,ADANI GREEN ENERGY LTD,INE364U01010,NSE_EQ|INE364U01010,EQ,NORMAL,1,10.0
ADANIPORTS,ADANI PORT & SEZ LTD,INE742F01042,NSE_EQ|INE742F01042,EQ,NORMAL,1,10.0
ADANIPOWER,ADANI POWER LTD,INE814H01029,NSE_EQ|INE814H01029,EQ,NORMAL,1,1.0
ADDICTIVE,ADDICTIVE LEARNING TECH L,INE0RDH01021,NSE_EQ|INE0RDH01021,SM,SME,500,5.0
ADDIND,ADDI INDUSTRIES LTD.,INE757C01021,NSE_EQ|INE757C01021,EQ,NORMAL,1,1.0
ADFFOODS,ADF FOODS LIMITED,INE982B01027,NSE_EQ|INE982B01027,EQ,NORMAL,1,5.0
ADISOFT,ADISOFT TECHNOLOGIES LTD,INE20PL01012,NSE_EQ|INE20PL01012,SM,SME,800,5.0
ADL,ARCHIDPLY DECOR LIMITED,INE0CHO01012,NSE_EQ|INE0CHO01012,EQ,NORMAL,1,1.0
ADOR,ADOR WELDING LTD,INE045A01017,NSE_EQ|INE045A01017,EQ,NORMAL,1,10.0
ADROITINFO,ADROIT INFOTECH LIMITED,INE737B01033,NSE_EQ|INE737B01033,EQ,NORMAL,1,1.0
ADSL,ALLIED DIGITAL SERV. LTD,INE102I01027,NSE_EQ|INE102I01027,EQ,NORMAL,1,1.0
ADVAIT,ADVAIT ENRGY TRANSITION L,INE0ALI01010,NSE_EQ|INE0ALI01010,EQ,NORMAL,1,10.0
ADVANCE,ADVANCE AGROLIFE LIMITED,INE1B0W01010,NSE_EQ|INE1B0W01010,EQ,NORMAL,1,1.0
ADVANIHOTR,ADVANI HOT.& RES.(I) LTD,INE199C01026,NSE_EQ|INE199C01026,EQ,NORMAL,1,1.0
ADVENTHTL,ADVENT HOTELS INTERNATI L,INE28GN01010,NSE_EQ|INE28GN01010,EQ,NORMAL,1,1.0
ADVENZYMES,ADVANCED ENZYME TECH LTD,INE837H01020,NSE_EQ|INE837H01020,EQ,NORMAL,1,5.0
ADVIKCA,ADVIK CAPITAL LTD.,INE178T01024,NSE_EQ|INE178T01024,EQ,NORMAL,1,1.0
AEGISLOG,AEGIS LOGISTICS LIMITED,INE208C01025,NSE_EQ|INE208C01025,EQ,NORMAL,1,10.0
AEGISVOPAK,AEGIS VOPAK TERMINALS LTD,INE0INX01018,NSE_EQ|INE0INX01018,EQ,NORMAL,1,5.0
AEPL,ARTEMIS ELECTRICALS & P L,INE757T01025,NSE_EQ|INE757T01025,EQ,NORMAL,1,1.0
AEQUS,AEQUS LIMITED,INE947N01017,NSE_EQ|INE947N01017,EQ,NORMAL,1,1.0
AEROENTER,AEROFLEX ENTERPRISES LTD,INE065D01027,NSE_EQ|INE065D01027,EQ,NORMAL,1,1.0
AEROFLEX,AEROFLEX INDUSTRIES LTD,INE024001021,NSE_EQ|INE024001021,EQ,NORMAL,1,5.0
AERON,AERON COMPOSITE LIMITED,INE0WL801011,NSE_EQ|INE0WL801011,SM,SME,1000,5.0
AERONEU,AEROFLEX NEU LIMITED,INE035801013,NSE_EQ|INE035801013,EQ,NORMAL,1,1.0
AEROPLANE,AMIR CHAND JAG KUM (E) L,INE05TO01019,NSE_EQ|INE05TO01019,EQ,NORMAL,1,1.0
AESTHETIK,AESTHETIK ENGINEERS LTD,INE0TSF01011,NSE_EQ|INE0TSF01011,SM,SME,1000,5.0
AETHER,AETHER INDUSTRIES LIMITED,INE0BWX01014,NSE_EQ|INE0BWX01014,EQ,NORMAL,1,10.0
AFCONS,AFCONS INFRASTRUCTURE LTD,INE101I01011,NSE_EQ|INE101I01011,EQ,NORMAL,1,5.0
AFFLE,AFFLE 3I LIMITED,INE00WC01027,NSE_EQ|INE00WC01027,EQ,NORMAL,1,10.0
AFFORDABLE,AFFORD ROBO & AUTO LTD,INE692Z01013,NSE_EQ|INE692Z01013,BE,NORMAL,1,1.0
AFIL,AKME FINTRADE (INDIA) LTD,INE916Y01027,NSE_EQ|INE916Y01027,EQ,NORMAL,1,1.0
AFSL,ABANS FINANCIAL SRVCS LTD,INE00ZE01026,NSE_EQ|INE00ZE01026,EQ,NORMAL,1,1.0
AGARIND,AGARWAL INDS CORP LTD.,INE204E01012,NSE_EQ|INE204E01012,EQ,NORMAL,1,5.0
AGARWALEYE,DR AGARWALS HEALTH CARE L,INE943P01029,NSE_EQ|INE943P01029,EQ,NORMAL,1,5.0
AGARWALFT,AGARWAL FLOAT GLASS I LTD,INE0MLA01012,NSE_EQ|INE0MLA01012,SM,SME,1500,5.0
AGARWALTUF,AGARWAL TOUGH GLASS IND L,INE0P8X01016,NSE_EQ|INE0P8X01016,SM,SME,1200,5.0
AGI,AGI GREENPAC LIMITED,INE415A01038,NSE_EQ|INE415A01038,EQ,NORMAL,1,5.0
AGIIL,AGI INFRA LIMITED,INE976R01033,NSE_EQ|INE976R01033,EQ,NORMAL,1,5.0
AGL,ALLCARGO GLOBAL LIMITED,INE1YPB01014,NSE_EQ|INE1YPB01014,EQ,NORMAL,1,1.0
AGNI,AGNI GREEN POWER LTD,INE0LF301013,NSE_EQ|INE0LF301013,SM,SME,2500,5.0
AGRITECH,AGRI-TECH (INDIA) LIMITED,INE449G01018,NSE_EQ|INE449G01018,EQ,NORMAL,1,1.0
AGROPHOS,AGRO PHOS INDIA LIMITED,INE740V01019,NSE_EQ|INE740V01019,EQ,NORMAL,1,1.0
AGSTRA,AGS TRANSACT TECH LTD,INE583L01014,NSE_EQ|INE583L01014,BZ,NORMAL,1,1.0
AGUL,A G UNIVERSAL LIMITED,INE0O6N01012,NSE_EQ|INE0O6N01012,SM,SME,2000,5.0
AHCL,ANLON HEALTHCARE LIMITED,INE0Y8W01025,NSE_EQ|INE0Y8W01025,EQ,NORMAL,1,1.0
AHLADA,AHLADA ENGINEERS LIMITED,INE00PV01013,NSE_EQ|INE00PV01013,EQ,NORMAL,1,1.0
AHLEAST,ASIAN HOTELS (EAST) LTD,INE926K01017,NSE_EQ|INE926K01017,EQ,NORMAL,1,1.0
AHLUCONT,AHLUWALIA CONT IND LTD,INE758C01029,NSE_EQ|INE758C01029,EQ,NORMAL,1,5.0
AHLWEST,ASIAN HOTELS (WEST) LTD,INE915K01010,NSE_EQ|INE915K01010,BE,NORMAL,1,5.0
AIAENG,AIA ENGINEERING LIMITED,INE212H01026,NSE_EQ|INE212H01026,EQ,NORMAL,1,10.0
AIIL,AUTHUM INVEST & INFRA LTD,INE206F01022,NSE_EQ|INE206F01022,EQ,NORMAL,1,5.0
AILIMITED,ABHISHEK INTEGRATIONS LTD,INE0CAJ01017,NSE_EQ|INE0CAJ01017,SM,SME,3000,5.0
AIMTRON,AIMTRON ELECTRONICS LTD,INE0RUV01018,NSE_EQ|INE0RUV01018,SM,SME,200,5.0
AIRAN,AIRAN LIMITED,INE645W01026,NSE_EQ|INE645W01026,EQ,NORMAL,1,1.0
AIROLAM,AIRO LAM LIMITED,INE801L01010,NSE_EQ|INE801L01010,EQ,NORMAL,1,1.0
AISL,ANI INTEGRATED SERV LTD.,INE635Y01015,NSE_EQ|INE635Y01015,SM,SME,600,5.0
AJANTPHARM,AJANTA PHARMA LIMITED,INE031B01049,NSE_EQ|INE031B01049,EQ,NORMAL,1,10.0
AJAXENGG,AJAX ENGINEERING LIMITED,INE274Y01021,NSE_EQ|INE274Y01021,EQ,NORMAL,1,5.0
AJMERA,AJMERA REALTY & INF I LTD,INE298G01035,NSE_EQ|INE298G01035,EQ,NORMAL,1,1.0
AJOONI,AJOONI BIOTECH LIMITED,INE820Y01021,NSE_EQ|INE820Y01021,EQ,NORMAL,1,1.0
AKANKSHA,AKANKSHA POWER N INFRA L,INE0PCY01014,NSE_EQ|INE0PCY01014,SM,SME,1000,5.0
AKASH,AKASH INFRA-PROJECTS LTD,INE737W01013,NSE_EQ|INE737W01013,EQ,NORMAL,1,1.0
AKCAPIT,A K CAPITAL SERVICES LTD.,INE701G01012,NSE_EQ|INE701G01012,EQ,NORMAL,1,10.0
AKG,AKG EXIM LIMITED,INE00Y801016,NSE_EQ|INE00Y801016,EQ,NORMAL,1,1.0
AKI,AKI INDIA LIMITED,INE642Z01026,NSE_EQ|INE642Z01026,EQ,NORMAL,1,1.0
AKIKO,AKIKO GLOBAL SERVICES L,INE0PMR01017,NSE_EQ|INE0PMR01017,SM,SME,800,5.0
AKSHAR,AKSHAR SPINTEX LIMITED,INE256Z01025,NSE_EQ|INE256Z01025,EQ,NORMAL,1,1.0
AKSHARCHEM,AKSHARCHEM INDIA LIMITED,INE542B01011,NSE_EQ|INE542B01011,BE,NORMAL,1,1.0
AKSHOPTFBR,AKSH OPTIFIBRE  LTD,INE523B01011,NSE_EQ|INE523B01011,BE,NORMAL,1,1.0
AKUMS,AKUMS DRUGS AND PHARMA L,INE09XN01023,NSE_EQ|INE09XN01023,EQ,NORMAL,1,5.0
ALANKIT,ALANKIT LIMITED,INE914E01040,NSE_EQ|INE914E01040,EQ,NORMAL,1,1.0
ALBERTDAVD,ALBERT DAVID LIMITED,INE155C01010,NSE_EQ|INE155C01010,EQ,NORMAL,1,5.0
ALCODIS,ALCOKRAFT DISTILLERIE LTD,INE448V01019,NSE_EQ|INE448V01019,SM,SME,625,5.0
ALEMBICLTD,ALEMBIC LIMITED,INE426A01027,NSE_EQ|INE426A01027,EQ,NORMAL,1,1.0
ALFREDHE,ALFRED HERBERT INDIA L,INE782D01027,NSE_EQ|INE782D01027,EQ,NORMAL,1,10.0
ALGOQUANT,ALGOQUANT FINTECH LIMITED,INE598D01035,NSE_EQ|INE598D01035,EQ,NORMAL,1,1.0
ALICON,ALICON CASTALLOY LIMITED,INE062D01024,NSE_EQ|INE062D01024,EQ,NORMAL,1,5.0
ALIVUS,ALIVUS LIFE SCIENCES LTD,INE03Q201024,NSE_EQ|INE03Q201024,EQ,NORMAL,1,10.0
ALKALI,ALKALI METALS LTD,INE773I01017,NSE_EQ|INE773I01017,BE,NORMAL,1,1.0
ALKEM,ALKEM LABORATORIES LTD.,INE540L01014,NSE_EQ|INE540L01014,EQ,NORMAL,1,50.0
ALKYLAMINE,ALKYL AMINES CHEM. LTD,INE150B01039,NSE_EQ|INE150B01039,EQ,NORMAL,1,10.0
ALLCARGO,ALLCARGO LOGISTICS LTD,INE418H01029,NSE_EQ|INE418H01029,EQ,NORMAL,1,1.0
ALLDIGI,ALLDIGI TECH LIMITED,INE835G01018,NSE_EQ|INE835G01018,EQ,NORMAL,1,5.0
ALLTIME,ALL TIME PLASTICS LIMITED,INE0GV601021,NSE_EQ|INE0GV601021,EQ,NORMAL,1,1.0
ALMONDZ,ALMONDZ GLOBAL SEC LTD,INE326B01035,NSE_EQ|INE326B01035,EQ,NORMAL,1,1.0
ALOKINDS,ALOK INDUSTRIES LIMITED,INE270A01029,NSE_EQ|INE270A01029,EQ,NORMAL,1,1.0
ALPA,ALPA LABORATORIES LTD,INE385I01010,NSE_EQ|INE385I01010,EQ,NORMAL,1,1.0
ALPEXSOLAR,ALPEX SOLAR LIMITED,INE0R4701017,NSE_EQ|INE0R4701017,SM,SME,100,5.0
ALPHA,KOTAKMAMC - KOTAKALPHA,INF174KA1IA5,NSE_EQ|INF174KA1IA5,EQ,NORMAL,1,1.0
ALPHAETF,MIRAEAMC - ALPHAETF,INF769K01KU7,NSE_EQ|INF769K01KU7,EQ,NORMAL,1,1.0
ALPHAGEO,ALPHAGEO (INDIA) LIMITED,INE137C01018,NSE_EQ|INE137C01018,BE,NORMAL,1,1.0
ALPINETEX,ALPINE TEXWORLD LIMITED,INE1JCQ01037,NSE_EQ|INE1JCQ01037,EQ,NORMAL,1,1.0
ALPL30IETF,ICICIPRAMC - ICICIALPLV,INF109KC17V7,NSE_EQ|INF109KC17V7,EQ,NORMAL,1,1.0
ALUFLUOR,ALUFLUORIDE LTD.,INE058F01019,NSE_EQ|INE058F01019,EQ,NORMAL,1,5.0
ALUWIND,ALUWIND INFRA-TECH LTD,INE0STM01017,NSE_EQ|INE0STM01017,SM,SME,1500,5.0
AMAGI,AMAGI MEDIA LABS LIMITED,INE121R01077,NSE_EQ|INE121R01077,EQ,NORMAL,1,5.0
AMAL,AMAL LTD.,INE841D01013,NSE_EQ|INE841D01013,EQ,NORMAL,1,5.0
AMANTA,AMANTA HEALTHCARE LIMITED,INE084K01015,NSE_EQ|INE084K01015,BE,NORMAL,1,1.0
AMARJOTHI,AMARJOTHI SPINNING MILL L,INE484D01012,NSE_EQ|INE484D01012,EQ,NORMAL,1,1.0
AMBAAUTO,AMBA AUTO SALES AND SER L,INE293601014,NSE_EQ|INE293601014,SM,SME,1000,5.0
AMBALALSA,AMBALAL SARABHAI ENT L,INE432A01017,NSE_EQ|INE432A01017,BE,NORMAL,1,1.0
AMBANIORGO,AMBANI ORGOCHEM LIMITED,INE00C501018,NSE_EQ|INE00C501018,SM,SME,1000,5.0
AMBER,AMBER ENTERPRISES (I) LTD,INE371P01015,NSE_EQ|INE371P01015,EQ,NORMAL,1,50.0
AMBICAAGAR,AMBICA AGAR & AROMAINDLTD,INE792B01012,NSE_EQ|INE792B01012,EQ,NORMAL,1,1.0
AMBIKCO,AMBIKA COTTON MILL LTD.,INE540G01014,NSE_EQ|INE540G01014,EQ,NORMAL,1,10.0
AMBUJACEM,AMBUJA CEMENTS LTD,INE079A01024,NSE_EQ|INE079A01024,EQ,NORMAL,1,5.0
AMCL,ANB METAL CAST LIMITED,INE0VG001016,NSE_EQ|INE0VG001016,SM,SME,400,5.0
AMDIND,AMD INDUSTRIES LIMITED,INE005I01014,NSE_EQ|INE005I01014,EQ,NORMAL,1,1.0
AMEYA,AMEYA PRECISION ENG LTD,INE0KT901015,NSE_EQ|INE0KT901015,SM,SME,1000,5.0
AMIABLE,AMIABLE LOGISTICS (I) LTD,INE0MTP01013,NSE_EQ|INE0MTP01013,SM,SME,1600,5.0
AMJLAND,AMJ LAND HOLDINGS LIMITED,INE606A01024,NSE_EQ|INE606A01024,EQ,NORMAL,1,1.0
AMNPLST,AMINES & PLASTICIZERS LTD,INE275D01022,NSE_EQ|INE275D01022,EQ,NORMAL,1,1.0
AMRUTANJAN,AMRUTAJAN HEALTH LTD,INE098F01031,NSE_EQ|INE098F01031,EQ,NORMAL,1,5.0
ANANDRATHI,ANAND RATHI WEALTH LTD,INE463V01026,NSE_EQ|INE463V01026,EQ,NORMAL,1,10.0
ANANTRAJ,ANANT RAJ LIMITED,INE242C01024,NSE_EQ|INE242C01024,EQ,NORMAL,1,5.0
ANAWIL,ANAWIL WIRE AND ENGIN LTD,INE1J5V01013,NSE_EQ|INE1J5V01013,SM,SME,400,5.0
ANDHRAPAP,ANDHRA PAPER LIMITED,INE435A01051,NSE_EQ|INE435A01051,EQ,NORMAL,1,1.0
ANDHRSUGAR,ANDHRA SUGARS LTD,INE715B01021,NSE_EQ|INE715B01021,EQ,NORMAL,1,1.0
ANDREWYU,ANDREW YULE & CO. LTD.,INE449C01025,NSE_EQ|INE449C01025,EQ,NORMAL,1,1.0
ANGELONE,ANGEL ONE LIMITED,INE732I01021,NSE_EQ|INE732I01021,EQ,NORMAL,1,5.0
ANIKINDS,ANIK INDUSTRIES LTD,INE087B01017,NSE_EQ|INE087B01017,EQ,NORMAL,1,1.0
ANKITMETAL,ANKIT MET & POW LTD,INE106I01010,NSE_EQ|INE106I01010,BZ,NORMAL,1,1.0
ANLON,ANLON TECHNOLOGY SOL LTD,INE0LR101013,NSE_EQ|INE0LR101013,SM,SME,400,5.0
ANMOL,ANMOL INDIA LIMITED,INE02AR01019,NSE_EQ|INE02AR01019,EQ,NORMAL,1,1.0
ANNAPURNA,ANNAPURNA SWADISHT LTD,INE0MGM01017,NSE_EQ|INE0MGM01017,EQ,NORMAL,1,5.0
ANONDITA,ANONDITA MEDICARE LIMITED,INE0VTV01012,NSE_EQ|INE0VTV01012,SM,SME,200,5.0
ANSALAPI,ANSAL PROP & INFRA LTD,INE436A01026,NSE_EQ|INE436A01026,BZ,NORMAL,1,1.0
ANSALBU,ANSAL BUILDWELL LTD.,INE030C01015,NSE_EQ|INE030C01015,EQ,NORMAL,1,1.0
ANTELOPUS,ANTELOPUS SELAN ENRGY LTD,INE818A01017,NSE_EQ|INE818A01017,EQ,NORMAL,1,5.0
ANTGRAPHIC,ANTARCTICA LTD,INE414B01021,NSE_EQ|INE414B01021,EQ,NORMAL,1,1.0
ANTHEM,ANTHEM BIOSCIENCES LTD,INE0CZ201020,NSE_EQ|INE0CZ201020,EQ,NORMAL,1,5.0
ANUHPHR,ANUH PHARMA LIMITED,INE489G01022,NSE_EQ|INE489G01022,EQ,NORMAL,1,1.0
ANUP,THE ANUP ENGINEERING LTD,INE294Z01018,NSE_EQ|INE294Z01018,EQ,NORMAL,1,10.0
ANURAS,ANUPAM RASAYAN INDIA LTD,INE930P01018,NSE_EQ|INE930P01018,EQ,NORMAL,1,10.0
ANYA,ANYA POLYTECH & FERTI LTD,INE0SI601032,NSE_EQ|INE0SI601032,SM,SME,5000,5.0
AONEGOLD,AONEAMC - AONEGOLD,INF1J2R01114,NSE_EQ|INF1J2R01114,EQ,NORMAL,1,1.0
AONELIQUID,AONEAMC - AONELIQUID,INF1J2R01056,NSE_EQ|INF1J2R01056,EQ,NORMAL,1,1.0
AONENIFTY,AONEAMC - AONENIFTY,INF1J2R01064,NSE_EQ|INF1J2R01064,EQ,NORMAL,1,1.0
AONESILVER,AONEAMC - AONESILVER,INF1J2R01171,NSE_EQ|INF1J2R01171,EQ,NORMAL,1,1.0
AONETMMQ50,AONEAMC - AONETMMQ50,INF1J2R01148,NSE_EQ|INF1J2R01148,EQ,NORMAL,1,1.0
AONETOTAL,AONEAMC - AONETOTAL,INF1J2R01015,NSE_EQ|INF1J2R01015,EQ,NORMAL,1,1.0
APARINDS,APAR INDUSTRIES LTD.,INE372A01015,NSE_EQ|INE372A01015,EQ,NORMAL,1,100.0
APCL,ANJANI PORTLAND CEM LTD,INE071F01012,NSE_EQ|INE071F01012,EQ,NORMAL,1,1.0
APCOTEXIND,APCOTEX INDUSTRIES LIMITE,INE116A01032,NSE_EQ|INE116A01032,EQ,NORMAL,1,5.0
APEX,APEX FROZEN FOODS LIMITED,INE346W01013,NSE_EQ|INE346W01013,EQ,NORMAL,1,5.0
APLAPOLLO,APL APOLLO TUBES LTD,INE702C01027,NSE_EQ|INE702C01027,EQ,NORMAL,1,10.0
APLLTD,ALEMBIC PHARMA LTD,INE901L01018,NSE_EQ|INE901L01018,EQ,NORMAL,1,5.0
APOLLO,APOLLO MICRO SYSTEMS LTD,INE713T01028,NSE_EQ|INE713T01028,EQ,NORMAL,1,5.0
APOLLOHOSP,APOLLO HOSPITALS ENTER. L,INE437A01024,NSE_EQ|INE437A01024,EQ,NORMAL,1,50.0
APOLLOPIPE,APOLLO PIPES LIMITED,INE126J01016,NSE_EQ|INE126J01016,EQ,NORMAL,1,5.0
APOLLOTYRE,APOLLO TYRES LTD,INE438A01022,NSE_EQ|INE438A01022,EQ,NORMAL,1,5.0
APOLSINHOT,APOLLO SINDOORI HOTEL LTD,INE451F01024,NSE_EQ|INE451F01024,EQ,NORMAL,1,10.0
APOORVA,APOORVA LEAS F & INV C L,INE217S01014,NSE_EQ|INE217S01014,EQ,NORMAL,1,1.0
APRAMEYA,APRAMEYA ENGINEERING LTD,INE0LQG01010,NSE_EQ|INE0LQG01010,SM,SME,500,5.0
APS,AUSTRALIAN PREM SOLAR I L,INE0P0001010,NSE_EQ|INE0P0001010,SM,SME,250,5.0
APTECHT,APTECH LIMITED,INE266F01018,NSE_EQ|INE266F01018,BE,NORMAL,1,1.0
APTUS,APTUS VALUE HSG FIN I LTD,INE852O01025,NSE_EQ|INE852O01025,EQ,NORMAL,1,5.0
AQYLON,AQYLON NEXUS LIMITED,INE416A01051,NSE_EQ|INE416A01051,EQ,NORMAL,1,1.0
ARABIAN,ARABIAN PETROLEUM LIMITED,INE08NJ01024,NSE_EQ|INE08NJ01024,SM,SME,2000,5.0
ARCHIDPLY,ARCHIDPLY IND. LTD,INE877I01016,NSE_EQ|INE877I01016,EQ,NORMAL,1,1.0
ARCHIES,ARCHIES LTD,INE731A01020,NSE_EQ|INE731A01020,EQ,NORMAL,1,1.0
ARCIIL,ARC INSULATION & INSU LTD,INE0YDV01010,NSE_EQ|INE0YDV01010,SM,SME,1000,5.0
ARCL,ARCL ORGANICS LTD.,INE372M01010,NSE_EQ|INE372M01010,EQ,NORMAL,1,1.0
ARDEE,ARDEE INDUSTRIES LIMITED,INE0XNF01022,NSE_EQ|INE0XNF01022,EQ,NORMAL,1,1.0
ARE&M,AMARA RAJA ENERGY MOB LTD,INE885A01032,NSE_EQ|INE885A01032,EQ,NORMAL,1,5.0
ARENTERP,RAJDARSHAN INDUSTRIES LTD,INE610C01014,NSE_EQ|INE610C01014,EQ,NORMAL,1,1.0
ARFIN,ARFIN INDIA LIMITED,INE784R01023,NSE_EQ|INE784R01023,EQ,NORMAL,1,1.0
ARHAM,ARHAM TECHNOLOGIES LTD,INE0L2Y01011,NSE_EQ|INE0L2Y01011,SM,SME,1000,5.0
ARIES,ARIES AGRO LTD.,INE298I01015,NSE_EQ|INE298I01015,EQ,NORMAL,1,5.0
ARIHANT,ARIHANT FOUN & HOU LTD,INE413D01011,NSE_EQ|INE413D01011,EQ,NORMAL,1,10.0
ARIHANTACA,ARIHANT ACADEMY LIMITED,INE0NCC01015,NSE_EQ|INE0NCC01015,SM,SME,400,5.0
ARIHANTCAP,ARIHANT CAPITAL MKTS LTD,INE420B01036,NSE_EQ|INE420B01036,EQ,NORMAL,1,1.0
ARIHANTSUP,ARIHANT SUPERSTRUCT LTD,INE643K01018,NSE_EQ|INE643K01018,EQ,NORMAL,1,5.0
ARIS,ARISINFRA SOLUTIONS LTD,INE0H9P01028,NSE_EQ|INE0H9P01028,EQ,NORMAL,1,1.0
ARISTO,ARISTO BIO T AND LIFESC L,INE082101010,NSE_EQ|INE082101010,SM,SME,800,5.0
ARKADE,ARKADE DEVELOPERS LIMITED,INE0QRL01017,NSE_EQ|INE0QRL01017,EQ,NORMAL,1,1.0
ARMANFIN,ARMAN FIN SERV LTD,INE109C01017,NSE_EQ|INE109C01017,EQ,NORMAL,1,10.0
AROGRANITE,ARO GRANITE IND. LTD.,INE210C01013,NSE_EQ|INE210C01013,EQ,NORMAL,1,1.0
ARROWGREEN,ARROW GREENTECH LIMITED,INE570D01018,NSE_EQ|INE570D01018,BE,NORMAL,1,5.0
ARSHIYA,ARSHIYA LIMITED,INE968D01022,NSE_EQ|INE968D01022,BZ,NORMAL,1,1.0
ARSSBL,ANAND RATHI SH N STK BR L,INE549H01021,NSE_EQ|INE549H01021,EQ,NORMAL,1,5.0
ARTEMISMED,ARTEMIS MED SERVICE LTD,INE025R01021,NSE_EQ|INE025R01021,EQ,NORMAL,1,5.0
ARTNIRMAN,ART NIRMAN LIMITED,INE738V01013,NSE_EQ|INE738V01013,EQ,NORMAL,1,1.0
ARUNAYA,ARUNAYA ORGANICS LIMITED,INE0TTG01017,NSE_EQ|INE0TTG01017,SM,SME,2000,5.0
ARVEE,ARVEE LABORATORIES I LTD,INE006Z01016,NSE_EQ|INE006Z01016,EQ,NORMAL,1,1.0
ARVIND,ARVIND LIMITED,INE034A01011,NSE_EQ|INE034A01011,EQ,NORMAL,1,5.0
ARVINDFASN,ARVIND FASHIONS LIMITED,INE955V01021,NSE_EQ|INE955V01021,EQ,NORMAL,1,5.0
ARVINDPORT,ARVIND PORT AND INFRA LTD,INE0P4T01013,NSE_EQ|INE0P4T01013,SM,SME,1500,5.0
ARVSMART,ARVIND SMARTSPACES LTD,INE034S01021,NSE_EQ|INE034S01021,EQ,NORMAL,1,5.0
ARYAMAN,ARYAMAN FINANCIAL SERV L,INE032E01017,NSE_EQ|INE032E01017,EQ,NORMAL,1,5.0
ASAHIINDIA,ASAHI INDIA GLASS LIMITED,INE439A01020,NSE_EQ|INE439A01020,EQ,NORMAL,1,5.0
ASAHISONG,ASAHI SONGWON COLOR LTD,INE228I01012,NSE_EQ|INE228I01012,BE,NORMAL,1,5.0
ASAL,AUTOMOTIVE STAMPINGS & AS,INE900C01027,NSE_EQ|INE900C01027,EQ,NORMAL,1,5.0
ASALCBR,ASSO ALCOHOLS & BREW LTD,INE073G01016,NSE_EQ|INE073G01016,EQ,NORMAL,1,5.0
ASCOM,ASCOM LEASIN & INVEST LTD,INE08KD01015,NSE_EQ|INE08KD01015,SM,SME,500,5.0
ASHALOG,ASHAPURA LOGISTICS LTD,INE0LAA01017,NSE_EQ|INE0LAA01017,SM,SME,1000,5.0
ASHAPURMIN,ASHAPURA MINECHEM LTD,INE348A01023,NSE_EQ|INE348A01023,EQ,NORMAL,1,5.0
ASHIANA,ASHIANA HOUSING LTD,INE365D01021,NSE_EQ|INE365D01021,EQ,NORMAL,1,5.0
ASHIKAG,ASHIKA GLOBAL SEC LTD,INE094B01013,NSE_EQ|INE094B01013,BE,NORMAL,1,5.0
ASHIMASYN,ASHIMA LTD,INE440A01010,NSE_EQ|INE440A01010,EQ,NORMAL,1,1.0
ASHOKA,ASHOKA BUILDCON LTD,INE442H01029,NSE_EQ|INE442H01029,EQ,NORMAL,1,1.0
ASHOKAMET,ASHOKA METCAST LIMITED,INE760Y01011,NSE_EQ|INE760Y01011,EQ,NORMAL,1,1.0
ASHOKLEY,ASHOK LEYLAND LTD,INE208A01029,NSE_EQ|INE208A01029,EQ,NORMAL,1,1.0
ASHWINI,ASHWINI CONTAINER MOVER L,INE1A6Q01010,NSE_EQ|INE1A6Q01010,SM,SME,1000,5.0
ASIANENE,ASIAN ENERGY SERVICES LTD,INE276G01015,NSE_EQ|INE276G01015,EQ,NORMAL,1,5.0
ASIANHOTNR,ASIAN HOTELS (NORTH) LTD,INE363A01022,NSE_EQ|INE363A01022,EQ,NORMAL,1,5.0
ASIANPAINT,ASIAN PAINTS LIMITED,INE021A01026,NSE_EQ|INE021A01026,EQ,NORMAL,1,10.0
ASIANTILES,ASIAN GRANITO IND. LTD.,INE022I01019,NSE_EQ|INE022I01019,EQ,NORMAL,1,1.0
ASIANTNE,ASIAN TEA & EXPORTS LTD.,INE822B01017,NSE_EQ|INE822B01017,EQ,NORMAL,1,1.0
ASKAUTOLTD,ASK AUTOMOTIVE LIMITED,INE491J01022,NSE_EQ|INE491J01022,EQ,NORMAL,1,5.0
ASMS,AVIO SMART MRKT STACK LTD,INE855F01042,NSE_EQ|INE855F01042,BE,NORMAL,1,1.0
ASPINWALL,ASPINWALL & CO LTD,INE991I01015,NSE_EQ|INE991I01015,EQ,NORMAL,1,1.0
ASPIRE,ASPIRE & INNOVATIVE ADV L,INE0S7801010,NSE_EQ|INE0S7801010,SM,SME,2000,5.0
ASSAMENT,ASSAM ENTRADE LIMITED,INE165G01010,NSE_EQ|INE165G01010,EQ,NORMAL,1,5.0
ASTAR,ASIAN STAR CO. LTD.,INE194D01017,NSE_EQ|INE194D01017,EQ,NORMAL,1,5.0
ASTEC,ASTEC LIFESCIENCES LTD,INE563J01010,NSE_EQ|INE563J01010,EQ,NORMAL,1,5.0
ASTERDM,ASTER DM QUALITY CARE LTD,INE914M01019,NSE_EQ|INE914M01019,EQ,NORMAL,1,5.0
ASTRAL,ASTRAL LIMITED,INE006I01046,NSE_EQ|INE006I01046,EQ,NORMAL,1,10.0
ASTRAMICRO,ASTRA MICROWAVE LTD,INE386C01029,NSE_EQ|INE386C01029,EQ,NORMAL,1,10.0
ASTRAZEN,ASTRAZENECA PHARMA IND LT,INE203A01020,NSE_EQ|INE203A01020,EQ,NORMAL,1,50.0
ASTRON,ASTRON PAPER BORD MIL LTD,INE646X01014,NSE_EQ|INE646X01014,BZ,NORMAL,1,1.0
ATALREAL,ATAL REALTECH LIMITED,INE0ALR01029,NSE_EQ|INE0ALR01029,EQ,NORMAL,1,1.0
ATAM,ATAM VALVES LIMITED,INE09KD01013,NSE_EQ|INE09KD01013,EQ,NORMAL,1,1.0
ATGL,ADANI TOTAL GAS LIMITED,INE399L01023,NSE_EQ|INE399L01023,EQ,NORMAL,1,5.0
ATHERENERG,ATHER ENERGY LIMITED,INE0LEZ01016,NSE_EQ|INE0LEZ01016,EQ,NORMAL,1,10.0
ATL,ALLCARGO TERMINALS LTD,INE0NN701020,NSE_EQ|INE0NN701020,EQ,NORMAL,1,1.0
ATLANTAA,ATLANTAA LIMITED,INE285H01022,NSE_EQ|INE285H01022,EQ,NORMAL,1,1.0
ATLANTAELE,ATLANTA ELECTRICALS LTD,INE0Z4F01028,NSE_EQ|INE0Z4F01028,EQ,NORMAL,1,10.0
ATLASCYCLE,ATLAS CYCLE (HARYANA) LTD,INE446A01025,NSE_EQ|INE446A01025,EQ,NORMAL,1,1.0
ATMASTCO,ATMASTCO LIMITED,INE05DH01017,NSE_EQ|INE05DH01017,SM,SME,400,5.0
ATUL,ATUL LTD,INE100A01010,NSE_EQ|INE100A01010,EQ,NORMAL,1,50.0
ATULAUTO,ATUL AUTO LIMITED,INE951D01028,NSE_EQ|INE951D01028,EQ,NORMAL,1,5.0
AUBANK,AU SMALL FINANCE BANK LTD,INE949L01017,NSE_EQ|INE949L01017,EQ,NORMAL,1,10.0
AURIONPRO,AURIONPRO SOLN LTD,INE132H01018,NSE_EQ|INE132H01018,EQ,NORMAL,1,5.0
AUROIMPEX,AURO IMPEX & CHEMICALS L,INE0NUL01018,NSE_EQ|INE0NUL01018,SM,SME,1600,5.0
AUROPHARMA,AUROBINDO PHARMA LTD,INE406A01037,NSE_EQ|INE406A01037,EQ,NORMAL,1,10.0
AURUM,AURUM PROPTECH LIMITED,INE898S01029,NSE_EQ|INE898S01029,EQ,NORMAL,1,1.0
AURUS,AURUS GEM CORP LIMITED,INE142K01011,NSE_EQ|INE142K01011,EQ,NORMAL,1,1.0
AUSL,ADITYA ULTRA STEEL LTD,INE01YQ01013,NSE_EQ|INE01YQ01013,SM,SME,2000,5.0
AUSOMENT,AUSOM ENTERPRISE LIMITED,INE218C01016,NSE_EQ|INE218C01016,EQ,NORMAL,1,1.0
AUSTENG,AUSTIN ENGINEERING CO. L,INE759F01012,NSE_EQ|INE759F01012,EQ,NORMAL,1,1.0
AUTOAXLES,AUTOMOTIVE AXLES LIMITED,INE449A01011,NSE_EQ|INE449A01011,EQ,NORMAL,1,10.0
AUTOBEES,NIPPONAMC - NETFAUTO,INF204KC1337,NSE_EQ|INF204KC1337,EQ,NORMAL,1,1.0
AUTOIETF,ICICIPRAMC - ICICIAUTO,INF109KC10V2,NSE_EQ|INF109KC10V2,EQ,NORMAL,1,1.0
AUTOIND,AUTOLINE INDUSTRIES LTD,INE718H01014,NSE_EQ|INE718H01014,EQ,NORMAL,1,1.0
AVADHSUGAR,AVADH SUG & ENERGY LTD,INE349W01017,NSE_EQ|INE349W01017,EQ,NORMAL,1,5.0
AVALON,AVALON TECHNOLOGIES LTD,INE0LCL01028,NSE_EQ|INE0LCL01028,EQ,NORMAL,1,10.0
AVANCE,AVANCE TECHNOLOGIES LTD.,INE758A01072,NSE_EQ|INE758A01072,EQ,NORMAL,1,1.0
AVANTEL,AVANTEL LIMITED,INE005B01027,NSE_EQ|INE005B01027,EQ,NORMAL,1,1.0
AVANTIFEED,AVANTI FEEDS LIMITED,INE871C01038,NSE_EQ|INE871C01038,EQ,NORMAL,1,5.0
AVG,AVG LOGISTICS LIMITED,INE680Z01018,NSE_EQ|INE680Z01018,BE,NORMAL,1,1.0
AVIANSH,AVI ANSH TEXTILE LIMITED,INE0TFB01017,NSE_EQ|INE0TFB01017,SM,SME,1000,5.0
AVIENCE,AVIENCE BIOMEDICALS LTD,INE0V9I01017,NSE_EQ|INE0V9I01017,SM,SME,600,5.0
AVL,ADITYA VISION LIMITED,INE679V01027,NSE_EQ|INE679V01027,EQ,NORMAL,1,5.0
AVONMORE,AVONMORE CAP&MGT SERV LTD,INE323B01024,NSE_EQ|INE323B01024,EQ,NORMAL,1,1.0
AVPINFRA,AVP INFRACON LIMITED,INE0R9401019,NSE_EQ|INE0R9401019,SM,SME,800,5.0
AVROIND,AVRO INDIA LIMITED,INE652Z01025,NSE_EQ|INE652Z01025,EQ,NORMAL,1,1.0
AVTNPL,AVT NATURAL PRODUCTS LTD,INE488D01021,NSE_EQ|INE488D01021,EQ,NORMAL,1,1.0
AWFIS,AWFIS SPACE SOLUTIONS LTD,INE108V01019,NSE_EQ|INE108V01019,EQ,NORMAL,1,5.0
AWHCL,ANTONY WASTE HDG CELL LTD,INE01BK01022,NSE_EQ|INE01BK01022,EQ,NORMAL,1,5.0
AWL,AWL AGRI BUSINESS LIMITED,INE699H01024,NSE_EQ|INE699H01024,EQ,NORMAL,1,1.0
AXISBANK,AXIS BANK LIMITED,INE238A01034,NSE_EQ|INE238A01034,EQ,NORMAL,1,10.0
AXISCADES,AXISCADES TECH LTD,INE555B01013,NSE_EQ|INE555B01013,EQ,NORMAL,1,10.0
AXITA,AXITA COTTON LIMITED,INE02EZ01022,NSE_EQ|INE02EZ01022,EQ,NORMAL,1,1.0
AXTEL,AXTEL INDUSTRIES LTD.,INE767C01012,NSE_EQ|INE767C01012,EQ,NORMAL,1,5.0
AYE,AYE FINANCE LIMITED,INE501X01029,NSE_EQ|INE501X01029,EQ,NORMAL,1,1.0
AYMSYNTEX,AYM SYNTEX LIMITED,INE193B01039,NSE_EQ|INE193B01039,EQ,NORMAL,1,5.0
AZAD,AZAD ENGINEERING LIMITED,INE02IJ01035,NSE_EQ|INE02IJ01035,EQ,NORMAL,1,10.0
AZADIND,AZAD INDIA MOBILITY LTD.,INE566M01017,NSE_EQ|INE566M01017,EQ,NORMAL,1,1.0
BABAFP,BABA FOOD PROCESSING,INE0QW501012,NSE_EQ|INE0QW501012,SM,SME,1600,5.0
BAFNAPH,BAFNA PHARMACEUTICALS LTD,INE878I01022,NSE_EQ|INE878I01022,BE,PCA,1,5.0
BAGDIGITAL,B.A.G.CONVERGENCE LIMITED,INE17CQ01015,NSE_EQ|INE17CQ01015,SM,SME,1600,5.0
BAGFILMS,B.A.G FILMS AND MEDIA LTD,INE116D01028,NSE_EQ|INE116D01028,EQ,NORMAL,1,1.0
BAHETI,BAHETI RECYCLING IND LTD,INE029Q01017,NSE_EQ|INE029Q01017,SM,SME,375,5.0
BAIDFIN,BAID FINSERV LIMITED,INE020D01022,NSE_EQ|INE020D01022,EQ,NORMAL,1,1.0
BAJAJ-AUTO,BAJAJ AUTO LIMITED,INE917I01010,NSE_EQ|INE917I01010,EQ,NORMAL,1,100.0
BAJAJCON,BAJAJ CONSUMER CARE LTD,INE933K01021,NSE_EQ|INE933K01021,EQ,NORMAL,1,5.0
BAJAJELEC,BAJAJ ELECT.LTD,INE193E01025,NSE_EQ|INE193E01025,EQ,NORMAL,1,5.0
BAJAJFINSV,BAJAJ FINSERV LTD.,INE918I01026,NSE_EQ|INE918I01026,EQ,NORMAL,1,10.0
BAJAJHCARE,BAJAJ HEALTHCARE LIMITED,INE411U01027,NSE_EQ|INE411U01027,EQ,NORMAL,1,5.0
BAJAJHFL,BAJAJ HOUSING FINANCE LTD,INE377Y01014,NSE_EQ|INE377Y01014,EQ,NORMAL,1,1.0
BAJAJHIND,BAJAJ HINDUSTHAN SUGAR LT,INE306A01021,NSE_EQ|INE306A01021,EQ,NORMAL,1,1.0
BAJAJHLDNG,BAJAJ HOLDINGS & INVS LTD,INE118A01012,NSE_EQ|INE118A01012,EQ,NORMAL,1,100.0
BAJAJINDEF,INDEF MANUFACTURING LTD,INE0O9T01021,NSE_EQ|INE0O9T01021,EQ,NORMAL,1,1.0
BAJAJST,BAJAJ STEEL INDS. LTD.,INE704G01024,NSE_EQ|INE704G01024,EQ,NORMAL,1,5.0
BAJEL,BAJEL PROJECTS LIMITED,INE0KQN01018,NSE_EQ|INE0KQN01018,EQ,NORMAL,1,1.0
BAJFINANCE,BAJAJ FINANCE LIMITED,INE296A01032,NSE_EQ|INE296A01032,EQ,NORMAL,1,10.0
BALAJEE,SHREE TIRUPATI BALAJEE L,INE0S2G01011,NSE_EQ|INE0S2G01011,EQ,NORMAL,1,1.0
BALAJIPHOS,BALAJI PHOSPHATES LIMITED,INE0PQ601019,NSE_EQ|INE0PQ601019,SM,SME,1000,5.0
BALAJITELE,BALAJI TELEFILMS LIMITED.,INE794B01026,NSE_EQ|INE794B01026,EQ,NORMAL,1,1.0
BALAMINES,BALAJI AMINES LIMITED,INE050E01027,NSE_EQ|INE050E01027,EQ,NORMAL,1,10.0
BALAXI,BALAXI PHARMA LTD,INE618N01022,NSE_EQ|INE618N01022,EQ,NORMAL,1,1.0
BALCO,SOLVE PLASTIC PRODUCTS L,INE0U0201016,NSE_EQ|INE0U0201016,SM,SME,1200,5.0
BALKRISHNA,BALKRISHNA PAPER MILLS L,INE875R01011,NSE_EQ|INE875R01011,EQ,NORMAL,1,1.0
BALKRISIND,BALKRISHNA IND. LTD,INE787D01026,NSE_EQ|INE787D01026,EQ,NORMAL,1,10.0
BALMLAWRIE,BALMER LAWRIE & CO LTD,INE164A01016,NSE_EQ|INE164A01016,EQ,NORMAL,1,1.0
BALPHARMA,BAL PHARMA LTD.,INE083D01012,NSE_EQ|INE083D01012,EQ,NORMAL,1,1.0
BALRAMCHIN,BALRAMPUR CHINI MILLS LTD,INE119A01028,NSE_EQ|INE119A01028,EQ,NORMAL,1,5.0
BALUFORGE,BALU FORGE INDUSTRIES LTD,INE011E01029,NSE_EQ|INE011E01029,EQ,NORMAL,1,5.0
BANARBEADS,BANARAS BEADS LTD,INE655B01011,NSE_EQ|INE655B01011,EQ,NORMAL,1,1.0
BANARISUG,BANNARI AMMAN SUGARS LTD,INE459A01010,NSE_EQ|INE459A01010,EQ,NORMAL,1,10.0
BANCOINDIA,BANCO PRODUCTS (I) LTD,INE213C01025,NSE_EQ|INE213C01025,EQ,NORMAL,1,5.0
BANDHANBNK,BANDHAN BANK LIMITED,INE545U01014,NSE_EQ|INE545U01014,EQ,NORMAL,1,1.0
BANG,BANG OVERSEAS LTD.,INE863I01016,NSE_EQ|INE863I01016,EQ,NORMAL,1,1.0
BANK10ADD,DSPAMC - BANK10ADD,INF740KA1YH2,NSE_EQ|INF740KA1YH2,EQ,NORMAL,1,1.0
BANK10BETF,BFAM - BANK10BETF,INF0QA701CI0,NSE_EQ|INF0QA701CI0,EQ,NORMAL,1,1.0
BANKA,BANKA BIOLOO LIMITED,INE862Y01015,NSE_EQ|INE862Y01015,EQ,NORMAL,1,1.0
BANKADD,DSPAMC - DSPBANK,INF740KA1RX3,NSE_EQ|INF740KA1RX3,EQ,NORMAL,1,1.0
BANKBARODA,BANK OF BARODA,INE028A01039,NSE_EQ|INE028A01039,EQ,NORMAL,1,1.0
BANKBEES,NIP IND ETF BANK BEES,INF204KB15I9,NSE_EQ|INF204KB15I9,EQ,NORMAL,1,1.0
BANKBETA,UTIAMC-BANKBETA,INF789F1AUV1,NSE_EQ|INF789F1AUV1,EQ,NORMAL,1,1.0
BANKBETF,BFAM - BANKBETF,INF0QA701714,NSE_EQ|INF0QA701714,EQ,NORMAL,1,1.0
BANKETF,MIRAEAMC - BANKETF,INF769K01KR3,NSE_EQ|INF769K01KR3,EQ,NORMAL,1,1.0
BANKIETF,ICICIPRAMC - IPRU5008,INF109KC15I8,NSE_EQ|INF109KC15I8,EQ,NORMAL,1,1.0
BANKINDIA,BANK OF INDIA,INE084A01016,NSE_EQ|INE084A01016,EQ,NORMAL,1,1.0
BANKNIFTY1,KOTAKMAMC-KOTAKBKETF,INF174KA1ZB7,NSE_EQ|INF174KA1ZB7,EQ,NORMAL,1,1.0
BANKPSU,MIRAEAMC - BANKPSU,INF769K01LZ4,NSE_EQ|INF769K01LZ4,EQ,NORMAL,1,1.0
BANSALWIRE,BANSAL WIRE INDUSTRIES L,INE0B9K01025,NSE_EQ|INE0B9K01025,EQ,NORMAL,1,5.0
BANSWRAS,BANSWARA SYNTEX LIMITED,INE629D01020,NSE_EQ|INE629D01020,EQ,NORMAL,1,1.0
BARFLEX,BARFLEX POLYFILMS LIMITED,INE0QX401014,NSE_EQ|INE0QX401014,SM,SME,2000,5.0
BASF,BASF INDIA LTD,INE373A01013,NSE_EQ|INE373A01013,EQ,NORMAL,1,10.0
BASILIC,BASILIC FLY STUDIO LTD,INE0OCC01013,NSE_EQ|INE0OCC01013,SM,SME,300,5.0
BASML,BANNARI AM SPIN MILL LTD.,INE186H01022,NSE_EQ|INE186H01022,BE,NORMAL,1,1.0
BATAINDIA,BATA INDIA LTD,INE176A01028,NSE_EQ|INE176A01028,EQ,NORMAL,1,5.0
BATLIBOI,BATLIBOI LTD.,INE177C01022,NSE_EQ|INE177C01022,EQ,NORMAL,1,1.0
BAYERCROP,BAYER CROPSCIENCE LTD,INE462A01022,NSE_EQ|INE462A01022,EQ,NORMAL,1,10.0
BBETF0432,EDELAMC - BBETF0432,INF754K01OB1,NSE_EQ|INF754K01OB1,EQ,NORMAL,1,1.0
BBL,BHARAT BIJLEE LTD,INE464A01036,NSE_EQ|INE464A01036,EQ,NORMAL,1,10.0
BBNPNBETF,BARODABNP - BBNPNBETF,INF251K01TL6,NSE_EQ|INF251K01TL6,EQ,NORMAL,1,1.0
BBNPPGOLD,BARODABNP - BBNPPGOLD,INF251K01SU9,NSE_EQ|INF251K01SU9,EQ,NORMAL,1,5.0
BBOX,BLACK BOX LIMITED,INE676A01027,NSE_EQ|INE676A01027,EQ,NORMAL,1,5.0
BBTC,BOMBAY BURMAH TRADING COR,INE050A01025,NSE_EQ|INE050A01025,EQ,NORMAL,1,10.0
BBTCL,B&B TRIPLEWALL CONT LTD,INE01EE01011,NSE_EQ|INE01EE01011,EQ,NORMAL,1,1.0
BCG,BRIGHTCOM GROUP LIMITED,INE425B01027,NSE_EQ|INE425B01027,EQ,NORMAL,1,1.0
BCLIND,BCL INDUSTRIES LIMITED,INE412G01024,NSE_EQ|INE412G01024,EQ,NORMAL,1,1.0
BCONCEPTS,BRAND CONCEPTS LIMITED,INE977Y01011,NSE_EQ|INE977Y01011,EQ,NORMAL,1,1.0
BCPL,BCPL RAILWAY INFRA LTD,INE00SW01015,NSE_EQ|INE00SW01015,EQ,NORMAL,1,1.0
BDL,BHARAT DYNAMICS LIMITED,INE171Z01026,NSE_EQ|INE171Z01026,EQ,NORMAL,1,10.0
BEACON,BEACON TRUSTEESHIP LTD,INE639X01027,NSE_EQ|INE639X01027,SM,SME,1000,5.0
BEARDSELL,BEARDSELL LIMITED,INE520H01022,NSE_EQ|INE520H01022,EQ,NORMAL,1,1.0
BECTORFOOD,MRS BECTORS FOOD SPE LTD,INE495P01020,NSE_EQ|INE495P01020,EQ,NORMAL,1,1.0
BEDMUTHA,BEDMUTHA INDUST LTD,INE844K01012,NSE_EQ|INE844K01012,EQ,NORMAL,1,1.0
BEEKAY,BEEKAY STEEL INDS. LTD.,INE213D01015,NSE_EQ|INE213D01015,EQ,NORMAL,1,5.0
BEL,BHARAT ELECTRONICS LTD,INE263A01024,NSE_EQ|INE263A01024,EQ,NORMAL,1,5.0
BELLACASA,BELLA CASA FASH AND RET L,INE344T01014,NSE_EQ|INE344T01014,EQ,NORMAL,1,1.0
BELRISE,BELRISE INDUSTRIES LTD,INE894V01022,NSE_EQ|INE894V01022,EQ,NORMAL,1,1.0
BEML,BEML LIMITED,INE258A01024,NSE_EQ|INE258A01024,EQ,NORMAL,1,10.0
BENARAS,BENARES HOTELS LTD.,INE664D01019,NSE_EQ|INE664D01019,EQ,NORMAL,1,100.0
BENGALASM,BENGAL & ASSAM CO. LTD.,INE083K01017,NSE_EQ|INE083K01017,EQ,NORMAL,1,50.0
BEPL,BHANSALI ENG. POLYMERS LT,INE922A01025,NSE_EQ|INE922A01025,EQ,NORMAL,1,1.0
BERGEPAINT,BERGER PAINTS (I) LTD,INE463A01038,NSE_EQ|INE463A01038,EQ,NORMAL,1,5.0
BESTAGRO,BEST AGROLIFE LIMITED,INE052T01021,NSE_EQ|INE052T01021,EQ,NORMAL,1,1.0
BETA,BETA DRUGS LIMITED,INE351Y01019,NSE_EQ|INE351Y01019,EQ,NORMAL,1,10.0
BEWLTD,BEW ENGINEERING LIMITED,INE0HQI01014,NSE_EQ|INE0HQI01014,SM,SME,500,5.0
BFINVEST,BF INVESTMENT LIMITED,INE878K01010,NSE_EQ|INE878K01010,EQ,NORMAL,1,5.0
BFSI,MIRAEAMC - MAFSETF,INF769K01HI8,NSE_EQ|INF769K01HI8,EQ,NORMAL,1,1.0
BFUTILITIE,BF UTILITIES LIMITED,INE243D01012,NSE_EQ|INE243D01012,EQ,NORMAL,1,5.0
BGLOBAL,BHARATIYA GLOBAL INFO LTD,INE224M01013,NSE_EQ|INE224M01013,BZ,NORMAL,1,1.0
BGRENERGY,BGR ENERGY SYSTEMS LTD,INE661I01014,NSE_EQ|INE661I01014,BE,NORMAL,1,5.0
BHAGCHEM,BHAGIRADHA CHEM & INDS L,INE414D01027,NSE_EQ|INE414D01027,EQ,NORMAL,1,5.0
BHAGERIA,BHAGERIA INDUSTRIES LTD,INE354C01027,NSE_EQ|INE354C01027,BE,NORMAL,1,1.0
BHAGYANGR,BHAGYANAGAR INDIA LIMITED,INE458B01036,NSE_EQ|INE458B01036,EQ,NORMAL,1,5.0
BHANDARI,BHANDARI HOSIERY EXP LTD,INE474E01029,NSE_EQ|INE474E01029,EQ,NORMAL,1,1.0
BHARATCOAL,BHARAT COKING COAL LTD,INE05XR01022,NSE_EQ|INE05XR01022,EQ,NORMAL,1,1.0
BHARATFORG,BHARAT FORGE LTD,INE465A01025,NSE_EQ|INE465A01025,EQ,NORMAL,1,10.0
BHARATGEAR,BHARAT GEARS LTD,INE561C01019,NSE_EQ|INE561C01019,BE,NORMAL,1,1.0
BHARATRAS,BHARAT RASAYAN LTD,INE838B01021,NSE_EQ|INE838B01021,EQ,NORMAL,1,10.0
BHARATSE,BHARAT SEATS LIMITED,INE415D01024,NSE_EQ|INE415D01024,EQ,NORMAL,1,1.0
BHARATWIRE,BHARAT WIRE ROPES LTD.,INE316L01019,NSE_EQ|INE316L01019,EQ,NORMAL,1,1.0
BHARTIARTL,BHARTI AIRTEL LIMITED,INE397D01024,NSE_EQ|INE397D01024,EQ,NORMAL,1,10.0
BHARTIHEXA,BHARTI HEXACOM LIMITED,INE343G01021,NSE_EQ|INE343G01021,EQ,NORMAL,1,10.0
BHEL,BHEL,INE257A01026,NSE_EQ|INE257A01026,EQ,NORMAL,1,5.0
BI,BILCARE LTD.,INE986A01012,NSE_EQ|INE986A01012,BE,NORMAL,1,1.0
BIGBLOC,BIGBLOC CONSTRUCTION LTD,INE412U01025,NSE_EQ|INE412U01025,EQ,NORMAL,1,1.0
BIKAJI,BIKAJI FOODS INTERN LTD,INE00E101023,NSE_EQ|INE00E101023,EQ,NORMAL,1,5.0
BIL,BHARTIYA INTERNATIONAL,INE828A01016,NSE_EQ|INE828A01016,EQ,NORMAL,1,5.0
BILVYAPAR,BIL VYAPAR LIMITED,INE071A01013,NSE_EQ|INE071A01013,BE,NORMAL,1,1.0
BIMETAL,BIMETAL BEARINGS LTD.,INE469A01019,NSE_EQ|INE469A01019,EQ,NORMAL,1,5.0
BIOCON,BIOCON LIMITED.,INE376G01013,NSE_EQ|INE376G01013,EQ,NORMAL,1,5.0
BIOFILCHEM,BIOFIL CHEM & PHARMA LTD,INE829A01014,NSE_EQ|INE829A01014,EQ,NORMAL,1,1.0
BIOPOL,BIOPOL CHEMICALS LIMITED,INE0XW001014,NSE_EQ|INE0XW001014,SM,SME,1200,5.0
BIRDYS,GRILL SPLENDOUR SER LTD,INE0PC901019,NSE_EQ|INE0PC901019,SM,SME,1200,5.0
BIRLACABLE,BIRLA CABLE LIMITED,INE800A01015,NSE_EQ|INE800A01015,BE,NORMAL,1,1.0
BIRLACORPN,BIRLA CORPORATION LTD,INE340A01012,NSE_EQ|INE340A01012,EQ,NORMAL,1,5.0
BIRLAMONEY,ADITYA BIRLA MONEY LTD,INE865C01022,NSE_EQ|INE865C01022,EQ,NORMAL,1,1.0
BIRLANU,BIRLANU LIMITED,INE557A01011,NSE_EQ|INE557A01011,EQ,NORMAL,1,10.0
BIRLAPREC,BIRLA PRECISION TECH L,INE372E01025,NSE_EQ|INE372E01025,EQ,NORMAL,1,1.0
BLACKBUCK,BLACKBUCK LIMITED,INE0UIZ01018,NSE_EQ|INE0UIZ01018,EQ,NORMAL,1,5.0
BLACKROSE,BLACK ROSE INDS. LTD.,INE761G01016,NSE_EQ|INE761G01016,BE,NORMAL,1,1.0
BLAL,BEML LAND ASSETS LIMITED,INE0N7W01012,NSE_EQ|INE0N7W01012,EQ,NORMAL,1,1.0
BLBLIMITED,BLB LIMITED,INE791A01024,NSE_EQ|INE791A01024,EQ,NORMAL,1,1.0
BLEL,BEHARI LAL ENGINEERING L,INE1EEM01017,NSE_EQ|INE1EEM01017,EQ,NORMAL,1,5.0
BLIL,BALMER LAWRIE INVSTS. L,INE525F01025,NSE_EQ|INE525F01025,EQ,NORMAL,1,1.0
BLISSGVS,BLISS GVS PHARMA LTD,INE416D01022,NSE_EQ|INE416D01022,BE,NORMAL,1,5.0
BLKASHYAP,B.L.KASHYAP & SON LTD,INE350H01032,NSE_EQ|INE350H01032,EQ,NORMAL,1,1.0
BLS,BLS INTL SERVS LTD,INE153T01027,NSE_EQ|INE153T01027,EQ,NORMAL,1,1.0
BLSE,BLS E-SERVICES LIMITED,INE0NLT01010,NSE_EQ|INE0NLT01010,EQ,NORMAL,1,5.0
BLUECHIP,BLUE CHIP INDIA LIMITED,INE657B01025,NSE_EQ|INE657B01025,EQ,NORMAL,1,1.0
BLUECLOUDS,BLUE CLOUD SOFTECH SOLU L,INE373T01047,NSE_EQ|INE373T01047,EQ,NORMAL,1,1.0
BLUECOAST,BLUE COAST HOTELS LIMITED,INE472B01011,NSE_EQ|INE472B01011,BE,NORMAL,1,1.0
BLUEDART,BLUE DART EXPRESS LTD,INE233B01017,NSE_EQ|INE233B01017,EQ,NORMAL,1,50.0
BLUEJET,BLUE JET HEALTHCARE LTD,INE0KBH01020,NSE_EQ|INE0KBH01020,EQ,NORMAL,1,5.0
BLUEPEBBLE,BLUE PEBBLE LIMITED,INE0SAK01011,NSE_EQ|INE0SAK01011,SM,SME,400,5.0
BLUESTARCO,BLUE STAR LIMITED,INE472A01039,NSE_EQ|INE472A01039,EQ,NORMAL,1,10.0
BLUESTONE,BLUESTONE JEWEL LFSTL LTD,INE304W01038,NSE_EQ|INE304W01038,EQ,NORMAL,1,5.0
BLUSPRING,BLUSPRING ENTERPRISES LTD,INE0U4101014,NSE_EQ|INE0U4101014,EQ,NORMAL,1,1.0
BMETRICS,BOMBAY METRICS S C LTD,INE0I3Y01014,NSE_EQ|INE0I3Y01014,SM,SME,800,5.0
BMLL,BIO MEDICA LABORATORIES L,INE1BKA01015,NSE_EQ|INE1BKA01015,SM,SME,1000,5.0
BMWVENTLTD,BMW VENTURES LIMITED,INE965W01036,NSE_EQ|INE965W01036,EQ,NORMAL,1,1.0
BNAGROCHEM,BN AGROCHEM LTD.,INE00HZ01011,NSE_EQ|INE00HZ01011,EQ,NORMAL,1,5.0
BNALTD,B & A LTD.,INE489D01011,NSE_EQ|INE489D01011,BE,NORMAL,1,5.0
BNKETFAXIS,AXISAMC-BNKETFAXIS,INF846K01X63,NSE_EQ|INF846K01X63,EQ,NORMAL,1,1.0
BODALCHEM,BODAL CHEMICALS LTD,INE338D01028,NSE_EQ|INE338D01028,BE,NORMAL,1,1.0
BOHRAIND,BOHRA INDUSTRIES LIMITED,INE802W01023,NSE_EQ|INE802W01023,EQ,NORMAL,1,1.0
BOMDYEING,BOMBAY DYEING & MFG. CO L,INE032A01023,NSE_EQ|INE032A01023,EQ,NORMAL,1,1.0
BONLON,BONLON INDUSTRIES LIMITED,INE0B9A01018,NSE_EQ|INE0B9A01018,EQ,NORMAL,1,1.0
BORANA,BORANA WEAVES LIMITED,INE16SF01016,NSE_EQ|INE16SF01016,EQ,NORMAL,1,5.0
BOROLTD,BOROSIL LIMITED,INE02PY01013,NSE_EQ|INE02PY01013,EQ,NORMAL,1,1.0
BORORENEW,BOROSIL RENEWABLES LTD,INE666D01022,NSE_EQ|INE666D01022,EQ,NORMAL,1,5.0
BOROSCI,BOROSIL SCIENTIFIC LTD,INE02L001032,NSE_EQ|INE02L001032,EQ,NORMAL,1,1.0
BOSCH-HCIL,BOSCH HOME COMFRT IND LTD,INE782A01015,NSE_EQ|INE782A01015,EQ,NORMAL,1,10.0
BOSCHLTD,BOSCH LIMITED,INE323A01026,NSE_EQ|INE323A01026,EQ,NORMAL,1,500.0
BOSS,BOSS PACKAGING SOLU LTD,INE0QNI01012,NSE_EQ|INE0QNI01012,SM,SME,2000,5.0
BPCL,BHARAT PETROLEUM CORP  LT,INE029A01011,NSE_EQ|INE029A01011,EQ,NORMAL,1,5.0
BPL,BPL LTD,INE110A01019,NSE_EQ|INE110A01019,EQ,NORMAL,1,1.0
BPLPHARMA,BHARAT PARENTERALS LTD.,INE365Y01019,NSE_EQ|INE365Y01019,EQ,NORMAL,1,10.0
BRACEPORT,BRACE PORT LOGISTICS LTD,INE0R4Z01018,NSE_EQ|INE0R4Z01018,SM,SME,1600,5.0
BRAHMINFRA,BRAHMAPUTRA INFRA L,INE320I01017,NSE_EQ|INE320I01017,EQ,NORMAL,1,1.0
BRANDMAN,BRANDMAN RETAIL LIMITED,INE0XUD01014,NSE_EQ|INE0XUD01014,SM,SME,800,5.0
BRIGADE,BRIGADE ENTER. LTD,INE791I01019,NSE_EQ|INE791I01019,EQ,NORMAL,1,5.0
BRIGHOTEL,BRIGADE HOTEL VENTURE LTD,INE03NU01014,NSE_EQ|INE03NU01014,EQ,NORMAL,1,1.0
BRIGHTBR,BRIGHT BROTHERS LTD.,INE630D01010,NSE_EQ|INE630D01010,EQ,NORMAL,1,1.0
BRITANNIA,BRITANNIA INDUSTRIES LTD,INE216A01030,NSE_EQ|INE216A01030,EQ,NORMAL,1,50.0
BRNL,BHARAT ROAD NETWORK LTD,INE727S01012,NSE_EQ|INE727S01012,EQ,NORMAL,1,1.0
BROOKS,BROOKS LAB LIMITED,INE650L01011,NSE_EQ|INE650L01011,BE,NORMAL,1,1.0
BSE,BSE LIMITED,INE118H01025,NSE_EQ|INE118H01025,EQ,NORMAL,1,10.0
BSE500IETF,ICICIPRAMC - ICICI500,INF109KC1V59,NSE_EQ|INF109KC1V59,EQ,NORMAL,1,1.0
BSHSL,BOMBAY SUPER HYBRID SEEDS,INE032Z01020,NSE_EQ|INE032Z01020,EQ,NORMAL,1,1.0
BSL,BSL LTD,INE594B01012,NSE_EQ|INE594B01012,EQ,NORMAL,1,1.0
BSLGOLDETF,ADITYBIRLA SL GOLD ETF-GR,INF209KB18D3,NSE_EQ|INF209KB18D3,EQ,NORMAL,1,1.0
BSLNIFTY,ADITYBIRLA SL NIF ETF-GR,INF209KB19D1,NSE_EQ|INF209KB19D1,EQ,NORMAL,1,1.0
BSLSENETFG,BIRLASLAMC - BSLSENETFG,INF209KB10E8,NSE_EQ|INF209KB10E8,EQ,NORMAL,1,1.0
BSOFT,BIRLASOFT LIMITED,INE836A01035,NSE_EQ|INE836A01035,EQ,NORMAL,1,5.0
BTML,BODHI TREE MULTIMEDIA LTD,INE0EEJ01023,NSE_EQ|INE0EEJ01023,EQ,NORMAL,1,1.0
BTTL,BHILWARA TECHNICAL TEXT L,INE274K01012,NSE_EQ|INE274K01012,BE,NORMAL,1,1.0
BUILDPRO,SHANKARA BUILDPRO LIMITED,INE24OJ01011,NSE_EQ|INE24OJ01011,EQ,NORMAL,1,10.0
BULKCORP,BULKCORP INTERNATIONAL L,INE0SZ301012,NSE_EQ|INE0SZ301012,SM,SME,1200,5.0
BURNPUR,BURNPUR CEMENT LIMITED,INE817H01022,NSE_EQ|INE817H01022,BE,NORMAL,1,1.0
BUTTERFLY,BTRFLY GANDHI APPL LTD,INE295F01017,NSE_EQ|INE295F01017,EQ,NORMAL,1,5.0
BVCL,BARAK VALLEY CEM. LTD.,INE139I01011,NSE_EQ|INE139I01011,EQ,NORMAL,1,1.0
BYKE,THE BYKE HOSPITALITY LTD,INE319B01014,NSE_EQ|INE319B01014,BE,NORMAL,1,1.0
C2C,C2C ADVANCED SYSTEMS LTD,INE0U7V01015,NSE_EQ|INE0U7V01015,SM,SME,150,5.0
CALSOFT,CALIFORNIA SOFTWARE CO LT,INE526B01014,NSE_EQ|INE526B01014,EQ,NORMAL,1,1.0
CAMLINFINE,CAMLIN FINE SCIENCES LTD,INE052I01032,NSE_EQ|INE052I01032,EQ,NORMAL,1,1.0
CAMPUS,CAMPUS ACTIVEWEAR LIMITED,INE278Y01022,NSE_EQ|INE278Y01022,EQ,NORMAL,1,1.0
CAMS,COMPUTER AGE MNGT SER LTD,INE596I01020,NSE_EQ|INE596I01020,EQ,NORMAL,1,5.0
CANARYS,CANARYS AUTOMATIONS LTD,INE0QG301017,NSE_EQ|INE0QG301017,SM,SME,4000,5.0
CANBK,CANARA BANK,INE476A01022,NSE_EQ|INE476A01022,EQ,NORMAL,1,1.0
CANFINHOME,CAN FIN HOMES LTD,INE477A01020,NSE_EQ|INE477A01020,EQ,NORMAL,1,5.0
CANHLIFE,CANARA HSBC LIFE INS CO L,INE01TY01017,NSE_EQ|INE01TY01017,EQ,NORMAL,1,1.0
CANTABIL,CANTABIL RETAIL LTD,INE068L01024,NSE_EQ|INE068L01024,EQ,NORMAL,1,1.0
CAPACITE,CAPACITE INFRAPROJECT LTD,INE264T01014,NSE_EQ|INE264T01014,EQ,NORMAL,1,1.0
CAPILLARY,CAPILLARY TECHNO INDIA L,INE0ILV01024,NSE_EQ|INE0ILV01024,EQ,NORMAL,1,5.0
CAPITALSFB,CAPITAL SMALL FIN BANK L,INE646H01017,NSE_EQ|INE646H01017,EQ,NORMAL,1,5.0
CAPLIPOINT,CAPLIN POINT LAB LTD.,INE475E01026,NSE_EQ|INE475E01026,EQ,NORMAL,1,10.0
CAPTRUST,CAPITAL TRUST LIMITED,INE707C01018,NSE_EQ|INE707C01018,BE,NORMAL,1,1.0
CARBORUNIV,CARBORUNDUM UNIVERSAL LTD,INE120A01034,NSE_EQ|INE120A01034,EQ,NORMAL,1,10.0
CARERATING,CARE RATINGS LIMITED,INE752H01013,NSE_EQ|INE752H01013,EQ,NORMAL,1,10.0
CARRARO,CARRARO INDIA LIMITED,INE0V7W01012,NSE_EQ|INE0V7W01012,EQ,NORMAL,1,5.0
CARTRADE,CARTRADE TECH LIMITED,INE290S01011,NSE_EQ|INE290S01011,EQ,NORMAL,1,10.0
CARYSIL,CARYSIL LIMITED,INE482D01024,NSE_EQ|INE482D01024,EQ,NORMAL,1,10.0
CASHIETF,ICICIPRAMC - CASHIETF,INF109K1A021,NSE_EQ|INF109K1A021,EQ,NORMAL,1,1.0
CASTROLIND,CASTROL INDIA LIMITED,INE172A01027,NSE_EQ|INE172A01027,EQ,NORMAL,1,1.0
CCAVENUE,AVENUESAI LIMITED,INE483S01020,NSE_EQ|INE483S01020,EQ,NORMAL,1,1.0
CCCL,CONS. CONST. CONSORT LTD,INE429I01024,NSE_EQ|INE429I01024,EQ,NORMAL,1,1.0
CCHHL,COUNTRY CLUB HOSP HOL LTD,INE652F01027,NSE_EQ|INE652F01027,EQ,NORMAL,1,1.0
CCL,CCL PRODUCTS (I) LTD,INE421D01022,NSE_EQ|INE421D01022,EQ,NORMAL,1,10.0
CDSL,CENTRAL DEPO SER (I) LTD,INE736A01011,NSE_EQ|INE736A01011,EQ,NORMAL,1,10.0
CEATLTD,CEAT LIMITED,INE482A01020,NSE_EQ|INE482A01020,EQ,NORMAL,1,10.0
CEIGALL,CEIGALL INDIA LIMITED,INE0AG901020,NSE_EQ|INE0AG901020,EQ,NORMAL,1,5.0
CEINSYS,CEINSYS TECH LIMITED,INE016Q01014,NSE_EQ|INE016Q01014,EQ,NORMAL,1,5.0
CELEBRITY,CELEBRITY FASHIONS LTD,INE185H01016,NSE_EQ|INE185H01016,EQ,NORMAL,1,1.0
CELLECOR,CELLECOR GADGETS LIMITED,INE0OMO01025,NSE_EQ|INE0OMO01025,SM,SME,3000,5.0
CELLO,CELLO WORLD LIMITED,INE0LMW01024,NSE_EQ|INE0LMW01024,EQ,NORMAL,1,5.0
CELLPOINT,CELL POINT (INDIA) LTD,INE0O0001013,NSE_EQ|INE0O0001013,SM,SME,1200,5.0
CEMNTGROWW,GROWWAMC - CEMNTGROWW,INF666M01PH7,NSE_EQ|INF666M01PH7,EQ,NORMAL,1,1.0
CEMPRO,CEMINDIA PROJECTS LIMITED,INE686A01026,NSE_EQ|INE686A01026,EQ,NORMAL,1,10.0
CENTENKA,CENTURY ENKA LTD,INE485A01015,NSE_EQ|INE485A01015,EQ,NORMAL,1,5.0
CENTEXT,CENTURY EXTRUSIONS LTD,INE281A01026,NSE_EQ|INE281A01026,EQ,NORMAL,1,1.0
CENTRALBK,CENTRAL BANK OF INDIA,INE483A01010,NSE_EQ|INE483A01010,EQ,NORMAL,1,1.0
CENTRUM,CENTRUM CAPITAL LIMITED,INE660C01027,NSE_EQ|INE660C01027,EQ,NORMAL,1,1.0
CENTUM,CENTUM ELECTRONICS LTD,INE320B01020,NSE_EQ|INE320B01020,EQ,NORMAL,1,10.0
CENTURYPLY,CENTURY PLYBOARDS (I) LTD,INE348B01021,NSE_EQ|INE348B01021,EQ,NORMAL,1,5.0
CERA,CERA SANITARYWARE LTD,INE739E01017,NSE_EQ|INE739E01017,EQ,NORMAL,1,50.0
CEREBRAINT,CEREBRA INT TECH LTD,INE345B01019,NSE_EQ|INE345B01019,BZ,NORMAL,1,1.0
CESC,CESC LTD,INE486A01021,NSE_EQ|INE486A01021,EQ,NORMAL,1,1.0
CEWATER,CONCORD ENVIRO SYSTEMS L,INE037Z01029,NSE_EQ|INE037Z01029,EQ,NORMAL,1,5.0
CFEL,CONFIDENCE FUTURIST ENE L,INE700F01024,NSE_EQ|INE700F01024,EQ,NORMAL,1,1.0
CGCL,CAPRI GLOBAL CAPITAL LTD,INE180C01042,NSE_EQ|INE180C01042,EQ,NORMAL,1,1.0
CGPOWER,CG POWER AND IND SOL LTD,INE067A01029,NSE_EQ|INE067A01029,EQ,NORMAL,1,5.0
CGRAPHICS,CREATIVE GRAPHICS S IND L,INE0R7401011,NSE_EQ|INE0R7401011,SM,SME,800,5.0
CGVAK,C G V A K SOFTWARE & EX L,INE084D01010,NSE_EQ|INE084D01010,EQ,NORMAL,1,1.0
CHALET,CHALET HOTELS LIMITED,INE427F01016,NSE_EQ|INE427F01016,EQ,NORMAL,1,5.0
CHAMBLFERT,CHAMBAL FERTILIZERS LTD,INE085A01013,NSE_EQ|INE085A01013,EQ,NORMAL,1,5.0
CHAMUNDA,CHAMUNDA ELECTRICAL LTD,INE11HG01018,NSE_EQ|INE11HG01018,SM,SME,3000,5.0
CHANDAN,CHANDAN HEALTHCARE LTD,INE0B2N01016,NSE_EQ|INE0B2N01016,SM,SME,800,5.0
CHAVDA,CHAVDA INFRA LIMITED,INE0PT101017,NSE_EQ|INE0PT101017,SM,SME,1000,5.0
CHEMBOND,CHEMBOND MATERIALTECH LTD,INE995D01025,NSE_EQ|INE995D01025,EQ,NORMAL,1,1.0
CHEMBONDCH,CHEMBOND CHEMICAL LIMITED,INE0TGX01019,NSE_EQ|INE0TGX01019,BE,NORMAL,1,1.0
CHEMCON,CHEMCON SPECIAL CHEM LTD,INE03YM01018,NSE_EQ|INE03YM01018,BE,NORMAL,1,1.0
CHEMCRUX,CHEMCRUX ENTERPRISES LTD.,INE298W01016,NSE_EQ|INE298W01016,EQ,NORMAL,1,1.0
CHEMFAB,CHEMFAB ALKALIS LIMITED,INE783X01023,NSE_EQ|INE783X01023,EQ,NORMAL,1,5.0
CHEMICAL,KOTAKMAMC - CHEMICAL,INF174KA1XV0,NSE_EQ|INF174KA1XV0,EQ,NORMAL,1,1.0
CHEMPLASTS,CHEMPLAST SANMAR LIMITED,INE488A01050,NSE_EQ|INE488A01050,EQ,NORMAL,1,1.0
CHENNPETRO,CHENNAI PETROLEUM CORP LT,INE178A01016,NSE_EQ|INE178A01016,EQ,NORMAL,1,10.0
CHETANA,CHETANA EDUCATION LIMITED,INE0U1T01012,NSE_EQ|INE0U1T01012,SM,SME,1600,5.0
CHEVIOT,CHEVIOT COMPANY LIMITED,INE974B01016,NSE_EQ|INE974B01016,EQ,NORMAL,1,10.0
CHOICEGOLD,CHOICEAMC - CHOICEGOLD,INF2KCX01012,NSE_EQ|INF2KCX01012,EQ,NORMAL,1,1.0
CHOICEIN,CHOICE INTERNATIONAL LTD,INE102B01014,NSE_EQ|INE102B01014,EQ,NORMAL,1,5.0
CHOLAFIN,CHOLAMANDALAM IN & FIN CO,INE121A01024,NSE_EQ|INE121A01024,EQ,NORMAL,1,10.0
CHOLAHLDNG,CHOLAMANDALAM FIN HOL LTD,INE149A01033,NSE_EQ|INE149A01033,EQ,NORMAL,1,10.0
CIEINDIA,CIE AUTOMOTIVE INDIA LTD,INE536H01010,NSE_EQ|INE536H01010,EQ,NORMAL,1,5.0
CIFL,CAPITAL INDIA FINANCE LTD,INE345H01024,NSE_EQ|INE345H01024,EQ,NORMAL,1,1.0
CINELINE,CINELINE INDIA LIMITED,INE704H01022,NSE_EQ|INE704H01022,EQ,NORMAL,1,1.0
CINEVISTA,CINEVISTA LIMITED,INE039B01026,NSE_EQ|INE039B01026,EQ,NORMAL,1,1.0
CIPLA,CIPLA LTD,INE059A01026,NSE_EQ|INE059A01026,EQ,NORMAL,1,10.0
CKKRETAIL,C K K RETAIL MART LIMITED,INE0SMX01019,NSE_EQ|INE0SMX01019,SM,SME,800,5.0
CLASSICEIL,CLASSIC ELECTRODE (IND) L,INE0UQ601012,NSE_EQ|INE0UQ601012,SM,SME,1600,5.0
CLAYCRAFT,CLAY CRAFT INDIA LIMITED,INE1QGM01024,NSE_EQ|INE1QGM01024,SM,SME,600,5.0
CLCIND,CLC INDUSTRIES LIMITED,INE376C01038,NSE_EQ|INE376C01038,BE,NORMAL,1,1.0
CLEAN,CLEAN SCIENCE & TECH LTD,INE227W01023,NSE_EQ|INE227W01023,EQ,NORMAL,1,5.0
CLEANMAX,CLEAN MAX ENVIRO EN SOL L,INE647U01026,NSE_EQ|INE647U01026,EQ,NORMAL,1,10.0
CLEDUCATE,CL EDUCATE LIMITED,INE201M01029,NSE_EQ|INE201M01029,BE,NORMAL,1,1.0
CLSEL,CHAMAN LAL SETIA EXP LTD,INE419D01026,NSE_EQ|INE419D01026,EQ,NORMAL,1,5.0
CMICABLES,CMI LIMITED,INE981B01011,NSE_EQ|INE981B01011,BZ,NORMAL,1,1.0
CMLL,CALIBER MINING AND LOG L,INE11XY01018,NSE_EQ|INE11XY01018,EQ,NORMAL,1,5.0
CMNL,CHAMAN METALLICS LIMITED,INE06PV01010,NSE_EQ|INE06PV01010,SM,SME,750,5.0
CMPDI,CENTRAL MINE P N D INST L,INE05HV01027,NSE_EQ|INE05HV01027,EQ,NORMAL,1,1.0
CMRGREEN,CMR GREEN TECHNOLOGIES L,INE00WV01027,NSE_EQ|INE00WV01027,EQ,NORMAL,1,1.0
CMRSL,CYBER MEDIA RES & SER LTD,INE075Z01011,NSE_EQ|INE075Z01011,SM,SME,800,5.0
CMSINFO,CMS INFO SYSTEMS LIMITED,INE925R01014,NSE_EQ|INE925R01014,EQ,NORMAL,1,5.0
CNL,CREATIVE NEWTECH LIMITED,INE985W01018,NSE_EQ|INE985W01018,EQ,NORMAL,1,5.0
COALINDIA,COAL INDIA LTD,INE522F01014,NSE_EQ|INE522F01014,EQ,NORMAL,1,5.0
COASTCORP,COASTAL CORPORATION LTD,INE377E01024,NSE_EQ|INE377E01024,EQ,NORMAL,1,1.0
COCHINSHIP,COCHIN SHIPYARD LIMITED,INE704P01025,NSE_EQ|INE704P01025,EQ,NORMAL,1,10.0
COCKERILL,JOHN COCKERILL INDIA LTD.,INE515A01019,NSE_EQ|INE515A01019,EQ,NORMAL,1,50.0
COFFEEDAY,COFFEE DAY ENTERPRISE LTD,INE335K01011,NSE_EQ|INE335K01011,BE,NORMAL,1,1.0
COFORGE,COFORGE LIMITED,INE591G01025,NSE_EQ|INE591G01025,EQ,NORMAL,1,10.0
COHANCE,COHANCE LIFESCIENCES LTD,INE03QK01018,NSE_EQ|INE03QK01018,EQ,NORMAL,1,5.0
COLPAL,COLGATE PALMOLIVE LTD.,INE259A01022,NSE_EQ|INE259A01022,EQ,NORMAL,1,10.0
COMFINTE,COMFORT INTECH LTD.,INE819A01049,NSE_EQ|INE819A01049,EQ,NORMAL,1,1.0
COMMITTED,COMMITTED CARGO CARE LTD,INE597Z01014,NSE_EQ|INE597Z01014,SM,SME,800,5.0
COMMOIETF,ICICIPRAMC - ICICICOMMO,INF109KC19O8,NSE_EQ|INF109KC19O8,EQ,NORMAL,1,1.0
COMPEAU,COMPETENT AUTOMOB CO. L,INE823B01015,NSE_EQ|INE823B01015,EQ,NORMAL,1,5.0
COMPINFO,COMPUAGE INFOCOM LTD,INE070C01037,NSE_EQ|INE070C01037,BZ,NORMAL,1,1.0
COMPUSOFT,COMPUCOM SOFTWARE LTD,INE453B01029,NSE_EQ|INE453B01029,EQ,NORMAL,1,1.0
COMSYN,COMMERCIAL SYN BAGS LTD,INE073V01015,NSE_EQ|INE073V01015,EQ,NORMAL,1,1.0
CONCOR,CONTAINER CORP OF IND LTD,INE111A01025,NSE_EQ|INE111A01025,EQ,NORMAL,1,5.0
CONCORDBIO,CONCORD BIOTECH LIMITED,INE338H01029,NSE_EQ|INE338H01029,EQ,NORMAL,1,10.0
CONFIPET,CONFIDENCE PETRO IND LTD.,INE552D01024,NSE_EQ|INE552D01024,EQ,NORMAL,1,1.0
CONNPLEX,CONNPLEX CINEMAS LIMITED,INE0EAS01014,NSE_EQ|INE0EAS01014,SM,SME,800,5.0
CONS,KOTAKMAMC - KOTAKCONS,INF174KA1ZF8,NSE_EQ|INF174KA1ZF8,EQ,NORMAL,1,1.0
CONSOFINVT,CONSO. FIN. & HOLD. LTD.,INE025A01027,NSE_EQ|INE025A01027,BE,NORMAL,1,5.0
CONSUMAXIS,AXISAMC-CONSUMAXIS,INF846K016C7,NSE_EQ|INF846K016C7,EQ,NORMAL,1,1.0
CONSUMBEES,NIP IND ETF CONSUMPTION,INF204KA1LD7,NSE_EQ|INF204KA1LD7,EQ,NORMAL,1,1.0
CONSUMER,MIRAEAMC - CONSUMER,INF769K01NS5,NSE_EQ|INF769K01NS5,EQ,NORMAL,1,1.0
CONSUMIETF,ICICIPRAMC - ICICICONSU,INF109KC1V42,NSE_EQ|INF109KC1V42,EQ,NORMAL,1,1.0
CONTI,CONTINENTAL SEED CHEM LTD,INE340Z01019,NSE_EQ|INE340Z01019,SM,SME,3333,5.0
CONTROLPR,CONTROL PRINT LIMITED,INE663B01015,NSE_EQ|INE663B01015,EQ,NORMAL,1,5.0
CORALFINAC,CORAL INDIA FIN & HOUS LT,INE558D01021,NSE_EQ|INE558D01021,EQ,NORMAL,1,1.0
CORDELIA,WATERWAYS LEISURE TOUR L,INE0LZF01013,NSE_EQ|INE0LZF01013,EQ,NORMAL,1,5.0
CORDSCABLE,CORDS CABLE INDUS LTD.,INE792I01017,NSE_EQ|INE792I01017,BE,NORMAL,1,1.0
COROMANDEL,COROMANDEL INTERNTL. LTD,INE169A01031,NSE_EQ|INE169A01031,EQ,NORMAL,1,10.0
CORONA,CORONA REMEDIES LIMITED,INE02ZQ01018,NSE_EQ|INE02ZQ01018,EQ,NORMAL,1,10.0
COSMOFIRST,COSMO FIRST LIMITED,INE757A01017,NSE_EQ|INE757A01017,EQ,NORMAL,1,5.0
COUNCODOS,COUNTRY CONDO S LIMITED,INE695B01025,NSE_EQ|INE695B01025,BE,NORMAL,1,1.0
CPCAP,CP CAPITAL LIMITED,INE521J01018,NSE_EQ|INE521J01018,EQ,NORMAL,1,1.0
CPEDU,CAREER POINT EDUTECH LTD,INE0P6P01016,NSE_EQ|INE0P6P01016,EQ,NORMAL,1,1.0
CPL,CAPTAIN POLYPLAST LIMITED,INE536P01021,NSE_EQ|INE536P01021,EQ,NORMAL,1,1.0
CPPLUS,ADITYA INFOTECH LIMITED,INE819V01029,NSE_EQ|INE819V01029,EQ,NORMAL,1,10.0
CPS,C P S SHAPERS LIMITED,INE0QBU01012,NSE_EQ|INE0QBU01012,SM,SME,150,5.0
CPSEETF,CPSE ETF,INF457M01133,NSE_EQ|INF457M01133,EQ,NORMAL,1,1.0
CRAFTSMAN,CRAFTSMAN AUTOMATION LTD,INE00LO01017,NSE_EQ|INE00LO01017,EQ,NORMAL,1,50.0
CRAMC,CANARA ROBECO AMC LIMITED,INE218I01013,NSE_EQ|INE218I01013,EQ,NORMAL,1,5.0
CRAVATEX,CRAVATEX LTD.,INE145E01017,NSE_EQ|INE145E01017,EQ,NORMAL,1,5.0
CRAYONS,CRAYONS ADVERTISING LTD,INE0OFK01019,NSE_EQ|INE0OFK01019,SM,SME,1000,5.0
CREATIVEYE,CREATIVE EYE LIMITED,INE230B01021,NSE_EQ|INE230B01021,EQ,NORMAL,1,1.0
CREDITACC,CREDITACCESS GRAMEEN LTD,INE741K01010,NSE_EQ|INE741K01010,EQ,NORMAL,1,10.0
CREST,CREST VENTURES LIMITED,INE559D01011,NSE_EQ|INE559D01011,EQ,NORMAL,1,5.0
CRISIL,CRISIL LTD,INE007A01025,NSE_EQ|INE007A01025,EQ,NORMAL,1,10.0
CRIZAC,CRIZAC LIMITED,INE0S4R01014,NSE_EQ|INE0S4R01014,EQ,NORMAL,1,1.0
CROMPTON,CROMPT GREA CON ELEC LTD,INE299U01018,NSE_EQ|INE299U01018,EQ,NORMAL,1,5.0
CROWN,CROWN LIFTERS LIMITED,INE491V01019,NSE_EQ|INE491V01019,EQ,NORMAL,1,1.0
CRSL,CRESSANDA RAILWAY SOLUT L,INE716D01033,NSE_EQ|INE716D01033,EQ,NORMAL,1,1.0
CSBBANK,CSB BANK LIMITED,INE679A01013,NSE_EQ|INE679A01013,EQ,NORMAL,1,5.0
CSLFINANCE,CSL FINANCE LIMITED,INE718F01018,NSE_EQ|INE718F01018,EQ,NORMAL,1,1.0
CSM,CSM TECHNOLOGIES LIMITED,INE0ZK601013,NSE_EQ|INE0ZK601013,EQ,NORMAL,1,1.0
CSSL,CLEAR SECURED SERVICES L,INE1EF801010,NSE_EQ|INE1EF801010,SM,SME,1000,5.0
CTE,CAMBRIDGE TECH ENTER LTD,INE627H01017,NSE_EQ|INE627H01017,EQ,NORMAL,1,1.0
CUB,CITY UNION BANK LTD,INE491A01021,NSE_EQ|INE491A01021,EQ,NORMAL,1,1.0
CUBEXTUB,CUBEX TUBINGS LTD,INE144D01012,NSE_EQ|INE144D01012,EQ,NORMAL,1,1.0
CUMMINSIND,CUMMINS INDIA LTD,INE298A01020,NSE_EQ|INE298A01020,EQ,NORMAL,1,50.0
CUPID,CUPID LIMITED,INE509F01029,NSE_EQ|INE509F01029,EQ,NORMAL,1,1.0
CURAA,CURA TECHNOLOGIES LIMITED,INE117B01020,NSE_EQ|INE117B01020,EQ,NORMAL,1,1.0
CURIS,CURIS LIFESCIENCES LTD,INE1BZN01016,NSE_EQ|INE1BZN01016,SM,SME,1000,5.0
CURRENT,CURRENT INFRAPROJECTS LTD,INE1CRQ01014,NSE_EQ|INE1CRQ01014,SM,SME,1600,5.0
CYBERMEDIA,CYBER MEDIA (INDIA) LTD.,INE278G01037,NSE_EQ|INE278G01037,EQ,NORMAL,1,1.0
CYBERTECH,CYBERTECH SYSTEMS & SOFTW,INE214A01019,NSE_EQ|INE214A01019,BE,NORMAL,1,1.0
CYIENT,CYIENT LIMITED,INE136B01020,NSE_EQ|INE136B01020,EQ,NORMAL,1,5.0
CYIENTDLM,CYIENT DLM LIMITED,INE055S01018,NSE_EQ|INE055S01018,EQ,NORMAL,1,5.0
DABUR,DABUR INDIA LTD,INE016A01026,NSE_EQ|INE016A01026,EQ,NORMAL,1,5.0
DAICHI,DAI-ICHI KARKARIA LTD.,INE928C01010,NSE_EQ|INE928C01010,EQ,NORMAL,1,5.0
DALBHARAT,DALMIA BHARAT LIMITED,INE00R701025,NSE_EQ|INE00R701025,EQ,NORMAL,1,10.0
DALMIASUG,DALMIA BHARAT SUG IN LTD,INE495A01022,NSE_EQ|INE495A01022,EQ,NORMAL,1,5.0
DAMCAPITAL,DAM CAPITAL ADVISORS LTD,INE284H01025,NSE_EQ|INE284H01025,EQ,NORMAL,1,1.0
DAMODARIND,DAMODAR INDUSTRIES LTD,INE497D01022,NSE_EQ|INE497D01022,BE,NORMAL,1,1.0
DANGEE,DANGEE DUMS LIMITED,INE688Y01022,NSE_EQ|INE688Y01022,EQ,NORMAL,1,1.0
DANISH,DANISH POWER LIMITED,INE0YU901016,NSE_EQ|INE0YU901016,SM,SME,150,5.0
DATAMATICS,DATAMATICS GLOBAL SER LTD,INE365B01017,NSE_EQ|INE365B01017,EQ,NORMAL,1,5.0
DATAPATTNS,DATA PATTERNS INDIA LTD,INE0IX101010,NSE_EQ|INE0IX101010,EQ,NORMAL,1,10.0
DAVANGERE,DAVANGERE SUGAR COMPANY L,INE179G01029,NSE_EQ|INE179G01029,EQ,NORMAL,1,1.0
DBCORP,D.B.CORP LTD,INE950I01011,NSE_EQ|INE950I01011,EQ,NORMAL,1,1.0
DBEIL,DEEPAK BUILDERS & ENG I L,INE0OPA01027,NSE_EQ|INE0OPA01027,BE,NORMAL,1,1.0
DBL,DILIP BUILDCON LIMITED,INE917M01012,NSE_EQ|INE917M01012,EQ,NORMAL,1,5.0
DBOL,DHAMPUR BIO ORGANICS LTD,INE0I3401014,NSE_EQ|INE0I3401014,EQ,NORMAL,1,1.0
DBREALTY,VALOR ESTATE LIMITED,INE879I01012,NSE_EQ|INE879I01012,EQ,NORMAL,1,1.0
DBSTOCKBRO,DB (INT) STOCK BROKERS,INE921B01025,NSE_EQ|INE921B01025,BE,NORMAL,1,1.0
DCAL,DISHMAN CARBO AMCIS LTD,INE385W01011,NSE_EQ|INE385W01011,EQ,NORMAL,1,1.0
DCBBANK,DCB BANK LIMITED,INE503A01015,NSE_EQ|INE503A01015,EQ,NORMAL,1,1.0
DCCL,DAR CREDIT & CAPITAL LTD,INE04Q901010,NSE_EQ|INE04Q901010,SM,SME,2000,5.0
DCG,DCG CABLES & WIRES LTD,INE0S8401018,NSE_EQ|INE0S8401018,SM,SME,1200,5.0
DCI,DC INFOTECH AND COMUN LTD,INE0A1101019,NSE_EQ|INE0A1101019,EQ,NORMAL,1,5.0
DCM,DCM LIMITED,INE498A01018,NSE_EQ|INE498A01018,BE,NORMAL,1,1.0
DCMFINSERV,DCM FINANCIAL SERVICES LT,INE891B01012,NSE_EQ|INE891B01012,EQ,NORMAL,1,1.0
DCMNVL,DCM NOUVELLE LIMITED,INE08KP01019,NSE_EQ|INE08KP01019,EQ,NORMAL,1,1.0
DCMSHRIRAM,DCM SHRIRAM LIMITED,INE499A01024,NSE_EQ|INE499A01024,EQ,NORMAL,1,10.0
DCMSIL,DCM SHRIRAM INTERNATNL L,INE0OU201013,NSE_EQ|INE0OU201013,EQ,NORMAL,1,1.0
DCMSRIND,DCM SHRIRAM IND LTD,INE843D01027,NSE_EQ|INE843D01027,EQ,NORMAL,1,1.0
DCW,DCW LTD,INE500A01029,NSE_EQ|INE500A01029,EQ,NORMAL,1,1.0
DCXINDIA,DCX SYSTEMS LIMITED,INE0KL801015,NSE_EQ|INE0KL801015,EQ,NORMAL,1,1.0
DDEVPLSTIK,DDEV PLASTIKS IND LTD,INE0HR601026,NSE_EQ|INE0HR601026,EQ,NORMAL,1,5.0
DECCANCE,DECCAN CEMENTS LIMITED,INE583C01021,NSE_EQ|INE583C01021,EQ,NORMAL,1,5.0
DECCANTRAN,DECCAN TRANSCON LEASING L,INE0S7C01019,NSE_EQ|INE0S7C01019,SM,SME,1200,5.0
DECNGOLD,DECCAN GOLD MINES LTD.,INE945F01025,NSE_EQ|INE945F01025,EQ,NORMAL,1,1.0
DEEDEV,DEE DEVELOPMENT ENG LTD,INE841L01016,NSE_EQ|INE841L01016,EQ,NORMAL,1,5.0
DEEP,DEEP POLYMERS LTD.,INE00IY01012,NSE_EQ|INE00IY01012,EQ,NORMAL,1,1.0
DEEPAKFERT,DEEPAK FERTILIZERS & PETR,INE501A01019,NSE_EQ|INE501A01019,EQ,NORMAL,1,10.0
DEEPAKNTR,DEEPAK NITRITE LTD,INE288B01029,NSE_EQ|INE288B01029,EQ,NORMAL,1,10.0
DEEPINDS,DEEP INDUSTRIES LIMITED,INE0FHS01024,NSE_EQ|INE0FHS01024,EQ,NORMAL,1,5.0
DEFENCE,MIRAEAMC - DEFENCE,INF769K01QC2,NSE_EQ|INF769K01QC2,EQ,NORMAL,1,1.0
DELAPLEX,DELAPLEX LIMITED,INE0SK801018,NSE_EQ|INE0SK801018,SM,SME,600,5.0
DELHIVERY,DELHIVERY LIMITED,INE148O01028,NSE_EQ|INE148O01028,EQ,NORMAL,1,5.0
DELPHIFX,DELPHI WORLD MONEY LTD,INE726L01027,NSE_EQ|INE726L01027,BE,NORMAL,1,1.0
DELTACORP,DELTA CORP LIMITED,INE124G01033,NSE_EQ|INE124G01033,EQ,NORMAL,1,1.0
DELTAMAGNT,DELTA MANUFACTURING LTD,INE393A01011,NSE_EQ|INE393A01011,EQ,NORMAL,1,1.0
DELTIC,DELTA AUTOCORP LIMITED,INE0XRN01019,NSE_EQ|INE0XRN01019,SM,SME,1000,5.0
DEN,DEN NETWORKS LTD,INE947J01015,NSE_EQ|INE947J01015,EQ,NORMAL,1,1.0
DENEERS,DE NEERS TOOLS LIMITED,INE0JWV01011,NSE_EQ|INE0JWV01011,SM,SME,600,5.0
DENORA,DE NORA INDIA LIMITED,INE244A01016,NSE_EQ|INE244A01016,EQ,NORMAL,1,5.0
DENTA,DENTA WATER N INFRA SOL L,INE0R4L01018,NSE_EQ|INE0R4L01018,EQ,NORMAL,1,5.0
DENTALKART,VASA DENTICITY LIMITED,INE0N5801013,NSE_EQ|INE0N5801013,SM,SME,250,5.0
DESTINY,DESTINY LOGISTICS & I LTD,INE0IGO01011,NSE_EQ|INE0IGO01011,SM,SME,1500,5.0
DEVIT,DEV INFO TECHNOLOGY LTD,INE060X01034,NSE_EQ|INE060X01034,EQ,NORMAL,1,1.0
DEVX,DEV ACCELERATOR LIMITED,INE0VOV01021,NSE_EQ|INE0VOV01021,EQ,NORMAL,1,1.0
DEVYANI,DEVYANI INTERNATIONAL LTD,INE872J01023,NSE_EQ|INE872J01023,EQ,NORMAL,1,1.0
DGCONTENT,DIGICONTENT LIMITED,INE03JI01017,NSE_EQ|INE03JI01017,EQ,NORMAL,1,1.0
DHABRIYA,DHABRIYA POLYWOOD LTD.,INE260R01016,NSE_EQ|INE260R01016,BE,NORMAL,1,5.0
DHAMPURSUG,DHAMPUR SUGAR MILLS LTD.,INE041A01016,NSE_EQ|INE041A01016,EQ,NORMAL,1,1.0
DHANBANK,DHANLAXMI BANK LIMITED,INE680A01011,NSE_EQ|INE680A01011,EQ,NORMAL,1,1.0
DHANLAXMI,DHANLAXMI CROP SCIENCE L,INE0V9V01010,NSE_EQ|INE0V9V01010,SM,SME,2000,5.0
DHANSA,DHANSA LABS LIMITED,INE0M3I01029,NSE_EQ|INE0M3I01029,SM,SME,2000,5.0
DHANUKA,DHANUKA AGRITECH LTD,INE435G01025,NSE_EQ|INE435G01025,EQ,NORMAL,1,10.0
DHARAN,DHARAN INFRA-EPC LIMITED,INE278R01034,NSE_EQ|INE278R01034,BZ,NORMAL,1,1.0
DHARIWAL,DHARIWALCORP LIMITED,INE0YRN01025,NSE_EQ|INE0YRN01025,SM,SME,3000,5.0
DHARMAJ,DHARMAJ CROP GUARD LTD,INE00OQ01016,NSE_EQ|INE00OQ01016,EQ,NORMAL,1,5.0
DHATRE,DHATRE UDYOG LTD.,INE715T01031,NSE_EQ|INE715T01031,EQ,NORMAL,1,1.0
DHOOTTRANS,DHOOT TRANSMISSION LTD,INE01NH01023,NSE_EQ|INE01NH01023,EQ,NORMAL,1,5.0
DHRUV,DHRUV CONSULTANCY SER LTD,INE506Z01015,NSE_EQ|INE506Z01015,EQ,NORMAL,1,1.0
DHTL,DOCMODE HEALTH TECH LTD,INE0OGG01015,NSE_EQ|INE0OGG01015,SM,SME,800,5.0
DHUNINV,DHUNSERI INVESTMENTS LTD,INE320L01011,NSE_EQ|INE320L01011,EQ,NORMAL,1,5.0
DIACABS,DIAMOND POWER INFRA LTD,INE989C01038,NSE_EQ|INE989C01038,BE,NORMAL,1,5.0
DIAMINESQ,DIAMINES & CHEMICALS LTD,INE591D01014,NSE_EQ|INE591D01014,EQ,NORMAL,1,1.0
DIAMONDYD,PRATAAP SNACKS LIMITED,INE393P01035,NSE_EQ|INE393P01035,EQ,NORMAL,1,10.0
DICIND,DIC INDIA LIMITED,INE303A01010,NSE_EQ|INE303A01010,EQ,NORMAL,1,5.0
DIFFNKG,DIFFUSION ENGINEERS LTD,INE184O01015,NSE_EQ|INE184O01015,EQ,NORMAL,1,5.0
DIGIDRIVE,DIGIDRIVE DISTRIBUTORS L,INE0PSC01024,NSE_EQ|INE0PSC01024,EQ,NORMAL,1,1.0
DIGIKORE,DIGIKORE STUDIOS LIMITED,INE0QJ901011,NSE_EQ|INE0QJ901011,SM,SME,400,5.0
DIGISPICE,DIGISPICE TECHNOLOGIES LT,INE927C01020,NSE_EQ|INE927C01020,EQ,NORMAL,1,1.0
DIGITIDE,DIGITIDE SOLUTIONS LTD,INE0U4701011,NSE_EQ|INE0U4701011,EQ,NORMAL,1,1.0
DIGJAMLMTD,DIGJAM LTD,INE731U01028,NSE_EQ|INE731U01028,EQ,NORMAL,1,1.0
DIL,DEBOCK INDUSTRIES LIMITED,INE411Y01011,NSE_EQ|INE411Y01011,BZ,NORMAL,1,1.0
DIRL,DHANUKA INFRA REALTY LTD,INE704V01015,NSE_EQ|INE704V01015,SM,SME,6000,5.0
DISAQ,DISA INDIA LTD.,INE131C01011,NSE_EQ|INE131C01011,EQ,NORMAL,1,100.0
DISHTV,DISH TV INDIA LTD.,INE836F01026,NSE_EQ|INE836F01026,EQ,NORMAL,1,1.0
DIVGIITTS,DIVGI TORQTRANSFER SYST L,INE753U01022,NSE_EQ|INE753U01022,EQ,NORMAL,1,5.0
DIVIDEND,MIRAEAMC - DIVIDEND,INF769K01PY8,NSE_EQ|INF769K01PY8,EQ,NORMAL,1,1.0
DIVISLAB,DIVI S LABORATORIES LTD,INE361B01024,NSE_EQ|INE361B01024,EQ,NORMAL,1,50.0
DIVOPPBEES,NIP IND ETF DIV OPP,INF204KA1MS3,NSE_EQ|INF204KA1MS3,EQ,NORMAL,1,1.0
DIXON,DIXON TECHNO (INDIA) LTD,INE935N01020,NSE_EQ|INE935N01020,EQ,NORMAL,1,100.0
DJML,DJ MEDIAPRINT & LOG LTD,INE0B1K01014,NSE_EQ|INE0B1K01014,EQ,NORMAL,1,1.0
DKEGL,D K ENTERPRISES GLOBAL L,INE0GN101014,NSE_EQ|INE0GN101014,SM,SME,1500,5.0
DLF,DLF LIMITED,INE271C01023,NSE_EQ|INE271C01023,EQ,NORMAL,1,5.0
DLINKINDIA,D-LINK INDIA LTD,INE250K01012,NSE_EQ|INE250K01012,EQ,NORMAL,1,5.0
DMART,AVENUE SUPERMARTS LIMITED,INE192R01011,NSE_EQ|INE192R01011,EQ,NORMAL,1,10.0
DMCC,DMCC SPECIALITY CHEMICALS,INE505A01010,NSE_EQ|INE505A01010,EQ,NORMAL,1,5.0
DNAMEDIA,DILIGENT MEDIA CORP LTD.,INE016M01021,NSE_EQ|INE016M01021,EQ,NORMAL,1,1.0
DODLA,DODLA DAIRY LIMITED,INE021O01019,NSE_EQ|INE021O01019,EQ,NORMAL,1,10.0
DOLATALGO,DOLAT ALGOTECH LIMITED,INE966A01022,NSE_EQ|INE966A01022,EQ,NORMAL,1,1.0
DOLLAR,DOLLAR INDUSTRIES LIMITED,INE325C01035,NSE_EQ|INE325C01035,EQ,NORMAL,1,5.0
DOLLEX,DOLLEX AGROTECH LIMITED,INE0JHH01011,NSE_EQ|INE0JHH01011,SM,SME,4000,5.0
DOLPHIN,DOLPHIN OFF ENT (IND) L,INE920A01037,NSE_EQ|INE920A01037,EQ,NORMAL,1,5.0
DOMS,DOMS INDUSTRIES LIMITED,INE321T01012,NSE_EQ|INE321T01012,EQ,NORMAL,1,10.0
DONEAR,DONEAR IND. LIMITED,INE668D01028,NSE_EQ|INE668D01028,EQ,NORMAL,1,1.0
DPABHUSHAN,D. P. ABHUSHAN LIMITED,INE266Y01019,NSE_EQ|INE266Y01019,EQ,NORMAL,1,10.0
DPEL,DIVINE POWER ENERGY LTD,INE0SCO01019,NSE_EQ|INE0SCO01019,SM,SME,500,5.0
DPSCLTD,DPSC LIMITED,INE360C01024,NSE_EQ|INE360C01024,BE,NORMAL,1,1.0
DPWIRES,D P WIRES LIMITED,INE864X01013,NSE_EQ|INE864X01013,BE,NORMAL,1,1.0
DRAGARWQ,DR. AGARWAL'S EYE HOSP L,INE934C01018,NSE_EQ|INE934C01018,EQ,NORMAL,1,50.0
DRCSYSTEMS,DRC SYSTEMS INDIA LIMITED,INE03RS01027,NSE_EQ|INE03RS01027,EQ,NORMAL,1,1.0
DREAMFOLKS,DREAMFOLKS SERVICES LTD,INE0JS101016,NSE_EQ|INE0JS101016,EQ,NORMAL,1,1.0
DREDGECORP,DREDGING CORP OF INDIA,INE506A01018,NSE_EQ|INE506A01018,EQ,NORMAL,1,10.0
DRONE,DRONE DESTINATION LIMITED,INE0P7201019,NSE_EQ|INE0P7201019,SM,SME,500,5.0
DRREDDY,DR. REDDY S LABORATORIES,INE089A01031,NSE_EQ|INE089A01031,EQ,NORMAL,1,10.0
DRSCARGO,DRS CARGO MOVERS LIMITED,INE0QZM01018,NSE_EQ|INE0QZM01018,SM,SME,800,5.0
DRSDILIP,DRS DILIP ROADLINES LTD.,INE02CV01017,NSE_EQ|INE02CV01017,SM,SME,800,5.0
DSFCL,DCM SHRIRAM FINE CHEM LTD,INE0OFM01015,NSE_EQ|INE0OFM01015,BE,PCA,1,1.0
DSKULKARNI,DS KULKARNI DEVELOPERS L,INE891A01022,NSE_EQ|INE891A01022,BE,NORMAL,1,1.0
DSSL,DYNACONS SYS & SOLN LTD,INE417B01040,NSE_EQ|INE417B01040,EQ,NORMAL,1,10.0
DTIL,DHUNSERI TEA & IND. LTD.,INE341R01014,NSE_EQ|INE341R01014,EQ,NORMAL,1,1.0
DTL,DIENSTEN TECH LIMITED,INE0JRD01019,NSE_EQ|INE0JRD01019,SM,SME,1200,5.0
DUCOL,DUCOL ORGS AND COLOURS LT,INE0LZO01015,NSE_EQ|INE0LZO01015,SM,SME,800,5.0
DUCON,DUCON INFRATECHNOLOGIES L,INE741L01018,NSE_EQ|INE741L01018,EQ,NORMAL,1,1.0
DUGLOBAL,DUDIGITAL GLOBAL LIMITED,INE0HPK01020,NSE_EQ|INE0HPK01020,SM,SME,2500,5.0
DURLAX,DURLAX TOP SURFACE LTD,INE0OUW01013,NSE_EQ|INE0OUW01013,SM,SME,2000,5.0
DVL,DHUNSERI VENTURES LIMITED,INE477B01010,NSE_EQ|INE477B01010,EQ,NORMAL,1,1.0
DWARKESH,DWARIKESH SUGAR IND LTD,INE366A01041,NSE_EQ|INE366A01041,EQ,NORMAL,1,1.0
DYCL,DYNAMIC CABLES LIMITED,INE600Y01019,NSE_EQ|INE600Y01019,EQ,NORMAL,1,5.0
DYNAMATECH,DYNAMATIC TECHNOLOGIES,INE221B01012,NSE_EQ|INE221B01012,EQ,NORMAL,1,100.0
DYNPRO,DYNEMIC PRODUCTS LIMITED,INE256H01015,NSE_EQ|INE256H01015,EQ,NORMAL,1,5.0
E2E,E2E NETWORKS LIMITED,INE255Z01027,NSE_EQ|INE255Z01027,BE,NORMAL,1,5.0
E2ERAIL,E TO E TRANS INFRA LTD,INE1CEJ01017,NSE_EQ|INE1CEJ01017,SM,SME,800,5.0
EASEMYTRIP,EASY TRIP PLANNERS LTD,INE07O001026,NSE_EQ|INE07O001026,EQ,NORMAL,1,1.0
EASTSILK,EASTERN SILK INDUSTRIES L,INE962C01035,NSE_EQ|INE962C01035,BE,NORMAL,1,1.0
EASTWEST,EAST WEST FREIGHT CARRI L,INE595R01023,NSE_EQ|INE595R01023,EQ,NORMAL,1,1.0
EBANK10,EDELAMC - EBANK10,INF754K01XH9,NSE_EQ|INF754K01XH9,EQ,NORMAL,1,1.0
EBANKNIFTY,EDELAMC - EBANKNIFTY,INF754K01TE4,NSE_EQ|INF754K01TE4,EQ,NORMAL,1,1.0
EBBETF0430,EDELAMC - EBBETF0430,INF754K01KO2,NSE_EQ|INF754K01KO2,EQ,NORMAL,1,1.0
EBBETF0431,EDELAMC - EBBETF0431,INF754K01LE1,NSE_EQ|INF754K01LE1,EQ,NORMAL,1,1.0
EBBETF0433,EDELAMC - EBBETF0433,INF754K01QX0,NSE_EQ|INF754K01QX0,EQ,NORMAL,1,1.0
EBGNG,GNG ELECTRONICS LIMITED,INE18JU01028,NSE_EQ|INE18JU01028,EQ,NORMAL,1,5.0
EBIX,EBIX LIMITED,INE432F01032,NSE_EQ|INE432F01032,EQ,NORMAL,1,1.0
ECAPINSURE,EDELAMC - ECAPINSURE,INF754K01TX4,NSE_EQ|INF754K01TX4,EQ,NORMAL,1,1.0
ECLERX,ECLERX SERVICES LTD,INE738I01010,NSE_EQ|INE738I01010,EQ,NORMAL,1,10.0
ECORECO,ECO RECYCLING LTD.,INE316A01038,NSE_EQ|INE316A01038,EQ,NORMAL,1,5.0
ECOSMOBLTY,ECOS (INDIA) MOB & HOSP L,INE06HJ01020,NSE_EQ|INE06HJ01020,BE,NORMAL,1,1.0
EDELWEISS,EDELWEISS FIN SERV LTD,INE532F01054,NSE_EQ|INE532F01054,EQ,NORMAL,1,1.0
EDUCOMP,EDUCOMP SOLUTIONS LTD,INE216H01027,NSE_EQ|INE216H01027,BZ,NORMAL,1,1.0
EEPL,EPPELTONE ENGINEERS LTD,INE11HF01010,NSE_EQ|INE11HF01010,SM,SME,1000,5.0
EFACTOR,E FACTOR EXPERIENCES LTD,INE0KFF01017,NSE_EQ|INE0KFF01017,SM,SME,400,5.0
EFCIL,EFC (I) LIMITED,INE886D01026,NSE_EQ|INE886D01026,EQ,NORMAL,1,1.0
EFORCE,ELECTRO FORCE (INDIA) LTD,INE0Q1W01012,NSE_EQ|INE0Q1W01012,SM,SME,1200,5.0
EGOLD,EDELAMC - EGOLD,INF754K01SE6,NSE_EQ|INF754K01SE6,EQ,NORMAL,1,5.0
EICHERMOT,EICHER MOTORS LTD,INE066A01021,NSE_EQ|INE066A01021,EQ,NORMAL,1,50.0
EIDPARRY,EID PARRY INDIA LTD,INE126A01031,NSE_EQ|INE126A01031,EQ,NORMAL,1,5.0
EIEL,ENVIRO INFRA ENGINEERS L,INE0LLY01014,NSE_EQ|INE0LLY01014,EQ,NORMAL,1,1.0
EIFFL,EURO (I) FRESH FOODS LTD,INE546V01010,NSE_EQ|INE546V01010,BE,NORMAL,1,5.0
EIHAHOTELS,EIH ASSOCIATED HOTELS LTD,INE276C01014,NSE_EQ|INE276C01014,EQ,NORMAL,1,5.0
EIHOTEL,EIH LIMITED,INE230A01023,NSE_EQ|INE230A01023,EQ,NORMAL,1,5.0
EIMCOELECO,EIMCO ELECON (INDIA) LTD,INE158B01016,NSE_EQ|INE158B01016,EQ,NORMAL,1,10.0
EKC,EVEREST KANTO CYLINDERLTD,INE184H01027,NSE_EQ|INE184H01027,EQ,NORMAL,1,1.0
EKI,EKI ENERGY SERVICES LTD,INE0CPR01018,NSE_EQ|INE0CPR01018,EQ,NORMAL,1,1.0
ELANTAS,ELANTAS BECK INDIA LTD.,INE280B01018,NSE_EQ|INE280B01018,EQ,NORMAL,1,50.0
ELCIDIN,ELCID INVESTMENTS LTD.,INE927X01018,NSE_EQ|INE927X01018,EQ,NORMAL,1,500.0
ELDEHSG,ELDECO HSG & IND LTD.,INE668G01021,NSE_EQ|INE668G01021,EQ,NORMAL,1,5.0
ELECON,ELECON ENG. CO. LTD,INE205B01031,NSE_EQ|INE205B01031,EQ,NORMAL,1,5.0
ELECTCAST,ELECTROSTEEL CASTINGS LTD,INE086A01029,NSE_EQ|INE086A01029,EQ,NORMAL,1,1.0
ELECTHERM,ELECTROTHERM (I) LTD.,INE822G01016,NSE_EQ|INE822G01016,EQ,NORMAL,1,10.0
ELGIEQUIP,ELGI EQUIPMENTS LTD,INE285A01027,NSE_EQ|INE285A01027,EQ,NORMAL,1,5.0
ELGIRUBCO,ELGI RUBBER CO. LTD,INE819L01012,NSE_EQ|INE819L01012,EQ,NORMAL,1,1.0
ELGNZ,ELEGANZ INTERIORS LIMITED,INE0R9101015,NSE_EQ|INE0R9101015,SM,SME,1000,5.0
ELIN,ELIN ELECTRONICS LIMITED,INE050401020,NSE_EQ|INE050401020,EQ,NORMAL,1,1.0
ELIQUID,EDELAMC - ELIQUID,INF754K01VW2,NSE_EQ|INF754K01VW2,EQ,NORMAL,1,1.0
ELITECON,ELITECON INTERNATIONAL L,INE669R01026,NSE_EQ|INE669R01026,EQ,NORMAL,1,1.0
ELLEN,ELLENBARRIE INDUS GASES L,INE236E01022,NSE_EQ|INE236E01022,EQ,NORMAL,1,5.0
ELM250,EDELAMC - ELM250,INF754K01VV4,NSE_EQ|INF754K01VV4,EQ,NORMAL,1,1.0
ELMDIV,EDELAMC - ELMDIV,INF754K01XI7,NSE_EQ|INF754K01XI7,EQ,NORMAL,1,1.0
ELPROINTL,ELPRO INTERNATIONAL LTD,INE579B01039,NSE_EQ|INE579B01039,EQ,NORMAL,1,1.0
EMAMILTD,EMAMI LIMITED,INE548C01032,NSE_EQ|INE548C01032,EQ,NORMAL,1,5.0
EMAMIPAP,EMAMI PAPER MILLS LIMITED,INE830C01026,NSE_EQ|INE830C01026,BE,NORMAL,1,1.0
EMAMIREAL,EMAMI REALTY LIMITED,INE778K01012,NSE_EQ|INE778K01012,EQ,NORMAL,1,1.0
EMAPARTNER,EMA PARTNERS INDIA LTD,INE0ZOL01023,NSE_EQ|INE0ZOL01023,SM,SME,1000,5.0
EMBDL,EMBASSY DEVELOPMENTS LTD,INE069I01010,NSE_EQ|INE069I01010,EQ,NORMAL,1,1.0
EMCURE,EMCURE PHARMACEUTICALS L,INE168P01015,NSE_EQ|INE168P01015,EQ,NORMAL,1,10.0
EMETAL,EDELAMC - EMETAL,INF754K01XG1,NSE_EQ|INF754K01XG1,EQ,NORMAL,1,1.0
EMIL,ELECTRONICS MART IND LTD,INE02YR01019,NSE_EQ|INE02YR01019,EQ,NORMAL,1,1.0
EMKAY,EMKAY GLOBAL FIN SERV LTD,INE296H01011,NSE_EQ|INE296H01011,EQ,NORMAL,1,1.0
EMKAYTOOLS,EMKAY TAP & CUT. TOOL LTD,INE332S01011,NSE_EQ|INE332S01011,SM,SME,150,5.0
EMMBI,EMMBI INDUSTRIES LIMITED,INE753K01015,NSE_EQ|INE753K01015,BE,NORMAL,1,1.0
EMMIL,ENERGY MISSION MACH IND L,INE0S1L01013,NSE_EQ|INE0S1L01013,SM,SME,250,5.0
EMMVEE,EMMVEE PHOTOVOLTAIC PWR L,INE1C6T01020,NSE_EQ|INE1C6T01020,EQ,NORMAL,1,5.0
EMPIND,EMPIRE INDUSTRIES LTD.,INE515H01014,NSE_EQ|INE515H01014,EQ,NORMAL,1,10.0
EMPOWER,EMPOWER INDIA LTD.,INE507F01023,NSE_EQ|INE507F01023,EQ,NORMAL,1,1.0
EMSLIMITED,EMS LIMITED,INE0OV601013,NSE_EQ|INE0OV601013,EQ,NORMAL,1,5.0
EMUDHRA,EMUDHRA LIMITED,INE01QM01018,NSE_EQ|INE01QM01018,EQ,NORMAL,1,5.0
EMULTIMQ,EDELAMC - EMULTIMQ,INF754K01TF1,NSE_EQ|INF754K01TF1,EQ,NORMAL,1,1.0
ENCOMPAS,ENCOMPASS DESIGN INDIA L,INE433T01015,NSE_EQ|INE433T01015,SM,SME,400,5.0
ENDURANCE,ENDURANCE TECHNO. LTD.,INE913H01037,NSE_EQ|INE913H01037,EQ,NORMAL,1,10.0
ENERGY,MIRAEAMC - ENERGY,INF769K01PR2,NSE_EQ|INF769K01PR2,EQ,NORMAL,1,1.0
ENERGYDEV,ENERGY DEVE. CO.LTD,INE306C01019,NSE_EQ|INE306C01019,EQ,NORMAL,1,1.0
ENEXT50,EDELAMC - ENEXT50,INF754K01XF3,NSE_EQ|INF754K01XF3,EQ,NORMAL,1,1.0
ENFUSE,ENFUSE SOLUTIONS LIMITED,INE0S3X01014,NSE_EQ|INE0S3X01014,SM,SME,600,5.0
ENGINERSIN,ENGINEERS INDIA LTD,INE510A01028,NSE_EQ|INE510A01028,EQ,NORMAL,1,1.0
ENIFTY,EDELAMC - ENIFTY,INF754K01VX0,NSE_EQ|INF754K01VX0,EQ,NORMAL,1,1.0
ENIL,ENTERTAIN NET. IND. LTD.,INE265F01028,NSE_EQ|INE265F01028,EQ,NORMAL,1,1.0
ENKEIWHEL,ENKEI WHEELS (INDIA) LTD.,INE130L01014,NSE_EQ|INE130L01014,EQ,NORMAL,1,5.0
ENRIN,SIEMENS ENERGY INDIA LTD,INE1NPP01017,NSE_EQ|INE1NPP01017,EQ,NORMAL,1,10.0
ENSER,ENSER COMMUNICATIONS LTD,INE0R9I01021,NSE_EQ|INE0R9I01021,SM,SME,5000,5.0
ENTERO,ENTERO HEALTHCARE SOLU L,INE010601016,NSE_EQ|INE010601016,EQ,NORMAL,1,10.0
ENVIRO,ENVIROTECH SYSTEMS LTD,INE0SUH01015,NSE_EQ|INE0SUH01015,SM,SME,1000,5.0
EPACK,EPACK DURABLE LIMITED,INE0G5901015,NSE_EQ|INE0G5901015,EQ,NORMAL,1,1.0
EPACKPEB,EPACK PREFAB TECHN LTD,INE0MLS01022,NSE_EQ|INE0MLS01022,EQ,NORMAL,1,5.0
EPIGRAL,EPIGRAL LIMITED,INE071N01016,NSE_EQ|INE071N01016,EQ,NORMAL,1,10.0
EPL,EPL LIMITED,INE255A01020,NSE_EQ|INE255A01020,EQ,NORMAL,1,1.0
EQUAL200,MIRAEAMC - EQUAL200,INF769K01OA1,NSE_EQ|INF769K01OA1,EQ,NORMAL,1,1.0
EQUAL50,MIRAEAMC - EQUAL50,INF769K01OO2,NSE_EQ|INF769K01OO2,EQ,NORMAL,1,1.0
EQUAL50ADD,DSPAMC - DSPNEWETF,INF740KA1QK2,NSE_EQ|INF740KA1QK2,EQ,NORMAL,1,1.0
EQUIPPP,EQUIPPP SOC IMP TECH LTD,INE217G01035,NSE_EQ|INE217G01035,BE,NORMAL,1,1.0
EQUITASBNK,EQUITAS SMALL FIN BNK LTD,INE063P01018,NSE_EQ|INE063P01018,EQ,NORMAL,1,1.0
ERIS,ERIS LIFESCIENCES LIMITED,INE406M01024,NSE_EQ|INE406M01024,EQ,NORMAL,1,10.0
ESABINDIA,ESAB INDIA LTD,INE284A01012,NSE_EQ|INE284A01012,EQ,NORMAL,1,50.0
ESAFSFB,ESAF SMALL FINANCE BANK L,INE818W01011,NSE_EQ|INE818W01011,BE,NORMAL,1,1.0
ESCONET,ESCONET TECHNOLOGIES LTD,INE0RQZ01017,NSE_EQ|INE0RQZ01017,SM,SME,400,5.0
ESCORTS,ESCORTS KUBOTA LIMITED,INE042A01014,NSE_EQ|INE042A01014,EQ,NORMAL,1,10.0
ESENSEX,EDELAMC - ESENSEX,INF754K01VY8,NSE_EQ|INF754K01VY8,EQ,NORMAL,1,1.0
ESFL,ESSEN SPECIALITY FILMS L,INE0ITO01014,NSE_EQ|INE0ITO01014,SM,SME,360,5.0
ESG,MIRAEAMC - MAESGETF,INF769K01GS9,NSE_EQ|INF769K01GS9,EQ,NORMAL,1,1.0
ESILVER,EDELAMC - ESILVER,INF754K01SF3,NSE_EQ|INF754K01SF3,EQ,NORMAL,1,1.0
ESPRIT,ESPRIT STONES LIMITED,INE0SBP01018,NSE_EQ|INE0SBP01018,SM,SME,1600,5.0
ESSARSHPNG,ESSAR SHIPPING LTD,INE122M01019,NSE_EQ|INE122M01019,EQ,NORMAL,1,1.0
ESSENTIA,INTEGRA ESSENTIA LIMITED,INE418N01035,NSE_EQ|INE418N01035,EQ,NORMAL,1,1.0
ESTER,ESTER INDUSTRIES LTD,INE778B01029,NSE_EQ|INE778B01029,EQ,NORMAL,1,1.0
ETERNAL,ETERNAL LIMITED,INE758T01015,NSE_EQ|INE758T01015,EQ,NORMAL,1,5.0
ETHOSLTD,ETHOS LIMITED,INE04TZ01018,NSE_EQ|INE04TZ01018,EQ,NORMAL,1,10.0
ETL,EMKAY TOOLS LIMITED,INE0PXC01024,NSE_EQ|INE0PXC01024,SM,SME,150,5.0
ETML,EMERALD TYRE MANUF LTD,INE0RHD01013,NSE_EQ|INE0RHD01013,SM,SME,1200,5.0
EUREKAFORB,EUREKA FORBES LIMITED,INE0KCE01017,NSE_EQ|INE0KCE01017,EQ,NORMAL,1,5.0
EUROBOND,EURO PANEL PRODUCTS LTD,INE505V01016,NSE_EQ|INE505V01016,EQ,NORMAL,1,1.0
EUROPRATIK,EURO PRATIK SALES LIMITED,INE198501012,NSE_EQ|INE198501012,EQ,NORMAL,1,5.0
EUROTEXIND,EUROTEX IND & EXPORTS LTD,INE022C01012,NSE_EQ|INE022C01012,BE,PCA,1,1.0
EVEREADY,EVEREADY INDS. IND.  LTD.,INE128A01029,NSE_EQ|INE128A01029,EQ,NORMAL,1,5.0
EVERESTIND,EVEREST INDUSTRIES LTD,INE295A01018,NSE_EQ|INE295A01018,BE,NORMAL,1,5.0
EVIETF,ICICIPRAMC - EVIETF,INF109K1A153,NSE_EQ|INF109K1A153,EQ,NORMAL,1,1.0
EVINDIA,MIRAEAMC - EVINDIA,INF769K01LQ3,NSE_EQ|INF769K01LQ3,EQ,NORMAL,1,1.0
EXCELINDUS,EXCEL INDUSTRIES LTD,INE369A01029,NSE_EQ|INE369A01029,EQ,NORMAL,1,5.0
EXCELSOFT,EXCELSOFT TECHNOLOGIES L,INE606N01019,NSE_EQ|INE606N01019,EQ,NORMAL,1,1.0
EXICOM,EXICOM TELE SYSTEMS LTD,INE777F01014,NSE_EQ|INE777F01014,EQ,NORMAL,1,1.0
EXIDEIND,EXIDE INDUSTRIES LTD,INE302A01020,NSE_EQ|INE302A01020,EQ,NORMAL,1,5.0
EXIMROUTES,EXIM ROUTES LIMITED,INE19I001020,NSE_EQ|INE19I001020,SM,SME,800,5.0
EXPLEOSOL,EXPLEO SOLUTIONS LIMITED,INE201K01015,NSE_EQ|INE201K01015,EQ,NORMAL,1,5.0
EXXARO,EXXARO TILES LIMITED,INE0GFE01026,NSE_EQ|INE0GFE01026,EQ,NORMAL,1,1.0
FABTECH,FABTECH TECHNOLOGIES LTD,INE0HF201011,NSE_EQ|INE0HF201011,EQ,NORMAL,1,1.0
FACT,FACT LTD,INE188A01015,NSE_EQ|INE188A01015,EQ,NORMAL,1,5.0
FAIRCHEMOR,FAIRCHEM ORGANICS LIMITED,INE0DNW01011,NSE_EQ|INE0DNW01011,BE,PCA,1,5.0
FALCONTECH,FALCON TECHNOPROJ IND LTD,INE0PQK01013,NSE_EQ|INE0PQK01013,SM,SME,1200,5.0
FAZE3Q,FAZE THREE LIMITED,INE963C01033,NSE_EQ|INE963C01033,EQ,NORMAL,1,5.0
FCL,FINEOTEX CHEMICAL LIMITED,INE045J01034,NSE_EQ|INE045J01034,EQ,NORMAL,1,1.0
FCONSUMER,FUTURE CONSUMER LIMITED,INE220J01025,NSE_EQ|INE220J01025,BZ,NORMAL,1,1.0
FCSSOFT,FCS SOFTWARE SOLN. LTD.,INE512B01022,NSE_EQ|INE512B01022,EQ,NORMAL,1,1.0
FDC,FDC LIMITED,INE258B01022,NSE_EQ|INE258B01022,EQ,NORMAL,1,5.0
FEDDERSHOL,FEDDERS HOLDING LTD.,INE417D01020,NSE_EQ|INE417D01020,EQ,NORMAL,1,1.0
FEDERALBNK,FEDERAL BANK LTD,INE171A01029,NSE_EQ|INE171A01029,EQ,NORMAL,1,5.0
FEDFINA,FEDBANK FINANCIAL SER L,INE007N01010,NSE_EQ|INE007N01010,EQ,NORMAL,1,1.0
FEL,FUTURE ENTERPRISES LTD,INE623B01027,NSE_EQ|INE623B01027,BZ,NORMAL,1,1.0
FELDVR,FUTURE ENTERPRISES LTD,IN9623B01058,NSE_EQ|IN9623B01058,BZ,NORMAL,1,1.0
FELIX,FELIX INDUSTRIES LTD.,INE901X01013,NSE_EQ|INE901X01013,SM,SME,500,5.0
FERMENTA,FERMENTA BIOTECH LTD.,INE225B01021,NSE_EQ|INE225B01021,EQ,NORMAL,1,5.0
FIBERWEB,FIBERWEB INDIA LIMITED,INE296C01020,NSE_EQ|INE296C01020,EQ,NORMAL,1,1.0
FIDEL,FIDEL SOFTECH LIMITED,INE0LQQ01019,NSE_EQ|INE0LQQ01019,SM,SME,1000,5.0
FIEMIND,FIEM INDUSTRIES LIMITED,INE737H01014,NSE_EQ|INE737H01014,EQ,NORMAL,1,10.0
FILATEX,FILATEX INDIA LTD,INE816B01035,NSE_EQ|INE816B01035,EQ,NORMAL,1,1.0
FILATFASH,FILATEX FASHIONS LIMITED,INE185E01021,NSE_EQ|INE185E01021,EQ,NORMAL,1,1.0
FINBUD,FINBUD FINANCIAL SERV LTD,INE0EDU01014,NSE_EQ|INE0EDU01014,SM,SME,1000,5.0
FINCABLES,FINOLEX CABLES LTD,INE235A01022,NSE_EQ|INE235A01022,EQ,NORMAL,1,5.0
FINEORG,FINE ORGANIC IND. LTD.,INE686Y01026,NSE_EQ|INE686Y01026,EQ,NORMAL,1,10.0
FINIETF,ICICIPRAMC-ICICIFIN,INF109KC17L8,NSE_EQ|INF109KC17L8,EQ,NORMAL,1,1.0
FINKURVE,FINKURVE FINANCIAL SERV L,INE734I01027,NSE_EQ|INE734I01027,EQ,NORMAL,1,1.0
FINOPB,FINO PAYMENTS BANK LTD,INE02NC01014,NSE_EQ|INE02NC01014,EQ,NORMAL,1,1.0
FINPIPE,FINOLEX INDUSTRIES LTD,INE183A01024,NSE_EQ|INE183A01024,EQ,NORMAL,1,1.0
FIRSTCRY,BRAINBEES SOLUTIONS LTD,INE02RE01045,NSE_EQ|INE02RE01045,EQ,NORMAL,1,1.0
FISCHER,FISCHER MEDICAL VENTURE L,INE771F01041,NSE_EQ|INE771F01041,EQ,NORMAL,1,1.0
FIVESTAR,FIVE-STAR BUS FIN LTD,INE128S01021,NSE_EQ|INE128S01021,EQ,NORMAL,1,5.0
FLAIR,FLAIR WRITING INDUST LTD,INE00Y201027,NSE_EQ|INE00Y201027,EQ,NORMAL,1,5.0
FLEXIADD,DSPAMC - FLEXIADD,INF740KA1WU9,NSE_EQ|INF740KA1WU9,EQ,NORMAL,1,1.0
FLEXITUFF,FLEXITUFF VENTURES INT L,INE060J01017,NSE_EQ|INE060J01017,BE,NORMAL,1,1.0
FLFL,FUT LIFESTYLE FASH LTD,INE452O01016,NSE_EQ|INE452O01016,BZ,NORMAL,1,1.0
FLUOROCHEM,GUJARAT FLUOROCHEM LTD,INE09N301011,NSE_EQ|INE09N301011,EQ,NORMAL,1,10.0
FLYSBS,FLYSBS AVIATION LIMITED,INE0VCK01011,NSE_EQ|INE0VCK01011,SM,SME,200,5.0
FMCGADD,DSPAMC - FMCGADD,INF740KA1ZA4,NSE_EQ|INF740KA1ZA4,EQ,NORMAL,1,1.0
FMCGIETF,ICICIPRAMC - ICICIFMCG,INF109KC19V3,NSE_EQ|INF109KC19V3,EQ,NORMAL,1,1.0
FMGOETZE,FEDERAL-MOGUL GOETZE (IND,INE529A01010,NSE_EQ|INE529A01010,EQ,NORMAL,1,5.0
FMNL,FUTURE MKT NETWORKS LTD,INE360L01017,NSE_EQ|INE360L01017,EQ,NORMAL,1,1.0
FOCE,FOCE INDIA LIMITED,INE0I7D01019,NSE_EQ|INE0I7D01019,SM,SME,240,5.0
FOCUS,FOCUS LIGHTG & FIXTRS LTD,INE593W01028,NSE_EQ|INE593W01028,BE,NORMAL,1,1.0
FONEBOX,FONEBOX RETAIL LIMITED,INE0Q4701019,NSE_EQ|INE0Q4701019,SM,SME,1000,5.0
FOODSIN,FOODS & INNS LIMITED,INE976E01023,NSE_EQ|INE976E01023,EQ,NORMAL,1,1.0
FORCEMOT,FORCE MOTORS LIMITED,INE451A01017,NSE_EQ|INE451A01017,EQ,NORMAL,1,100.0
FORGEAUTO,FORGE AUTO INTERNATION L,INE0YKW01013,NSE_EQ|INE0YKW01013,SM,SME,1200,5.0
FORTIS,FORTIS HEALTHCARE LTD,INE061F01013,NSE_EQ|INE061F01013,EQ,NORMAL,1,5.0
FOSECOIND,FOSECO INDIA LTD,INE519A01011,NSE_EQ|INE519A01011,EQ,NORMAL,1,50.0
FRACTAL,FRACTAL ANALYTICS LIMITED,INE212S01015,NSE_EQ|INE212S01015,EQ,NORMAL,1,5.0
FREDUN,FREDUN PHARMACEUTICALS L,INE194R01017,NSE_EQ|INE194R01017,EQ,NORMAL,1,10.0
FRONTSP,FRONTIER SPRINGS LTD.,INE572D01014,NSE_EQ|INE572D01014,EQ,NORMAL,1,10.0
FSL,FIRSTSOURCE SOLU. LTD.,INE684F01012,NSE_EQ|INE684F01012,EQ,NORMAL,1,5.0
FUSION,FUSION FINANCE LIMITED,INE139R01012,NSE_EQ|INE139R01012,EQ,NORMAL,1,1.0
FWSTC,FLYWINGS SIMULAT T C LTD,INE0SQZ01015,NSE_EQ|INE0SQZ01015,SM,SME,600,5.0
GABRIEL,GABRIEL INDIA LTD,INE524A01029,NSE_EQ|INE524A01029,EQ,NORMAL,1,10.0
GAEL,GUJARAT AMBUJA EXPORTS LT,INE036B01030,NSE_EQ|INE036B01030,EQ,NORMAL,1,1.0
GAIL,GAIL (INDIA) LTD,INE129A01019,NSE_EQ|INE129A01019,EQ,NORMAL,1,1.0
GAJANAND,GAJANAND INTERNATIONAL L,INE0QTE01018,NSE_EQ|INE0QTE01018,SM,SME,3000,5.0
GALAPREC,GALA PRECISION ENG LTD,INE0RE001014,NSE_EQ|INE0RE001014,EQ,NORMAL,1,10.0
GALAXYSURF,GALAXY SURFACTANTS LTD,INE600K01018,NSE_EQ|INE600K01018,EQ,NORMAL,1,10.0
GALLANTT,GALLANTT ISPAT LIMITED,INE297H01019,NSE_EQ|INE297H01019,EQ,NORMAL,1,5.0
GANDHAR,GANDHAR OIL REFINE IND L,INE717W01049,NSE_EQ|INE717W01049,EQ,NORMAL,1,1.0
GANDHITUBE,GANDHI SPL. TUBES LTD,INE524B01027,NSE_EQ|INE524B01027,EQ,NORMAL,1,5.0
GANECOS,GANESHA ECOSPHERE LIMITED,INE845D01014,NSE_EQ|INE845D01014,EQ,NORMAL,1,10.0
GANESHBE,GANESH BENZOPLAST LIMITED,INE388A01029,NSE_EQ|INE388A01029,BE,NORMAL,1,1.0
GANESHCP,GANESH CONSUMER PRODUCT L,INE652V01016,NSE_EQ|INE652V01016,EQ,NORMAL,1,1.0
GANESHHOU,GANESH HOUSING LIMITED,INE460C01014,NSE_EQ|INE460C01014,EQ,NORMAL,1,5.0
GANGABATH,GANGA BATH FITTINGS LTD,INE0ZI101018,NSE_EQ|INE0ZI101018,SM,SME,3000,5.0
GANGAFORGE,GANGA FORGING LIMITED,INE691Z01023,NSE_EQ|INE691Z01023,EQ,NORMAL,1,1.0
GANGESSECU,GANGES SECURITIES LIMITED,INE335W01016,NSE_EQ|INE335W01016,EQ,NORMAL,1,1.0
GARFIBRES,GARWARE TECH FIBRES LTD,INE276A01018,NSE_EQ|INE276A01018,EQ,NORMAL,1,5.0
GARUDA,GARUDA CONSTRUCT N ENG L,INE0JVO01026,NSE_EQ|INE0JVO01026,EQ,NORMAL,1,1.0
GATECH,GACM TECHNOLOGIES LIMITED,INE224E01028,NSE_EQ|INE224E01028,BE,NORMAL,1,1.0
GATECHDVR,GACM TECHNOLOGIES LIMITED,INE224E01036,NSE_EQ|INE224E01036,BE,NORMAL,1,1.0
GATEWAY,GATEWAY DISTRIPARKS LTD,INE079J01017,NSE_EQ|INE079J01017,EQ,NORMAL,1,1.0
GAUDIUMIVF,GAUDIUM IVF N WOMEN H L,INE0P8B01020,NSE_EQ|INE0P8B01020,BE,PCA,1,1.0
GAYAHWS,GAYATRI HIGHWAYS LIMITED,INE287Z01012,NSE_EQ|INE287Z01012,EQ,NORMAL,1,1.0
GAYAPROJ,GAYATRI PROJECTS LTD,INE336H01023,NSE_EQ|INE336H01023,BE,NORMAL,1,1.0
GCSL,GRETEX CORPORATE SERVICES,INE199P01028,NSE_EQ|INE199P01028,EQ,NORMAL,1,5.0
GEECEE,GEECEE VENTURES LIMITED,INE916G01016,NSE_EQ|INE916G01016,BE,NORMAL,1,5.0
GEEKAYWIRE,GEEKAY WIRES LIMITED,INE669X01032,NSE_EQ|INE669X01032,EQ,NORMAL,1,1.0
GEMAROMA,GEM AROMATICS LIMITED,INE06XZ01023,NSE_EQ|INE06XZ01023,EQ,NORMAL,1,1.0
GENCON,GENERIC ENG CONS PROJ LTD,INE854S01022,NSE_EQ|INE854S01022,EQ,NORMAL,1,1.0
GENESYS,GENESYS INTL CORPN LTD,INE727B01026,NSE_EQ|INE727B01026,EQ,NORMAL,1,5.0
GENSOL,GENSOL ENGINEERING LTD,INE06H201014,NSE_EQ|INE06H201014,BZ,NORMAL,1,1.0
GENUSPAPER,GENUS P&B LIMITED,INE949P01018,NSE_EQ|INE949P01018,EQ,NORMAL,1,1.0
GENUSPOWER,GENUS POWER INFRASTRU LTD,INE955D01029,NSE_EQ|INE955D01029,EQ,NORMAL,1,5.0
GENXAI,GENXAI ANALYTICS LIMITED,INE1W0N01014,NSE_EQ|INE1W0N01014,SM,SME,1200,5.0
GEOJITFSL,GEOJIT FINANCIAL SER L,INE007B01023,NSE_EQ|INE007B01023,EQ,NORMAL,1,1.0
GESHIP,THE GE SHPG.LTD,INE017A01032,NSE_EQ|INE017A01032,EQ,NORMAL,1,10.0
GFLLIMITED,GFL LIMITED,INE538A01037,NSE_EQ|INE538A01037,EQ,NORMAL,1,1.0
GFSTEELS,GRAND FOUNDRY LTD,INE534A01028,NSE_EQ|INE534A01028,BE,NORMAL,1,1.0
GGBL,GANESH GREEN BHARAT LTD,INE0R8C01018,NSE_EQ|INE0R8C01018,SM,SME,300,5.0
GHCL,GHCL LIMITED,INE539A01019,NSE_EQ|INE539A01019,EQ,NORMAL,1,5.0
GHCLTEXTIL,GHCL TEXTILES LIMITED,INE0PA801013,NSE_EQ|INE0PA801013,EQ,NORMAL,1,1.0
GICHSGFIN,GIC HOUSING FINANCE LTD,INE289B01019,NSE_EQ|INE289B01019,EQ,NORMAL,1,1.0
GICL,GLOBE INTL CARRIERS LTD,INE947T01022,NSE_EQ|INE947T01022,EQ,NORMAL,1,1.0
GICRE,GENERAL INS CORP OF INDIA,INE481Y01014,NSE_EQ|INE481Y01014,EQ,NORMAL,1,5.0
GILLANDERS,GILLANDERS ARBUTHNOT LTD,INE047B01011,NSE_EQ|INE047B01011,EQ,NORMAL,1,1.0
GILLETTE,GILLETTE INDIA LTD,INE322A01010,NSE_EQ|INE322A01010,EQ,NORMAL,1,50.0
GILT10BETA,UTIAMC-GILT10BETA,INF789F1AZF3,NSE_EQ|INF789F1AZF3,EQ,NORMAL,1,1.0
GILT5BETA,UTIAMC-GILT5BETA,INF789F1AZE6,NSE_EQ|INF789F1AZE6,EQ,NORMAL,1,1.0
GILT5YBEES,RELCAPAMC - NETFGILT5Y,INF204KC1030,NSE_EQ|INF204KC1030,EQ,NORMAL,1,1.0
GINNIFILA,GINNIFILAMENTS LTD.,INE424C01010,NSE_EQ|INE424C01010,BE,NORMAL,1,1.0
GIPCL,GUJ IND POW CO. LTD,INE162A01010,NSE_EQ|INE162A01010,EQ,NORMAL,1,1.0
GIRIRAJ,GIRIRAJ CIVIL DEVP LTD,INE614Z01017,NSE_EQ|INE614Z01017,SM,SME,250,5.0
GKB,GKB OPHTHALMICS LTD.,INE265D01015,NSE_EQ|INE265D01015,EQ,NORMAL,1,1.0
GKENERGY,GK ENERGY LIMITED,INE1AG301022,NSE_EQ|INE1AG301022,EQ,NORMAL,1,1.0
GKSL,GUJARAT KIDNEY N SUP SP L,INE0V0W01025,NSE_EQ|INE0V0W01025,EQ,NORMAL,1,1.0
GKWLIMITED,GKW LIMITED,INE528A01020,NSE_EQ|INE528A01020,EQ,NORMAL,1,10.0
GLAND,GLAND PHARMA LIMITED,INE068V01023,NSE_EQ|INE068V01023,EQ,NORMAL,1,10.0
GLAXO,GLAXOSMITHKLINE PHARMA LT,INE159A01016,NSE_EQ|INE159A01016,EQ,NORMAL,1,10.0
GLENMARK,GLENMARK PHARMACEUTICALS,INE935A01035,NSE_EQ|INE935A01035,EQ,NORMAL,1,10.0
GLFL,GUJARAT LEASE FINANCING L,INE540A01017,NSE_EQ|INE540A01017,EQ,NORMAL,1,1.0
GLOBAL,GLOBAL EDUCATION LIMITED,INE291W01037,NSE_EQ|INE291W01037,EQ,NORMAL,1,1.0
GLOBALE,GLOBALE TESSILE LIMITED,INE0URU01010,NSE_EQ|INE0URU01010,EQ,NORMAL,1,1.0
GLOBALVECT,GLOBAL VEC HELICORP LTD,INE792H01019,NSE_EQ|INE792H01019,EQ,NORMAL,1,1.0
GLOBE,GLOBE ENTERPRISE (I) LTD,INE581X01021,NSE_EQ|INE581X01021,EQ,NORMAL,1,1.0
GLOBECIVIL,GLOBE CIVIL PROJECTS LTD,INE0V3U01015,NSE_EQ|INE0V3U01015,EQ,NORMAL,1,1.0
GLOBUSSPR,GLOBUS SPIRITS LTD,INE615I01010,NSE_EQ|INE615I01010,EQ,NORMAL,1,5.0
GLOSTERLTD,GLOSTER LIMITED,INE350Z01018,NSE_EQ|INE350Z01018,EQ,NORMAL,1,5.0
GLOTTIS,GLOTTIS LIMITED,INE0TQE01026,NSE_EQ|INE0TQE01026,EQ,NORMAL,1,1.0
GMBREW,G M BREWERIES LTD,INE075D01018,NSE_EQ|INE075D01018,EQ,NORMAL,1,5.0
GMDCLTD,GUJARAT MINERAL DEV CORP,INE131A01031,NSE_EQ|INE131A01031,EQ,NORMAL,1,5.0
GML,GALAXY MEDICARE LIMITED,INE09A801015,NSE_EQ|INE09A801015,SM,SME,2000,5.0
GMMPFAUDLR,GMM PFAUDLER LIMITED,INE541A01023,NSE_EQ|INE541A01023,EQ,NORMAL,1,5.0
GMRAIRPORT,GMR AIRPORTS LIMITED,INE776C01039,NSE_EQ|INE776C01039,EQ,NORMAL,1,1.0
GMRP&UI,GMR POW AND URBAN INFRA L,INE0CU601026,NSE_EQ|INE0CU601026,EQ,NORMAL,1,1.0
GNA,GNA AXLES LIMITED,INE934S01014,NSE_EQ|INE934S01014,EQ,NORMAL,1,5.0
GNFC,GUJ NAR VAL FER & CHEM L,INE113A01013,NSE_EQ|INE113A01013,EQ,NORMAL,1,5.0
GNRL,GUJARAT NATURAL RES L,INE207H01018,NSE_EQ|INE207H01018,EQ,NORMAL,1,1.0
GOACARBON,GOA CARBON LIMITED,INE426D01013,NSE_EQ|INE426D01013,EQ,NORMAL,1,5.0
GOCLCORP,GOCL CORPORATION LIMITED,INE077F01035,NSE_EQ|INE077F01035,EQ,NORMAL,1,5.0
GOCOLORS,GO FASHION INDIA LTD,INE0BJS01011,NSE_EQ|INE0BJS01011,EQ,NORMAL,1,5.0
GODAVARIB,GODAVARI BIOREFINERIES L,INE497S01012,NSE_EQ|INE497S01012,EQ,NORMAL,1,5.0
GODFRYPHLP,GODFREY PHILLIPS INDIA LT,INE260B01028,NSE_EQ|INE260B01028,EQ,NORMAL,1,10.0
GODIGIT,GO DIGIT GENERAL INS LTD,INE03JT01014,NSE_EQ|INE03JT01014,EQ,NORMAL,1,5.0
GODREJAGRO,GODREJ AGROVET LIMITED,INE850D01014,NSE_EQ|INE850D01014,EQ,NORMAL,1,5.0
GODREJCP,GODREJ CONSUMER PRODUCTS,INE102D01028,NSE_EQ|INE102D01028,EQ,NORMAL,1,10.0
GODREJIND,GODREJ INDUSTRIES LTD,INE233A01035,NSE_EQ|INE233A01035,EQ,NORMAL,1,10.0
GODREJPROP,GODREJ PROPERTIES LTD,INE484J01027,NSE_EQ|INE484J01027,EQ,NORMAL,1,10.0
GOKEX,GOKALDAS EXPORTS LTD.,INE887G01027,NSE_EQ|INE887G01027,EQ,NORMAL,1,5.0
GOKUL,GOKUL REFOILS & SOLV LTD,INE020J01029,NSE_EQ|INE020J01029,EQ,NORMAL,1,1.0
GOKULAGRO,GOKUL AGRO RESOURCES LTD,INE314T01033,NSE_EQ|INE314T01033,EQ,NORMAL,1,1.0
GOLD1,KOTAK GOLD ETF,INF174KA1HJ8,NSE_EQ|INF174KA1HJ8,EQ,NORMAL,1,1.0
GOLD360,360ONEAMC - GOLD360,INF579M01BB5,NSE_EQ|INF579M01BB5,EQ,NORMAL,1,5.0
GOLDADD,DSPAMC - DSPGOLD,INF740KA1SW3,NSE_EQ|INF740KA1SW3,EQ,NORMAL,1,1.0
GOLDAXIS,AXISAMC-GOLDAXIS,INF846K01W80,NSE_EQ|INF846K01W80,EQ,NORMAL,1,1.0
GOLDBEES,NIP IND ETF GOLD BEES,INF204KB17I5,NSE_EQ|INF204KB17I5,EQ,NORMAL,1,1.0
GOLDBETA,UTIAMC-UTIGOLDBETA,INF789F1AUX7,NSE_EQ|INF789F1AUX7,EQ,NORMAL,1,5.0
GOLDBND,BANDHANAMC - GOLDBND,INF194KB1KJ7,NSE_EQ|INF194KB1KJ7,EQ,NORMAL,1,1.0
GOLDCASE,ZERODHAAMC - GOLDCASE,INF0R8F01042,NSE_EQ|INF0R8F01042,EQ,NORMAL,1,1.0
GOLDENTOBC,GOLDEN TOBACCO LIMITED,INE973A01010,NSE_EQ|INE973A01010,BZ,NORMAL,1,1.0
GOLDETF,MIRAEAMC - MAGOLDETF,INF769K01JP9,NSE_EQ|INF769K01JP9,EQ,NORMAL,1,1.0
GOLDIAM,GOLDIAM INTERNATIONAL LTD,INE025B01025,NSE_EQ|INE025B01025,EQ,NORMAL,1,5.0
GOLDIETF,ICICI PRUDENTIAL GOLD ETF,INF109KC1NT3,NSE_EQ|INF109KC1NT3,EQ,NORMAL,1,1.0
GOLDKART,GOLDKART JEWELS LIMITED,INE06MH01016,NSE_EQ|INE06MH01016,SM,SME,625,5.0
GOLDSTAR,GOLDSTAR POWER LIMITED,INE405Y01021,NSE_EQ|INE405Y01021,SM,SME,11250,5.0
GOLDTECH,AION-TECH SOLUTIONS LTD,INE805A01014,NSE_EQ|INE805A01014,BE,NORMAL,1,1.0
GOODLUCK,GOODLUCK INDIA LIMITED,INE127I01024,NSE_EQ|INE127I01024,EQ,NORMAL,1,10.0
GOODYEAR,GOODYEAR INDIA LIMITED,INE533A01012,NSE_EQ|INE533A01012,EQ,NORMAL,1,5.0
GOPAL,GOPAL SNACKS LIMITED,INE0L9R01028,NSE_EQ|INE0L9R01028,EQ,NORMAL,1,5.0
GOYALALUM,GOYAL ALUMINIUMS LIMITED,INE705X01026,NSE_EQ|INE705X01026,EQ,NORMAL,1,1.0
GOYALSALT,GOYAL SALT LIMITED,INE0QFE01017,NSE_EQ|INE0QFE01017,SM,SME,600,5.0
GPIL,GODAWARI POW & ISP LTD,INE177H01039,NSE_EQ|INE177H01039,EQ,NORMAL,1,1.0
GPPL,GUJARAT PIPAVAV PORT LTD,INE517F01014,NSE_EQ|INE517F01014,EQ,NORMAL,1,1.0
GPTHEALTH,GPT HEALTHCARE LIMITED,INE486R01017,NSE_EQ|INE486R01017,EQ,NORMAL,1,1.0
GPTINFRA,GPT INFRAPROJECTS LTD,INE390G01014,NSE_EQ|INE390G01014,EQ,NORMAL,1,1.0
GRADIENTE,GRADIENTE INFOTAINMENT L,INE361K01017,NSE_EQ|INE361K01017,EQ,NORMAL,1,1.0
GRANDOAK,GRAND OAK CANYONS DIST L,INE926B01016,NSE_EQ|INE926B01016,EQ,NORMAL,1,1.0
GRANULES,GRANULES INDIA LIMITED,INE101D01020,NSE_EQ|INE101D01020,EQ,NORMAL,1,5.0
GRAPHISAD,GRAPHISADS LIMITED,INE0POU01017,NSE_EQ|INE0POU01017,SM,SME,1200,5.0
GRAPHITE,GRAPHITE INDIA LTD,INE371A01025,NSE_EQ|INE371A01025,EQ,NORMAL,1,5.0
GRASIM,GRASIM INDUSTRIES LTD,INE047A01021,NSE_EQ|INE047A01021,EQ,NORMAL,1,10.0
GRAUWEIL,GRAUER & WEIL IND LTD,INE266D01021,NSE_EQ|INE266D01021,EQ,NORMAL,1,1.0
GRAVISSHO,GRAVISS HOSPITALITY LTD.,INE214F01026,NSE_EQ|INE214F01026,EQ,NORMAL,1,1.0
GRAVITA,GRAVITA INDIA LIMITED,INE024L01027,NSE_EQ|INE024L01027,EQ,NORMAL,1,10.0
GRCL,GAYATRI RUBB AND CHEM LTD,INE0LVM01018,NSE_EQ|INE0LVM01018,SM,SME,250,5.0
GREAVESCOT,GREAVES COTTON LTD.,INE224A01026,NSE_EQ|INE224A01026,EQ,NORMAL,1,1.0
GREENCHEF,GREENCHEF APPLIANCES LTD,INE0O7P01015,NSE_EQ|INE0O7P01015,SM,SME,800,5.0
GREENLAM,GREENLAM INDUSTRIES LTD.,INE544R01021,NSE_EQ|INE544R01021,EQ,NORMAL,1,5.0
GREENPANEL,GREENPANEL INDUSTRIES LTD,INE08ZM01014,NSE_EQ|INE08ZM01014,EQ,NORMAL,1,1.0
GREENPLY,GREENPLY INDUSTRIES LTD,INE461C01038,NSE_EQ|INE461C01038,EQ,NORMAL,1,5.0
GREENPOWER,ORIENT GREEN POWER CO LTD,INE999K01014,NSE_EQ|INE999K01014,EQ,NORMAL,1,1.0
GRETEX,GRETEX INDUSTRIES LTD.,INE985P01012,NSE_EQ|INE985P01012,SM,SME,750,5.0
GRINDWELL,GRINDWELL NORTON LIMITED,INE536A01023,NSE_EQ|INE536A01023,EQ,NORMAL,1,10.0
GRINFRA,G R INFRAPROJECTS LIMITED,INE201P01022,NSE_EQ|INE201P01022,EQ,NORMAL,1,5.0
GRMOVER,GRM OVERSEAS LIMITED,INE192H01020,NSE_EQ|INE192H01020,EQ,NORMAL,1,1.0
GROBTEA,THE GROB TEA COMPANY LTD,INE646C01018,NSE_EQ|INE646C01018,EQ,NORMAL,1,5.0
GROWW,BILLIONBRAINS GARAGE VN L,INE0HOQ01053,NSE_EQ|INE0HOQ01053,EQ,NORMAL,1,1.0
GROWWCAPM,GROWWAMC - GROWWCAPM,INF666M01MM4,NSE_EQ|INF666M01MM4,EQ,NORMAL,1,1.0
GROWWCHEM,GROWWAMC - GROWWCHEM,INF666M01NP5,NSE_EQ|INF666M01NP5,EQ,NORMAL,1,1.0
GROWWDEFNC,GROWWAMC - GROWWDEFNC,INF666M01IO8,NSE_EQ|INF666M01IO8,EQ,NORMAL,1,1.0
GROWWEV,GROWWAMC - GROWWEV,INF666M01IH2,NSE_EQ|INF666M01IH2,EQ,NORMAL,1,1.0
GROWWGOLD,GROWWAMC - GROWWGOLD,INF666M01OE7,NSE_EQ|INF666M01OE7,EQ,NORMAL,1,1.0
GROWWHOSPI,GROWWAMC - GROWWHOSPI,INF666M01OD9,NSE_EQ|INF666M01OD9,EQ,NORMAL,1,1.0
GROWWLIQID,GROWWAMC - GROWWLIQID,INF666M01IP5,NSE_EQ|INF666M01IP5,EQ,NORMAL,1,1.0
GROWWLOVOL,GROWWAMC - GROWWLOVOL,INF666M01LB9,NSE_EQ|INF666M01LB9,EQ,NORMAL,1,1.0
GROWWMC150,GROWWAMC - GROWWMC150,INF666M01MV5,NSE_EQ|INF666M01MV5,EQ,NORMAL,1,1.0
GROWWMETAL,GROWWAMC - GROWWMETAL,INF666M01NI0,NSE_EQ|INF666M01NI0,EQ,NORMAL,1,1.0
GROWWMOM50,GROWWAMC - GROWWMOM50,INF666M01KJ4,NSE_EQ|INF666M01KJ4,EQ,NORMAL,1,1.0
GROWWN200,GROWWAMC - GROWWN200,INF666M01JV1,NSE_EQ|INF666M01JV1,EQ,NORMAL,1,1.0
GROWWNET,GROWWAMC - GROWWNET,INF666M01LI4,NSE_EQ|INF666M01LI4,EQ,NORMAL,1,1.0
GROWWNIFTY,GROWWAMC - GROWWNIFTY,INF666M01LL8,NSE_EQ|INF666M01LL8,EQ,NORMAL,1,1.0
GROWWNXT50,GROWWAMC - GROWWNXT50,INF666M01LZ8,NSE_EQ|INF666M01LZ8,EQ,NORMAL,1,1.0
GROWWPOWER,GROWWAMC - GROWWPOWER,INF666M01LM6,NSE_EQ|INF666M01LM6,EQ,NORMAL,1,1.0
GROWWPSE,GROWWAMC - GROWWPSE,INF666M01NQ3,NSE_EQ|INF666M01NQ3,EQ,NORMAL,1,1.0
GROWWPSUBK,GROWWAMC - GROWWPSUBK,INF666M01OG2,NSE_EQ|INF666M01OG2,EQ,NORMAL,1,1.0
GROWWRAIL,GROWWAMC - GROWWRAIL,INF666M01JJ6,NSE_EQ|INF666M01JJ6,EQ,NORMAL,1,1.0
GROWWRLTY,GROWWAMC - GROWWRLTY,INF666M01MN2,NSE_EQ|INF666M01MN2,EQ,NORMAL,1,1.0
GROWWSC250,GROWWAMC - GROWWSC250,INF666M01MO0,NSE_EQ|INF666M01MO0,EQ,NORMAL,1,1.0
GROWWSLVR,GROWWAMC - GROWWSLVR,INF666M01OF4,NSE_EQ|INF666M01OF4,EQ,NORMAL,1,1.0
GRPLTD,GRP LIMITED,INE137I01015,NSE_EQ|INE137I01015,EQ,NORMAL,1,10.0
GRSE,GARDEN REACH SHIP&ENG LTD,INE382Z01011,NSE_EQ|INE382Z01011,EQ,NORMAL,1,10.0
GRWRHITECH,GARWARE HI-TECH FILMS LTD,INE291A01017,NSE_EQ|INE291A01017,EQ,NORMAL,1,50.0
GSEC10ABSL,BIRLASLAMC - GSEC10ABSL,INF209KC1142,NSE_EQ|INF209KC1142,EQ,NORMAL,1,1.0
GSEC10ADD,DSPAMC - GSEC10ADD,INF740KA1ZI7,NSE_EQ|INF740KA1ZI7,EQ,NORMAL,1,1.0
GSEC10IETF,ICICIPRAMC - ICICI10GS,INF109KC18O0,NSE_EQ|INF109KC18O0,EQ,NORMAL,1,1.0
GSEC10YEAR,MIRAEAMC - MAGS813ETF,INF769K01KF8,NSE_EQ|INF769K01KF8,EQ,NORMAL,1,1.0
GSEC5IETF,ICICIPRAMC - ICICI5GSEC,INF109KC14A8,NSE_EQ|INF109KC14A8,EQ,NORMAL,1,1.0
GSFC,GUJ STATE FERT & CHEM LTD,INE026A01025,NSE_EQ|INE026A01025,EQ,NORMAL,1,1.0
GSLSU,GLOBAL SURFACES LIMITED,INE0JSX01015,NSE_EQ|INE0JSX01015,EQ,NORMAL,1,1.0
GSMFOILS,GSM FOILS LIMITED,INE0SQY01018,NSE_EQ|INE0SQY01018,SM,SME,500,5.0
GSPCROP,GSP CROP SCIENCE LIMITED,INE713R01022,NSE_EQ|INE713R01022,EQ,NORMAL,1,5.0
GSS,GSS INFOTECH LIMITED,INE871H01011,NSE_EQ|INE871H01011,EQ,NORMAL,1,1.0
GSTL,GLOBESECURE TECHNO LTD,INE00WS01056,NSE_EQ|INE00WS01056,SM,SME,1000,5.0
GTECJAINX,G-TEC JAINX EDUCATION LTD,INE586X01012,NSE_EQ|INE586X01012,BE,NORMAL,1,1.0
GTL,GTL LTD,INE043A01012,NSE_EQ|INE043A01012,EQ,NORMAL,1,1.0
GTLINFRA,GTL INFRA.LTD,INE221H01019,NSE_EQ|INE221H01019,EQ,NORMAL,1,1.0
GTPL,GTPL HATHWAY LIMITED,INE869I01013,NSE_EQ|INE869I01013,EQ,NORMAL,1,1.0
GUFICBIO,GUFIC BIOSCIENCES LTD.,INE742B01025,NSE_EQ|INE742B01025,EQ,NORMAL,1,5.0
GUJALKALI,GUJARAT ALKALIES & CHEM,INE186A01019,NSE_EQ|INE186A01019,EQ,NORMAL,1,5.0
GUJAPOLLO,GUJ. APOLLO IND. LTD.,INE826C01016,NSE_EQ|INE826C01016,EQ,NORMAL,1,5.0
GUJENERGY,GUJARAT ENERGY LIMITED,INE844O01030,NSE_EQ|INE844O01030,EQ,NORMAL,1,5.0
GUJRAFFIA,GUJARAT RAFFIA INDUST LTD,INE610B01024,NSE_EQ|INE610B01024,EQ,NORMAL,1,1.0
GUJTHEM,GUJARAT THEMIS BIOSYN LTD,INE942C01045,NSE_EQ|INE942C01045,EQ,NORMAL,1,5.0
GULFOILLUB,GULF OIL LUB. IND. LTD.,INE635Q01029,NSE_EQ|INE635Q01029,EQ,NORMAL,1,10.0
GULFPETRO,GP PETROLEUMS LIMITED,INE586G01017,NSE_EQ|INE586G01017,BE,NORMAL,1,1.0
GULPOLY,GULSHAN POLYOLS LIMITED,INE255D01024,NSE_EQ|INE255D01024,EQ,NORMAL,1,1.0
GURUNANAK,GURUNANAK AGRICULTUR IN L,INE1CCX01012,NSE_EQ|INE1CCX01012,SM,SME,1600,5.0
GVKPIL,GVK POW. & INFRA LTD.,INE251H01024,NSE_EQ|INE251H01024,BE,NORMAL,1,1.0
GVPIL,GE POWER INDIA LIMITED,INE878A01011,NSE_EQ|INE878A01011,EQ,NORMAL,1,5.0
GVPTECH,GVP INFOTECH LIMITED,INE382T01030,NSE_EQ|INE382T01030,EQ,NORMAL,1,1.0
GVT&D,GE VERNOVA T&D INDIA LTD,INE200A01026,NSE_EQ|INE200A01026,EQ,NORMAL,1,10.0
GYFTR,GYFTR LIMITED,INE724A01017,NSE_EQ|INE724A01017,EQ,NORMAL,1,1.0
HAL,HINDUSTAN AERONAUTICS LTD,INE066F01020,NSE_EQ|INE066F01020,EQ,NORMAL,1,10.0
HALDER,HALDER VENTURE LIMITED,INE115S01010,NSE_EQ|INE115S01010,EQ,NORMAL,1,1.0
HALDYNGL,HALDYN GLASS LTD.,INE506D01020,NSE_EQ|INE506D01020,BE,NORMAL,1,1.0
HALEOSLABS,HALEOS LABS LIMITED,INE320X01016,NSE_EQ|INE320X01016,EQ,NORMAL,1,10.0
HAMPTON,HAMPTON SKY REALTY LTD.,INE299D01022,NSE_EQ|INE299D01022,EQ,NORMAL,1,1.0
HAPPSTMNDS,HAPPIEST MINDS TECHNO LTD,INE419U01012,NSE_EQ|INE419U01012,EQ,NORMAL,1,5.0
HAPPY,HAPPY STEELS LIMITED,INE1GFG01011,NSE_EQ|INE1GFG01011,SM,SME,2000,5.0
HAPPYFORGE,HAPPY FORGINGS LIMITED,INE330T01021,NSE_EQ|INE330T01021,EQ,NORMAL,1,10.0
HARDWYN,HARDWYN INDIA LIMITED,INE626Z01029,NSE_EQ|INE626Z01029,EQ,NORMAL,1,1.0
HARIOMPIPE,HARIOM PIPE INDUSTRIES L,INE00EV01017,NSE_EQ|INE00EV01017,EQ,NORMAL,1,5.0
HARRMALAYA,HARRISON MALAYALAM LTD,INE544A01019,NSE_EQ|INE544A01019,EQ,NORMAL,1,1.0
HARSHA,HARSHA ENGINEERS INT LTD,INE0JUS01029,NSE_EQ|INE0JUS01029,EQ,NORMAL,1,5.0
HATHWAY,HATHWAY CABLE & DATACOM,INE982F01036,NSE_EQ|INE982F01036,EQ,NORMAL,1,1.0
HATSUN,HATSUN AGRO PRODUCT LTD.,INE473B01035,NSE_EQ|INE473B01035,EQ,NORMAL,1,5.0
HAVELLS,HAVELLS INDIA LIMITED,INE176B01034,NSE_EQ|INE176B01034,EQ,NORMAL,1,10.0
HAVISHA,SRI HAVISHA HOSP & INFR L,INE293B01029,NSE_EQ|INE293B01029,EQ,NORMAL,1,1.0
HAWKINCOOK,HAWKINS COOKERS LTD,INE979B01015,NSE_EQ|INE979B01015,EQ,NORMAL,1,50.0
HAZOOR,HAZOOR MULTI PROJECTS LTD,INE550F01049,NSE_EQ|INE550F01049,EQ,NORMAL,1,1.0
HBESD,H B ESTATE DEVELOPERS L,INE640B01021,NSE_EQ|INE640B01021,EQ,NORMAL,1,1.0
HBLENGINE,HBL ENGINEERING LTD,INE292B01021,NSE_EQ|INE292B01021,EQ,NORMAL,1,5.0
HBPOR,HB PORTFOLIO LTD.,INE638B01025,NSE_EQ|INE638B01025,EQ,NORMAL,1,1.0
HBSL,HB STOCKHOLDINGS LIMITED,INE550B01022,NSE_EQ|INE550B01022,EQ,NORMAL,1,1.0
HCC,HINDUSTAN CONSTRUCTION CO,INE549A01026,NSE_EQ|INE549A01026,EQ,NORMAL,1,1.0
HCG,HEALTHCARE GLOB. ENT. LTD,INE075I01017,NSE_EQ|INE075I01017,EQ,NORMAL,1,5.0
HCL-INSYS,HCL INFOSYSTEMS LTD,INE236A01020,NSE_EQ|INE236A01020,EQ,NORMAL,1,1.0
HCLTECH,HCL TECHNOLOGIES LTD,INE860A01027,NSE_EQ|INE860A01027,EQ,NORMAL,1,10.0
HDBFS,HDB FINANCIAL SERVICES L,INE756I01012,NSE_EQ|INE756I01012,EQ,NORMAL,1,5.0
HDFCAMC,HDFC AMC LIMITED,INE127D01025,NSE_EQ|INE127D01025,EQ,NORMAL,1,10.0
HDFCBANK,HDFC BANK LTD,INE040A01034,NSE_EQ|INE040A01034,EQ,NORMAL,1,5.0
HDFCBSE500,HDFCAMC - HDFCBSE500,INF179KC1EZ4,NSE_EQ|INF179KC1EZ4,EQ,NORMAL,1,1.0
HDFCGOLD,HDFC GOLD ETF,INF179KC1981,NSE_EQ|INF179KC1981,EQ,NORMAL,1,1.0
HDFCGROWTH,HDFCAMC - HDFCGROWTH,INF179KC1DJ0,NSE_EQ|INF179KC1DJ0,EQ,NORMAL,1,1.0
HDFCLIFE,HDFC LIFE INS CO LTD,INE795G01014,NSE_EQ|INE795G01014,EQ,NORMAL,1,5.0
HDFCLIQUID,HDFCAMC - HDFCLIQUID,INF179KC1JG3,NSE_EQ|INF179KC1JG3,EQ,NORMAL,1,1.0
HDFCLOWVOL,HDFCAMC - HDFCLOWVOL,INF179KC1HU8,NSE_EQ|INF179KC1HU8,EQ,NORMAL,1,1.0
HDFCMID150,HDFCAMC - HDFCMID150,INF179KC1HT0,NSE_EQ|INF179KC1HT0,EQ,NORMAL,1,1.0
HDFCMOMENT,HDFCAMC - HDFCMOMENT,INF179KC1HV6,NSE_EQ|INF179KC1HV6,EQ,NORMAL,1,1.0
HDFCNEXT50,HDFCAMC - HDFCNEXT50,INF179KC1HS2,NSE_EQ|INF179KC1HS2,EQ,NORMAL,1,1.0
HDFCNIF100,HDFCAMC - HDFCNIF100,INF179KC1HR4,NSE_EQ|INF179KC1HR4,EQ,NORMAL,1,1.0
HDFCNIFBAN,HDFCAMC - HDFCNIFBAN,INF179KC1HY0,NSE_EQ|INF179KC1HY0,EQ,NORMAL,1,1.0
HDFCNIFIT,HDFCAMC - HDFCNIFIT,INF179KC1IA8,NSE_EQ|INF179KC1IA8,EQ,NORMAL,1,1.0
HDFCNIFTY,HDFCAMC - HDFCNIFTY,INF179KC1965,NSE_EQ|INF179KC1965,EQ,NORMAL,1,1.0
HDFCNIMEG,HDFCAMC - HDFCNIMEG,INF179KC1KT4,NSE_EQ|INF179KC1KT4,EQ,NORMAL,1,1.0
HDFCPSUBK,HDFCAMC HDFCPSUBK,INF179KC1HW4,NSE_EQ|INF179KC1HW4,EQ,NORMAL,1,1.0
HDFCPVTBAN,HDFCAMC - HDFCPVTBAN,INF179KC1HZ7,NSE_EQ|INF179KC1HZ7,EQ,NORMAL,1,1.0
HDFCQUAL,HDFCAMC - HDFCQUAL,INF179KC1DL6,NSE_EQ|INF179KC1DL6,EQ,NORMAL,1,1.0
HDFCSENSEX,HDFCAMC - HDFCSENSEX,INF179KC1HX2,NSE_EQ|INF179KC1HX2,EQ,NORMAL,1,1.0
HDFCSILVER,HDFCAMC - HDFCSILVER,INF179KC1DI2,NSE_EQ|INF179KC1DI2,EQ,NORMAL,1,1.0
HDFCSML250,HDFCAMC - HDFCSML250,INF179KC1FB2,NSE_EQ|INF179KC1FB2,EQ,NORMAL,1,1.0
HDFCVALUE,HDFCAMC - HDFCVALUE,INF179KC1DK8,NSE_EQ|INF179KC1DK8,EQ,NORMAL,1,1.0
HDIL,HOUSING DEV & INFRA LTD,INE191I01012,NSE_EQ|INE191I01012,BZ,NORMAL,1,1.0
HEADSUP,HEADS UP VENTURES LIMITED,INE759V01019,NSE_EQ|INE759V01019,EQ,NORMAL,1,1.0
HEALTHADD,DSPAMC - HEALTHADD,INF740KA1ZG1,NSE_EQ|INF740KA1ZG1,EQ,NORMAL,1,1.0
HEALTHAXIS,AXISAMC-HEALTHAXIS,INF846K01Z12,NSE_EQ|INF846K01Z12,EQ,NORMAL,1,1.0
HEALTHCARE,MIRAEAMC - HEALTHCARE,INF769K01QA6,NSE_EQ|INF769K01QA6,EQ,NORMAL,1,1.0
HEALTHIETF,ICICIPRAMC - ICICIPHARM,INF109KC1Q72,NSE_EQ|INF109KC1Q72,EQ,NORMAL,1,1.0
HEALTHX,HEALTH X PLATFORM LIMITED,INE019J01013,NSE_EQ|INE019J01013,EQ,NORMAL,1,5.0
HEALTHY,BIRLASLAMC - HEALTHY,INF209KB10C2,NSE_EQ|INF209KB10C2,EQ,NORMAL,1,1.0
HECPROJECT,HEC INFRA PROJECTS LTD,INE558R01013,NSE_EQ|INE558R01013,EQ,NORMAL,1,1.0
HEG,HEG LTD,INE545A01024,NSE_EQ|INE545A01024,EQ,NORMAL,1,5.0
HEIDELBERG,HEIDELBERGCEMENT (I) LTD,INE578A01017,NSE_EQ|INE578A01017,EQ,NORMAL,1,1.0
HEMIPROP,HEMISPHERE PROP IND LTD,INE0AJG01018,NSE_EQ|INE0AJG01018,EQ,NORMAL,1,1.0
HERANBA,HERANBA INDUSTRIES LTD,INE694N01015,NSE_EQ|INE694N01015,EQ,NORMAL,1,1.0
HERITGFOOD,HERITAGE FOODS LTD,INE978A01027,NSE_EQ|INE978A01027,EQ,NORMAL,1,5.0
HEROMOTOCO,HERO MOTOCORP LIMITED,INE158A01026,NSE_EQ|INE158A01026,EQ,NORMAL,1,50.0
HESTERBIO,HESTER BIOSCIENCES LTD,INE782E01017,NSE_EQ|INE782E01017,EQ,NORMAL,1,10.0
HEXAGON,HEXAGON NUTRITION LIMITED,INE0JUI01012,NSE_EQ|INE0JUI01012,BE,NORMAL,1,1.0
HEXATRADEX,HEXA TRADEX LIMITED,INE750M01017,NSE_EQ|INE750M01017,EQ,NORMAL,1,1.0
HEXT,HEXAWARE TECHNOLOGIES LTD,INE093A01041,NSE_EQ|INE093A01041,EQ,NORMAL,1,5.0
HFCL,HFCL LIMITED,INE548A01028,NSE_EQ|INE548A01028,EQ,NORMAL,1,1.0
HGINFRA,H.G.INFRA ENGINEERING LTD,INE926X01010,NSE_EQ|INE926X01010,EQ,NORMAL,1,5.0
HGM,HANDSON GBL MNGMNT LTD,INE596H01014,NSE_EQ|INE596H01014,EQ,NORMAL,1,1.0
HGS,HINDUJA GLOBAL SOLS. LTD.,INE170I01016,NSE_EQ|INE170I01016,EQ,NORMAL,1,5.0
HIGREEN,HI GREEN CARBON LIMITED,INE0PIC01017,NSE_EQ|INE0PIC01017,SM,SME,800,5.0
HIKAL,HIKAL LIMITED,INE475B01022,NSE_EQ|INE475B01022,EQ,NORMAL,1,1.0
HILINFRA,HIGHWAY INFRASTRUCTURE L,INE00RL01028,NSE_EQ|INE00RL01028,EQ,NORMAL,1,1.0
HILTON,HILTON METAL FORGING LTD,INE788H01017,NSE_EQ|INE788H01017,EQ,NORMAL,1,1.0
HIMATSEIDE,HIMATSINGKA SEIDE LTD,INE049A01027,NSE_EQ|INE049A01027,EQ,NORMAL,1,1.0
HINDADH,HINDUSTAN ADHESIVES LTD.,INE074C01013,NSE_EQ|INE074C01013,EQ,NORMAL,1,5.0
HINDALCO,HINDALCO  INDUSTRIES  LTD,INE038A01020,NSE_EQ|INE038A01020,EQ,NORMAL,1,5.0
HINDALUMI,HIND ALUMINIUM INDS. LTD.,INE227B01019,NSE_EQ|INE227B01019,EQ,NORMAL,1,1.0
HINDCOMPOS,HINDUSTAN COMPOSITES LTD.,INE310C01029,NSE_EQ|INE310C01029,EQ,NORMAL,1,5.0
HINDCON,HINDCON CHEMICALS LIMITED,INE642Y01029,NSE_EQ|INE642Y01029,EQ,NORMAL,1,1.0
HINDCOPPER,HINDUSTAN COPPER LTD,INE531E01026,NSE_EQ|INE531E01026,EQ,NORMAL,1,5.0
HINDOILEXP,HINDUSTAN OIL EXPLORATION,INE345A01011,NSE_EQ|INE345A01011,EQ,NORMAL,1,1.0
HINDPETRO,HINDUSTAN PETROLEUM CORP,INE094A01015,NSE_EQ|INE094A01015,EQ,NORMAL,1,5.0
HINDUNILVR,HINDUSTAN UNILEVER LTD.,INE030A01027,NSE_EQ|INE030A01027,EQ,NORMAL,1,10.0
HINDWAREAP,HINDWARE HME INOVATON LTD,INE05AN01011,NSE_EQ|INE05AN01011,EQ,NORMAL,1,1.0
HINDZINC,HINDUSTAN ZINC LIMITED,INE267A01025,NSE_EQ|INE267A01025,EQ,NORMAL,1,5.0
HIRECT,HIRECT LIMITED,INE835D01023,NSE_EQ|INE835D01023,EQ,NORMAL,1,10.0
HISARMETAL,HISAR METAL IND. LIMITED,INE598C01011,NSE_EQ|INE598C01011,EQ,NORMAL,1,1.0
HITECH,HI-TECH PIPES LIMITED,INE106T01025,NSE_EQ|INE106T01025,EQ,NORMAL,1,1.0
HITECHCORP,HITECH CORPORATION LTD,INE120D01012,NSE_EQ|INE120D01012,BE,NORMAL,1,5.0
HITECHGEAR,THE HI-TECH GEARS LIMITED,INE127B01011,NSE_EQ|INE127B01011,BE,NORMAL,1,5.0
HLEGLAS,HLE GLASCOAT LIMITED,INE461D01028,NSE_EQ|INE461D01028,EQ,NORMAL,1,5.0
HLVLTD,HLV LIMITED,INE102A01024,NSE_EQ|INE102A01024,EQ,NORMAL,1,1.0
HMAAGRO,HMA AGRO INDUSTRIES LTD,INE0ECP01024,NSE_EQ|INE0ECP01024,EQ,NORMAL,1,1.0
HMT,HMT LTD -,INE262A01018,NSE_EQ|INE262A01018,BZ,NORMAL,1,1.0
HMVL,HINDUSTAN MEDIA VENT LTD,INE871K01015,NSE_EQ|INE871K01015,BE,NORMAL,1,1.0
HNDFDS,HINDUSTAN FOODS LIMITED,INE254N01026,NSE_EQ|INE254N01026,EQ,NORMAL,1,5.0
HNGSNGBEES,NIP IND ETF HANGSENG BEES,INF204KB19I1,NSE_EQ|INF204KB19I1,EQ,NORMAL,1,1.0
HOLMARC,HOLMARC OPTO MECHATRO L,INE0LXA01019,NSE_EQ|INE0LXA01019,SM,SME,750,5.0
HOMEFIRST,HOME FIRST FIN CO IND LTD,INE481N01025,NSE_EQ|INE481N01025,EQ,NORMAL,1,10.0
HOMESFY,HOMESFY REALTY LIMITED,INE0N7F01017,NSE_EQ|INE0N7F01017,SM,SME,300,5.0
HONASA,HONASA CONSUMER LIMITED,INE0J5401028,NSE_EQ|INE0J5401028,EQ,NORMAL,1,5.0
HONAUT,HONEYWELL AUTOMATION IND,INE671A01010,NSE_EQ|INE671A01010,EQ,NORMAL,1,500.0
HONDAPOWER,HONDA I POWER PRODUCT LTD,INE634A01018,NSE_EQ|INE634A01018,EQ,NORMAL,1,10.0
HORIZONIND,HORIZON INDUSTRIAL PRKS L,INE685T01010,NSE_EQ|INE685T01010,EQ,IPO,1,1.0
HPAL,HP ADHESIVES LIMITED,INE0GSL01024,NSE_EQ|INE0GSL01024,EQ,NORMAL,1,1.0
HPIL,HINDPRAKASH INDUSTRY LTD,INE05X901010,NSE_EQ|INE05X901010,EQ,NORMAL,1,1.0
HPL,HPL ELECTRIC & POWER LTD,INE495S01016,NSE_EQ|INE495S01016,EQ,NORMAL,1,5.0
HPTL,HP TELECOM INDIA LIMITED,INE0VA601019,NSE_EQ|INE0VA601019,SM,SME,600,5.0
HRHNEXT,HRH NEXT SERVICES LIMITED,INE0R3501012,NSE_EQ|INE0R3501012,SM,SME,1500,5.0
HRYNSHP,HARIYANA SHIP BREAKERS L,INE400G01011,NSE_EQ|INE400G01011,EQ,NORMAL,1,1.0
HSBCGOLD,HSBCAMC - HSBCGOLD,INF336L01RX2,NSE_EQ|INF336L01RX2,EQ,NORMAL,1,1.0
HSCL,HIMADRI SPECIALITY CHEM L,INE019C01026,NSE_EQ|INE019C01026,EQ,NORMAL,1,5.0
HTMEDIA,HT MEDIA LIMITED,INE501G01024,NSE_EQ|INE501G01024,EQ,NORMAL,1,1.0
HUBTOWN,HUBTOWN LIMITED,INE703H01016,NSE_EQ|INE703H01016,EQ,NORMAL,1,1.0
HUDCO,HSG & URBAN DEV CORPN LTD,INE031A01017,NSE_EQ|INE031A01017,EQ,NORMAL,1,1.0
HUHTAMAKI,HUHTAMAKI INDIA LIMITED,INE275B01026,NSE_EQ|INE275B01026,EQ,NORMAL,1,5.0
HVAX,HVAX TECHNOLOGIES LIMITED,INE0TO501019,NSE_EQ|INE0TO501019,SM,SME,150,5.0
HYBRIDETF,MIRAEAMC - HYBRIDETF,INF769K01RJ5,NSE_EQ|INF769K01RJ5,EQ,NORMAL,1,1.0
HYBRIDFIN,HYBRID FINANCIAL SERVICE,INE965B01022,NSE_EQ|INE965B01022,BE,NORMAL,1,1.0
HYUNDAI,HYUNDAI MOTOR INDIA LTD,INE0V6F01027,NSE_EQ|INE0V6F01027,EQ,NORMAL,1,10.0
IBLFL,IBL FINANCE LIMITED,INE0O7401018,NSE_EQ|INE0O7401018,SM,SME,2000,5.0
IBULLSLTD,INDIABULLS LIMITED,INE126M01010,NSE_EQ|INE126M01010,EQ,NORMAL,1,1.0
ICDSLTD,ICDS LTD,INE613B01010,NSE_EQ|INE613B01010,EQ,NORMAL,1,1.0
ICELCO,IC ELECTRICALS COMPANY L,INE0XE501015,NSE_EQ|INE0XE501015,SM,SME,1200,5.0
ICEMAKE,ICE MAKE REFRIGERAT LTD,INE520Y01019,NSE_EQ|INE520Y01019,EQ,NORMAL,1,5.0
ICICIAMC,ICICI PRUDENTIAL AMC LTD,INE346A01027,NSE_EQ|INE346A01027,EQ,NORMAL,1,10.0
ICICIB22,ICICIPRAMC - BHARATIWIN,INF109KB15Y7,NSE_EQ|INF109KB15Y7,EQ,NORMAL,1,1.0
ICICIBANK,ICICI BANK LTD.,INE090A01021,NSE_EQ|INE090A01021,EQ,NORMAL,1,10.0
ICICIGI,ICICI LOMBARD GIC LIMITED,INE765G01017,NSE_EQ|INE765G01017,EQ,NORMAL,1,10.0
ICICIPRULI,ICICI PRU LIFE INS CO LTD,INE726G01019,NSE_EQ|INE726G01019,EQ,NORMAL,1,5.0
ICIL,INDO COUNT INDUSTRIES LTD,INE483B01026,NSE_EQ|INE483B01026,EQ,NORMAL,1,5.0
ICRA,ICRA LIMITED,INE725G01011,NSE_EQ|INE725G01011,EQ,NORMAL,1,10.0
IDBI,IDBI BANK LIMITED,INE008A01015,NSE_EQ|INE008A01015,EQ,NORMAL,1,1.0
IDEA,VODAFONE IDEA LIMITED,INE669E01016,NSE_EQ|INE669E01016,EQ,NORMAL,1,1.0
IDEAFORGE,IDEAFORGE TECHNO LTD,INE349Y01013,NSE_EQ|INE349Y01013,EQ,NORMAL,1,5.0
IDEALTECHO,IDEAL TECHNOPLAST IND LTD,INE0T9I01011,NSE_EQ|INE0T9I01011,SM,SME,500,5.0
IDENTICAL,IDENTICAL BRAINS STUDIO L,INE0TD101011,NSE_EQ|INE0TD101011,SM,SME,2000,5.0
IDFCFIRSTB,IDFC FIRST BANK LIMITED,INE092T01019,NSE_EQ|INE092T01019,EQ,NORMAL,1,1.0
IDFNIFTYET,BANDHANAMC - IDFNIFTYET,INF194KA1U07,NSE_EQ|INF194KA1U07,EQ,NORMAL,1,1.0
IEML,INDIAN EMULSIFIERS LTD,INE0RRU01016,NSE_EQ|INE0RRU01016,SM,SME,500,5.0
IEX,INDIAN ENERGY EXC LTD,INE022Q01020,NSE_EQ|INE022Q01020,EQ,NORMAL,1,1.0
IFBAGRO,IFB AGRO INDUSTRIES LTD,INE076C01018,NSE_EQ|INE076C01018,EQ,NORMAL,1,5.0
IFBIND,IFB INDUSTRIES LTD,INE559A01017,NSE_EQ|INE559A01017,EQ,NORMAL,1,10.0
IFCI,IFCI LTD,INE039A01010,NSE_EQ|INE039A01010,EQ,NORMAL,1,1.0
IFGLEXPOR,IFGL REFRACTORIES LIMITED,INE133Y01011,NSE_EQ|INE133Y01011,EQ,NORMAL,1,1.0
IGARASHI,IGARASHI MOTORS INDIA LTD,INE188B01013,NSE_EQ|INE188B01013,EQ,NORMAL,1,5.0
IGCL,INDOGULF CROPSCIENCES LTD,INE05J901018,NSE_EQ|INE05J901018,EQ,NORMAL,1,1.0
IGIL,INTL GEMOLOGICAL INST LTD,INE0Q9301021,NSE_EQ|INE0Q9301021,EQ,NORMAL,1,5.0
IGL,INDRAPRASTHA GAS LTD,INE203G01027,NSE_EQ|INE203G01027,EQ,NORMAL,1,1.0
IGPL,I G PETROCHEMICALS LTD,INE204A01010,NSE_EQ|INE204A01010,EQ,NORMAL,1,5.0
IIFL,IIFL FINANCE LIMITED,INE530B01024,NSE_EQ|INE530B01024,EQ,NORMAL,1,5.0
IIFLCAPS,IIFL CAPITAL SERVICES LTD,INE489L01022,NSE_EQ|INE489L01022,EQ,NORMAL,1,5.0
IITL,INDUSTRIAL INV TRUST LTD,INE886A01014,NSE_EQ|INE886A01014,EQ,NORMAL,1,1.0
IKIO,IKIO TECHNOLOGIES LIMITED,INE0LOJ01019,NSE_EQ|INE0LOJ01019,EQ,NORMAL,1,1.0
IKS,INVENTURUS KNOWLEDGE SO L,INE115Q01022,NSE_EQ|INE115Q01022,EQ,NORMAL,1,10.0
IL&FSENGG,IL&FS ENG AND CONS CO LTD,INE369I01014,NSE_EQ|INE369I01014,BZ,NORMAL,1,1.0
IL&FSTRANS,IL&FS TRANS NET LTD,INE975G01012,NSE_EQ|INE975G01012,BZ,NORMAL,1,1.0
IMAGICAA,IMAGICAAWORLD ENT LTD,INE172N01012,NSE_EQ|INE172N01012,EQ,NORMAL,1,1.0
IMFA,INDIAN METALS & FERRO,INE919H01018,NSE_EQ|INE919H01018,EQ,NORMAL,1,10.0
IMPAL,IND MOTOR PART & ACC LTD,INE547E01014,NSE_EQ|INE547E01014,EQ,NORMAL,1,10.0
IMPEXFERRO,IMPEX FERRO TECH LIMITED,INE691G01015,NSE_EQ|INE691G01015,BZ,NORMAL,1,1.0
INA,INSOLATION ENERGY LIMITED,INE0LGX01024,NSE_EQ|INE0LGX01024,EQ,NORMAL,1,1.0
INCREDIBLE,INCREDIBLE INDUSTRIES LTD,INE452L01012,NSE_EQ|INE452L01012,EQ,NORMAL,1,1.0
INDBANK,INDBANK MERCH BANK,INE841B01017,NSE_EQ|INE841B01017,EQ,NORMAL,1,1.0
INDGN,INDEGENE LIMITED,INE065X01017,NSE_EQ|INE065X01017,EQ,NORMAL,1,5.0
INDHOTEL,THE INDIAN HOTELS CO. LTD,INE053A01029,NSE_EQ|INE053A01029,EQ,NORMAL,1,5.0
INDIACEM,THE INDIA CEMENTS LIMITED,INE383A01012,NSE_EQ|INE383A01012,EQ,NORMAL,1,5.0
INDIAGLYCO,INDIA GLYCOLS LTD,INE560A01023,NSE_EQ|INE560A01023,EQ,NORMAL,1,10.0
INDIAMART,INDIAMART INTERMESH LTD,INE933S01016,NSE_EQ|INE933S01016,EQ,NORMAL,1,10.0
INDIANB,INDIAN BANK,INE562A01011,NSE_EQ|INE562A01011,EQ,NORMAL,1,5.0
INDIANCARD,INDIAN CARD CLOTHING CO.,INE061A01014,NSE_EQ|INE061A01014,EQ,NORMAL,1,1.0
INDIANHUME,INDIAN HUME PIPE CO. LTD.,INE323C01030,NSE_EQ|INE323C01030,EQ,NORMAL,1,5.0
INDIASHLTR,INDIA SHELTER FIN CORP L,INE922K01024,NSE_EQ|INE922K01024,EQ,NORMAL,1,5.0
INDIFRA,INDIFRA LIMITED,INE0PS301014,NSE_EQ|INE0PS301014,SM,SME,2000,5.0
INDIGO,INTERGLOBE AVIATION LTD,INE646L01027,NSE_EQ|INE646L01027,EQ,NORMAL,1,50.0
INDIGOPNTS,INDIGO PAINTS LIMITED,INE09VQ01012,NSE_EQ|INE09VQ01012,EQ,NORMAL,1,10.0
INDIQUBE,INDIQUBE SPACES LIMITED,INE06ST01018,NSE_EQ|INE06ST01018,EQ,NORMAL,1,1.0
INDNIPPON,INDIA NIPPON ELECT  LTD,INE092B01025,NSE_EQ|INE092B01025,EQ,NORMAL,1,10.0
INDOAMIN,INDO AMINES LIMITED,INE760F01028,NSE_EQ|INE760F01028,BE,NORMAL,1,1.0
INDOBORAX,INDO BORAX & CHEMICAL LTD,INE803D01021,NSE_EQ|INE803D01021,EQ,NORMAL,1,5.0
INDOCO,INDOCO REMEDIES LTD.,INE873D01024,NSE_EQ|INE873D01024,EQ,NORMAL,1,1.0
INDOFARM,INDO FARM EQUIPMENT LTD,INE622H01018,NSE_EQ|INE622H01018,EQ,NORMAL,1,1.0
INDOKEM,INDOKEM LTD.,INE716F01012,NSE_EQ|INE716F01012,EQ,NORMAL,1,5.0
INDOMIM,INDO-MIM LIMITED,INE084101034,NSE_EQ|INE084101034,EQ,NORMAL,1,5.0
INDORAMA,INDO RAMA SYNTHETICS LTD,INE156A01020,NSE_EQ|INE156A01020,EQ,NORMAL,1,1.0
INDOSTAR,INDOSTAR CAPITAL FIN LTD,INE896L01010,NSE_EQ|INE896L01010,EQ,NORMAL,1,5.0
INDOTECH,INDO TECH TRANSFORM LTD.,INE332H01014,NSE_EQ|INE332H01014,EQ,NORMAL,1,10.0
INDOTHAI,INDO THAI SEC LTD,INE337M01021,NSE_EQ|INE337M01021,EQ,NORMAL,1,1.0
INDOUS,INDO US BIOTECH LTD,INE250Z01010,NSE_EQ|INE250Z01010,EQ,NORMAL,1,1.0
INDOWIND,INDOWIND ENERGY LTD,INE227G01018,NSE_EQ|INE227G01018,EQ,NORMAL,1,1.0
INDPRUD,INDUSTRIAL & PRU INV CO L,INE620D01011,NSE_EQ|INE620D01011,EQ,NORMAL,1,50.0
INDRAMEDCO,INDRAPRASTHA MEDICAL CORP,INE681B01017,NSE_EQ|INE681B01017,EQ,NORMAL,1,5.0
INDSWFTLAB,IND SWIFT LABORATORIES LT,INE915B01019,NSE_EQ|INE915B01019,EQ,NORMAL,1,1.0
INDTERRAIN,IND TERRAIN FASHIONS LTD,INE611L01021,NSE_EQ|INE611L01021,EQ,NORMAL,1,1.0
INDUSINDBK,INDUSIND BANK LIMITED,INE095A01012,NSE_EQ|INE095A01012,EQ,NORMAL,1,10.0
INDUSTOWER,INDUS TOWERS LIMITED,INE121J01017,NSE_EQ|INE121J01017,EQ,NORMAL,1,5.0
INFINIUM,INFINIUM PHARMACHEM LTD,INE0MRE01011,NSE_EQ|INE0MRE01011,SM,SME,500,5.0
INFLUX,INFLUX HEALTHTECH LIMITED,INE0MYZ01012,NSE_EQ|INE0MYZ01012,SM,SME,600,5.0
INFOBEAN,INFOBEANS TECHNO. LTD.,INE344S01016,NSE_EQ|INE344S01016,EQ,NORMAL,1,1.0
INFOLLION,INFOLLION RESEARCH SER L,INE0NNZ01013,NSE_EQ|INE0NNZ01013,SM,SME,400,5.0
INFOMEDIA,INFOMEDIA PRESS LIMITED,INE669A01022,NSE_EQ|INE669A01022,EQ,NORMAL,1,1.0
INFRA,MIRAEAMC - INFRA,INF769K01QB4,NSE_EQ|INF769K01QB4,EQ,NORMAL,1,1.0
INFRABEES,NIP IND ETF INFRA BEES,INF732E01268,NSE_EQ|INF732E01268,EQ,NORMAL,1,1.0
INFRAIETF,ICICIPRAMC - ICICIINFRA,INF109KC16E5,NSE_EQ|INF109KC16E5,EQ,NORMAL,1,1.0
INFY,INFOSYS LIMITED,INE009A01021,NSE_EQ|INE009A01021,EQ,NORMAL,1,10.0
INGERRAND,INGERSOLL-RAND INDIA LTD,INE177A01018,NSE_EQ|INE177A01018,EQ,NORMAL,1,10.0
INM,INTERIORS & MORE LIMITED,INE0OPC01015,NSE_EQ|INE0OPC01015,SM,SME,600,5.0
INNOVACAP,INNOVA CAPTAB LIMITED,INE0DUT01020,NSE_EQ|INE0DUT01020,EQ,NORMAL,1,5.0
INNOVANA,INNOVANA THINKLABS LTD,INE403Y01018,NSE_EQ|INE403Y01018,EQ,NORMAL,1,5.0
INNOVISION,INNOVISION LIMITED,INE0ADB01012,NSE_EQ|INE0ADB01012,EQ,NORMAL,1,5.0
INOXGREEN,INOX GREEN ENERGY SER LTD,INE510W01014,NSE_EQ|INE510W01014,EQ,NORMAL,1,1.0
INOXINDIA,INOX INDIA LIMITED,INE616N01034,NSE_EQ|INE616N01034,EQ,NORMAL,1,10.0
INOXWIND,INOX WIND LIMITED,INE066P01011,NSE_EQ|INE066P01011,EQ,NORMAL,1,1.0
INSECTICID,INSECTICIDES (I) LTD,INE070I01018,NSE_EQ|INE070I01018,EQ,NORMAL,1,5.0
INSPIRE,INSPIRE FILMS LIMITED,INE0NDX01019,NSE_EQ|INE0NDX01019,SM,SME,2000,5.0
INSPIRISYS,INSPIRISYS SOLUTIONS LTD,INE020G01017,NSE_EQ|INE020G01017,BE,NORMAL,1,1.0
INSUREIETF,ICICIPRAMC - INSUREIETF,INF109K1A567,NSE_EQ|INF109K1A567,EQ,NORMAL,1,1.0
INTELLECT,INTELLECT DESIGN ARENA,INE306R01017,NSE_EQ|INE306R01017,EQ,NORMAL,1,5.0
INTENTECH,INTENSE TECHNOLOGIES LTD,INE781A01025,NSE_EQ|INE781A01025,EQ,NORMAL,1,1.0
INTERARCH,INTERARCH BLDNG SOLTN LTD,INE00M901018,NSE_EQ|INE00M901018,EQ,NORMAL,1,10.0
INTERNET,MIRAEAMC - INTERNET,INF769K01PB6,NSE_EQ|INF769K01PB6,EQ,NORMAL,1,1.0
INTLCONV,INTL CONVEYORS LIMITED,INE575C01027,NSE_EQ|INE575C01027,EQ,NORMAL,1,1.0
INVENTURE,INVENTURE GRO & SEC LTD,INE878H01024,NSE_EQ|INE878H01024,EQ,NORMAL,1,1.0
INVICTA,INVICTA DIAGNOSTIC LTD,INE0XJ501010,NSE_EQ|INE0XJ501010,SM,SME,1600,5.0
INVPRECQ,INVESTMENT & PREC CAST L,INE155E01016,NSE_EQ|INE155E01016,BE,PCA,1,10.0
IOB,INDIAN OVERSEAS BANK,INE565A01014,NSE_EQ|INE565A01014,EQ,NORMAL,1,1.0
IOC,INDIAN OIL CORP LTD,INE242A01010,NSE_EQ|INE242A01010,EQ,NORMAL,1,1.0
IOLCP,IOL CHEM AND PHARMA LTD,INE485C01029,NSE_EQ|INE485C01029,EQ,NORMAL,1,1.0
IONEXCHANG,ION EXCHANGE (INDIA) LTD,INE570A01022,NSE_EQ|INE570A01022,EQ,NORMAL,1,5.0
IPCALAB,IPCA LABORATORIES LTD,INE571A01038,NSE_EQ|INE571A01038,EQ,NORMAL,1,10.0
IPHL,INDIAN PHOSPHATE LIMITED,INE0DHF01018,NSE_EQ|INE0DHF01018,SM,SME,1200,5.0
IPL,INDIA PESTICIDES LIMITED,INE0D6701023,NSE_EQ|INE0D6701023,EQ,NORMAL,1,1.0
IPRINGLTD,IP RINGS LTD.,INE558A01019,NSE_EQ|INE558A01019,EQ,NORMAL,1,1.0
IPSL,INTEGRATED PERSO SER LTD,INE02EE01019,NSE_EQ|INE02EE01019,SM,SME,500,5.0
IRB,IRB INFRA DEV LTD.,INE821I01022,NSE_EQ|INE821I01022,EQ,NORMAL,1,1.0
IRCON,IRCON INTERNATIONAL LTD,INE962Y01021,NSE_EQ|INE962Y01021,EQ,NORMAL,1,1.0
IRCTC,INDIAN RAIL TOUR CORP LTD,INE335Y01020,NSE_EQ|INE335Y01020,EQ,NORMAL,1,5.0
IREDA,INDIAN RENEWABLE ENERGY,INE202E01016,NSE_EQ|INE202E01016,EQ,NORMAL,1,1.0
IRFC,INDIAN RAILWAY FIN CORP L,INE053F01010,NSE_EQ|INE053F01010,EQ,NORMAL,1,1.0
IRIS,IRIS REGTECH SOLUTION LTD,INE864K01010,NSE_EQ|INE864K01010,EQ,NORMAL,1,1.0
IRISDOREME,IRIS CLOTHINGS LIMITED,INE01GN01025,NSE_EQ|INE01GN01025,EQ,NORMAL,1,1.0
IRMENERGY,IRM ENERGY LIMITED,INE07U701015,NSE_EQ|INE07U701015,EQ,NORMAL,1,5.0
ISFT,INTRASOFT TECH. LTD,INE566K01011,NSE_EQ|INE566K01011,EQ,NORMAL,1,1.0
ISGEC,ISGEC HEAVY ENG LTD,INE858B01029,NSE_EQ|INE858B01029,EQ,NORMAL,1,5.0
ISHAN,ISHAN INTERNATIONAL LTD,INE0LCW01025,NSE_EQ|INE0LCW01025,SM,SME,48000,5.0
ISHANCH,ISHAN DYES N CHEMICALS L,INE561M01018,NSE_EQ|INE561M01018,EQ,NORMAL,1,1.0
ISTLTD,I S T LTD.,INE684B01029,NSE_EQ|INE684B01029,EQ,NORMAL,1,5.0
IT,KOTAKMAMC - KOTAKIT,INF174KA1GC5,NSE_EQ|INF174KA1GC5,EQ,NORMAL,1,1.0
ITADD,DSPAMC - DSPIT,INF740KA1SX1,NSE_EQ|INF740KA1SX1,EQ,NORMAL,1,1.0
ITALIANE,ITALIAN EDIBLES LIMITED,INE0R7R01018,NSE_EQ|INE0R7R01018,SM,SME,2000,5.0
ITAXIS,AXISAMC-ITAXIS,INF846K01Y96,NSE_EQ|INF846K01Y96,EQ,NORMAL,1,1.0
ITBEES,NIP IND ETF IT,INF204KB15V2,NSE_EQ|INF204KB15V2,EQ,NORMAL,1,1.0
ITBETA,UTIAMC-ITBETA,INF789F1AZD8,NSE_EQ|INF789F1AZD8,EQ,NORMAL,1,1.0
ITC,ITC LTD,INE154A01025,NSE_EQ|INE154A01025,EQ,NORMAL,1,5.0
ITCHOTELS,ITC HOTELS LIMITED,INE379A01028,NSE_EQ|INE379A01028,EQ,NORMAL,1,1.0
ITDC,INDIA TOUR. DEV. CO. LTD.,INE353K01014,NSE_EQ|INE353K01014,EQ,NORMAL,1,5.0
ITETF,MIRAEAMC - ITETF,INF769K01KV5,NSE_EQ|INF769K01KV5,EQ,NORMAL,1,1.0
ITI,ITI LTD,INE248A01017,NSE_EQ|INE248A01017,EQ,NORMAL,1,5.0
ITIETF,ICICIPRAMC - ICICITECH,INF109KC16I6,NSE_EQ|INF109KC16I6,EQ,NORMAL,1,1.0
ITL,ITL INDUSTRIES LTD.,INE478D01014,NSE_EQ|INE478D01014,EQ,NORMAL,1,5.0
IVALUE,IVALUE INFOSOLUTIONS LTD,INE056801025,NSE_EQ|INE056801025,EQ,NORMAL,1,5.0
IVC,IL&FS INVESTMENT MANAGERS,INE050B01023,NSE_EQ|INE050B01023,EQ,NORMAL,1,1.0
IVP,IVP LIMITED,INE043C01018,NSE_EQ|INE043C01018,BE,NORMAL,1,1.0
IVZBANKNF,RELIGARAMC - IVZBANKNF,INF205KA1CB9,NSE_EQ|INF205KA1CB9,EQ,NORMAL,1,1.0
IVZINGOLD,INVESCO INDIA GOLD ETF,INF205KA1BP1,NSE_EQ|INF205KA1BP1,EQ,NORMAL,1,5.0
IVZINNIFTY,INVESCO INDIA NIFTY ETF,INF205KA1CC7,NSE_EQ|INF205KA1CC7,EQ,NORMAL,1,1.0
IVZSENSEX,RELIGARAMC - IVZSENSEX,INF205KA1CA1,NSE_EQ|INF205KA1CA1,EQ,NORMAL,1,1.0
IWP,INDIAN WOOD PRODUCTS CO L,INE586E01020,NSE_EQ|INE586E01020,EQ,NORMAL,1,1.0
IXIGO,LE TRAVENUES TECHNOLOGY L,INE0HV901016,NSE_EQ|INE0HV901016,EQ,NORMAL,1,1.0
IZMO,IZMO LIMITED,INE848A01014,NSE_EQ|INE848A01014,EQ,NORMAL,1,5.0
J&KBANK,J & K BANK LTD.,INE168A01041,NSE_EQ|INE168A01041,EQ,NORMAL,1,1.0
JAGRAN,JAGRAN PRAKASHAN LIMITED,INE199G01027,NSE_EQ|INE199G01027,EQ,NORMAL,1,1.0
JAGSNPHARM,JAGSONPAL PHARMACEUTICALS,INE048B01035,NSE_EQ|INE048B01035,EQ,NORMAL,1,1.0
JAIBALAJI,JAI BALAJI INDUSTRIES LTD,INE091G01026,NSE_EQ|INE091G01026,EQ,NORMAL,1,1.0
JAICORPLTD,JAI CORP LIMITED,INE070D01027,NSE_EQ|INE070D01027,EQ,NORMAL,1,1.0
JAINAM,JAINAM FER ALLOYS (I) LTD,INE02KC01010,NSE_EQ|INE02KC01010,SM,SME,500,5.0
JAINIK,JAINIK POWER CABLES LTD,INE0XIL01012,NSE_EQ|INE0XIL01012,SM,SME,1200,5.0
JAINREC,JAIN RESOURCE RECYCLING L,INE0YD401026,NSE_EQ|INE0YD401026,EQ,NORMAL,1,5.0
JAIPURKURT,NANDANI CREATION LIMITED,INE696V01013,NSE_EQ|INE696V01013,EQ,NORMAL,1,1.0
JAMNAAUTO,JAMNA AUTO IND LTD,INE039C01032,NSE_EQ|INE039C01032,EQ,NORMAL,1,1.0
JARO,JARO INS OF TEC MG N RE L,INE00YJ01010,NSE_EQ|INE00YJ01010,EQ,NORMAL,1,5.0
JASH,JASH ENGINEERING LIMITED,INE039O01029,NSE_EQ|INE039O01029,EQ,NORMAL,1,5.0
JAYAGROGN,JAYANT AGRO ORGANICS LTD,INE785A01026,NSE_EQ|INE785A01026,EQ,NORMAL,1,1.0
JAYBARMARU,JAY BHARAT MARUTI LTD,INE571B01036,NSE_EQ|INE571B01036,EQ,NORMAL,1,1.0
JAYBEE,JAY BEE LAMINATIONS LTD,INE0SMY01017,NSE_EQ|INE0SMY01017,SM,SME,500,5.0
JAYESH,JAYESH LOGISTICS LIMITED,INE1AE401014,NSE_EQ|INE1AE401014,SM,SME,1000,5.0
JAYKAY,JAYKAY ENTERPRISES LTD,INE903A01025,NSE_EQ|INE903A01025,EQ,NORMAL,1,1.0
JAYNECOIND,JAYASWAL NECO INDUSTR LTD,INE854B01010,NSE_EQ|INE854B01010,EQ,NORMAL,1,1.0
JAYSREETEA,JAYSHREE TEA & INDUSTRIES,INE364A01020,NSE_EQ|INE364A01020,EQ,NORMAL,1,1.0
JBMA,JBM AUTO LIMITED,INE927D01051,NSE_EQ|INE927D01051,EQ,NORMAL,1,5.0
JENBURPH,JENBURKT PHARMACEUTICAL L,INE354A01013,NSE_EQ|INE354A01013,EQ,NORMAL,1,10.0
JETFREIGHT,JET FREIGHT LOGISTICS LTD,INE982V01025,NSE_EQ|INE982V01025,EQ,NORMAL,1,1.0
JFLLIFE,JFL LIFE SCIENCES LIMITED,INE0LA901015,NSE_EQ|INE0LA901015,SM,SME,6000,5.0
JGCHEM,J.G.CHEMICALS LIMITED,INE0MB501011,NSE_EQ|INE0MB501011,EQ,NORMAL,1,5.0
JHS,JHS SVEND. LAB. LTD,INE544H01014,NSE_EQ|INE544H01014,EQ,NORMAL,1,1.0
JINDALPHOT,JINDAL PHOTO LIMITED,INE796G01012,NSE_EQ|INE796G01012,EQ,NORMAL,1,10.0
JINDALPOLY,JINDAL POLY FILMS LIMITED,INE197D01010,NSE_EQ|INE197D01010,EQ,NORMAL,1,5.0
JINDALSAW,JINDAL SAW LIMITED,INE324A01032,NSE_EQ|INE324A01032,EQ,NORMAL,1,5.0
JINDALSTEL,JINDAL STEEL LIMITED,INE749A01030,NSE_EQ|INE749A01030,EQ,NORMAL,1,10.0
JINDRILL,JINDAL DRILLING IND. LTD,INE742C01031,NSE_EQ|INE742C01031,EQ,NORMAL,1,5.0
JINDWORLD,JINDAL WORLDWIDE LTD,INE247D01039,NSE_EQ|INE247D01039,EQ,NORMAL,1,1.0
JIOFIN,JIO FIN SERVICES LTD,INE758E01017,NSE_EQ|INE758E01017,EQ,NORMAL,1,5.0
JISLDVREQS,JAIN DVR EQUITY SHARES,IN9175A01010,NSE_EQ|IN9175A01010,EQ,NORMAL,1,1.0
JISLJALEQS,JAIN IRRIGATION SYSTEMS,INE175A01038,NSE_EQ|INE175A01038,EQ,NORMAL,1,1.0
JITFINFRA,JITF INFRALOGISTICS LTD,INE863T01013,NSE_EQ|INE863T01013,EQ,NORMAL,1,5.0
JIWANRAM,JIWANRAM SHEODUTTRA IND L,INE0N5H01017,NSE_EQ|INE0N5H01017,SM,SME,6000,5.0
JKCEMENT,JK CEMENT LIMITED,INE823G01014,NSE_EQ|INE823G01014,EQ,NORMAL,1,50.0
JKIL,JKUMAR INFR.LTD.,INE576I01022,NSE_EQ|INE576I01022,EQ,NORMAL,1,5.0
JKIPL,JINKUSHAL INDUSTRIES LTD,INE1FF001016,NSE_EQ|INE1FF001016,EQ,NORMAL,1,1.0
JKLAKSHMI,JK LAKSHMI CEMENT LTD,INE786A01032,NSE_EQ|INE786A01032,EQ,NORMAL,1,5.0
JKPAPER,JK PAPER LIMITED,INE789E01012,NSE_EQ|INE789E01012,EQ,NORMAL,1,5.0
JKTYRE,JK TYRE & INDUSTRIES LTD,INE573A01042,NSE_EQ|INE573A01042,EQ,NORMAL,1,5.0
JLHL,JUPITER LIFE LINE HOSP L,INE682M01020,NSE_EQ|INE682M01020,EQ,NORMAL,1,5.0
JMA,JULLUNDUR MOT AGENCY LTD,INE412C01023,NSE_EQ|INE412C01023,EQ,NORMAL,1,1.0
JMFINANCIL,JM FINANCIAL LIMITED,INE780C01023,NSE_EQ|INE780C01023,EQ,NORMAL,1,1.0
JNKINDIA,JNK INDIA LIMITED,INE0OAF01028,NSE_EQ|INE0OAF01028,EQ,NORMAL,1,5.0
JNPR,JUNIPER GREEN ENERGY LTD,INE05C901015,NSE_EQ|INE05C901015,EQ,NORMAL,1,1.0
JOCIL,JOCIL LIMITED,INE839G01010,NSE_EQ|INE839G01010,BE,NORMAL,1,1.0
JPOLYINVST,JIND POL INV & FIN CO LTD,INE147P01019,NSE_EQ|INE147P01019,EQ,NORMAL,1,10.0
JPPOWER,JAIPRAKASH POWER VEN. LTD,INE351F01018,NSE_EQ|INE351F01018,EQ,NORMAL,1,1.0
JSFB,JANA SMALL FIN BANK LTD,INE953L01027,NSE_EQ|INE953L01027,EQ,NORMAL,1,5.0
JSL,JINDAL STAINLESS LIMITED,INE220G01021,NSE_EQ|INE220G01021,EQ,NORMAL,1,5.0
JSLL,JEENA SIKHO LIFECARE LTD,INE0J5801029,NSE_EQ|INE0J5801029,EQ,NORMAL,1,5.0
JSWCEMENT,JSW CEMENT LIMITED,INE718I01012,NSE_EQ|INE718I01012,EQ,NORMAL,1,1.0
JSWDULUX,JSW DULUX LIMITED,INE133A01011,NSE_EQ|INE133A01011,EQ,NORMAL,1,10.0
JSWENERGY,JSW ENERGY LIMITED,INE121E01018,NSE_EQ|INE121E01018,EQ,NORMAL,1,5.0
JSWHL,JSW HOLDINGS LIMITED,INE824G01012,NSE_EQ|INE824G01012,EQ,NORMAL,1,100.0
JSWINFRA,JSW INFRASTRUCTURE LTD,INE880J01026,NSE_EQ|INE880J01026,EQ,NORMAL,1,5.0
JSWSTEEL,JSW STEEL LIMITED,INE019A01038,NSE_EQ|INE019A01038,EQ,NORMAL,1,10.0
JTEKTINDIA,JTEKT INDIA LIMITED,INE643A01035,NSE_EQ|INE643A01035,EQ,NORMAL,1,1.0
JTLIND,JTL INDUSTRIES LIMITED,INE391J01032,NSE_EQ|INE391J01032,EQ,NORMAL,1,1.0
JUBLCPL,JUBILANT AGRI N CON PRO L,INE03CC01015,NSE_EQ|INE03CC01015,EQ,NORMAL,1,10.0
JUBLFOOD,JUBILANT FOODWORKS LTD,INE797F01020,NSE_EQ|INE797F01020,EQ,NORMAL,1,5.0
JUBLINGREA,JUBILANT INGREVIA LIMITED,INE0BY001018,NSE_EQ|INE0BY001018,EQ,NORMAL,1,5.0
JUBLPHARMA,JUBILANT PHARMOVA LTD,INE700A01033,NSE_EQ|INE700A01033,EQ,NORMAL,1,5.0
JUNIORBEES,NIP IND ETF JUNIOR BEES,INF732E01045,NSE_EQ|INF732E01045,EQ,NORMAL,1,1.0
JUNIPER,JUNIPER HOTELS LIMITED,INE696F01016,NSE_EQ|INE696F01016,EQ,NORMAL,1,1.0
JUSTDIAL,JUSTDIAL LTD.,INE599M01018,NSE_EQ|INE599M01018,EQ,NORMAL,1,5.0
JWL,JUPITER WAGONS LIMITED,INE209L01016,NSE_EQ|INE209L01016,EQ,NORMAL,1,5.0
JYOTHYLAB,JYOTHY LABS LIMITED,INE668F01031,NSE_EQ|INE668F01031,EQ,NORMAL,1,1.0
JYOTICNC,JYOTI CNC AUTOMATION LTD,INE980O01024,NSE_EQ|INE980O01024,EQ,NORMAL,1,5.0
JYOTIGLOBL,JYOTI GLOBAL PLAST LTD,INE1M3T01017,NSE_EQ|INE1M3T01017,SM,SME,2000,5.0
JYOTIRES,JYOTI RESINS & ADHESIVE L,INE577D01013,NSE_EQ|INE577D01013,EQ,NORMAL,1,5.0
JYOTISTRUC,JYOTI STRUCTURES LTD,INE197A01024,NSE_EQ|INE197A01024,EQ,NORMAL,1,1.0
KABRAEXTRU,KABRA EXTRUSION TECHNIK L,INE900B01029,NSE_EQ|INE900B01029,EQ,NORMAL,1,5.0
KAJARIACER,KAJARIA CERAMICS LTD,INE217B01036,NSE_EQ|INE217B01036,EQ,NORMAL,1,10.0
KAKATCEM,KAKATIYA CEM SUGAR &IND L,INE437B01014,NSE_EQ|INE437B01014,EQ,NORMAL,1,1.0
KALAMANDIR,SAI SILKS (KALAMANDIR) L,INE438K01021,NSE_EQ|INE438K01021,EQ,NORMAL,1,1.0
KALANA,KALANA ISPAT LIMITED,INE0T0L01014,NSE_EQ|INE0T0L01014,SM,SME,2000,5.0
KALPATARU,KALPATARU LIMITED,INE227J01012,NSE_EQ|INE227J01012,EQ,NORMAL,1,5.0
KALYANI,KALYANI COMMERCIALS LTD,INE610E01010,NSE_EQ|INE610E01010,BE,NORMAL,1,1.0
KALYANIFRG,KALYANI FORGE LIMITED,INE314G01014,NSE_EQ|INE314G01014,EQ,NORMAL,1,5.0
KALYANKJIL,KALYAN JEWELLERS IND LTD,INE303R01014,NSE_EQ|INE303R01014,EQ,NORMAL,1,5.0
KAMAHOLD,KAMA HOLDINGS LTD.,INE411F01010,NSE_EQ|INE411F01010,EQ,NORMAL,1,10.0
KAMANWALA,KAMANWALA HOUSING CONST L,INE344D01018,NSE_EQ|INE344D01018,EQ,NORMAL,1,1.0
KAMATHOTEL,KAMAT HOTELS (I) LTD,INE967C01018,NSE_EQ|INE967C01018,EQ,NORMAL,1,1.0
KAMDHENU,KAMDHENU LIMITED,INE390H01020,NSE_EQ|INE390H01020,BE,NORMAL,1,1.0
KAMOPAINTS,KAMDHENU VENTURES LIMITED,INE0BTI01037,NSE_EQ|INE0BTI01037,EQ,NORMAL,1,1.0
KANANIIND,KANANI INDUSTRIES LTD,INE879E01037,NSE_EQ|INE879E01037,EQ,NORMAL,1,1.0
KANCHI,KANCHI KARPOORAM LTD.,INE081G01019,NSE_EQ|INE081G01019,EQ,NORMAL,1,5.0
KANCOTEA,KANCO TEA & INDS. LTD.,INE398L01017,NSE_EQ|INE398L01017,EQ,NORMAL,1,1.0
KANDARP,KANDARP DG SMART BPO LTD,INE0MOT01016,NSE_EQ|INE0MOT01016,SM,SME,1000,5.0
KANORICHEM,KANORIACHEMICALS-,INE138C01024,NSE_EQ|INE138C01024,BE,NORMAL,1,1.0
KANPRPLA,KANPUR PLASTIPACK LIMITED,INE694E01014,NSE_EQ|INE694E01014,EQ,NORMAL,1,1.0
KANSAINER,KANSAI NEROLAC PAINTS LTD,INE531A01024,NSE_EQ|INE531A01024,EQ,NORMAL,1,1.0
KAPSTON,KAPSTON SERVICES LIMITED,INE542Z01028,NSE_EQ|INE542Z01028,EQ,NORMAL,1,5.0
KARMAENG,KARMA ENERGY LIMITED,INE725L01011,NSE_EQ|INE725L01011,EQ,NORMAL,1,1.0
KARNIKA,KARNIKA INDUSTRIES LTD,INE0MGA01012,NSE_EQ|INE0MGA01012,SM,SME,1000,5.0
KARURVYSYA,KARUR VYSYA BANK LTD,INE036D01028,NSE_EQ|INE036D01028,EQ,NORMAL,1,5.0
KATARIA,KATARIA INDUSTRIES LTD,INE0SVY01018,NSE_EQ|INE0SVY01018,SM,SME,600,5.0
KAUSHALYA,KAUSHALYA INFRA DEV LTD.,INE234I01028,NSE_EQ|INE234I01028,BE,NORMAL,1,5.0
KAVDEFENCE,KAVVERI DFS & WIR TEC LTD,INE641C01019,NSE_EQ|INE641C01019,EQ,NORMAL,1,1.0
KAYA,KAYA LIMITED,INE587G01015,NSE_EQ|INE587G01015,EQ,NORMAL,1,5.0
KAYNES,KAYNES TECHNOLOGY IND LTD,INE918Z01012,NSE_EQ|INE918Z01012,EQ,NORMAL,1,10.0
KAYTEX,KAYTEX FABRICS LIMITED,INE13ZD01013,NSE_EQ|INE13ZD01013,SM,SME,800,5.0
KCEIL,KAY CEE ENERGY & INFRA L,INE0RCG01017,NSE_EQ|INE0RCG01017,SM,SME,500,5.0
KCP,KCP LTD,INE805C01028,NSE_EQ|INE805C01028,EQ,NORMAL,1,1.0
KCPSUGIND,KCPSUGARINDUS,INE790B01024,NSE_EQ|INE790B01024,BE,NORMAL,1,1.0
KDDL,KDDL LIMITED,INE291D01011,NSE_EQ|INE291D01011,EQ,NORMAL,1,10.0
KDL,KORE DIGITAL LIMITED,INE0O4R01018,NSE_EQ|INE0O4R01018,SM,SME,150,5.0
KEC,KEC INTL. LIMITED,INE389H01022,NSE_EQ|INE389H01022,EQ,NORMAL,1,5.0
KECL,KIRLOSKAR ELECTRIC CO LTD,INE134B01017,NSE_EQ|INE134B01017,EQ,NORMAL,1,1.0
KEEPLEARN,DSJ KEEP LEARNING LTD,INE055C01020,NSE_EQ|INE055C01020,EQ,NORMAL,1,1.0
KEI,KEI INDUSTRIES LTD.,INE878B01027,NSE_EQ|INE878B01027,EQ,NORMAL,1,10.0
KELLTONTEC,KELLTON TECH SOL LTD,INE164B01030,NSE_EQ|INE164B01030,EQ,NORMAL,1,1.0
KEN,KEN ENTERPRISES LIMITED,INE15DO01012,NSE_EQ|INE15DO01012,SM,SME,1200,5.0
KENNAMET,KENNAMETAL INDIA LIMITED,INE717A01029,NSE_EQ|INE717A01029,EQ,NORMAL,1,10.0
KERNEX,KERNEX MICROSYS(I) LTD,INE202H01019,NSE_EQ|INE202H01019,EQ,NORMAL,1,10.0
KESORAMIND,KESORAM INDUSTRIES LTD,INE087A01019,NSE_EQ|INE087A01019,BE,PCA,1,1.0
KEYFINSERV,KEYNOTE FIN SERV LTD.,INE681C01015,NSE_EQ|INE681C01015,EQ,NORMAL,1,5.0
KFINTECH,KFIN TECHNOLOGIES LIMITED,INE138Y01010,NSE_EQ|INE138Y01010,EQ,NORMAL,1,5.0
KHADIM,KHADIM INDIA LIMITED,INE834I01025,NSE_EQ|INE834I01025,BE,NORMAL,1,1.0
KHAICHEM,KHAITAN CHEM & FERT LTD,INE745B01028,NSE_EQ|INE745B01028,EQ,NORMAL,1,1.0
KHAITANLTD,KHAITAN (INDIA)LTD.,INE731C01018,NSE_EQ|INE731C01018,EQ,NORMAL,1,1.0
KHANDSE,KHANDWALA SECURITIES LTD,INE060B01014,NSE_EQ|INE060B01014,EQ,NORMAL,1,1.0
KHFM,KHFM HOS FAC MANA SER LTD,INE00UG01014,NSE_EQ|INE00UG01014,SM,SME,1550,5.0
KICL,KALYANI INVEST CO LTD,INE029L01018,NSE_EQ|INE029L01018,EQ,NORMAL,1,50.0
KILITCH,KILITCH DRUGS INDIA LTD,INE729D01010,NSE_EQ|INE729D01010,BE,NORMAL,1,1.0
KIMS,KRISHNA INST OF MED SCI L,INE967H01025,NSE_EQ|INE967H01025,EQ,NORMAL,1,5.0
KINGFA,KINGFA SCI & TEC IND LTD.,INE473D01015,NSE_EQ|INE473D01015,EQ,NORMAL,1,50.0
KIOCL,KIOCL LIMITED,INE880L01014,NSE_EQ|INE880L01014,EQ,NORMAL,1,5.0
KIRANVYPAR,KIRAN VYAPAR LTD.,INE555P01013,NSE_EQ|INE555P01013,EQ,NORMAL,1,1.0
KIRIINDUS,KIRI INDUSTRIES LIMITED,INE415I01015,NSE_EQ|INE415I01015,EQ,NORMAL,1,5.0
KIRLFER,KIRLOSKAR FERROUS IND LTD,INE884B01025,NSE_EQ|INE884B01025,EQ,NORMAL,1,5.0
KIRLOSBROS,KIRLOSKAR BROTHERS LTD,INE732A01036,NSE_EQ|INE732A01036,EQ,NORMAL,1,10.0
KIRLOSENG,KIRLOSKAR OIL ENG LTD,INE146L01010,NSE_EQ|INE146L01010,EQ,NORMAL,1,10.0
KIRLOSIND,KIRLOSKAR INDUSTRIES LTD,INE250A01039,NSE_EQ|INE250A01039,EQ,NORMAL,1,10.0
KIRLPNU,KIRLOSKAR PNEUMATIC COM L,INE811A01038,NSE_EQ|INE811A01038,EQ,NORMAL,1,10.0
KISSHT,ONEMI TECHNOLOGY SOL LTD,INE12F801023,NSE_EQ|INE12F801023,EQ,NORMAL,1,5.0
KITEX,KITEX GARMENTS LTD,INE602G01020,NSE_EQ|INE602G01020,EQ,NORMAL,1,1.0
KJMCFIN,K J M C FINANCIAL SERV L,INE533C01018,NSE_EQ|INE533C01018,EQ,NORMAL,1,1.0
KKCL,KEWAL KIRAN CLOTHING LTD,INE401H01017,NSE_EQ|INE401H01017,EQ,NORMAL,1,5.0
KKJEWELS,KABRA JEWELS LIMITED,INE0XOW01017,NSE_EQ|INE0XOW01017,SM,SME,1000,5.0
KKVAPOW,KKV AGRO POWERS LTD.,INE239T01016,NSE_EQ|INE239T01016,SM,SME,171,5.0
KLBRENG-B,KILBURN ENGINEERING LTD.,INE338F01015,NSE_EQ|INE338F01015,EQ,NORMAL,1,5.0
KLL,KAUSHALYA LOGISTICS LTD,INE0Q2V01012,NSE_EQ|INE0Q2V01012,SM,SME,800,5.0
KMCSHIL,K M C SPECIALITY HOSP I L,INE879K01018,NSE_EQ|INE879K01018,EQ,NORMAL,1,1.0
KMEW,KNOWLEDGE MARINE & EN W L,INE0CJD01029,NSE_EQ|INE0CJD01029,EQ,NORMAL,1,10.0
KMSUGAR,K M SUGAR MILLS LTD,INE157H01023,NSE_EQ|INE157H01023,EQ,NORMAL,1,1.0
KNACK,KNACK PACKAGING LIMITED,INE17QZ01016,NSE_EQ|INE17QZ01016,EQ,NORMAL,1,1.0
KNAGRI,KN AGRI RESOURCES LIMITED,INE0KNW01016,NSE_EQ|INE0KNW01016,EQ,NORMAL,1,1.0
KNRCON,KNR CONSTRU LTD.,INE634I01029,NSE_EQ|INE634I01029,EQ,NORMAL,1,1.0
KOHINOOR,KOHINOOR FOODS LIMITED,INE080B01012,NSE_EQ|INE080B01012,EQ,NORMAL,1,1.0
KOKUYOCMLN,KOKUYO CAMLIN LIMITED,INE760A01029,NSE_EQ|INE760A01029,EQ,NORMAL,1,1.0
KOLTEPATIL,KOLTE PATIL DEV. LTD.,INE094I01018,NSE_EQ|INE094I01018,EQ,NORMAL,1,5.0
KONTOR,KONTOR SPACE LIMITED,INE0KZ301010,NSE_EQ|INE0KZ301010,SM,SME,600,5.0
KOPRAN,KOPRAN LTD,INE082A01010,NSE_EQ|INE082A01010,BE,NORMAL,1,1.0
KORE,JAY JALARAM TECHNO LTD,INE0J6801010,NSE_EQ|INE0J6801010,SM,SME,250,5.0
KOTAKBANK,KOTAK MAHINDRA BANK LTD,INE237A01036,NSE_EQ|INE237A01036,EQ,NORMAL,1,5.0
KOTARISUG,KOTHARI SUG & CHEM LTD.,INE419A01022,NSE_EQ|INE419A01022,EQ,NORMAL,1,1.0
KOTHARIPET,KOTHARI PETROCHEM LTD,INE720A01015,NSE_EQ|INE720A01015,EQ,NORMAL,1,1.0
KOTHARIPRO,KOTHARI PRODUCTS LTD,INE823A01017,NSE_EQ|INE823A01017,EQ,NORMAL,1,1.0
KOTIC,KOTHARI INDUSTRIAL CORP L,INE972A01020,NSE_EQ|INE972A01020,EQ,NORMAL,1,1.0
KOTYARK,KOTYARK INDUSTRIES LTD,INE0J0B01017,NSE_EQ|INE0J0B01017,BE,NORMAL,1,1.0
KOVAI,KOVAI MEDICAL CENTER & HO,INE177F01017,NSE_EQ|INE177F01017,EQ,NORMAL,1,50.0
KPEL,K.P. ENERGY LIMITED,INE127T01021,NSE_EQ|INE127T01021,EQ,NORMAL,1,5.0
KPIGREEN,KPI GREEN ENERGY LIMITED,INE542W01025,NSE_EQ|INE542W01025,EQ,NORMAL,1,5.0
KPIL,KALPATARU PROJECT INT LTD,INE220B01022,NSE_EQ|INE220B01022,EQ,NORMAL,1,10.0
KPITTECH,KPIT TECHNOLOGIES LIMITED,INE04I401011,NSE_EQ|INE04I401011,EQ,NORMAL,1,5.0
KPL,KWALITY PHARMACEUTICALS L,INE552U01010,NSE_EQ|INE552U01010,EQ,NORMAL,1,10.0
KPRMILL,KPR MILL LTD.,INE930H01031,NSE_EQ|INE930H01031,EQ,NORMAL,1,10.0
KRBL,KRBL LIMITED,INE001B01026,NSE_EQ|INE001B01026,EQ,NORMAL,1,5.0
KREBSBIO,KREBS BIOCHEMICALS & IND,INE268B01013,NSE_EQ|INE268B01013,EQ,NORMAL,1,1.0
KRIDHANINF,KRIDHAN INFRA LIMITED,INE524L01026,NSE_EQ|INE524L01026,BE,NORMAL,1,1.0
KRISHANA,KRISHANA PHOSCHEM LIMITED,INE506W01020,NSE_EQ|INE506W01020,EQ,NORMAL,1,1.0
KRISHCA,KRISHCA STRAPPING SLTN L,INE0NR701018,NSE_EQ|INE0NR701018,SM,SME,500,5.0
KRISHIVAL,KRISHIVAL FOODS LIMITED,INE0GGO01015,NSE_EQ|INE0GGO01015,EQ,NORMAL,1,5.0
KRISHNADEF,KRISHNA DEF AND ALD IND L,INE0J5601015,NSE_EQ|INE0J5601015,EQ,NORMAL,1,10.0
KRITI,KRITI INDUSTRIES IND LTD,INE479D01038,NSE_EQ|INE479D01038,EQ,NORMAL,1,1.0
KRITIKA,KRITIKA WIRES LIMITED,INE00Z501029,NSE_EQ|INE00Z501029,EQ,NORMAL,1,1.0
KRITINUT,KRITI NUTRIENTS LIMITED,INE798K01010,NSE_EQ|INE798K01010,EQ,NORMAL,1,1.0
KRMAYURVED,KRM AYURVEDA LIMITED,INE1MTV01019,NSE_EQ|INE1MTV01019,SM,SME,1000,5.0
KRN,KRN HEAT EXCHANGE N REF L,INE0Q3J01015,NSE_EQ|INE0Q3J01015,EQ,NORMAL,1,10.0
KRONOX,KRONOX LAB SCIENCES LTD,INE0ATZ01017,NSE_EQ|INE0ATZ01017,EQ,NORMAL,1,1.0
KROSS,KROSS LIMITED,INE0O6601022,NSE_EQ|INE0O6601022,EQ,NORMAL,1,1.0
KRSNAA,KRSNAA DIAGNOSTICS LTD,INE08LI01020,NSE_EQ|INE08LI01020,EQ,NORMAL,1,5.0
KRYSTAL,KRYSTAL INTEGRATED SER L,INE0QN801017,NSE_EQ|INE0QN801017,EQ,NORMAL,1,5.0
KSB,KSB LIMITED,INE999A01023,NSE_EQ|INE999A01023,EQ,NORMAL,1,5.0
KSCL,KAVERI SEED CO. LTD.,INE455I01029,NSE_EQ|INE455I01029,EQ,NORMAL,1,5.0
KSE,KSE LTD.,INE953E01022,NSE_EQ|INE953E01022,EQ,NORMAL,1,1.0
KSHINTL,KSH INTERNATIONAL LIMITED,INE987S01020,NSE_EQ|INE987S01020,EQ,NORMAL,1,5.0
KSHITIJPOL,KSHITIJ POLYLINE LIMITED,INE013801027,NSE_EQ|INE013801027,EQ,NORMAL,1,1.0
KSL,KALYANI STEELS LIMITED,INE907A01026,NSE_EQ|INE907A01026,EQ,NORMAL,1,5.0
KSOLVES,KSOLVES INDIA LIMITED,INE0D6I01023,NSE_EQ|INE0D6I01023,EQ,NORMAL,1,5.0
KSR,KSR FOOTWEAR LIMITED,INE1SPP01016,NSE_EQ|INE1SPP01016,EQ,NORMAL,1,1.0
KTKBANK,KARNATAKA BANK LIMITED,INE614B01018,NSE_EQ|INE614B01018,EQ,NORMAL,1,5.0
KUANTUM,KUANTUM PAPERS LIMITED,INE529I01021,NSE_EQ|INE529I01021,EQ,NORMAL,1,1.0
KUSUMGAR,KUSUMGAR LIMITED,INE0ISX01025,NSE_EQ|INE0ISX01025,EQ,NORMAL,1,5.0
KWIL,KWALITY WALL'S (INDIA) L,INE2KCE01013,NSE_EQ|INE2KCE01013,EQ,NORMAL,1,1.0
LADDERUP,LADDERUP FINANCE LTD.,INE519D01015,NSE_EQ|INE519D01015,EQ,NORMAL,1,1.0
LAGNAM,LAGNAM SPINTEX LIMITED,INE548Z01017,NSE_EQ|INE548Z01017,EQ,NORMAL,1,1.0
LAHOTIOV,LAHOTI OVERSEAS LTD.,INE515C01023,NSE_EQ|INE515C01023,EQ,NORMAL,1,1.0
LAKPRE,LAKSHMI PRE SCRE LTD,INE651C01018,NSE_EQ|INE651C01018,BZ,NORMAL,1,1.0
LAKSHMIMIL,LAKSHMI MILLS CO. LTD.,INE938C01019,NSE_EQ|INE938C01019,EQ,NORMAL,1,50.0
LAKSHYA,LAKSHYA POWERTECH LIMITED,INE0VZS01015,NSE_EQ|INE0VZS01015,SM,SME,800,5.0
LAL,LORENZINI APPARELS LTD,INE740X01023,NSE_EQ|INE740X01023,EQ,NORMAL,1,1.0
LALITHAA,LALITHAA JEWELLERY MART L,INE0K9O01026,NSE_EQ|INE0K9O01026,EQ,IPO,1,1.0
LALPATHLAB,DR. LAL PATH LABS LTD.,INE600L01024,NSE_EQ|INE600L01024,EQ,NORMAL,1,10.0
LAMBODHARA,LAMBODHARA TEXTILES LTD.,INE112F01022,NSE_EQ|INE112F01022,EQ,NORMAL,1,1.0
LANCER,LANCER CONTAINER LINES L,INE359U01028,NSE_EQ|INE359U01028,EQ,NORMAL,1,1.0
LANCORHOL,LANCOR HOLDINGS LIMITED,INE572G01025,NSE_EQ|INE572G01025,EQ,NORMAL,1,1.0
LANDMARK,LANDMARK CARS LIMITED,INE559R01029,NSE_EQ|INE559R01029,EQ,NORMAL,1,5.0
LANDSMILL,LANDSMILL GREEN LIMITED,INE688J01023,NSE_EQ|INE688J01023,EQ,NORMAL,1,1.0
LAOPALA,LA OPALA RG LIMITED,INE059D01020,NSE_EQ|INE059D01020,EQ,NORMAL,1,1.0
LARGEMID50,MIRAEAMC - LARGEMID50,INF769K01RK3,NSE_EQ|INF769K01RK3,EQ,NORMAL,1,1.0
LASA,LASA SUPERGENERICS LTD,INE670X01014,NSE_EQ|INE670X01014,EQ,NORMAL,1,1.0
LASERPOWER,LASER POWER & INFRA LTD,INE17IR01028,NSE_EQ|INE17IR01028,EQ,NORMAL,1,5.0
LATENTVIEW,LATENT VIEW ANALYTICS LTD,INE0I7C01011,NSE_EQ|INE0I7C01011,EQ,NORMAL,1,5.0
LATTEYS,LATTEYS INDUSTRIES LTD,INE262Z01023,NSE_EQ|INE262Z01023,EQ,NORMAL,1,1.0
LAURUSLABS,LAURUS LABS LIMITED,INE947Q01028,NSE_EQ|INE947Q01028,EQ,NORMAL,1,10.0
LAXMICOT,LAXMI COTSPIN LIMITED,INE801V01019,NSE_EQ|INE801V01019,EQ,NORMAL,1,1.0
LAXMIDENTL,LAXMI DENTAL LIMITED,INE0WO601020,NSE_EQ|INE0WO601020,EQ,NORMAL,1,1.0
LAXMIINDIA,LAXMI INDIA FINANCE LTD,INE06WU01026,NSE_EQ|INE06WU01026,EQ,NORMAL,1,1.0
LCCINFOTEC,LCC INFOTECH LTD,INE938A01021,NSE_EQ|INE938A01021,EQ,NORMAL,1,1.0
LCL,LOHIA CORP LIMITED,INE0QJW01029,NSE_EQ|INE0QJW01029,EQ,NORMAL,1,5.0
LEAPIND,LEAP INDIA LIMITED,INE00GO01025,NSE_EQ|INE00GO01025,EQ,NORMAL,1,1.0
LEENEE,LEE & NEE SOFTWARES (E) L,INE791B01014,NSE_EQ|INE791B01014,EQ,NORMAL,1,1.0
LEMERITE,LE MERITE EXPORTS LIMITED,INE0G1L01025,NSE_EQ|INE0G1L01025,EQ,NORMAL,1,1.0
LEMONTREE,LEMON TREE HOTELS LTD,INE970X01018,NSE_EQ|INE970X01018,EQ,NORMAL,1,1.0
LENSKART,LENSKART SOLUTIONS LTD,INE956O01016,NSE_EQ|INE956O01016,EQ,NORMAL,1,5.0
LEXUS,LEXUS GRANITO (INDIA) LTD,INE500X01013,NSE_EQ|INE500X01013,EQ,NORMAL,1,1.0
LFIC,LAKSHMI FIN IND CORP LTD,INE850E01012,NSE_EQ|INE850E01012,EQ,NORMAL,1,1.0
LGBBROSLTD,LG BALAKRISHNAN & BROS,INE337A01034,NSE_EQ|INE337A01034,EQ,NORMAL,1,10.0
LGEINDIA,LG ELECTRONICS INDIA LTD,INE324D01010,NSE_EQ|INE324D01010,EQ,NORMAL,1,10.0
LGHL,LAXMI GOLDORNA HOUSE LTD,INE258Y01016,NSE_EQ|INE258Y01016,EQ,NORMAL,1,1.0
LIBAS,LIBAS CONSU PRODUCTS LTD,INE908V01012,NSE_EQ|INE908V01012,EQ,NORMAL,1,1.0
LIBERTSHOE,LIBERTY SHOES LTD,INE557B01019,NSE_EQ|INE557B01019,EQ,NORMAL,1,5.0
LICHSGFIN,LIC HOUSING FINANCE LTD,INE115A01026,NSE_EQ|INE115A01026,EQ,NORMAL,1,5.0
LICI,LIFE INSURA CORP OF INDIA,INE0J1Y01017,NSE_EQ|INE0J1Y01017,EQ,NORMAL,1,5.0
LICMFGOLD,LIC MF - LIC GOLD ETF,INF767K01SM1,NSE_EQ|INF767K01SM1,EQ,NORMAL,1,5.0
LICNETFGSC,LICNAMC - LICNMFET,INF767K01MV5,NSE_EQ|INF767K01MV5,EQ,NORMAL,1,1.0
LICNETFN50,LICNAMC - LICNFENGP,INF767K01OS7,NSE_EQ|INF767K01OS7,EQ,NORMAL,1,1.0
LICNETFSEN,LICNAMC - LICNFESGP,INF767K01OT5,NSE_EQ|INF767K01OT5,EQ,NORMAL,1,1.0
LICNFNHGP,LICNAMC - LICNFNHGP,INF767K01PC8,NSE_EQ|INF767K01PC8,EQ,NORMAL,1,1.0
LICNMID100,LICNAMC - LICNMID100,INF767K01RN1,NSE_EQ|INF767K01RN1,EQ,NORMAL,1,1.0
LIKHITHA,LIKHITHA INFRASTRUC LTD,INE060901027,NSE_EQ|INE060901027,EQ,NORMAL,1,1.0
LINC,LINC LIMITED,INE802B01027,NSE_EQ|INE802B01027,EQ,NORMAL,1,1.0
LINCOLN,LINCOLN PHARMA LTD,INE405C01035,NSE_EQ|INE405C01035,EQ,NORMAL,1,5.0
LINDEINDIA,LINDE INDIA LIMITED,INE473A01011,NSE_EQ|INE473A01011,EQ,NORMAL,1,50.0
LIQGRWBEES,NIPPONAMC - LIQGRWBEES,INF204KC1FU1,NSE_EQ|INF204KC1FU1,EQ,NORMAL,1,1.0
LIQUID,MIRAEAMC - LIQUID,INF769K01KS1,NSE_EQ|INF769K01KS1,EQ,NORMAL,1,1.0
LIQUID1,KOTAKMAMC - KOTAKLIQ,INF174KA1LV5,NSE_EQ|INF174KA1LV5,EQ,NORMAL,1,1.0
LIQUIDADD,DSPAMC - LIQUIDADD,INF740KA1UM0,NSE_EQ|INF740KA1UM0,EQ,NORMAL,1,1.0
LIQUIDBEES,NIP IND ETF LIQUID BEES,INF732E01037,NSE_EQ|INF732E01037,EQ,NORMAL,1,1.0
LIQUIDBETA,UTIAMC - LIQUIDBETA,INF789F1AG68,NSE_EQ|INF789F1AG68,EQ,NORMAL,1,1.0
LIQUIDBETF,BFAM - LIQUIDBETF,INF0QA701854,NSE_EQ|INF0QA701854,EQ,NORMAL,1,1.0
LIQUIDCASE,ZERODHAAMC - LIQUIDCASE,INF0R8F01034,NSE_EQ|INF0R8F01034,EQ,NORMAL,1,1.0
LIQUIDETF,DSP LIQUID ETF,INF740KA1EU7,NSE_EQ|INF740KA1EU7,EQ,NORMAL,1,1.0
LIQUIDIETF,ICICIPRAMC - ICICILIQ,INF109KC1KT9,NSE_EQ|INF109KC1KT9,EQ,NORMAL,1,1.0
LIQUIDPLUS,MIRAEAMC - LIQUIDPLUS,INF769K01MY5,NSE_EQ|INF769K01MY5,EQ,NORMAL,1,1.0
LIQUIDSBI,SBIAMC - LIQUIDSBI,INF200KA13Z8,NSE_EQ|INF200KA13Z8,EQ,NORMAL,1,1.0
LIQUIDSHRI,SHRIRAM - LIQUIDSHRI,INF680P01422,NSE_EQ|INF680P01422,EQ,NORMAL,1,1.0
LKPSEC,L K P SECURITIES LTD.,INE341H01023,NSE_EQ|INE341H01023,EQ,NORMAL,1,1.0
LLOYDS,LLOYDS LUXURIES LIMITED,INE0DTQ01028,NSE_EQ|INE0DTQ01028,SM,SME,1000,5.0
LLOYDSENGG,LLOYDS ENGG WORK LIMITED,INE093R01011,NSE_EQ|INE093R01011,EQ,NORMAL,1,1.0
LLOYDSENT,LLOYDS ENTERPRISES LTD,INE080I01025,NSE_EQ|INE080I01025,EQ,NORMAL,1,1.0
LLOYDSME,LLOYDS METALS N ENERGY L,INE281B01032,NSE_EQ|INE281B01032,EQ,NORMAL,1,10.0
LMW,LMW LIMITED,INE269B01029,NSE_EQ|INE269B01029,EQ,NORMAL,1,100.0
LODHA,LODHA DEVELOPERS LIMITED,INE670K01029,NSE_EQ|INE670K01029,EQ,NORMAL,1,10.0
LOKESHMACH,LOKESH MACHINES LTD,INE397H01017,NSE_EQ|INE397H01017,BE,NORMAL,1,5.0
LORDSCHLO,LORDS CHLORO ALKALI LTD,INE846D01012,NSE_EQ|INE846D01012,EQ,NORMAL,1,1.0
LOTUSCHO,LOTUS CHOCOLATE CO. LTD.,INE026D01011,NSE_EQ|INE026D01011,EQ,NORMAL,1,5.0
LOTUSDEV,SRI LOTUS DEVLPRS N RTY L,INE0V9Q01010,NSE_EQ|INE0V9Q01010,BE,NORMAL,1,1.0
LOTUSEYE,LOTUS EYE HOSP & INST L,INE947I01017,NSE_EQ|INE947I01017,EQ,NORMAL,1,1.0
LOVABLE,LOVABLE LINGERIE LTD,INE597L01014,NSE_EQ|INE597L01014,EQ,NORMAL,1,1.0
LOWVOL,MIRAEAMC - MANV30F,INF769K01JU9,NSE_EQ|INF769K01JU9,EQ,NORMAL,1,1.0
LOWVOL1,KOTAKMAMC - KOTAKLOVOL,INF174KA1IY5,NSE_EQ|INF174KA1IY5,EQ,NORMAL,1,1.0
LOWVOLIETF,ICICI PR NIF LW VL 30 ETF,INF109KC19U5,NSE_EQ|INF109KC19U5,EQ,NORMAL,1,1.0
LOYALTEX,LOYAL TEXTILE MILLS LTD,INE970D01010,NSE_EQ|INE970D01010,EQ,NORMAL,1,1.0
LPDC,LANDMARK PR.DEV.CO.LTD,INE197J01017,NSE_EQ|INE197J01017,EQ,NORMAL,1,1.0
LRRPL,LEAD REC AND RUB PROD LTD,INE0H4B01011,NSE_EQ|INE0H4B01011,SM,SME,1500,5.0
LT,LARSEN & TOUBRO LTD.,INE018A01030,NSE_EQ|INE018A01030,EQ,NORMAL,1,10.0
LTF,L&T FINANCE LIMITED,INE498L01015,NSE_EQ|INE498L01015,EQ,NORMAL,1,5.0
LTFOODS,LT FOODS LIMITED,INE818H01020,NSE_EQ|INE818H01020,EQ,NORMAL,1,5.0
LTGILTBEES,NIP IND ETF LONGTERM GILT,INF204KB1882,NSE_EQ|INF204KB1882,EQ,NORMAL,1,1.0
LTGILTCASE,ZERODHAAMC - LTGILTCASE,INF0R8F01133,NSE_EQ|INF0R8F01133,EQ,NORMAL,1,1.0
LTM,LTM LIMITED,INE214T01019,NSE_EQ|INE214T01019,EQ,NORMAL,1,10.0
LTTS,L&T TECHNOLOGY SER. LTD.,INE010V01017,NSE_EQ|INE010V01017,EQ,NORMAL,1,10.0
LUMAXIND,LUMAX INDUSTRIES LTD,INE162B01018,NSE_EQ|INE162B01018,EQ,NORMAL,1,50.0
LUMAXTECH,LUMAX AUTO TECH LTD,INE872H01027,NSE_EQ|INE872H01027,EQ,NORMAL,1,10.0
LUPIN,LUPIN LIMITED,INE326A01037,NSE_EQ|INE326A01037,EQ,NORMAL,1,10.0
LUXIND,LUX INDUSTRIES LIMITED,INE150G01020,NSE_EQ|INE150G01020,EQ,NORMAL,1,10.0
LXCHEM,LAXMI ORGANIC INDUS LTD,INE576O01020,NSE_EQ|INE576O01020,EQ,NORMAL,1,1.0
LYKALABS,LYKA LABS LTD.,INE933A01014,NSE_EQ|INE933A01014,BE,PCA,1,1.0
M&M,MAHINDRA & MAHINDRA LTD,INE101A01026,NSE_EQ|INE101A01026,EQ,NORMAL,1,10.0
M&MFIN,M&M FIN. SERVICES LTD,INE774D01024,NSE_EQ|INE774D01024,EQ,NORMAL,1,5.0
MAANALU,MAAN ALUMINIUM LIMITED,INE215I01027,NSE_EQ|INE215I01027,EQ,NORMAL,1,1.0
MACOBSTECH,MACOBS TECHNOLOGIES LTD,INE0R0J01010,NSE_EQ|INE0R0J01010,SM,SME,800,5.0
MACPOWER,MACPOWER CNC MACHINES LTD,INE155Z01011,NSE_EQ|INE155Z01011,EQ,NORMAL,1,10.0
MADHAV,MADHAV MARBLE & GRANITE,INE925C01016,NSE_EQ|INE925C01016,EQ,NORMAL,1,1.0
MADHAVIPL,MADHAV INFRA PROJECTS L,INE631R01026,NSE_EQ|INE631R01026,EQ,NORMAL,1,1.0
MADHUCON,MADHUCON PROJECTS LTD.,INE378D01032,NSE_EQ|INE378D01032,BE,NORMAL,1,1.0
MADRASFERT,MADRAS FERTILISERS LTD,INE414A01015,NSE_EQ|INE414A01015,EQ,NORMAL,1,1.0
MAFANG,MIRAEAMC - MAFANG,INF769K01HF4,NSE_EQ|INF769K01HF4,EQ,NORMAL,1,1.0
MAFATIND,MAFATLAL INDUSTRIES LTD.,INE270B01035,NSE_EQ|INE270B01035,EQ,NORMAL,1,1.0
MAGADSUGAR,MAGADH SUGAR & ENERGY LTD,INE347W01011,NSE_EQ|INE347W01011,EQ,NORMAL,1,5.0
MAGNUM,MAGNUM VENTURES LTD.,INE387I01016,NSE_EQ|INE387I01016,EQ,NORMAL,1,1.0
MAGSON,MAGSON RETAIL AND DIST L,INE0O1S01012,NSE_EQ|INE0O1S01012,SM,SME,1000,5.0
MAHABANK,BANK OF MAHARASHTRA,INE457A01014,NSE_EQ|INE457A01014,EQ,NORMAL,1,1.0
MAHAPEXLTD,MAHA RASHTRA APEX COPR. L,INE843B01013,NSE_EQ|INE843B01013,EQ,NORMAL,1,1.0
MAHASTEEL,MAHAMAYA STEEL INDS LTD,INE451L01014,NSE_EQ|INE451L01014,BE,NORMAL,1,10.0
MAHEPC,MAHINDRA EPC IRRIG LTD,INE215D01010,NSE_EQ|INE215D01010,EQ,NORMAL,1,1.0
MAHESHWARI,MAHESHWARI LOGISTICS LTD.,INE263W01010,NSE_EQ|INE263W01010,BE,NORMAL,1,1.0
MAHICKRA,MAHICKRA CHEMICAL LIMITED,INE961Y01015,NSE_EQ|INE961Y01015,SM,SME,750,5.0
MAHKTECH,MIRAEAMC - MAHKTECH,INF769K01HS7,NSE_EQ|INF769K01HS7,EQ,NORMAL,1,1.0
MAHLIFE,MAHINDRA LIFESPACE DEVLTD,INE813A01018,NSE_EQ|INE813A01018,EQ,NORMAL,1,5.0
MAHLOG,MAHINDRA LOGISTIC LIMITED,INE766P01016,NSE_EQ|INE766P01016,EQ,NORMAL,1,5.0
MAHSCOOTER,MAHARASHTRA SCOOTERS LTD,INE288A01013,NSE_EQ|INE288A01013,EQ,NORMAL,1,100.0
MAHSEAMLES,MAHARASHTRA SEAMLESS LTD,INE271B01025,NSE_EQ|INE271B01025,EQ,NORMAL,1,5.0
MAITHANALL,MAITHAN ALLOYS LTD,INE683C01011,NSE_EQ|INE683C01011,EQ,NORMAL,1,5.0
MAITREYA,MAITREYA MEDICARE LIMITED,INE0PLQ01011,NSE_EQ|INE0PLQ01011,SM,SME,400,5.0
MAJESAUT,MAJESTIC AUTO LTD.,INE201B01022,NSE_EQ|INE201B01022,BE,NORMAL,1,5.0
MAKEINDIA,MIRAEAMC - MAMFGETF,INF769K01IB1,NSE_EQ|INF769K01IB1,EQ,NORMAL,1,1.0
MAKERSL,MAKERS LABORATORIES LTD.,INE987A01010,NSE_EQ|INE987A01010,EQ,NORMAL,1,1.0
MAKS,MAKS ENERGY SOL INDIA LTD,INE0CDK01019,NSE_EQ|INE0CDK01019,SM,SME,1500,5.0
MAL,MANGALAM ALLOYS LIMITED,INE00C401011,NSE_EQ|INE00C401011,SM,SME,1600,5.0
MALLCOM,MALLCOM (INDIA) LIMITED,INE389C01015,NSE_EQ|INE389C01015,EQ,NORMAL,1,5.0
MALUPAPER,MALU PAPER MILLS LIMITED,INE383H01017,NSE_EQ|INE383H01017,EQ,NORMAL,1,1.0
MAMATA,MAMATA MACHINERY LIMITED,INE0TO701015,NSE_EQ|INE0TO701015,EQ,NORMAL,1,5.0
MANAKALUCO,MANAK ALUMINIUM CO. LTD.,INE859Q01017,NSE_EQ|INE859Q01017,EQ,NORMAL,1,1.0
MANAKCOAT,MAN COAT METAL & IND LTD,INE830Q01018,NSE_EQ|INE830Q01018,EQ,NORMAL,1,1.0
MANAKSIA,MANAKSIA LTD.,INE015D01022,NSE_EQ|INE015D01022,EQ,NORMAL,1,1.0
MANAKSTEEL,MANAKSIA STEELS LTD,INE824Q01011,NSE_EQ|INE824Q01011,EQ,NORMAL,1,1.0
MANALIPETC,MANALI PETROCHEMICALS LT,INE201A01024,NSE_EQ|INE201A01024,EQ,NORMAL,1,1.0
MANAPPURAM,MANAPPURAM FINANCE LTD,INE522D01027,NSE_EQ|INE522D01027,EQ,NORMAL,1,5.0
MANAV,MANAV INFRA PROJECTS LTD,INE104Y01012,NSE_EQ|INE104Y01012,SM,SME,4000,5.0
MANBA,MANBA FINANCE LIMITED,INE939X01013,NSE_EQ|INE939X01013,EQ,NORMAL,1,1.0
MANBRO,MANBRO INDUSTRIES LTD.,INE348N01042,NSE_EQ|INE348N01042,EQ,NORMAL,1,1.0
MANCREDIT,MANGAL CREDIT N FINCORP L,INE545L01039,NSE_EQ|INE545L01039,EQ,NORMAL,1,1.0
MANDEEP,MANDEEP AUTO INDUSTRIES L,INE0R3T01013,NSE_EQ|INE0R3T01013,SM,SME,2000,5.0
MANGALAM,MANGALAM DRUG & CHEM LTD,INE584F01014,NSE_EQ|INE584F01014,EQ,NORMAL,1,1.0
MANGLMCEM,MANGALAM CEMENT LTD,INE347A01017,NSE_EQ|INE347A01017,EQ,NORMAL,1,5.0
MANILAM,MANILAM INDUSTRIES IND L,INE1ERK01013,NSE_EQ|INE1ERK01013,SM,SME,2000,5.0
MANINDS,MAN INDUSTRIES (I) LTD.,INE993A01026,NSE_EQ|INE993A01026,EQ,NORMAL,1,5.0
MANINFRA,MAN INFRA LTD,INE949H01023,NSE_EQ|INE949H01023,EQ,NORMAL,1,1.0
MANIPALHOS,MANIPAL HEALTH ENTERPRI L,INE459N01021,NSE_EQ|INE459N01021,EQ,NORMAL,1,5.0
MANKIND,MANKIND PHARMA LIMITED,INE634S01028,NSE_EQ|INE634S01028,EQ,NORMAL,1,10.0
MANOMAY,MANOMAY TEX INDIA LTD,INE784W01015,NSE_EQ|INE784W01015,EQ,NORMAL,1,1.0
MANORAMA,MANORAMA INDUSTRIES LTD,INE00VM01036,NSE_EQ|INE00VM01036,EQ,NORMAL,1,10.0
MANORG,MANGALAM ORGANICS LIMITED,INE370D01013,NSE_EQ|INE370D01013,EQ,NORMAL,1,5.0
MANUFGBEES,NIPPONAMC - MANUFGBEES,INF204KC1GH6,NSE_EQ|INF204KC1GH6,EQ,NORMAL,1,1.0
MANUGRAPH,MANUGRAPH INDIA LIMITED,INE867A01022,NSE_EQ|INE867A01022,BE,NORMAL,1,1.0
MANYAVAR,VEDANT FASHIONS LIMITED,INE825V01034,NSE_EQ|INE825V01034,EQ,NORMAL,1,5.0
MAPMYINDIA,C.E. INFO SYSTEMS LIMITED,INE0BV301023,NSE_EQ|INE0BV301023,EQ,NORMAL,1,10.0
MARALOVER,MARAL OVERSEAS LTD,INE882A01013,NSE_EQ|INE882A01013,EQ,NORMAL,1,1.0
MARATHON,MARATHON NXTGEN REALT LTD,INE182D01020,NSE_EQ|INE182D01020,EQ,NORMAL,1,5.0
MARC,MARC TECHNOCRATS LIMITED,INE0TD401015,NSE_EQ|INE0TD401015,SM,SME,1200,5.0
MARCO,MARCO CABLE & CONDUCTOR L,INE0QP001012,NSE_EQ|INE0QP001012,SM,SME,1500,5.0
MARICO,MARICO LIMITED,INE196A01026,NSE_EQ|INE196A01026,EQ,NORMAL,1,5.0
MARINE,MARINE ELECTRICAL (I) LTD,INE01JE01028,NSE_EQ|INE01JE01028,EQ,NORMAL,1,5.0
MARKOLINES,MARKOLINES PAVEMENT TEC L,INE0FW001016,NSE_EQ|INE0FW001016,EQ,NORMAL,1,1.0
MARKSANS,MARKSANS PHARMA LIMITED,INE750C01026,NSE_EQ|INE750C01026,EQ,NORMAL,1,5.0
MARSONS,MARSONS LIMITED,INE415B01044,NSE_EQ|INE415B01044,EQ,NORMAL,1,1.0
MARUSHIKA,MARUSHIKA TECHNOLOGY LTD,INE0X7G01013,NSE_EQ|INE0X7G01013,SM,SME,1200,5.0
MARUTI,MARUTI SUZUKI INDIA LTD.,INE585B01010,NSE_EQ|INE585B01010,EQ,NORMAL,1,100.0
MASFIN,MAS FINANCIAL SERV LTD,INE348L01012,NSE_EQ|INE348L01012,EQ,NORMAL,1,5.0
MASKINVEST,MASK INVESTMENTS LIMITED,INE885F01015,NSE_EQ|INE885F01015,EQ,NORMAL,1,1.0
MASON,MASON INFRATECH LIMITED,INE0SH001010,NSE_EQ|INE0SH001010,SM,SME,500,5.0
MASPTOP50,MIRAEAMC - MASPTOP50,INF769K01HP3,NSE_EQ|INF769K01HP3,EQ,NORMAL,1,1.0
MASTEK,MASTEK LTD,INE759A01021,NSE_EQ|INE759A01021,EQ,NORMAL,1,10.0
MASTER,MASTER COMPONENTS LIMITED,INE0OJM01017,NSE_EQ|INE0OJM01017,SM,SME,500,5.0
MASTERTR,MASTER TRUST LIMITED,INE677D01037,NSE_EQ|INE677D01037,EQ,NORMAL,1,1.0
MATRIMONY,MATRIMONY.COM LIMITED,INE866R01028,NSE_EQ|INE866R01028,EQ,NORMAL,1,5.0
MAWANASUG,MAWANA SUGARS LIMITED,INE636A01039,NSE_EQ|INE636A01039,EQ,NORMAL,1,1.0
MAXESTATES,MAX ESTATES LIMITED,INE03EI01018,NSE_EQ|INE03EI01018,EQ,NORMAL,1,5.0
MAXHEALTH,MAX HEALTHCARE INS LTD,INE027H01010,NSE_EQ|INE027H01010,EQ,NORMAL,1,10.0
MAXIND,MAX INDIA LIMITED,INE0CG601016,NSE_EQ|INE0CG601016,EQ,NORMAL,1,1.0
MAXPOSURE,MAXPOSURE LIMITED,INE0ECC01022,NSE_EQ|INE0ECC01022,SM,SME,1000,5.0
MAXVOLT,MAXVOLT ENERGY INDUS L,INE10A501018,NSE_EQ|INE10A501018,SM,SME,400,5.0
MAYASHEEL,MAYASHEEL VENTURES LTD,INE0ZTO01018,NSE_EQ|INE0ZTO01018,SM,SME,3000,5.0
MAYURUNIQ,MAYUR UNIQUOTERS LTD,INE040D01038,NSE_EQ|INE040D01038,EQ,NORMAL,1,5.0
MAZDA,MAZDA LIMITED,INE885E01042,NSE_EQ|INE885E01042,BE,NORMAL,1,1.0
MAZDOCK,MAZAGON DOCK SHIPBUIL LTD,INE249Z01020,NSE_EQ|INE249Z01020,EQ,NORMAL,1,10.0
MBAPL,MADHYA BHARAT AGRO P. LTD,INE900L01028,NSE_EQ|INE900L01028,EQ,NORMAL,1,1.0
MBEL,M AND B ENGINEERING LTD,INE08N601015,NSE_EQ|INE08N601015,EQ,NORMAL,1,5.0
MBLINFRA,MBL INFRASTRUCTURE LTD,INE912H01013,NSE_EQ|INE912H01013,EQ,NORMAL,1,1.0
MCCHRLS-B,MAC CHARLES (INDIA) LTD.,INE435D01014,NSE_EQ|INE435D01014,EQ,NORMAL,1,5.0
MCL,M TEK COPPER LIMITED,INE813V01022,NSE_EQ|INE813V01022,EQ,NORMAL,1,1.0
MCLEODRUSS,MCLEOD RUSSEL INDIA LTD.,INE942G01012,NSE_EQ|INE942G01012,EQ,NORMAL,1,1.0
MCLOUD,MAGELLANIC CLOUD LIMITED,INE613C01026,NSE_EQ|INE613C01026,EQ,NORMAL,1,1.0
MCON,MCON RASAYAN INDIA LTD,INE0O4M01019,NSE_EQ|INE0O4M01019,SM,SME,1000,5.0
MCX,MULTI COMMODITY EXCHANGE,INE745G01043,NSE_EQ|INE745G01043,EQ,NORMAL,1,10.0
MEDANTA,GLOBAL HEALTH LIMITED,INE474Q01031,NSE_EQ|INE474Q01031,EQ,NORMAL,1,10.0
MEDIASSIST,MEDI ASSIST HEALTH SER L,INE456Z01021,NSE_EQ|INE456Z01021,EQ,NORMAL,1,5.0
MEDICAMEQ,MEDICAMEN BIOTECH LIMITED,INE646B01010,NSE_EQ|INE646B01010,EQ,NORMAL,1,1.0
MEDICAPQ,MEDI CAPS LTD.,INE442D01010,NSE_EQ|INE442D01010,EQ,NORMAL,1,1.0
MEDICO,MEDICO REMEDIES LIMITED,INE630Y01024,NSE_EQ|INE630Y01024,EQ,NORMAL,1,1.0
MEDIORG,MEDICAMEN ORGANICS LTD,INE0PE401018,NSE_EQ|INE0PE401018,SM,SME,2000,5.0
MEDISTEP,MEDISTEP HEALTHCARE LTD,INE0UOY01019,NSE_EQ|INE0UOY01019,SM,SME,3000,5.0
MEDPLUS,MEDPLUS HEALTH SERV LTD,INE804L01022,NSE_EQ|INE804L01022,EQ,NORMAL,1,5.0
MEESHO,MEESHO LIMITED,INE0VDM01015,NSE_EQ|INE0VDM01015,EQ,NORMAL,1,1.0
MEGAFLEX,MEGA FLEX PLASTICS LTD,INE0G1D01014,NSE_EQ|INE0G1D01014,SM,SME,1000,5.0
MEGASTAR,MEGASTAR FOODS LIMITED,INE00EM01016,NSE_EQ|INE00EM01016,EQ,NORMAL,1,5.0
MEGATHERM,MEGATHERM INDUCTION LTD,INE531R01010,NSE_EQ|INE531R01010,SM,SME,400,5.0
MEIL,MANGAL ELECTRICAL IND L,INE0PKD01011,NSE_EQ|INE0PKD01011,EQ,NORMAL,1,5.0
MENNPIS,MENON PISTONS LTD.,INE650G01029,NSE_EQ|INE650G01029,EQ,NORMAL,1,1.0
MENONBE,MENON BEARINGS LIMITED,INE071D01033,NSE_EQ|INE071D01033,BE,NORMAL,1,1.0
MEP,MEP INFRA. DEVELOPERS LTD,INE776I01010,NSE_EQ|INE776I01010,BZ,NORMAL,1,1.0
MERCANTILE,MERCANTILE VENTURES LTD.,INE689O01013,NSE_EQ|INE689O01013,EQ,NORMAL,1,1.0
MERCURYEV,MERCURY EV-TECH LIMITED,INE763M01028,NSE_EQ|INE763M01028,EQ,NORMAL,1,1.0
METAL,MIRAEAMC - METAL,INF769K01LY7,NSE_EQ|INF769K01LY7,EQ,NORMAL,1,1.0
METALIC,METALIC TECHNOFORGE LTD,INE1II801013,NSE_EQ|INE1II801013,SM,SME,1600,5.0
METALIETF,ICICIPRAMC - METALIETF,INF109KC19W1,NSE_EQ|INF109KC19W1,EQ,NORMAL,1,1.0
METROBRAND,METRO BRANDS LIMITED,INE317I01021,NSE_EQ|INE317I01021,EQ,NORMAL,1,10.0
METROGLOBL,METROGLOBAL LTD.,INE085D01033,NSE_EQ|INE085D01033,EQ,NORMAL,1,1.0
METROPOLIS,METROPOLIS HEALTHCARE LTD,INE112L01020,NSE_EQ|INE112L01020,EQ,NORMAL,1,5.0
MFML,MAHALAXMI FABRIC MILLS LT,INE0US801024,NSE_EQ|INE0US801024,EQ,NORMAL,1,1.0
MFSL,MAX FINANCIAL SERV LTD,INE180A01020,NSE_EQ|INE180A01020,EQ,NORMAL,1,10.0
MGEL,MANGALAM GLOBAL ENT LTD,INE0APB01032,NSE_EQ|INE0APB01032,BE,NORMAL,1,1.0
MGL,MAHANAGAR GAS LTD.,INE002S01010,NSE_EQ|INE002S01010,EQ,NORMAL,1,10.0
MGSL,MATRIX GEO SOLUTIONS LTD,INE132901013,NSE_EQ|INE132901013,SM,SME,1200,5.0
MHHL,MOHINI HEALTH&HYGIENE LTD,INE450S01011,NSE_EQ|INE450S01011,SM,SME,1500,5.0
MHLXMIRU,MAHALAXMI RUBTECH LIMITED,INE112D01035,NSE_EQ|INE112D01035,BE,NORMAL,1,1.0
MHRIL,MAHINDRA HOLIDAYS LTD,INE998I01010,NSE_EQ|INE998I01010,EQ,NORMAL,1,1.0
MICEL,MIC ELECTRONICS LTD,INE287C01037,NSE_EQ|INE287C01037,BE,NORMAL,1,1.0
MICROPRO,MICROPRO SOFTWARE SOL L,INE0PZK01014,NSE_EQ|INE0PZK01014,SM,SME,1600,5.0
MID150,KOTAKMAMC - MID150,INF174KA1VW2,NSE_EQ|INF174KA1VW2,EQ,NORMAL,1,1.0
MID150BEES,NIP IND ETF MIDCAP 150,INF204KB1V68,NSE_EQ|INF204KB1V68,EQ,NORMAL,1,1.0
MID150CASE,ZERODHAAMC - MID150CASE,INF0R8F01059,NSE_EQ|INF0R8F01059,EQ,NORMAL,1,1.0
MIDBANKADD,DSPAMC - MIDBANKADD,INF740KA1ZH9,NSE_EQ|INF740KA1ZH9,EQ,NORMAL,1,1.0
MIDCAP,KOTAKMAMC - KOTAKMID50,INF174KA1ZC5,NSE_EQ|INF174KA1ZC5,EQ,NORMAL,1,1.0
MIDCAPADD,DSPAMC - MIDCAPADD,INF740KA1WW5,NSE_EQ|INF740KA1WW5,EQ,NORMAL,1,1.0
MIDCAPBETA,UTIAMC-MIDCAPBETA,INF789F1AYX9,NSE_EQ|INF789F1AYX9,EQ,NORMAL,1,1.0
MIDCAPETF,MIRAEAMC - MAM150ETF,INF769K01IC9,NSE_EQ|INF769K01IC9,EQ,NORMAL,1,1.0
MIDCAPIETF,ICICIPRAMC - ICICIM150,INF109KC11W8,NSE_EQ|INF109KC11W8,EQ,NORMAL,1,1.0
MIDHANI,MISHRA DHATU NIGAM LTD,INE099Z01011,NSE_EQ|INE099Z01011,EQ,NORMAL,1,5.0
MIDQ50ADD,DSPAMC - DSPQ50ETF,INF740KA1ZF3,NSE_EQ|INF740KA1ZF3,EQ,NORMAL,1,1.0
MIDSELIETF,ICICI PRUD MIDCAP SEL ETF,INF109KC10W0,NSE_EQ|INF109KC10W0,EQ,NORMAL,1,1.0
MIDSMALL,MIRAEAMC - MIDSMALL,INF769K01LJ8,NSE_EQ|INF769K01LJ8,EQ,NORMAL,1,1.0
MIDWESTLTD,MIDWEST LIMITED,INE0XAD01024,NSE_EQ|INE0XAD01024,EQ,NORMAL,1,10.0
MIEL,MANGLAM INFRA & ENG LTD,INE0R3101011,NSE_EQ|INE0R3101011,SM,SME,2000,5.0
MIIL,MEGHNA INFRACON INFRA L,INE898Q01015,NSE_EQ|INE898Q01015,EQ,NORMAL,1,5.0
MILKYMIST,MILKY MIST DAIRY FOOD L,INE00IT01020,NSE_EQ|INE00IT01020,EQ,NORMAL,1,1.0
MILTON,MILTON INDUSTRIES LIMITED,INE376Y01016,NSE_EQ|INE376Y01016,SM,SME,2200,5.0
MINALIND,MINAL INDUSTRIES LTD.,INE097E01028,NSE_EQ|INE097E01028,EQ,NORMAL,1,1.0
MINDACORP,MINDA CORPORATION LTD,INE842C01021,NSE_EQ|INE842C01021,EQ,NORMAL,1,5.0
MINDPOOL,MINDPOOL TECHNOLOGIES LTD,INE00RQ01019,NSE_EQ|INE00RQ01019,SM,SME,1000,5.0
MINDTECK,MINDTECK (INDIA) LIMITED,INE110B01017,NSE_EQ|INE110B01017,EQ,NORMAL,1,1.0
MIRZAINT,MIRZA INTERNATIONAL LIMIT,INE771A01026,NSE_EQ|INE771A01026,EQ,NORMAL,1,1.0
MITCON,MITCON CON & ENG SER LTD,INE828O01033,NSE_EQ|INE828O01033,BE,NORMAL,1,1.0
MITTAL,MITTAL LIFE STYLE LIMITED,INE997Y01027,NSE_EQ|INE997Y01027,EQ,NORMAL,1,1.0
MKEXIM,M K EXIM (INDIA) LTD.,INE227F01010,NSE_EQ|INE227F01010,EQ,NORMAL,1,1.0
MKPL,M K PROTEINS LIMITED,INE964W01021,NSE_EQ|INE964W01021,EQ,NORMAL,1,1.0
MLKFOOD,MILKFOOD LTD.,INE588G01021,NSE_EQ|INE588G01021,EQ,NORMAL,1,1.0
MMEL,MOVING MEDIA ENTER LTD,INE0XM301010,NSE_EQ|INE0XM301010,SM,SME,2000,5.0
MMFL,MM FORGINGS LTD,INE227C01017,NSE_EQ|INE227C01017,EQ,NORMAL,1,5.0
MMP,MMP INDUSTRIES LIMITED,INE511Y01018,NSE_EQ|INE511Y01018,EQ,NORMAL,1,5.0
MMTC,MMTC LIMITED,INE123F01029,NSE_EQ|INE123F01029,EQ,NORMAL,1,1.0
MMWL,MEDIA MATRIX WORLDWIDE L,INE200D01020,NSE_EQ|INE200D01020,EQ,NORMAL,1,1.0
MNC,KOTAKMAMC - KOTAKMNC,INF174KA1JF2,NSE_EQ|INF174KA1JF2,EQ,NORMAL,1,1.0
MOALPHA50,MOTILALAMC - MOALPHA50,INF247L01FR8,NSE_EQ|INF247L01FR8,EQ,NORMAL,1,1.0
MOBANK10,MOTILALAMC - MOBANK10,INF247L01GV8,NSE_EQ|INF247L01GV8,EQ,NORMAL,1,1.0
MOBIKWIK,ONE MOBIKWIK SYSTEMS LTD,INE0HLU01028,NSE_EQ|INE0HLU01028,EQ,NORMAL,1,1.0
MOBILISE,MOBILISE APP LAB LIMITED,INE1YNB01019,NSE_EQ|INE1YNB01019,SM,SME,1600,5.0
MOCAPITAL,MOTILALAMC - MOCAPITAL,INF247L01EV3,NSE_EQ|INF247L01EV3,EQ,NORMAL,1,1.0
MODEFENCE,MOTILALAMC - MODEFENCE,INF247L01DJ0,NSE_EQ|INF247L01DJ0,EQ,NORMAL,1,1.0
MODINATUR,MODI NATURALS LIMITED,INE537F01012,NSE_EQ|INE537F01012,BE,NORMAL,1,5.0
MODIRUBBER,MODI RUBBER LTD,INE832A01018,NSE_EQ|INE832A01018,EQ,NORMAL,1,1.0
MODIS,MODIS NAVNIRMAN LTD,INE0L0L01012,NSE_EQ|INE0L0L01012,EQ,NORMAL,1,5.0
MODISONLTD,MODISON LIMITED,INE737D01021,NSE_EQ|INE737D01021,BE,NORMAL,1,5.0
MODTHREAD,MODERN THREADS INDIA LTD,INE794W01014,NSE_EQ|INE794W01014,EQ,NORMAL,1,1.0
MOENERGY,MOTILALAMC - MOENERGY,INF247L01GH7,NSE_EQ|INF247L01GH7,EQ,NORMAL,1,1.0
MOGOLD,MOTILALAMC - MOGOLD,INF247L01FY4,NSE_EQ|INF247L01FY4,EQ,NORMAL,1,5.0
MOGSEC,MOTILALAMC - G5,INF247L01AK4,NSE_EQ|INF247L01AK4,EQ,NORMAL,1,1.0
MOHEALTH,MOTILALAMC - MOHEALTH,INF247L01BB1,NSE_EQ|INF247L01BB1,EQ,NORMAL,1,1.0
MOHITE,MOHITE INDUSTRIES LTD.,INE154B01023,NSE_EQ|INE154B01023,EQ,NORMAL,1,1.0
MOHITIND,MOHIT INDUSTRIES LTD,INE954E01012,NSE_EQ|INE954E01012,EQ,NORMAL,1,1.0
MOIL,MOIL LIMITED,INE490G01020,NSE_EQ|INE490G01020,EQ,NORMAL,1,5.0
MOINFRA,MOTILALAMC - MOINFRA,INF247L01FL1,NSE_EQ|INF247L01FL1,EQ,NORMAL,1,1.0
MOIPO,MOTILALAMC - MOIPO,INF247L01GI5,NSE_EQ|INF247L01GI5,EQ,NORMAL,1,1.0
MOKSH,MOKSH ORNAMENTS LIMITED,INE514Y01020,NSE_EQ|INE514Y01020,EQ,NORMAL,1,1.0
MOL,MEGHMANI ORGANICS LIMITED,INE0CT101020,NSE_EQ|INE0CT101020,EQ,NORMAL,1,1.0
MOLBIO,MOLBIO DIAGNOSTICS LTD,INE869T01028,NSE_EQ|INE869T01028,EQ,NORMAL,1,5.0
MOLDTECH,MOLD-TEK TECHNOLOGIES LTD,INE835B01035,NSE_EQ|INE835B01035,BE,NORMAL,1,1.0
MOLDTKPAC,MOLD-TEK PACKAGING LTD,INE893J01029,NSE_EQ|INE893J01029,EQ,NORMAL,1,5.0
MOLOWVOL,MOTILALAMC - MOLOWVOL,INF247L01BL0,NSE_EQ|INF247L01BL0,EQ,NORMAL,1,1.0
MOM100,MOTILAL OS MIDCAP100 ETF,INF247L01023,NSE_EQ|INF247L01023,EQ,NORMAL,1,1.0
MOM30IETF,ICICIPRAMC - ICICIMOM30,INF109KC17C7,NSE_EQ|INF109KC17C7,EQ,NORMAL,1,1.0
MOM50,MOTILAL OSWAL M50 ETF,INF247L01536,NSE_EQ|INF247L01536,EQ,NORMAL,1,1.0
MOMENTUM,BIRLASLAMC - MOMENTUM,INF209KB14K7,NSE_EQ|INF209KB14K7,EQ,NORMAL,1,1.0
MOMENTUM30,KOTAKMAMC - MOMENTUM30,INF174KA1XS6,NSE_EQ|INF174KA1XS6,EQ,NORMAL,1,1.0
MOMENTUM50,MOTILALAMC - MOMENTUM50,INF247L01DK8,NSE_EQ|INF247L01DK8,EQ,NORMAL,1,1.0
MOMETAL,MOTILALAMC - MOMETAL,INF247L01HG7,NSE_EQ|INF247L01HG7,EQ,NORMAL,1,1.0
MOMGF,MOTILALAMC - MOMGF,INF247L01FK3,NSE_EQ|INF247L01FK3,EQ,NORMAL,1,1.0
MOMIDMTM,MOTILALAMC - MOMIDMTM,INF247L01FQ0,NSE_EQ|INF247L01FQ0,EQ,NORMAL,1,1.0
MOMMIDCAP,MIRAEAMC - MOMMIDCAP,INF769K01RC0,NSE_EQ|INF769K01RC0,EQ,NORMAL,1,1.0
MOMNC,MOTILALAMC - MOMNC,INF247L01GK1,NSE_EQ|INF247L01GK1,EQ,NORMAL,1,1.0
MOMOMENTUM,MOTILALAMC - MOMOMENTUM,INF247L01BK2,NSE_EQ|INF247L01BK2,EQ,NORMAL,1,1.0
MON100,MOTILAL OS NASDAQ100 ETF,INF247L01AP3,NSE_EQ|INF247L01AP3,EQ,NORMAL,1,1.0
MON50EQUAL,MOTILALAMC - MON50EQUAL,INF247L01FC0,NSE_EQ|INF247L01FC0,EQ,NORMAL,1,1.0
MONARCH,MONARCH NETWORTH CAP LTD,INE903D01011,NSE_EQ|INE903D01011,EQ,NORMAL,1,5.0
MONEXT50,MOTILALAMC - MONEXT50,INF247L01FD8,NSE_EQ|INF247L01FD8,EQ,NORMAL,1,1.0
MONEYBOXX,MONEYBOXX FINANCE LIMITED,INE296Q01012,NSE_EQ|INE296Q01012,EQ,NORMAL,1,1.0
MONIFTY100,MOTILALAMC - MONIFTY100,INF247L01GG9,NSE_EQ|INF247L01GG9,EQ,NORMAL,1,1.0
MONIFTY500,MOTILALAMC - MONIFTY500,INF247L01BU1,NSE_EQ|INF247L01BU1,EQ,NORMAL,1,1.0
MONOLITH,MONOLITHISCH INDIA LTD,INE1DV401010,NSE_EQ|INE1DV401010,SM,SME,250,5.0
MONOPHARMA,MONO PHARMACARE LIMITED,INE0OIP01012,NSE_EQ|INE0OIP01012,SM,SME,2000,5.0
MONQ50,MOTILALAMC - MONQ50,INF247L01AU3,NSE_EQ|INF247L01AU3,EQ,NORMAL,1,1.0
MONTECARLO,MONTE CARLO FASHIONS LTD.,INE950M01013,NSE_EQ|INE950M01013,EQ,NORMAL,1,5.0
MOOILGAS,MOTILALAMC - MOOILGAS,INF247L01HH5,NSE_EQ|INF247L01HH5,EQ,NORMAL,1,1.0
MOPSE,MOTILALAMC - MOPSE,INF247L01FO5,NSE_EQ|INF247L01FO5,EQ,NORMAL,1,1.0
MOQUALITY,MOTILALAMC - MOQUALITY,INF247L01BH8,NSE_EQ|INF247L01BH8,EQ,NORMAL,1,1.0
MORARJEE,MORARJEE TEXTILES LIMITED,INE161G01027,NSE_EQ|INE161G01027,BZ,NORMAL,1,1.0
MOREALTY,MOTILALAMC - MOREALTY,INF247L01CI4,NSE_EQ|INF247L01CI4,EQ,NORMAL,1,1.0
MOREPENLAB,MOREPEN LAB. LTD,INE083A01026,NSE_EQ|INE083A01026,EQ,NORMAL,1,1.0
MOSCHIP,MOSCHIP TECHNOLOGIES LTD,INE935B01025,NSE_EQ|INE935B01025,EQ,NORMAL,1,1.0
MOSERVICE,MOTILALAMC - MOSERVICE,INF247L01GJ3,NSE_EQ|INF247L01GJ3,EQ,NORMAL,1,1.0
MOSILVER,MOTILALAMC - MOSILVER,INF247L01FZ1,NSE_EQ|INF247L01FZ1,EQ,NORMAL,1,1.0
MOSMALL250,MOTILALAMC - MOSMALL250,INF247L01CH6,NSE_EQ|INF247L01CH6,EQ,NORMAL,1,1.0
MOTHERSON,SAMVRDHNA MTHRSN INTL LTD,INE775A01035,NSE_EQ|INE775A01035,EQ,NORMAL,1,1.0
MOTILALOFS,MOTILAL OSWAL FIN LTD,INE338I01027,NSE_EQ|INE338I01027,EQ,NORMAL,1,5.0
MOTISONS,MOTISONS JEWELLERS LTD,INE0FRK01020,NSE_EQ|INE0FRK01020,EQ,NORMAL,1,1.0
MOTOGENFIN,MOTOR & GENERAL FINANCE L,INE861B01023,NSE_EQ|INE861B01023,BE,NORMAL,1,1.0
MOTOUR,MOTILALAMC - MOTOUR,INF247L01FP2,NSE_EQ|INF247L01FP2,EQ,NORMAL,1,1.0
MOVALUE,MOTILALAMC - MOVALUE,INF247L01BE5,NSE_EQ|INF247L01BE5,EQ,NORMAL,1,1.0
MOXSH,MOXSH OVERSEAS EDUCON LTD,INE0N6D01014,NSE_EQ|INE0N6D01014,SM,SME,1600,5.0
MPDL,MPDL LTD.,INE493H01014,NSE_EQ|INE493H01014,EQ,NORMAL,1,1.0
MPHASIS,MPHASIS LIMITED,INE356A01018,NSE_EQ|INE356A01018,EQ,NORMAL,1,10.0
MPSLTD,MPS LIMITED,INE943D01017,NSE_EQ|INE943D01017,EQ,NORMAL,1,10.0
MPTODAY,M P TODAY MEDIA LIMITED,INE105Y01019,NSE_EQ|INE105Y01019,SM,SME,2000,5.0
MRF,MRF LTD,INE883A01011,NSE_EQ|INE883A01011,EQ,NORMAL,1,500.0
MRPL,MRPL,INE103A01014,NSE_EQ|INE103A01014,EQ,NORMAL,1,1.0
MSCI360,360ONEAMC - MSCI360,INF579M01BP5,NSE_EQ|INF579M01BP5,EQ,NORMAL,1,1.0
MSCIADD,DSPAMC - MSCIADD,INF740KA1WV7,NSE_EQ|INF740KA1WV7,EQ,NORMAL,1,1.0
MSCIINDIA,KOTAKMAMC - MSCIINDIA,INF174KA1VD2,NSE_EQ|INF174KA1VD2,EQ,NORMAL,1,1.0
MSL,MANGALAM SEEDS LTD.,INE829S01016,NSE_EQ|INE829S01016,EQ,NORMAL,1,1.0
MSPL,MSP STEEL & POWER LTD.,INE752G01015,NSE_EQ|INE752G01015,EQ,NORMAL,1,1.0
MSTCLTD,MSTC LIMITED,INE255X01014,NSE_EQ|INE255X01014,EQ,NORMAL,1,5.0
MSUMI,MOTHERSON SUMI WRNG IND L,INE0FS801015,NSE_EQ|INE0FS801015,EQ,NORMAL,1,1.0
MTARTECH,MTAR TECHNOLOGIES LIMITED,INE864I01014,NSE_EQ|INE864I01014,BE,NORMAL,1,50.0
MTEDUCARE,MT EDUCARE LTD,INE472M01018,NSE_EQ|INE472M01018,BE,NORMAL,1,1.0
MTNL,MAHANAGAR TELEPHONE NIGAM,INE153A01019,NSE_EQ|INE153A01019,EQ,NORMAL,1,1.0
MUFIN,MUFIN GREEN FINANCE LTD,INE08KJ01020,NSE_EQ|INE08KJ01020,EQ,NORMAL,1,1.0
MUFTI,CREDO BRANDS MARKETING L,INE220Q01020,NSE_EQ|INE220Q01020,EQ,NORMAL,1,1.0
MUKANDLTD,MUKAND LTD.,INE304A01026,NSE_EQ|INE304A01026,EQ,NORMAL,1,1.0
MUKESHB,MUKESH BABU FINANC SER L,INE596B01017,NSE_EQ|INE596B01017,EQ,NORMAL,1,1.0
MUKKA,MUKKA PROTEINS LIMITED,INE0CG401037,NSE_EQ|INE0CG401037,EQ,NORMAL,1,1.0
MUKTAARTS,MUKTA ARTS LIMITED,INE374B01019,NSE_EQ|INE374B01019,BE,NORMAL,1,1.0
MULTICAP,MIRAEAMC - MULTICAP,INF769K01LX9,NSE_EQ|INF769K01LX9,EQ,NORMAL,1,1.0
MUNISH,MUNISH FORGE LIMITED,INE1K8Y01018,NSE_EQ|INE1K8Y01018,SM,SME,1200,5.0
MUNJALAU,MUNJAL AUTO IND. LTD.,INE672B01032,NSE_EQ|INE672B01032,EQ,NORMAL,1,1.0
MUNJALSHOW,MUNJAL SHOWA LTD,INE577A01027,NSE_EQ|INE577A01027,EQ,NORMAL,1,1.0
MURUDCERA,MURUDESHWAR CERAMICS LTD,INE692B01014,NSE_EQ|INE692B01014,EQ,NORMAL,1,1.0
MUTHOOTCAP,MUTHOOT CAP SERV LTD,INE296G01013,NSE_EQ|INE296G01013,EQ,NORMAL,1,1.0
MUTHOOTFIN,MUTHOOT FINANCE LIMITED,INE414G01012,NSE_EQ|INE414G01012,EQ,NORMAL,1,10.0
MUTHOOTMF,MUTHOOT MICROFIN LIMITED,INE046W01019,NSE_EQ|INE046W01019,EQ,NORMAL,1,1.0
MVELECTRO,MV ELECTROSYSTEMS LIMITED,INE0OWZ01020,NSE_EQ|INE0OWZ01020,EQ,NORMAL,1,5.0
MVGJL,MANOJ VAIBHAV GEM N JEW L,INE0KNT01012,NSE_EQ|INE0KNT01012,EQ,NORMAL,1,1.0
MVKAGRO,M.V.K. AGRO FOOD PROD LTD,INE0SGC01015,NSE_EQ|INE0SGC01015,SM,SME,300,5.0
MWL,MANGALAM WORLDWIDE LTD,INE0JYY01029,NSE_EQ|INE0JYY01029,EQ,NORMAL,1,1.0
MYMUDRA,MY MUDRA FINCORP LIMITED,INE0RVQ01016,NSE_EQ|INE0RVQ01016,SM,SME,1200,5.0
MYSORPETRO,MYSORE PETRO CHEMICALS L,INE741A01011,NSE_EQ|INE741A01011,EQ,NORMAL,1,1.0
NACLIND,NACL INDUSTRIES LIMITED,INE295D01020,NSE_EQ|INE295D01020,EQ,NORMAL,1,1.0
NAGAFERT,NAGARJUN FERT AND CHE LTD,INE454M01024,NSE_EQ|INE454M01024,BZ,NORMAL,1,1.0
NAGREEKCAP,NAGREEKA CAP & INFR.LTD,INE245I01016,NSE_EQ|INE245I01016,EQ,NORMAL,1,1.0
NAGREEKEXP,NAGREEKA EXPORTS LTD.,INE123B01028,NSE_EQ|INE123B01028,EQ,NORMAL,1,1.0
NAHARCAP,NAHAR CAP & FIN.,INE049I01012,NSE_EQ|INE049I01012,EQ,NORMAL,1,1.0
NAHARINDUS,NAHAR INDS ENT LTD,INE289A01011,NSE_EQ|INE289A01011,EQ,NORMAL,1,1.0
NAHARPOLY,NAHAR POLY FILMS LIMITED,INE308A01027,NSE_EQ|INE308A01027,EQ,NORMAL,1,5.0
NAHARSPING,NAHAR SPINNING MILLS LTD.,INE290A01027,NSE_EQ|INE290A01027,EQ,NORMAL,1,5.0
NAM-INDIA,NIPPON L I A M LTD,INE298J01013,NSE_EQ|INE298J01013,EQ,NORMAL,1,10.0
NAMAN,NAMAN INDUSTRE PRXIMA LTD,INE0RJM01010,NSE_EQ|INE0RJM01010,SM,SME,800,5.0
NARMADA,NARMADA AGROBASE LIMITED,INE117Z01029,NSE_EQ|INE117Z01029,EQ,NORMAL,1,1.0
NATCAPSUQ,NATURAL CAPSULES LIMITED,INE936B01015,NSE_EQ|INE936B01015,EQ,NORMAL,1,1.0
NATCOPHARM,NATCO PHARMA LTD.,INE987B01026,NSE_EQ|INE987B01026,EQ,NORMAL,1,5.0
NATHBIOGEN,NATH BIO-GENES (I) LTD,INE448G01010,NSE_EQ|INE448G01010,EQ,NORMAL,1,1.0
NATIONALUM,NATIONAL ALUMINIUM CO LTD,INE139A01034,NSE_EQ|INE139A01034,EQ,NORMAL,1,5.0
NATIONSTD,NATIONAL STAND (INDIA) L,INE166R01015,NSE_EQ|INE166R01015,EQ,NORMAL,1,1.0
NAUKRI,INFO EDGE (I) LTD,INE663F01032,NSE_EQ|INE663F01032,EQ,NORMAL,1,10.0
NAVA,NAVA LIMITED,INE725A01030,NSE_EQ|INE725A01030,EQ,NORMAL,1,5.0
NAVINFLUOR,NAVIN FLUORINE INT. LTD,INE048G01026,NSE_EQ|INE048G01026,EQ,NORMAL,1,50.0
NAVKARCORP,NAVKAR CORPORATION LTD.,INE278M01019,NSE_EQ|INE278M01019,EQ,NORMAL,1,1.0
NAVKARURB,NAVKAR URBANSTRUCTURE LTD,INE268H01044,NSE_EQ|INE268H01044,BE,NORMAL,1,1.0
NAVNETEDUL,NAVNEET EDUCATION LTD,INE060A01024,NSE_EQ|INE060A01024,EQ,NORMAL,1,1.0
NAZARA,NAZARA TECHNOLOGIES LTD,INE418L01047,NSE_EQ|INE418L01047,EQ,NORMAL,1,5.0
NBCC,NBCC (INDIA) LIMITED,INE095N01031,NSE_EQ|INE095N01031,EQ,NORMAL,1,1.0
NBIFIN,N.B.I. IND. FIN. CO. LTD,INE365I01020,NSE_EQ|INE365I01020,EQ,NORMAL,1,10.0
NCC,NCC LIMITED,INE868B01028,NSE_EQ|INE868B01028,EQ,NORMAL,1,1.0
NCLIND,NCL INDUSTRIES LIMITED,INE732C01016,NSE_EQ|INE732C01016,EQ,NORMAL,1,1.0
NDGL,NAGA DHUNSERI GROUP LTD,INE756C01015,NSE_EQ|INE756C01015,EQ,NORMAL,1,10.0
NDL,NANDAN DENIM LIMITED,INE875G01048,NSE_EQ|INE875G01048,EQ,NORMAL,1,1.0
NDLVENTURE,NDL VENTURES LIMITED,INE353A01023,NSE_EQ|INE353A01023,EQ,NORMAL,1,1.0
NDRAUTO,NDR AUTO COMPONENTS LTD,INE07OG01012,NSE_EQ|INE07OG01012,EQ,NORMAL,1,5.0
NDTV,NDTV LTD,INE155G01029,NSE_EQ|INE155G01029,EQ,NORMAL,1,1.0
NEAGI,NEELAMALAI AGRO INDS. L,INE605D01012,NSE_EQ|INE605D01012,EQ,NORMAL,1,10.0
NECCLTD,NORTH EAST CARRY CORP LTD,INE553C01016,NSE_EQ|INE553C01016,BE,NORMAL,1,1.0
NECLIFE,NECTAR LIFESCIENCES LTD.,INE023H01027,NSE_EQ|INE023H01027,EQ,NORMAL,1,1.0
NEELAM,NEELAM LINENS & GAR (I) L,INE0N1401016,NSE_EQ|INE0N1401016,SM,SME,6000,5.0
NELCAST,NELCAST LIMITED,INE189I01024,NSE_EQ|INE189I01024,EQ,NORMAL,1,1.0
NELCO,NELCO LTD,INE045B01015,NSE_EQ|INE045B01015,EQ,NORMAL,1,10.0
NEOGEN,NEOGEN CHEMICALS LIMITED,INE136S01016,NSE_EQ|INE136S01016,EQ,NORMAL,1,10.0
NEPHROCARE,NEPHRO CARE INDIA LIMITED,INE0SUN01013,NSE_EQ|INE0SUN01013,SM,SME,400,5.0
NEPHROPLUS,NEPHROCARE HEALTH SERV L,INE428V01029,NSE_EQ|INE428V01029,EQ,NORMAL,1,5.0
NEPTUNE,NEPTUNE PETROCHEMICALS L,INE156901014,NSE_EQ|INE156901014,SM,SME,500,5.0
NESCO,NESCO LTD.,INE317F01035,NSE_EQ|INE317F01035,EQ,NORMAL,1,10.0
NESTLEIND,NESTLE INDIA LIMITED,INE239A01024,NSE_EQ|INE239A01024,EQ,NORMAL,1,10.0
NETF,TATAAML - NETF,INF277K015R5,NSE_EQ|INF277K015R5,EQ,NORMAL,1,1.0
NETWEB,NETWEB TECH INDIA LTD,INE0NT901020,NSE_EQ|INE0NT901020,EQ,NORMAL,1,10.0
NETWORK18,NETWORK18 MEDIA & INV LTD,INE870H01013,NSE_EQ|INE870H01013,EQ,NORMAL,1,1.0
NEUEON,NEUEON CORPORATION LTD,INE333I01044,NSE_EQ|INE333I01044,BE,NORMAL,1,1.0
NEULANDLAB,NEULAND LAB LTD.,INE794A01010,NSE_EQ|INE794A01010,EQ,NORMAL,1,100.0
NEWGEN,NEWGEN SOFTWARE TECH LTD,INE619B01017,NSE_EQ|INE619B01017,EQ,NORMAL,1,5.0
NEXT30ADD,DSPAMC - NEXT30ADD,INF740KA1VE5,NSE_EQ|INF740KA1VE5,EQ,NORMAL,1,1.0
NEXT50,MIRAEAMC - MANXT50,INF769K01FN2,NSE_EQ|INF769K01FN2,EQ,NORMAL,1,1.0
NEXT50ADD,DSPAMC - NEXT50ADD,INF740KA1XU7,NSE_EQ|INF740KA1XU7,EQ,NORMAL,1,1.0
NEXT50BETA,UTIAMC-NEXT50BETA,INF789F1AUW9,NSE_EQ|INF789F1AUW9,EQ,NORMAL,1,1.0
NEXT50ETF,KOTAKMAMC - NEXT50ETF,INF174KA1YO3,NSE_EQ|INF174KA1YO3,EQ,NORMAL,1,1.0
NEXT50IETF,ICICIPRAMC - ICICINXT50,INF109KC1NS5,NSE_EQ|INF109KC1NS5,EQ,NORMAL,1,1.0
NEXTMEDIA,NEXT MEDIAWORKS LIMITED,INE747B01016,NSE_EQ|INE747B01016,EQ,NORMAL,1,1.0
NFL,NATIONAL FERT. LTD,INE870D01012,NSE_EQ|INE870D01012,EQ,NORMAL,1,1.0
NFPSAMPOOR,NFP SAMPOORNA FOODS LTD,INE0T1501010,NSE_EQ|INE0T1501010,SM,SME,2000,5.0
NGIL,NAKODA GROUP OF IND. LTD,INE236Y01012,NSE_EQ|INE236Y01012,EQ,NORMAL,1,1.0
NGLFINE,NGL FINE CHEM LIMITED,INE887E01022,NSE_EQ|INE887E01022,EQ,NORMAL,1,10.0
NH,NARAYANA HRUDAYALAYA LTD.,INE410P01011,NSE_EQ|INE410P01011,EQ,NORMAL,1,10.0
NHPC,NHPC LTD,INE848E01016,NSE_EQ|INE848E01016,EQ,NORMAL,1,1.0
NIACL,THE NEW INDIA ASSU CO LTD,INE470Y01017,NSE_EQ|INE470Y01017,EQ,NORMAL,1,1.0
NIBE,NIBE LIMITED,INE149O01018,NSE_EQ|INE149O01018,EQ,NORMAL,1,10.0
NIBL,NRB INDUS. BEARINGS LTD.,INE047O01014,NSE_EQ|INE047O01014,EQ,NORMAL,1,1.0
NICCOPAR,NICCO PARKS & RESORTS LTD,INE653C01022,NSE_EQ|INE653C01022,EQ,NORMAL,1,1.0
NIDAN,NIDAN LABS AND HEALTH LTD,INE0J6L01013,NSE_EQ|INE0J6L01013,SM,SME,1000,5.0
NIF100BEES,NIP IND ETF NIFTY 100,INF204K014N5,NSE_EQ|INF204K014N5,EQ,NORMAL,1,1.0
NIF100IETF,ICICI PRUD NIFTY 100 ETF,INF109KC16V9,NSE_EQ|INF109KC16V9,EQ,NORMAL,1,1.0
NIFTY1,KOTAK NIFTY ETF,INF174K014P6,NSE_EQ|INF174K014P6,EQ,NORMAL,1,1.0
NIFTY100EW,KOTAKMAMC - NIFTY100EW,INF174KA1UW4,NSE_EQ|INF174KA1UW4,EQ,NORMAL,1,1.0
NIFTYADD,DSPAMC - DSPNIFTY,INF740KA1CL0,NSE_EQ|INF740KA1CL0,EQ,NORMAL,1,1.0
NIFTYAXIS,AXISAMC-NIFTYAXIS,INF846K01W98,NSE_EQ|INF846K01W98,EQ,NORMAL,1,1.0
NIFTYBEES,NIP IND ETF NIFTY BEES,INF204KB14I2,NSE_EQ|INF204KB14I2,EQ,NORMAL,1,1.0
NIFTYBETA,UTIAMC-NIFTYBETA,INF789F1AZC0,NSE_EQ|INF789F1AZC0,EQ,NORMAL,1,1.0
NIFTYBETF,BFAM - NIFTYBETF,INF0QA701722,NSE_EQ|INF0QA701722,EQ,NORMAL,1,1.0
NIFTYCASE,ZERODHAAMC - NIFTYCASE,INF0R8F01166,NSE_EQ|INF0R8F01166,EQ,NORMAL,1,1.0
NIFTYETF,MIRAEAMC - MAN50ETF,INF769K01EG9,NSE_EQ|INF769K01EG9,EQ,NORMAL,1,1.0
NIFTYIETF,ICICI PRUD NIFTY ETF,INF109K012R6,NSE_EQ|INF109K012R6,EQ,NORMAL,1,1.0
NIFTYJBLK,JIOBLACKROCKAMC-NIFTYJBLK,INF22M001184,NSE_EQ|INF22M001184,EQ,NORMAL,1,1.0
NIFTYQLITY,BIRLASLAMC - NIFTYQLITY,INF209KB15K4,NSE_EQ|INF209KB15K4,EQ,NORMAL,1,1.0
NIITLTD,NIIT LIMITED,INE161A01038,NSE_EQ|INE161A01038,EQ,NORMAL,1,1.0
NIITMTS,NIIT LEARNING SYSTEMS LTD,INE342G01023,NSE_EQ|INE342G01023,EQ,NORMAL,1,1.0
NIKITA,NIKITA GRENTEC RECYCL LTD,INE0FLF01015,NSE_EQ|INE0FLF01015,SM,SME,1200,5.0
NILAINFRA,NILA INFRASTRUCTURES LTD,INE937C01029,NSE_EQ|INE937C01029,EQ,NORMAL,1,1.0
NILASPACES,NILA SPACES LIMITED,INE00S901012,NSE_EQ|INE00S901012,EQ,NORMAL,1,1.0
NILE,NILE LTD.,INE445D01013,NSE_EQ|INE445D01013,EQ,NORMAL,1,10.0
NILKAMAL,NILKAMAL LIMITED,INE310A01015,NSE_EQ|INE310A01015,EQ,NORMAL,1,10.0
NIMBSPROJ,NIMBUS PROJECTS LIMITED,INE875B01015,NSE_EQ|INE875B01015,EQ,NORMAL,1,1.0
NINSYS,NINTEC SYSTEMS LIMITED,INE395U01014,NSE_EQ|INE395U01014,EQ,NORMAL,1,5.0
NIPPOBATRY,INDO-NATIONAL LIMITED,INE567A01028,NSE_EQ|INE567A01028,EQ,NORMAL,1,5.0
NIRAJ,NIRAJ CEMENT STRUC LTD,INE368I01016,NSE_EQ|INE368I01016,EQ,NORMAL,1,1.0
NIRAJISPAT,NIRAJ ISPAT IND LTD,INE326T01011,NSE_EQ|INE326T01011,EQ,NORMAL,1,1.0
NIRLON,NIRLON LTD,INE910A01012,NSE_EQ|INE910A01012,EQ,NORMAL,1,5.0
NIRMAN,NIRMAN AGRI GENTICS LTD,INE0OK701014,NSE_EQ|INE0OK701014,SM,SME,300,5.0
NITCO,NITCO LIMITED,INE858F01012,NSE_EQ|INE858F01012,EQ,NORMAL,1,1.0
NITINSPIN,NITIN SPINNERS LIMITED,INE229H01012,NSE_EQ|INE229H01012,EQ,NORMAL,1,5.0
NITIRAJ,NITIRAJ ENGINEERS LTD,INE439T01012,NSE_EQ|INE439T01012,EQ,NORMAL,1,1.0
NITTAGELA,NITTA GELATIN INDIA LTD.,INE265B01019,NSE_EQ|INE265B01019,EQ,NORMAL,1,10.0
NIVABUPA,NIVA BUPA HEALTH INS CO L,INE995S01015,NSE_EQ|INE995S01015,EQ,NORMAL,1,1.0
NKIND,NK INDUSTRIES LTD,INE542C01019,NSE_EQ|INE542C01019,EQ,NORMAL,1,1.0
NLCINDIA,NLC INDIA LIMITED,INE589A01014,NSE_EQ|INE589A01014,EQ,NORMAL,1,5.0
NMDC,NMDC LTD.,INE584A01023,NSE_EQ|INE584A01023,EQ,NORMAL,1,1.0
NMSTEEL,NEWMALAYALAM STEEL LTD,INE0TP801012,NSE_EQ|INE0TP801012,SM,SME,1600,5.0
NOCIL,NOCIL LIMITED,INE163A01018,NSE_EQ|INE163A01018,EQ,NORMAL,1,1.0
NOIDATOLL,NOIDA TOLL BRIDGE CO LTD,INE781B01015,NSE_EQ|INE781B01015,EQ,NORMAL,1,1.0
NORBTEAEXP,NORBEN TEA & EXPORTS LTD,INE369C01017,NSE_EQ|INE369C01017,EQ,NORMAL,1,1.0
NORTHARC,NORTHERN ARC CAPITAL LTD,INE850M01015,NSE_EQ|INE850M01015,EQ,NORMAL,1,5.0
NOVAAGRI,NOVA AGRITECH LIMITED,INE02H701025,NSE_EQ|INE02H701025,BE,NORMAL,1,1.0
NOVARTIND,NOVARTIS INDIA LIMITED,INE234A01025,NSE_EQ|INE234A01025,EQ,NORMAL,1,10.0
NPBET,TATAAML - NPBET,INF277K010X4,NSE_EQ|INF277K010X4,EQ,NORMAL,1,1.0
NPST,NETWORK PEOPLE SRV TECH L,INE0FFK01017,NSE_EQ|INE0FFK01017,EQ,NORMAL,1,10.0
NRAIL,N R AGARWAL INDS LTD,INE740D01017,NSE_EQ|INE740D01017,EQ,NORMAL,1,5.0
NRBBEARING,NRB BEARING LIMITED,INE349A01021,NSE_EQ|INE349A01021,EQ,NORMAL,1,5.0
NRL,NUPUR RECYCLERS LIMITED,INE0JM501013,NSE_EQ|INE0JM501013,BE,PCA,1,1.0
NSIL,NALWA SONS INVESTMENT LTD,INE023A01030,NSE_EQ|INE023A01030,EQ,NORMAL,1,50.0
NSLNISP,NMDC STEEL LIMITED,INE0NNS01018,NSE_EQ|INE0NNS01018,EQ,NORMAL,1,1.0
NTCIND,N T C INDUSTRIES LTD.,INE920C01017,NSE_EQ|INE920C01017,EQ,NORMAL,1,1.0
NTPC,NTPC LTD,INE733E01010,NSE_EQ|INE733E01010,EQ,NORMAL,1,5.0
NTPCGREEN,NTPC GREEN ENERGY LIMITED,INE0ONG01011,NSE_EQ|INE0ONG01011,EQ,NORMAL,1,1.0
NUCLEUS,NUCLEUS SOFTWARE EXPORTS,INE096B01018,NSE_EQ|INE096B01018,EQ,NORMAL,1,5.0
NURECA,NURECA LIMITED,INE0DSF01015,NSE_EQ|INE0DSF01015,BE,NORMAL,1,5.0
NUVAMA,NUVAMA WEALTH MANAGE LTD,INE531F01023,NSE_EQ|INE531F01023,EQ,NORMAL,1,10.0
NUVOCO,NUVOCO VISTAS CORP LTD,INE118D01016,NSE_EQ|INE118D01016,EQ,NORMAL,1,5.0
NV20,KOTAKMAMC - KTKNV20ETF,INF174KA1ZE1,NSE_EQ|INF174KA1ZE1,EQ,NORMAL,1,1.0
NV20BEES,NIP IND ETF ETF NV20,INF204KB18I3,NSE_EQ|INF204KB18I3,EQ,NORMAL,1,1.0
NV20IETF,ICICI PRUDENTIAL NV20 ETF,INF109KC11V0,NSE_EQ|INF109KC11V0,EQ,NORMAL,1,1.0
NYKAA,FSN E COMMERCE VENTURES,INE388Y01029,NSE_EQ|INE388Y01029,EQ,NORMAL,1,5.0
OAL,ORIENTAL AROMATICS LTD,INE959C01023,NSE_EQ|INE959C01023,EQ,NORMAL,1,5.0
OBCL,OBCL LIMITED,INE426Z01016,NSE_EQ|INE426Z01016,EQ,NORMAL,1,1.0
OBEROIRLTY,OBEROI REALTY LIMITED,INE093I01010,NSE_EQ|INE093I01010,EQ,NORMAL,1,10.0
OBSCP,OBSC PERFECTION LIMITED,INE0YHV01011,NSE_EQ|INE0YHV01011,SM,SME,400,5.0
OCCLLTD,OCCL LIMITED,INE0PK601023,NSE_EQ|INE0PK601023,BE,NORMAL,1,1.0
ODIGMA,ODIGMA CONSULTANCY SOL L,INE054301028,NSE_EQ|INE054301028,EQ,NORMAL,1,1.0
ODYCORP,ODYSSEY CORPORATION LTD.,INE839E01023,NSE_EQ|INE839E01023,EQ,NORMAL,1,1.0
OFSS,ORACLE FIN SERV SOFT LTD.,INE881D01027,NSE_EQ|INE881D01027,EQ,NORMAL,1,100.0
OIL,OIL INDIA LTD,INE274J01014,NSE_EQ|INE274J01014,EQ,NORMAL,1,5.0
OILCOUNTUB,OIL COUNTRY TUBULAR LTD.,INE591A01010,NSE_EQ|INE591A01010,BE,NORMAL,1,1.0
OILIETF,ICICIPRAMC - OILIETF,INF109KC18W3,NSE_EQ|INF109KC18W3,EQ,NORMAL,1,1.0
OLAELEC,OLA ELECTRIC MOBILITY LTD,INE0LXG01040,NSE_EQ|INE0LXG01040,EQ,NORMAL,1,1.0
OLECTRA,OLECTRA GREENTECH LIMITED,INE260D01016,NSE_EQ|INE260D01016,EQ,NORMAL,1,10.0
OLIL,ONECLICK LOGISTICS IND L,INE0OPS01011,NSE_EQ|INE0OPS01011,SM,SME,400,5.0
OMAXAUTO,OMAX AUTOS LTD,INE090B01011,NSE_EQ|INE090B01011,EQ,NORMAL,1,1.0
OMAXE,OMAXE LIMITED,INE800H01010,NSE_EQ|INE800H01010,EQ,NORMAL,1,1.0
OMFREIGHT,OM FREIGHT FORWARDERS LTD,INE1BZC01019,NSE_EQ|INE1BZC01019,BE,NORMAL,1,1.0
OMFURN,OMFURN INDIA LIMITED,INE338Y01016,NSE_EQ|INE338Y01016,SM,SME,1200,5.0
OMINFRAL,OM INFRA LIMITED,INE239D01028,NSE_EQ|INE239D01028,EQ,NORMAL,1,1.0
OMNI,OMNITECH ENGINEERING LTD,INE0UH301010,NSE_EQ|INE0UH301010,EQ,NORMAL,1,5.0
OMPOWER,OM POWER TRANSMISSION LTD,INE25E901019,NSE_EQ|INE25E901019,EQ,NORMAL,1,1.0
ONDOOR,ON DOOR CONCEPTS LIMITED,INE00ER01015,NSE_EQ|INE00ER01015,SM,SME,300,5.0
ONEGLOBAL,ONE GLOBAL SERVICE PROV L,INE670O01013,NSE_EQ|INE670O01013,EQ,NORMAL,1,5.0
ONELIFECAP,ONELIFE CAP ADVISORS LTD,INE912L01015,NSE_EQ|INE912L01015,BE,NORMAL,1,1.0
ONEPOINT,ONE POINT ONE SOL LTD,INE840Y01029,NSE_EQ|INE840Y01029,EQ,NORMAL,1,1.0
ONESOURCE,ONESOURCE SPECL PHARMA L,INE013P01021,NSE_EQ|INE013P01021,EQ,NORMAL,1,10.0
ONGC,OIL AND NATURAL GAS CORP.,INE213A01029,NSE_EQ|INE213A01029,EQ,NORMAL,1,1.0
ONIDA,ONIDA ELECTRONICS LIMITED,INE831A01028,NSE_EQ|INE831A01028,EQ,NORMAL,1,1.0
ONIXSOLAR,ONIX SOLAR ENERGY LTD.,INE173M01012,NSE_EQ|INE173M01012,EQ,NORMAL,1,5.0
ONMOBILE,ONMOBILE GLOBAL LTD.,INE809I01019,NSE_EQ|INE809I01019,BE,PCA,1,1.0
ONWARDTEC,ONWARD TECHNOLOGIES LTD,INE229A01017,NSE_EQ|INE229A01017,EQ,NORMAL,1,5.0
OPTIEMUS,OPTIEMUS INFRACOM LTD,INE350C01017,NSE_EQ|INE350C01017,EQ,NORMAL,1,5.0
OPTIFIN,OPTIMUS FINANCE LTD.,INE031G01022,NSE_EQ|INE031G01022,EQ,NORMAL,1,1.0
ORBTEXP,ORBIT EXPORTS LIMITED,INE231G01010,NSE_EQ|INE231G01010,BE,NORMAL,1,1.0
ORCHASP,ORCHASP LIMITED,INE215B01022,NSE_EQ|INE215B01022,EQ,NORMAL,1,1.0
ORCHPHARMA,ORCHID PHARMA LIMITED,INE191A01027,NSE_EQ|INE191A01027,EQ,NORMAL,1,5.0
ORIANA,ORIANA POWER LIMITED,INE0OUT01019,NSE_EQ|INE0OUT01019,SM,SME,75,5.0
ORICONENT,ORICON ENTERPRISES LTD,INE730A01022,NSE_EQ|INE730A01022,EQ,NORMAL,1,1.0
ORIENTALTL,ORIENTAL TRIMEX LTD,INE998H01012,NSE_EQ|INE998H01012,EQ,NORMAL,1,1.0
ORIENTBELL,ORIENT BELL LIMITED,INE607D01018,NSE_EQ|INE607D01018,EQ,NORMAL,1,5.0
ORIENTCEM,ORIENT CEMENT LTD.,INE876N01018,NSE_EQ|INE876N01018,EQ,NORMAL,1,1.0
ORIENTCER,ORIENT CERATECH LIMITED,INE569C01020,NSE_EQ|INE569C01020,EQ,NORMAL,1,1.0
ORIENTELEC,ORIENT ELECTRIC LIMITED,INE142Z01019,NSE_EQ|INE142Z01019,EQ,NORMAL,1,1.0
ORIENTHOT,ORIENT HOTELS LTD,INE750A01020,NSE_EQ|INE750A01020,EQ,NORMAL,1,1.0
ORIENTLTD,ORIENT PRESS LIMITED,INE609C01024,NSE_EQ|INE609C01024,BE,NORMAL,1,1.0
ORIENTPPR,ORIENT PAPER AND INDS LTD,INE592A01026,NSE_EQ|INE592A01026,EQ,NORMAL,1,1.0
ORIENTTECH,ORIENT TECHNOLOGIES LTD,INE0PPK01015,NSE_EQ|INE0PPK01015,EQ,NORMAL,1,5.0
ORIRAIL,ORIENTAL RAIL INFRA L,INE457G01029,NSE_EQ|INE457G01029,EQ,NORMAL,1,1.0
ORISSAMINE,ORISSA MIN DEV CO LTD,INE725E01024,NSE_EQ|INE725E01024,EQ,NORMAL,1,10.0
ORKLAINDIA,ORKLA INDIA LIMITED,INE16NZ01023,NSE_EQ|INE16NZ01023,EQ,NORMAL,1,5.0
ORTEL,ORTEL COMMUNICATIONS LTD,INE849L01019,NSE_EQ|INE849L01019,BZ,NORMAL,1,1.0
ORTINGLOBE,ORTIN GLOBAL LIMITED,INE749B01020,NSE_EQ|INE749B01020,EQ,NORMAL,1,1.0
OSELDEVICE,OSEL DEVICES LIMITED,INE0RMF01018,NSE_EQ|INE0RMF01018,SM,SME,200,5.0
OSIAHYPER,OSIA HYPER RETAIL LIMITED,INE06IR01021,NSE_EQ|INE06IR01021,BE,NORMAL,1,1.0
OSWALAGRO,OSWAL AGRO MILLS LTD,INE142A01012,NSE_EQ|INE142A01012,EQ,NORMAL,1,1.0
OSWALGREEN,OSWAL GREENTECH LIMITED,INE143A01010,NSE_EQ|INE143A01010,EQ,NORMAL,1,1.0
OSWALPUMPS,OSWAL PUMPS LIMITED,INE0BYP01024,NSE_EQ|INE0BYP01024,EQ,NORMAL,1,5.0
OSWALSEEDS,SHREEOSWAL S AND CHE LTD,INE00IK01029,NSE_EQ|INE00IK01029,EQ,NORMAL,1,1.0
PACEDIGITK,PACE DIGITEK LIMITED,INE0S3G01027,NSE_EQ|INE0S3G01027,EQ,NORMAL,1,1.0
PACIFICI,PACIFIC INDUSTRIES LTD.,INE883C01025,NSE_EQ|INE883C01025,EQ,NORMAL,1,1.0
PAGEIND,PAGE INDUSTRIES LTD,INE761H01022,NSE_EQ|INE761H01022,EQ,NORMAL,1,500.0
PAISALO,PAISALO DIGITAL LIMITED,INE420C01059,NSE_EQ|INE420C01059,EQ,NORMAL,1,1.0
PAKKA,PAKKA LIMITED,INE551D01018,NSE_EQ|INE551D01018,EQ,NORMAL,1,1.0
PALASHSECU,PALASH SECURITIES LTD,INE471W01019,NSE_EQ|INE471W01019,EQ,NORMAL,1,1.0
PALREDTEC,PALRED TECHNOLOGIES LTD,INE218G01033,NSE_EQ|INE218G01033,BE,NORMAL,1,1.0
PANACEABIO,PANACEA BIOTEC LTD,INE922B01023,NSE_EQ|INE922B01023,EQ,NORMAL,1,5.0
PANACHE,PANACHE DIGILIFE LIMITED,INE895W01019,NSE_EQ|INE895W01019,BE,NORMAL,1,5.0
PANAMAPET,PANAMA PETROCHEM LTD,INE305C01029,NSE_EQ|INE305C01029,EQ,NORMAL,1,5.0
PANCHMAHQ,PANCHMAHAL STEEL LTD.,INE798F01010,NSE_EQ|INE798F01010,EQ,NORMAL,1,5.0
PANORAMA,PANORAMA STUDIOS INTL. L,INE258R01028,NSE_EQ|INE258R01028,EQ,NORMAL,1,1.0
PANSARI,PANSARI DEVELOPERS LTD,INE697V01011,NSE_EQ|INE697V01011,EQ,NORMAL,1,5.0
PAR,PAR DRUGS AND CHEM LTD,INE04LG01015,NSE_EQ|INE04LG01015,EQ,NORMAL,1,1.0
PARACABLES,PARAMOUNT COMM LTD,INE074B01023,NSE_EQ|INE074B01023,EQ,NORMAL,1,1.0
PARADEEP,PARADEEP PHOSPHATES LTD,INE088F01024,NSE_EQ|INE088F01024,EQ,NORMAL,1,1.0
PARAGMILK,PARAG MILK FOODS LTD.,INE883N01014,NSE_EQ|INE883N01014,EQ,NORMAL,1,1.0
PARAGON,PARAGON FINE S.C. LTD.,INE0N4G01012,NSE_EQ|INE0N4G01012,SM,SME,1200,5.0
PARAMATRIX,PARAMATRIX TECHNOLOGIES L,INE0S2W01018,NSE_EQ|INE0S2W01018,SM,SME,1200,5.0
PARAMOUNT,PARAMOUNT DYE TEC LIMITED,INE0TG801013,NSE_EQ|INE0TG801013,SM,SME,1200,5.0
PARAMPARA,PARAMPARA DAIRY DLGHT LTD,INE749Y01014,NSE_EQ|INE749Y01014,SM,SME,8000,5.0
PARAS,PARAS DEF AND SPCE TECH L,INE045601023,NSE_EQ|INE045601023,EQ,NORMAL,1,10.0
PARASPETRO,PARAS PETROFILS LTD.,INE162C01024,NSE_EQ|INE162C01024,EQ,NORMAL,1,1.0
PARIN,PARIN ENTERPRISES LIMITED,INE00U801010,NSE_EQ|INE00U801010,SM,SME,250,5.0
PARKHOSPS,PARK MEDI WORLD LIMITED,INE119201023,NSE_EQ|INE119201023,EQ,NORMAL,1,5.0
PARKHOTELS,PARKHOTELS,INE988S01028,NSE_EQ|INE988S01028,EQ,NORMAL,1,1.0
PARNAXLAB,PARNAX LAB LTD.,INE383L01019,NSE_EQ|INE383L01019,EQ,NORMAL,1,1.0
PARSVNATH,PARSVNATH DEVELOPER LTD,INE561H01026,NSE_EQ|INE561H01026,BE,NORMAL,1,1.0
PARTH,PARTH ELEC & ENG LTD,INE1H7V01011,NSE_EQ|INE1H7V01011,SM,SME,400,5.0
PARTYCRUS,PARTY CRUISERS LIMITED,INE06ZX01015,NSE_EQ|INE06ZX01015,SM,SME,1000,5.0
PASHUPATI,PASHUPATI COTSPIN LIMITED,INE124Y01028,NSE_EQ|INE124Y01028,EQ,NORMAL,1,1.0
PASUPTAC,PASUPATI ACRYLON LIMITED,INE818B01023,NSE_EQ|INE818B01023,BE,NORMAL,1,1.0
PATANJALI,PATANJALI FOODS LIMITED,INE619A01035,NSE_EQ|INE619A01035,EQ,NORMAL,1,5.0
PATELENG,PATEL ENGINEERING LTD.,INE244B01030,NSE_EQ|INE244B01030,EQ,NORMAL,1,1.0
PATELRMART,PATEL RETAIL LIMITED,INE0R8B01010,NSE_EQ|INE0R8B01010,EQ,NORMAL,1,1.0
PATILAUTOM,PATIL AUTOMATION LIMITED,INE17GV01016,NSE_EQ|INE17GV01016,SM,SME,600,5.0
PATINTLOG,PATEL INT. LOG. LTD,INE529D01014,NSE_EQ|INE529D01014,BE,NORMAL,1,1.0
PATTECH,PATTECH FITWELL TUB COM L,INE0NZW01014,NSE_EQ|INE0NZW01014,SM,SME,1500,5.0
PAUSHAKLTD,PAUSHAK LIMITED,INE111F01024,NSE_EQ|INE111F01024,EQ,NORMAL,1,5.0
PAVNAIND,PAVNA INDUSTRIES LIMITED,INE07S101038,NSE_EQ|INE07S101038,EQ,NORMAL,1,1.0
PAYTM,ONE 97 COMMUNICATIONS LTD,INE982J01020,NSE_EQ|INE982J01020,EQ,NORMAL,1,10.0
PBMPOLY,P B M POLYTEX LTD.,INE501F01018,NSE_EQ|INE501F01018,EQ,NORMAL,1,1.0
PCBL,PCBL CHEMICAL LIMITED,INE602A01031,NSE_EQ|INE602A01031,EQ,NORMAL,1,5.0
PCCL,PETRO CARBON AND CHEMI L,INE998U01015,NSE_EQ|INE998U01015,SM,SME,400,5.0
PCJEWELLER,PC JEWELLER LTD,INE785M01021,NSE_EQ|INE785M01021,EQ,NORMAL,1,1.0
PDMJEPAPER,PUDUMJEE PAPER PRO. LTD,INE865T01018,NSE_EQ|INE865T01018,EQ,NORMAL,1,1.0
PDSL,PDS LIMITED,INE111Q01021,NSE_EQ|INE111Q01021,EQ,NORMAL,1,5.0
PEARLPOLY,PEARL POLYMERS LTD,INE844A01013,NSE_EQ|INE844A01013,EQ,NORMAL,1,1.0
PELATRO,PELATRO LIMITED,INE0VG601013,NSE_EQ|INE0VG601013,SM,SME,300,5.0
PENIND,PENNAR INDUSTRIES LTD,INE932A01024,NSE_EQ|INE932A01024,EQ,NORMAL,1,1.0
PENINLAND,PENINSULA LAND LIMITED,INE138A01028,NSE_EQ|INE138A01028,BE,PCA,1,1.0
PENTAGON,PENTAGON RUBBER LIMITED,INE0ORS01017,NSE_EQ|INE0ORS01017,SM,SME,1000,5.0
PERMAGN,PERMANENT MAGNETS LTD.,INE418E01018,NSE_EQ|INE418E01018,EQ,NORMAL,1,5.0
PERSISTENT,PERSISTENT SYSTEMS LTD,INE262H01021,NSE_EQ|INE262H01021,EQ,NORMAL,1,50.0
PETRONET,PETRONET LNG LIMITED,INE347G01014,NSE_EQ|INE347G01014,EQ,NORMAL,1,5.0
PFC,POWER FIN CORP LTD.,INE134E01011,NSE_EQ|INE134E01011,EQ,NORMAL,1,5.0
PFIZER,PFIZER LTD,INE182A01018,NSE_EQ|INE182A01018,EQ,NORMAL,1,10.0
PFOCUS,PRIME FOCUS LIMITED,INE367G01038,NSE_EQ|INE367G01038,EQ,NORMAL,1,5.0
PFS,PTC INDIA FIN SERV LTD,INE560K01014,NSE_EQ|INE560K01014,EQ,NORMAL,1,1.0
PGEL,PG ELECTROPLAST LTD,INE457L01029,NSE_EQ|INE457L01029,EQ,NORMAL,1,5.0
PGHH,P&G HYGIENE & HEALTH CARE,INE179A01014,NSE_EQ|INE179A01014,EQ,NORMAL,1,50.0
PGHL,PROCTER & GAMBLE HEALTH L,INE199A01012,NSE_EQ|INE199A01012,EQ,NORMAL,1,50.0
PGIL,PEARL GLOBAL IND LIMITED,INE940H01022,NSE_EQ|INE940H01022,EQ,NORMAL,1,10.0
PHANTOMFX,PHANTOM DIGITAL EFF LTD,INE0MLZ01019,NSE_EQ|INE0MLZ01019,SM,SME,300,5.0
PHARMABEES,NIPPONAMC - NETFPHARMA,INF204KC1089,NSE_EQ|INF204KC1089,EQ,NORMAL,1,1.0
PHOENIXLTD,THE PHOENIX MILLS LTD,INE211B01039,NSE_EQ|INE211B01039,EQ,NORMAL,1,10.0
PHOENXINTL,PHOENIX INTERNATIONAL LTD,INE245B01011,NSE_EQ|INE245B01011,EQ,NORMAL,1,1.0
PHOGLOBAL,PHOENIX OVERSEAS LIMITED,INE0FPO01018,NSE_EQ|INE0FPO01018,SM,SME,2000,5.0
PICCADIL,PICCADILY AGRO INDUSTRI L,INE546C01010,NSE_EQ|INE546C01010,EQ,NORMAL,1,5.0
PIDILITIND,PIDILITE INDUSTRIES LTD,INE318A01026,NSE_EQ|INE318A01026,EQ,NORMAL,1,10.0
PIGL,POWER INSTRUMENT (G) LTD,INE557Z01018,NSE_EQ|INE557Z01018,EQ,NORMAL,1,1.0
PIIND,PI INDUSTRIES LTD,INE603J01030,NSE_EQ|INE603J01030,EQ,NORMAL,1,10.0
PILANIINVS,PILANI INV & IND COR LTD,INE417C01014,NSE_EQ|INE417C01014,EQ,NORMAL,1,10.0
PILITA,PIL ITALICA LIFESTYLE LTD,INE600A01035,NSE_EQ|INE600A01035,EQ,NORMAL,1,1.0
PINELABS,PINE LABS LIMITED,INE15B701018,NSE_EQ|INE15B701018,EQ,NORMAL,1,1.0
PIONEEREMB,PIONEER EMBROIDERIES LTD,INE156C01018,NSE_EQ|INE156C01018,EQ,NORMAL,1,1.0
PIONRINV,PIONEER INVESTCORP LTD.,INE746D01014,NSE_EQ|INE746D01014,BE,NORMAL,1,1.0
PIRAMALFIN,PIRAMAL FINANCE LIMITED,INE202B01038,NSE_EQ|INE202B01038,EQ,NORMAL,1,10.0
PITTIENG,PITTI ENGINEERING LIMITED,INE450D01021,NSE_EQ|INE450D01021,EQ,NORMAL,1,5.0
PIXTRANS,PIX TRANSMISSIONS LIMITED,INE751B01018,NSE_EQ|INE751B01018,EQ,NORMAL,1,10.0
PKTEA,THE P K TEA PROD CO LTD,INE431F01018,NSE_EQ|INE431F01018,EQ,NORMAL,1,5.0
PLADAINFO,PLADA INFOTECH SERVICES L,INE0PXD01014,NSE_EQ|INE0PXD01014,SM,SME,3000,5.0
PLASTIBLEN,PLASTIBLENDS INDIA LTD,INE083C01022,NSE_EQ|INE083C01022,EQ,NORMAL,1,1.0
PLATIND,PLATINUM INDUSTRIES LTD,INE0PT501018,NSE_EQ|INE0PT501018,EQ,NORMAL,1,1.0
PLAZACABLE,PLAZA WIRES LIMITED,INE0INJ01017,NSE_EQ|INE0INJ01017,EQ,NORMAL,1,1.0
PML,PAUL MERCHANTS LTD.,INE291E01019,NSE_EQ|INE291E01019,EQ,NORMAL,1,5.0
PNB,PUNJAB NATIONAL BANK,INE160A01022,NSE_EQ|INE160A01022,EQ,NORMAL,1,1.0
PNBGILTS,PNB GILTS LIMITED,INE859A01011,NSE_EQ|INE859A01011,EQ,NORMAL,1,1.0
PNBHOUSING,PNB HOUSING FIN LTD.,INE572E01012,NSE_EQ|INE572E01012,EQ,NORMAL,1,10.0
PNC,PRITISH NANDY COMMUNICATI,INE392B01011,NSE_EQ|INE392B01011,EQ,NORMAL,1,1.0
PNCINFRA,PNC INFRATECH LTD.,INE195J01029,NSE_EQ|INE195J01029,EQ,NORMAL,1,1.0
PNGJL,P N GADGIL JEWELLERS LTD,INE953R01016,NSE_EQ|INE953R01016,EQ,NORMAL,1,5.0
PNGSREVA,PNGS REVA DIAMOND JEWEL L,INE1RDG01013,NSE_EQ|INE1RDG01013,EQ,NORMAL,1,5.0
POCL,PONDY OXIDES & CHEM LTD,INE063E01061,NSE_EQ|INE063E01061,EQ,NORMAL,1,5.0
PODDARMENT,PODDAR PIGMENTS LIMITED,INE371C01013,NSE_EQ|INE371C01013,EQ,NORMAL,1,5.0
POEL,P O C L ENTERPRISES LTD.,INE035S01028,NSE_EQ|INE035S01028,EQ,NORMAL,1,1.0
POKARNA,POKARNA LIMITED,INE637C01025,NSE_EQ|INE637C01025,EQ,NORMAL,1,5.0
POLICYBZR,PB FINTECH LIMITED,INE417T01026,NSE_EQ|INE417T01026,EQ,NORMAL,1,10.0
POLYCAB,POLYCAB INDIA LIMITED,INE455K01017,NSE_EQ|INE455K01017,EQ,NORMAL,1,50.0
POLYMED,POLY MEDICURE LIMITED,INE205C01021,NSE_EQ|INE205C01021,EQ,NORMAL,1,10.0
POLYPLEX,POLYPLEX CORPORATION LTD,INE633B01018,NSE_EQ|INE633B01018,EQ,NORMAL,1,10.0
POLYSIL,POLYSIL IRRIGATION SYST L,INE517M01028,NSE_EQ|INE517M01028,SM,SME,500,5.0
POLYSPIN,POLYSPIN EXPORTS LTD.,INE914G01029,NSE_EQ|INE914G01029,EQ,NORMAL,1,1.0
PONNIERODE,PONNIE SUGARS (ERODE) LTD,INE838E01017,NSE_EQ|INE838E01017,EQ,NORMAL,1,5.0
POONAWALLA,POONAWALLA FINCORP LTD,INE511C01022,NSE_EQ|INE511C01022,EQ,NORMAL,1,5.0
POSITRON,POSITRON ENERGY LIMITED,INE0S3H01017,NSE_EQ|INE0S3H01017,SM,SME,300,5.0
POWERGRID,POWER GRID CORP. LTD.,INE752E01010,NSE_EQ|INE752E01010,EQ,NORMAL,1,5.0
POWERICA,POWERICA LIMITED,INE921L01032,NSE_EQ|INE921L01032,EQ,NORMAL,1,5.0
POWERINDIA,HITACHI ENERGY INDIA LTD,INE07Y701011,NSE_EQ|INE07Y701011,EQ,NORMAL,1,500.0
POWERMECH,POWER MECH PROJECTS LTD.,INE211R01019,NSE_EQ|INE211R01019,EQ,NORMAL,1,10.0
PPAP,PPAP AUTOMOTIVE LIMITED,INE095I01015,NSE_EQ|INE095I01015,BE,NORMAL,1,5.0
PPL,PRAKASH PIPES LIMITED,INE050001010,NSE_EQ|INE050001010,BE,NORMAL,1,5.0
PPLPHARMA,PIRAMAL PHARMA LIMITED,INE0DK501011,NSE_EQ|INE0DK501011,EQ,NORMAL,1,1.0
PPSL,PICTUREPOST STUDIOS LTD,INE0YAL01017,NSE_EQ|INE0YAL01017,SM,SME,3000,5.0
PRABHA,PRABHA ENERGY LIMITED,INE0I0M01023,NSE_EQ|INE0I0M01023,EQ,NORMAL,1,1.0
PRADPME,PRADEEP METALS LTD.,INE770A01010,NSE_EQ|INE770A01010,BE,NORMAL,1,5.0
PRAENG,PRAJAY ENG. SYN. LTD.,INE505C01016,NSE_EQ|INE505C01016,EQ,NORMAL,1,1.0
PRAJIND,PRAJ INDUSTRIES LTD,INE074A01025,NSE_EQ|INE074A01025,EQ,NORMAL,1,5.0
PRAKASH,PRAKASH INDUSTRIES LTD,INE603A01013,NSE_EQ|INE603A01013,EQ,NORMAL,1,1.0
PRAKASHSTL,PRAKASH STEELAGE LTD,INE696K01024,NSE_EQ|INE696K01024,EQ,NORMAL,1,1.0
PRAMARA,PRAMARA PROMOTIONS LTD,INE0O7A01017,NSE_EQ|INE0O7A01017,SM,SME,500,5.0
PRANIK,PRANIK LOGISTICS LIMITED,INE0VJG01014,NSE_EQ|INE0VJG01014,SM,SME,1600,5.0
PRATHAM,PRATHAM EPC PROJECTS LTD,INE0QA601016,NSE_EQ|INE0QA601016,SM,SME,400,5.0
PRAVEG,PRAVEG LTD.,INE722B01019,NSE_EQ|INE722B01019,EQ,NORMAL,1,5.0
PRAXIS,PRAXIS HOME RETAIL LTD,INE546Y01022,NSE_EQ|INE546Y01022,EQ,NORMAL,1,1.0
PRECAM,PRECISION CAMSHAFTS LTD.,INE484I01029,NSE_EQ|INE484I01029,EQ,NORMAL,1,1.0
PRECOT,PRECOT LIMITED,INE283A01014,NSE_EQ|INE283A01014,EQ,NORMAL,1,5.0
PRECWIRE,PRECISION WIRES INDIA LTD,INE372C01037,NSE_EQ|INE372C01037,EQ,NORMAL,1,5.0
PREMCO,PREMCO GLOBAL LTD.,INE001E01012,NSE_EQ|INE001E01012,EQ,NORMAL,1,5.0
PREMEXPLN,PREMIER EXPLOSIVES LTD,INE863B01029,NSE_EQ|INE863B01029,EQ,NORMAL,1,5.0
PREMIER,PREMIER LIMITED,INE342A01018,NSE_EQ|INE342A01018,BE,NORMAL,1,1.0
PREMIERENE,PREMIER ENERGIES LIMITED,INE0BS701011,NSE_EQ|INE0BS701011,EQ,NORMAL,1,10.0
PREMIERPOL,PREMIER POLYFILM LTD,INE309M01020,NSE_EQ|INE309M01020,EQ,NORMAL,1,1.0
PREMIUM,PREMIUM PLAST LIMITED,INE0M1F01011,NSE_EQ|INE0M1F01011,SM,SME,3000,5.0
PRESSTONIC,PRESSTONIC ENGINEERING L,INE0R1601012,NSE_EQ|INE0R1601012,SM,SME,800,5.0
PRESTIGE,PRESTIGE ESTATE LTD,INE811K01011,NSE_EQ|INE811K01011,EQ,NORMAL,1,10.0
PRICOLLTD,PRICOL LIMITED,INE726V01018,NSE_EQ|INE726V01018,EQ,NORMAL,1,5.0
PRIMESECU,PRIME SECURITIES LIMITED,INE032B01021,NSE_EQ|INE032B01021,EQ,NORMAL,1,5.0
PRIMO,PRIMO CHEMICALS LIMITED,INE607A01022,NSE_EQ|INE607A01022,EQ,NORMAL,1,1.0
PRINCEPIPE,PRINCE PIPES FITTINGS LTD,INE689W01016,NSE_EQ|INE689W01016,EQ,NORMAL,1,5.0
PRISMX,PRISMX GLOBAL VENTURES L,INE286N01028,NSE_EQ|INE286N01028,EQ,NORMAL,1,1.0
PRITI,PRITI INTERNATIONAL LTD,INE974Z01015,NSE_EQ|INE974Z01015,BE,NORMAL,1,1.0
PRITIKA,PRITIKA ENG COMPO LTD,INE0MJQ01020,NSE_EQ|INE0MJQ01020,SM,SME,2000,5.0
PRITIKAUTO,PRITIKA AUTO INDUS LTD,INE583R01029,NSE_EQ|INE583R01029,BE,NORMAL,1,1.0
PRIVISCL,PRIVI SPECIALITY CHE LTD,INE959A01019,NSE_EQ|INE959A01019,EQ,NORMAL,1,10.0
PRLIND,PREMIER ROADLINES LIMITED,INE0CFG01012,NSE_EQ|INE0CFG01012,SM,SME,1000,5.0
PROFX,PRO FX TECH LIMITED,INE0VJT01017,NSE_EQ|INE0VJT01017,SM,SME,1600,5.0
PROLIFE,PROLIFE INDUSTRIES LTD,INE994V01012,NSE_EQ|INE994V01012,SM,SME,500,5.0
PROPEQUITY,P. E. ANALYTICS LIMITED,INE0KN801013,NSE_EQ|INE0KN801013,SM,SME,600,5.0
PROPSHOP,PROPSHOP EVENTS AND EXH L,INE1FFX01018,NSE_EQ|INE1FFX01018,SM,SME,2000,5.0
PROSTARM,PROSTARM INFO SYSTEMS LTD,INE0BX301013,NSE_EQ|INE0BX301013,EQ,NORMAL,1,1.0
PROTEAN,PROTEAN EGOV TECHNO LTD,INE004A01022,NSE_EQ|INE004A01022,EQ,NORMAL,1,5.0
PROV,PROVENTUS AGROCOM LIMITED,INE0ONE01016,NSE_EQ|INE0ONE01016,SM,SME,80,5.0
PROZONER,PROZONE REALTY LIMITED,INE195N01013,NSE_EQ|INE195N01013,EQ,NORMAL,1,1.0
PRSMJOHNSN,PRISM JOHNSON LIMITED,INE010A01011,NSE_EQ|INE010A01011,EQ,NORMAL,1,1.0
PRUDENT,PRUDENT CORP ADV SER LTD,INE00F201020,NSE_EQ|INE00F201020,EQ,NORMAL,1,10.0
PRUDMOULI,PRUDENTIAL SUGAR CORPORAT,INE024D01016,NSE_EQ|INE024D01016,BE,NORMAL,1,1.0
PSB,PUNJAB & SIND BANK,INE608A01012,NSE_EQ|INE608A01012,EQ,NORMAL,1,1.0
PSFL,PARAMOUNT SPECIALI FORG L,INE0Q6001012,NSE_EQ|INE0Q6001012,SM,SME,2000,5.0
PSPPROJECT,PSP PROJECTS LIMITED,INE488V01015,NSE_EQ|INE488V01015,EQ,NORMAL,1,5.0
PSUBANK,KOTAK PSU BANK,INF174KA1A86,NSE_EQ|INF174KA1A86,EQ,NORMAL,1,1.0
PSUBANKADD,DSPAMC - DSPPSBKETF,INF740KA1SY9,NSE_EQ|INF740KA1SY9,EQ,NORMAL,1,1.0
PSUBNKBEES,NIP IND ETF PSU BANK BEES,INF204KB16I7,NSE_EQ|INF204KB16I7,EQ,NORMAL,1,1.0
PSUBNKIETF,ICICIPRAMC - PSUBANKICI,INF109KC10S8,NSE_EQ|INF109KC10S8,EQ,NORMAL,1,1.0
PTC,PTC INDIA LIMITED,INE877F01012,NSE_EQ|INE877F01012,EQ,NORMAL,1,1.0
PTCIL,PTC INDUSTRIES LIMITED,INE596F01018,NSE_EQ|INE596F01018,EQ,NORMAL,1,100.0
PTL,PTL ENTERPRISES LTD,INE034D01049,NSE_EQ|INE034D01049,EQ,NORMAL,1,1.0
PULZ,PULZ ELECTRONICS LIMITED,INE335X01014,NSE_EQ|INE335X01014,SM,SME,2000,5.0
PUNJABCHEM,PUNJAB CHEM & CROP PROT L,INE277B01014,NSE_EQ|INE277B01014,EQ,NORMAL,1,10.0
PURVA,PURAVANKARA LIMITED,INE323I01011,NSE_EQ|INE323I01011,EQ,NORMAL,1,1.0
PURVFLEXI,PURV FLEXIPACK LIMITED,INE0R6C01012,NSE_EQ|INE0R6C01012,SM,SME,800,5.0
PUSHPA,PUSHPA JEWELLERS LIMITED,INE154801018,NSE_EQ|INE154801018,SM,SME,1000,5.0
PVP,PVP VENTURES LIMITED,INE362A01016,NSE_EQ|INE362A01016,EQ,NORMAL,1,1.0
PVRINOX,PVR INOX LIMITED,INE191H01014,NSE_EQ|INE191H01014,EQ,NORMAL,1,10.0
PVSL,POPULAR VEHICLES N SER L,INE772T01024,NSE_EQ|INE772T01024,EQ,NORMAL,1,1.0
PVTBANIETF,ICICIPRAMC - ICICIBANKP,INF109KC18U7,NSE_EQ|INF109KC18U7,EQ,NORMAL,1,1.0
PVTBANK,KOTAKMAMC - PVTBANK,INF174KA1A94,NSE_EQ|INF174KA1A94,EQ,NORMAL,1,1.0
PVTBANKADD,DSPAMC - DSPPVBKETF,INF740KA1TA7,NSE_EQ|INF740KA1TA7,EQ,NORMAL,1,1.0
PVTBKGROWW,GROWWAMC - PVTBKGROWW,INF666M01OT5,NSE_EQ|INF666M01OT5,EQ,NORMAL,1,1.0
PWL,PHYSICSWALLAH LIMITED,INE0LP301011,NSE_EQ|INE0LP301011,EQ,NORMAL,1,1.0
PYRAMID,PYRAMID TECHNOPLAST LTD,INE0MIS01010,NSE_EQ|INE0MIS01010,EQ,NORMAL,1,1.0
QFIL,QUALITY FOILS (INDIA) LTD,INE0O1M01015,NSE_EQ|INE0O1M01015,SM,SME,1000,5.0
QGOLDHALF,QUANTUM GOLD ETF,INF082J01408,NSE_EQ|INF082J01408,EQ,NORMAL,1,1.0
QLINE,Q-LINE BIOTECH LIMITED,INE1G2W01011,NSE_EQ|INE1G2W01011,SM,SME,400,5.0
QMSMEDI,QMS MEDICAL ALLIED S LTD,INE0FMW01018,NSE_EQ|INE0FMW01018,BE,NORMAL,1,1.0
QNIFTY,QUANTUM NIFTY 50 ETF,INF082J01499,NSE_EQ|INF082J01499,EQ,NORMAL,1,1.0
QPOWER,QUALITY POWER ELEC EQUP L,INE0SII01026,NSE_EQ|INE0SII01026,EQ,NORMAL,1,10.0
QUADFUTURE,QUADRANT FUTURE TEK LTD,INE0LRY01011,NSE_EQ|INE0LRY01011,EQ,NORMAL,1,5.0
QUADPRO,QUADPRO ITES LIMITED,INE0GOJ01027,NSE_EQ|INE0GOJ01027,SM,SME,12000,5.0
QUAL30IETF,ICICIPRAMC - ICICIQTY30,INF109KC18V5,NSE_EQ|INF109KC18V5,EQ,NORMAL,1,1.0
QUALITY30,KOTAKMAMC - QUALITY30,INF174KA1WT6,NSE_EQ|INF174KA1WT6,EQ,NORMAL,1,1.0
QUESS,QUESS CORP LIMITED,INE615P01015,NSE_EQ|INE615P01015,EQ,NORMAL,1,5.0
QUESTLAB,QUEST LABORATORIES LTD,INE0TNW01017,NSE_EQ|INE0TNW01017,SM,SME,1200,5.0
QUICKHEAL,QUICK HEAL TECH LTD,INE306L01010,NSE_EQ|INE306L01010,BE,NORMAL,1,1.0
QUICKTOUCH,QUICKTOUCH TECHNOLOGIES L,INE0K4D01020,NSE_EQ|INE0K4D01020,SM,SME,500,5.0
QUINT,QUINT DIGITAL LTD.,INE641R01017,NSE_EQ|INE641R01017,EQ,NORMAL,1,1.0
QUINTEGRA,QUINTEGRA SOLUTIONS LTD.,INE033B01011,NSE_EQ|INE033B01011,BE,NORMAL,1,1.0
QVCEL,QVC EXPORTS LIMITED,INE0KZF01015,NSE_EQ|INE0KZF01015,SM,SME,1600,5.0
RACE,RACE ECO CHAIN LIMITED,INE084Q01012,NSE_EQ|INE084Q01012,EQ,NORMAL,1,1.0
RACLGEAR,RACL GEARTECH LIMITED,INE704B01017,NSE_EQ|INE704B01017,EQ,NORMAL,1,10.0
RADAAN,RADAAN MEDIAWORKS (I) LTD,INE874F01027,NSE_EQ|INE874F01027,EQ,NORMAL,1,1.0
RADHIKAJWE,RADHIKA JEWELTECH LIMITED,INE583V01021,NSE_EQ|INE583V01021,EQ,NORMAL,1,1.0
RADIANTCMS,RADIANT CASH MGMT SER LTD,INE855R01021,NSE_EQ|INE855R01021,EQ,NORMAL,1,1.0
RADICO,RADICO KHAITAN LTD,INE944F01028,NSE_EQ|INE944F01028,EQ,NORMAL,1,10.0
RADIOCITY,MUSIC BROADCAST LIMITED,INE919I01024,NSE_EQ|INE919I01024,EQ,NORMAL,1,1.0
RAILTEL,RAILTEL CORP OF IND LTD,INE0DD101019,NSE_EQ|INE0DD101019,EQ,NORMAL,1,5.0
RAIN,RAIN INDUSTRIES LIMITED,INE855B01025,NSE_EQ|INE855B01025,EQ,NORMAL,1,1.0
RAINBOW,RAINBOW CHILDRENS MED LTD,INE961O01016,NSE_EQ|INE961O01016,EQ,NORMAL,1,10.0
RAJESHEXPO,RAJESH EXPORTS LTD,INE343B01030,NSE_EQ|INE343B01030,BZ,NORMAL,1,1.0
RAJINDLTD,RAJPUTANA INDUSTRIES LTD,INE0PCU01012,NSE_EQ|INE0PCU01012,SM,SME,1500,5.0
RAJMET,RAJNANDINI METAL LIMITED,INE00KV01022,NSE_EQ|INE00KV01022,EQ,NORMAL,1,1.0
RAJOOENG,RAJOO ENGINEERS LIMITED,INE535F01024,NSE_EQ|INE535F01024,BE,NORMAL,1,1.0
RAJPALAYAM,RAJAPALAYAM MILLS LTD.,INE296E01026,NSE_EQ|INE296E01026,EQ,NORMAL,1,5.0
RAJPUTANA,RAJPUTANA BIODIESEL LTD,INE0VHU01019,NSE_EQ|INE0VHU01019,SM,SME,500,5.0
RAJRATAN,RAJRATAN GLOBAL WIRE LTD,INE451D01029,NSE_EQ|INE451D01029,EQ,NORMAL,1,5.0
RAJRILTD,RAJ RAYON INDUSTRIES LTD,INE533D01032,NSE_EQ|INE533D01032,BE,NORMAL,1,1.0
RAJSREESUG,RAJSHREE SUGAR & CHEMICAL,INE562B01019,NSE_EQ|INE562B01019,EQ,NORMAL,1,1.0
RAJTV,RAJ TV NETWORK LTD,INE952H01027,NSE_EQ|INE952H01027,EQ,NORMAL,1,1.0
RAJVIR,RAJVIR INDUSTRIES LIMITED,INE011H01014,NSE_EQ|INE011H01014,BZ,NORMAL,1,1.0
RALLIS,RALLIS INDIA LTD,INE613A01020,NSE_EQ|INE613A01020,EQ,NORMAL,1,1.0
RAMANEWS,SHREE RAMA NEWSPRINT LTD,INE278B01020,NSE_EQ|INE278B01020,EQ,NORMAL,1,1.0
RAMAPHO,RAMA PHOSPHATES LIMITED,INE809A01032,NSE_EQ|INE809A01032,EQ,NORMAL,1,1.0
RAMASTEEL,RAMA STEEL TUBES LIMITED,INE230R01035,NSE_EQ|INE230R01035,BE,PCA,1,1.0
RAMBHAJO,ADVIT JEWELS LIMITED,INE1SJO01012,NSE_EQ|INE1SJO01012,EQ,NORMAL,1,1.0
RAMCOCEM,THE RAMCO CEMENTS LIMITED,INE331A01037,NSE_EQ|INE331A01037,EQ,NORMAL,1,5.0
RAMCOIND,RAMCO INDUSTRIES LIMITED,INE614A01028,NSE_EQ|INE614A01028,EQ,NORMAL,1,5.0
RAMCOSYS,RAMCO SYSTEMS LTD.,INE246B01019,NSE_EQ|INE246B01019,EQ,NORMAL,1,5.0
RAMKY,RAMKY INFRA LTD,INE874I01013,NSE_EQ|INE874I01013,EQ,NORMAL,1,5.0
RAMRAT,RAM RATNA WIRES LIMITED,INE207E01023,NSE_EQ|INE207E01023,EQ,NORMAL,1,5.0
RANASUG,RANA SUGARS LTD.,INE625B01014,NSE_EQ|INE625B01014,EQ,NORMAL,1,1.0
RANEHOLDIN,RANE HOLDINGS LIMITED,INE384A01010,NSE_EQ|INE384A01010,EQ,NORMAL,1,10.0
RAPIDFLEET,RAPID FLEET MGT SERVICE L,INE0QX901013,NSE_EQ|INE0QX901013,SM,SME,600,5.0
RAPPID,RAPPID VALVES (INDIA) LTD,INE0MVO01012,NSE_EQ|INE0MVO01012,SM,SME,600,5.0
RATEGAIN,RATEGAIN TRAVEL TECHN LTD,INE0CLI01024,NSE_EQ|INE0CLI01024,EQ,NORMAL,1,5.0
RATNAMANI,RATNAMANI MET & TUB LTD.,INE703B01027,NSE_EQ|INE703B01027,EQ,NORMAL,1,10.0
RATNAVEER,RATNAVEER PRECISION ENG L,INE05CZ01011,NSE_EQ|INE05CZ01011,EQ,NORMAL,1,1.0
RAYMOND,RAYMOND LTD,INE301A01014,NSE_EQ|INE301A01014,EQ,NORMAL,1,5.0
RAYMONDLSL,RAYMOND LIFESTYLE LIMITED,INE02ID01020,NSE_EQ|INE02ID01020,EQ,NORMAL,1,5.0
RAYMONDREL,RAYMOND REALTY LIMITED,INE1SY401010,NSE_EQ|INE1SY401010,EQ,NORMAL,1,5.0
RBA,RESTAURANT BRAND ASIA LTD,INE07T201019,NSE_EQ|INE07T201019,EQ,NORMAL,1,1.0
RBLBANK,RBL BANK LIMITED,INE976G01028,NSE_EQ|INE976G01028,EQ,NORMAL,1,5.0
RBMINFRA,RBM INFRACON LIMITED,INE0NA301016,NSE_EQ|INE0NA301016,SM,SME,200,5.0
RBS,RAMDEVBABA SOLVENT LTD,INE0RJH01010,NSE_EQ|INE0RJH01010,SM,SME,800,5.0
RBZJEWEL,RBZ JEWELLERS LIMITED,INE0PEQ01016,NSE_EQ|INE0PEQ01016,EQ,NORMAL,1,1.0
RCDL,RAJGOR CASTOR DERIVATI L,INE0BZQ01011,NSE_EQ|INE0BZQ01011,SM,SME,3000,5.0
RCF,RASHTRIYA CHEMICALS & FER,INE027A01015,NSE_EQ|INE027A01015,EQ,NORMAL,1,1.0
RCOM,RELIANCE COMMUNICATIONS L,INE330H01018,NSE_EQ|INE330H01018,BE,NORMAL,1,1.0
READYMIX,READYMIX CONSTRU MACHI L,INE10QL01011,NSE_EQ|INE10QL01011,SM,SME,1000,5.0
RECLTD,REC LIMITED,INE020B01018,NSE_EQ|INE020B01018,EQ,NORMAL,1,5.0
REDINGTON,REDINGTON LIMITED,INE891D01026,NSE_EQ|INE891D01026,EQ,NORMAL,1,5.0
REDTAPE,REDTAPE LIMITED,INE0LXT01019,NSE_EQ|INE0LXT01019,EQ,NORMAL,1,1.0
REFEX,REFEX INDUSTRIES LIMITED,INE056I01025,NSE_EQ|INE056I01025,EQ,NORMAL,1,5.0
REFRACTORY,REFRACTORY SHAPES LIMITED,INE0TNX01015,NSE_EQ|INE0TNX01015,SM,SME,1000,5.0
REGAAL,REGAAL RESOURCES LIMITED,INE0MHO01029,NSE_EQ|INE0MHO01029,EQ,NORMAL,1,1.0
REGENCERAM,REGENCY CERAMICS LTD.,INE277C01012,NSE_EQ|INE277C01012,EQ,NORMAL,1,1.0
RELAXO,RELAXO FOOT LTD.,INE131B01039,NSE_EQ|INE131B01039,EQ,NORMAL,1,5.0
RELCHEMQ,RELIANCE CHEMOTEX IND LTD,INE750D01016,NSE_EQ|INE750D01016,EQ,NORMAL,1,1.0
RELIABLE,RELIABLE DATA SERVICE LTD,INE375Y01018,NSE_EQ|INE375Y01018,EQ,NORMAL,1,1.0
RELIANCE,RELIANCE INDUSTRIES LTD,INE002A01018,NSE_EQ|INE002A01018,EQ,NORMAL,1,10.0
RELIGARE,RELIGARE ENTER. LTD.,INE621H01010,NSE_EQ|INE621H01010,EQ,NORMAL,1,5.0
RELINFRA,RELIANCE INFRASTRUCTU LTD,INE036A01016,NSE_EQ|INE036A01016,BE,NORMAL,1,1.0
RELTD,RAVINDRA ENERGY LIMITED,INE206N01018,NSE_EQ|INE206N01018,EQ,NORMAL,1,1.0
REMSONSIND,REMSONS INDUSTRIES LTD,INE474C01023,NSE_EQ|INE474C01023,EQ,NORMAL,1,1.0
REMUS,REMUS PHARMACEUTICALS L,INE0O5T01011,NSE_EQ|INE0O5T01011,SM,SME,100,5.0
RENUKA,SHREE RENUKA SUGARS LTD,INE087H01022,NSE_EQ|INE087H01022,EQ,NORMAL,1,1.0
REPCOHOME,REPCO HOME FINANCE LTD,INE612J01015,NSE_EQ|INE612J01015,EQ,NORMAL,1,5.0
REPL,RUDRABHISHEK ENTERP LTD,INE364Z01019,NSE_EQ|INE364Z01019,BE,NORMAL,1,1.0
REPRO,REPRO INDIA LIMITED,INE461B01014,NSE_EQ|INE461B01014,EQ,NORMAL,1,5.0
RESPONIND,RESPONSIVE INDUSTRIES LTD,INE688D01026,NSE_EQ|INE688D01026,EQ,NORMAL,1,1.0
RETAIL,JHS SVENDGAARD RETAIL V L,INE03DD01011,NSE_EQ|INE03DD01011,EQ,NORMAL,1,1.0
REXPIPES,REX PIPES AND CABLES LTD,INE00D001018,NSE_EQ|INE00D001018,SM,SME,1000,5.0
REXPRO,REXPRO ENTERPRISES LTD,INE113601012,NSE_EQ|INE113601012,SM,SME,1000,5.0
RGL,RENAISSANCE GLOBAL LTD,INE722H01024,NSE_EQ|INE722H01024,EQ,NORMAL,1,1.0
RHETAN,RHETAN TMT LIMITED,INE0KKN01029,NSE_EQ|INE0KKN01029,EQ,NORMAL,1,1.0
RHFL,RELIANCE HOME FINANCE LTD,INE217K01011,NSE_EQ|INE217K01011,BZ,NORMAL,1,1.0
RHIM,RHI MAGNESITA INDIA LTD,INE743M01012,NSE_EQ|INE743M01012,EQ,NORMAL,1,5.0
RHL,ROBUST HOTELS LIMITED,INE508K01013,NSE_EQ|INE508K01013,EQ,NORMAL,1,1.0
RICOAUTO,RICO AUTO INDUSTRIES LTD,INE209B01025,NSE_EQ|INE209B01025,EQ,NORMAL,1,1.0
RIIL,RELIANCE INDUSTRIAL INFRA,INE046A01015,NSE_EQ|INE046A01015,EQ,NORMAL,1,5.0
RILINFRA,RACHANA INFRA LTD,INE02OY01016,NSE_EQ|INE02OY01016,SM,SME,100,5.0
RIR,RIR POWER ELECTRONICS L,INE302D01024,NSE_EQ|INE302D01024,EQ,NORMAL,1,1.0
RISHABH,RISHABH INSTRUMENTS LTD,INE0N2P01017,NSE_EQ|INE0N2P01017,EQ,NORMAL,1,5.0
RITCO,RITCO LOGISTICS LIMITED,INE01EG01016,NSE_EQ|INE01EG01016,EQ,NORMAL,1,5.0
RITES,RITES LIMITED,INE320J01015,NSE_EQ|INE320J01015,EQ,NORMAL,1,1.0
RITEZONE,RITE ZONE CHEMCON IND LTD,INE0MRA01019,NSE_EQ|INE0MRA01019,SM,SME,1600,5.0
RKDL,RAVI KUMAR DIST. LTD.,INE722J01012,NSE_EQ|INE722J01012,EQ,NORMAL,1,1.0
RKEC,RKEC PROJECTS LIMITED,INE786W01010,NSE_EQ|INE786W01010,EQ,NORMAL,1,1.0
RKFORGE,RAMKRISHNA FORGINGS LTD,INE399G01023,NSE_EQ|INE399G01023,EQ,NORMAL,1,5.0
RKSWAMY,R K SWAMY LIMITED,INE0NQ801033,NSE_EQ|INE0NQ801033,EQ,NORMAL,1,1.0
RMC,RMC SWITCHGEARS LIMITED,INE655V01019,NSE_EQ|INE655V01019,EQ,NORMAL,1,5.0
RMDRIP,R M DRIP & SPRINK SYS LTD,INE219Y01026,NSE_EQ|INE219Y01026,BE,NORMAL,1,1.0
RML,RANE (MADRAS) LIMITED,INE050H01012,NSE_EQ|INE050H01012,EQ,NORMAL,1,10.0
RNBDENIMS,R&B DENIMS LIMITED,INE012Q01039,NSE_EQ|INE012Q01039,EQ,NORMAL,1,1.0
RNFI,RNFI SERVICES LIMITED,INE0SA001017,NSE_EQ|INE0SA001017,SM,SME,600,5.0
RNPL,RENOL POLYCHEM LIMITED,INE0VZX01015,NSE_EQ|INE0VZX01015,SM,SME,1200,5.0
ROCKINGDCE,ROCKINGDEALS CIRCU ECO L,INE0PTR01012,NSE_EQ|INE0PTR01012,SM,SME,250,5.0
ROHLTD,ROYAL ORCHID HOTELS LTD,INE283H01019,NSE_EQ|INE283H01019,EQ,NORMAL,1,5.0
ROLEXRINGS,ROLEX RINGS LIMITED,INE645S01024,NSE_EQ|INE645S01024,EQ,NORMAL,1,1.0
ROLLT,ROLLATAINERS LIMITED,INE927A01040,NSE_EQ|INE927A01040,BE,NORMAL,1,1.0
ROML,RAJ OIL MILLS LIMITED,INE294G01026,NSE_EQ|INE294G01026,EQ,NORMAL,1,1.0
ROSSARI,ROSSARI BIOTECH LIMITED,INE02A801020,NSE_EQ|INE02A801020,EQ,NORMAL,1,5.0
ROSSELLIND,ROSSELL INDIA LIMITED,INE847C01020,NSE_EQ|INE847C01020,EQ,NORMAL,1,1.0
ROSSTECH,ROSSELL TECHSYS LIMITED,INE0OJW01016,NSE_EQ|INE0OJW01016,EQ,NORMAL,1,5.0
ROTO,ROTO PUMPS LIMITED,INE535D01037,NSE_EQ|INE535D01037,EQ,NORMAL,1,1.0
ROUTE,ROUTE MOBILE LIMITED,INE450U01017,NSE_EQ|INE450U01017,EQ,NORMAL,1,5.0
ROXHITECH,ROX HI TECH LIMITED,INE0PDJ01013,NSE_EQ|INE0PDJ01013,SM,SME,1600,5.0
ROYALARC,ROYAL ARC ELECTRODES LTD,INE0EO401019,NSE_EQ|INE0EO401019,SM,SME,1200,5.0
RPEL,RAGHAV PRODUCTIVITY ENH L,INE912T01018,NSE_EQ|INE912T01018,EQ,NORMAL,1,10.0
RPGLIFE,RPG LIFE SCIENCES LTD,INE105J01010,NSE_EQ|INE105J01010,EQ,NORMAL,1,10.0
RPOWER,RELIANCE POWER LTD.,INE614G01033,NSE_EQ|INE614G01033,EQ,NORMAL,1,1.0
RPPINFRA,R.P.P INFRA PROJECTS LTD,INE324L01013,NSE_EQ|INE324L01013,EQ,NORMAL,1,1.0
RPPL,RAJSHREE POLYPACK LTD,INE760W01023,NSE_EQ|INE760W01023,BE,NORMAL,1,1.0
RPSGVENT,RPSG VENTURES LIMITED,INE425Y01011,NSE_EQ|INE425Y01011,EQ,NORMAL,1,5.0
RPTECH,RASHI PERIPHERALS LIMITED,INE0J1F01024,NSE_EQ|INE0J1F01024,EQ,NORMAL,1,5.0
RRECL,RDB REAL ESTATE CONS L,INE0AK901016,NSE_EQ|INE0AK901016,EQ,NORMAL,1,1.0
RRIL,R R I L LTD.,INE951M01037,NSE_EQ|INE951M01037,EQ,NORMAL,1,1.0
RRKABEL,R R KABEL LIMITED,INE777K01022,NSE_EQ|INE777K01022,EQ,NORMAL,1,10.0
RSDFIN,R S D FINANCE LTD.,INE616F01022,NSE_EQ|INE616F01022,BE,NORMAL,1,1.0
RSL,RAJPUTANA STAINLESS LTD,INE313L01016,NSE_EQ|INE313L01016,EQ,NORMAL,1,1.0
RSSOFTWARE,R. S. SOFTWARE (INDIA) LI,INE165B01029,NSE_EQ|INE165B01029,EQ,NORMAL,1,1.0
RSWM,RSWM LIMITED,INE611A01016,NSE_EQ|INE611A01016,BE,NORMAL,1,1.0
RSYSTEMS,R SYS INTERNATIONAL LTD,INE411H01032,NSE_EQ|INE411H01032,EQ,NORMAL,1,5.0
RTL,RAMA TELECOM LIMITED,INE14W901010,NSE_EQ|INE14W901010,SM,SME,2000,5.0
RTNINDIA,RATTANINDIA ENT LIMITED,INE834M01019,NSE_EQ|INE834M01019,EQ,NORMAL,1,1.0
RTNPOWER,RATTANINDIA POWER LIMITED,INE399K01017,NSE_EQ|INE399K01017,EQ,NORMAL,1,1.0
RTSPOWR,R T S POWER CORPN. LTD.,INE005C01017,NSE_EQ|INE005C01017,EQ,NORMAL,1,1.0
RUBFILA,RUBFILA INTERNATIONAL LTD,INE642C01025,NSE_EQ|INE642C01025,EQ,NORMAL,1,1.0
RUBICON,RUBICON RESEARCH LIMITED,INE506V01022,NSE_EQ|INE506V01022,EQ,NORMAL,1,10.0
RUBYMILLS,THE RUBY MILLS LTD,INE301D01026,NSE_EQ|INE301D01026,BE,NORMAL,1,5.0
RUCHINFRA,RUCHI INFRASTRUCTURE LTD,INE413B01023,NSE_EQ|INE413B01023,EQ,NORMAL,1,1.0
RUCHIRA,RUCHIRA PAPERS LIMITED,INE803H01014,NSE_EQ|INE803H01014,EQ,NORMAL,1,1.0
RUDRA,RUDRA GLOBAL INFRA PROD L,INE027T01023,NSE_EQ|INE027T01023,EQ,NORMAL,1,1.0
RULKA,RULKA ELECTRICALS LIMITED,INE0R7301013,NSE_EQ|INE0R7301013,SM,SME,300,5.0
RUPA,RUPA & COMPANY LTD,INE895B01021,NSE_EQ|INE895B01021,EQ,NORMAL,1,1.0
RUSHIL,RUSHIL DECOR LIMITED,INE573K01025,NSE_EQ|INE573K01025,EQ,NORMAL,1,1.0
RUSTOMJEE,KEYSTONE REALTORS LIMITED,INE263M01029,NSE_EQ|INE263M01029,EQ,NORMAL,1,5.0
RVHL,RAVINDER HEIGHTS LIMITED,INE09E501017,NSE_EQ|INE09E501017,EQ,NORMAL,1,1.0
RVNL,RAIL VIKAS NIGAM LIMITED,INE415G01027,NSE_EQ|INE415G01027,EQ,NORMAL,1,1.0
RVTH,REVATHI EQUIPMENT INDIA L,INE0DAB01012,NSE_EQ|INE0DAB01012,EQ,NORMAL,1,5.0
S&SPOWER,S&S POWER SWITCHGEARS LTD,INE902B01017,NSE_EQ|INE902B01017,EQ,NORMAL,1,5.0
SAATVIKGL,SAATVIK GREEN ENERGY LTD,INE13B501022,NSE_EQ|INE13B501022,EQ,NORMAL,1,5.0
SAB,S A B INDUSTRIES LTD.,INE137M01017,NSE_EQ|INE137M01017,EQ,NORMAL,1,1.0
SABAR,SABAR FLEX INDIA LIMITED,INE0DZ101013,NSE_EQ|INE0DZ101013,SM,SME,5000,5.0
SACHEEROME,SACHEEROME LIMITED,INE1ARD01016,NSE_EQ|INE1ARD01016,SM,SME,300,5.0
SADBHAV,SADBHAV ENGINEERING LTD,INE226H01026,NSE_EQ|INE226H01026,EQ,NORMAL,1,1.0
SADBHIN,SADBHAV INFRA PROJ LTD.,INE764L01010,NSE_EQ|INE764L01010,BE,NORMAL,1,1.0
SADHAV,SADHAV SHIPPING LIMITED,INE0K5H01010,NSE_EQ|INE0K5H01010,SM,SME,600,5.0
SADHNANIQ,SADHANA NITROCHEM LIMITED,INE888C01040,NSE_EQ|INE888C01040,BE,PCA,1,1.0
SAFARI,SAFARI IND (INDIA) LTD,INE429E01023,NSE_EQ|INE429E01023,EQ,NORMAL,1,10.0
SAFEENTP,SAFE ENTER RETAIL FIX LTD,INE17D601016,NSE_EQ|INE17D601016,SM,SME,500,5.0
SAGARDEEP,SAGARDEEP ALLOYS LIMITED,INE976T01013,NSE_EQ|INE976T01013,EQ,NORMAL,1,1.0
SAGCEM,SAGAR CEMENTS LIMITED,INE229C01021,NSE_EQ|INE229C01021,EQ,NORMAL,1,1.0
SAGILITY,SAGILITY LIMITED,INE0W2G01015,NSE_EQ|INE0W2G01015,EQ,NORMAL,1,1.0
SAHAJSOLAR,SAHAJ SOLAR LIMITED,INE0P4701011,NSE_EQ|INE0P4701011,SM,SME,400,5.0
SAHANA,SAHANA SYSTEM LIMITED,INE0LEX01011,NSE_EQ|INE0LEX01011,SM,SME,150,5.0
SAHLIBHFI,SHALIBHADRA FINANCE LTD,INE861D01011,NSE_EQ|INE861D01011,EQ,NORMAL,1,1.0
SAHYADRI,SAHYADRI INDUSTRIES LTD,INE280H01015,NSE_EQ|INE280H01015,EQ,NORMAL,1,5.0
SAICAPI,SAI CAPITAL LTD.,INE531X01018,NSE_EQ|INE531X01018,EQ,NORMAL,1,1.0
SAIFL,SAMEERA AGRO AND INFRA L,INE0PZA01015,NSE_EQ|INE0PZA01015,SM,SME,4000,5.0
SAIL,STEEL AUTHORITY OF INDIA,INE114A01011,NSE_EQ|INE114A01011,EQ,NORMAL,1,1.0
SAILIFE,SAI LIFE SCIENCES LIMITED,INE570L01029,NSE_EQ|INE570L01029,EQ,NORMAL,1,10.0
SAIPARENT,SAI PARENTERALS LIMITED,INE0H9F01037,NSE_EQ|INE0H9F01037,EQ,NORMAL,1,5.0
SAKAR,SAKAR HEALTHCARE LIMITED,INE732S01012,NSE_EQ|INE732S01012,EQ,NORMAL,1,5.0
SAKHTISUG,SAKTHI SUGARS LTD,INE623A01011,NSE_EQ|INE623A01011,EQ,NORMAL,1,1.0
SAKSOFT,SAKSOFT LIMITED,INE667G01023,NSE_EQ|INE667G01023,EQ,NORMAL,1,1.0
SAKUMA,SAKUMA EXPORTS LIMITED,INE190H01024,NSE_EQ|INE190H01024,EQ,NORMAL,1,1.0
SALASAR,SALASAR TECHNO ENGG. LTD.,INE170V01027,NSE_EQ|INE170V01027,EQ,NORMAL,1,1.0
SALONA,SALONA COTSPIN LTD.,INE498E01010,NSE_EQ|INE498E01010,EQ,NORMAL,1,1.0
SALSTEEL,S.A.L. STEEL LTD.,INE658G01014,NSE_EQ|INE658G01014,EQ,NORMAL,1,1.0
SALZERELEC,SALZER ELECTRONICS LTD,INE457F01013,NSE_EQ|INE457F01013,EQ,NORMAL,1,5.0
SAMBANDAM,SAMBANDAM SPINNING MILL L,INE304D01012,NSE_EQ|INE304D01012,EQ,NORMAL,1,1.0
SAMBHAAV,SAMBHAAV MEDIA LTD,INE699B01027,NSE_EQ|INE699B01027,EQ,NORMAL,1,1.0
SAMBHV,SAMBHV STEEL TUBES LTD,INE12NJ01018,NSE_EQ|INE12NJ01018,EQ,NORMAL,1,1.0
SAMHI,SAMHI HOTELS LIMITED,INE08U801020,NSE_EQ|INE08U801020,EQ,NORMAL,1,1.0
SAMMAANCAP,SAMMAAN CAPITAL LIMITED,INE148I01020,NSE_EQ|INE148I01020,EQ,NORMAL,1,1.0
SAMPANN,SAMPANN UTPADAN INDIA LTD,INE735M01018,NSE_EQ|INE735M01018,EQ,NORMAL,1,1.0
SANATHAN,SANATHAN TEXTILES LIMITED,INE0JPD01013,NSE_EQ|INE0JPD01013,EQ,NORMAL,1,5.0
SANDESH,SANDESH LTD,INE583B01015,NSE_EQ|INE583B01015,EQ,NORMAL,1,5.0
SANDHAR,SANDHAR TECHNOLOGIES LTD,INE278H01035,NSE_EQ|INE278H01035,EQ,NORMAL,1,5.0
SANDUMA,SANDUR MANG & IRON ORES L,INE149K01016,NSE_EQ|INE149K01016,EQ,NORMAL,1,1.0
SANGAMIND,SANGAM (INDIA) LTD,INE495C01010,NSE_EQ|INE495C01010,EQ,NORMAL,1,5.0
SANGANI,SANGANI HOSPITALS LIMITED,INE0OVI01010,NSE_EQ|INE0OVI01010,SM,SME,1500,5.0
SANGHVIMOV,SANGHVI MOVERS LTD,INE989A01032,NSE_EQ|INE989A01032,EQ,NORMAL,1,5.0
SANGINITA,SANGINITA CHEMICALS LTD,INE753W01010,NSE_EQ|INE753W01010,BE,NORMAL,1,1.0
SANOFI,SANOFI INDIA LIMITED,INE058A01010,NSE_EQ|INE058A01010,EQ,NORMAL,1,10.0
SANOFICONR,SANOFI CONS HEALTHC IND L,INE0UOS01011,NSE_EQ|INE0UOS01011,EQ,NORMAL,1,10.0
SANSERA,SANSERA ENGINEERING LTD,INE953O01021,NSE_EQ|INE953O01021,EQ,NORMAL,1,10.0
SANSTAR,SANSTAR LIMITED,INE08NE01025,NSE_EQ|INE08NE01025,EQ,NORMAL,1,1.0
SANWARIA,SANWARIA CONSUMER LIMITED,INE890C01046,NSE_EQ|INE890C01046,BZ,NORMAL,1,1.0
SAPPHIRE,SAPPHIRE FOODS INDIA LTD,INE806T01020,NSE_EQ|INE806T01020,EQ,NORMAL,1,1.0
SAPPL,SHREE AJIT PULP & PAPER L,INE185C01017,NSE_EQ|INE185C01017,EQ,NORMAL,1,5.0
SARDAEN,SARDA ENERGY & MIN LTD,INE385C01021,NSE_EQ|INE385C01021,EQ,NORMAL,1,5.0
SAREGAMA,SAREGAMA INDIA LIMITED,INE979A01025,NSE_EQ|INE979A01025,EQ,NORMAL,1,5.0
SARLAPOLY,SARLA PERF. FIBERS LTD,INE453D01025,NSE_EQ|INE453D01025,EQ,NORMAL,1,1.0
SAROJA,SAROJA PHARMA INDUS IND L,INE0PCL01011,NSE_EQ|INE0PCL01011,SM,SME,1600,5.0
SARTELE,SAR TELEVENTURE LIMITED,INE0PUC01020,NSE_EQ|INE0PUC01020,SM,SME,500,5.0
SARVESHWAR,SARVESHWAR FOODS LIMITED,INE324X01026,NSE_EQ|INE324X01026,EQ,NORMAL,1,1.0
SASKEN,SASKEN TECHNOLOGIES LTD,INE231F01020,NSE_EQ|INE231F01020,EQ,NORMAL,1,10.0
SATECH,S A TECH SOFTWARE INDIA L,INE0BSN01013,NSE_EQ|INE0BSN01013,SM,SME,1000,5.0
SATIA,SATIA INDUSTRIES LIMITED,INE170E01023,NSE_EQ|INE170E01023,EQ,NORMAL,1,1.0
SATIN,SATIN CREDIT NET LTD,INE836B01017,NSE_EQ|INE836B01017,EQ,NORMAL,1,1.0
SATKARTAR,SAT KARTAR LIFE LIMITED,INE0NB801022,NSE_EQ|INE0NB801022,SM,SME,800,5.0
SATTVAENGG,SATTVA ENGINEERING CSTN L,INE14DW01018,NSE_EQ|INE14DW01018,SM,SME,1600,5.0
SAURASHCEM,SAURASHTRA CEMENT LIMITED,INE626A01014,NSE_EQ|INE626A01014,EQ,NORMAL,1,1.0
SAVY,SAVY INFRA AND LOGI LTD,INE0UCN01017,NSE_EQ|INE0UCN01017,SM,SME,1200,5.0
SAWALIYA,SAWALIYA FOOD PRODUCTS L,INE10VS01016,NSE_EQ|INE10VS01016,SM,SME,600,5.0
SAYAJIHOTL,SAYAJI HOTELS LTD.,INE318C01014,NSE_EQ|INE318C01014,EQ,NORMAL,1,5.0
SAYAJIIND,SAYAJI INDUSTRIES LTD.,INE327G01032,NSE_EQ|INE327G01032,EQ,NORMAL,1,1.0
SBC,SBC EXPORTS LIMITED,INE04AK01028,NSE_EQ|INE04AK01028,EQ,NORMAL,1,1.0
SBCL,SHIVALIK BIMETAL CON. LTD,INE386D01027,NSE_EQ|INE386D01027,EQ,NORMAL,1,5.0
SBFC,SBFC FINANCE LIMITED,INE423Y01016,NSE_EQ|INE423Y01016,EQ,NORMAL,1,1.0
SBGLP,SURATWWALA BUS GROUP LTD,INE05ST01028,NSE_EQ|INE05ST01028,EQ,NORMAL,1,1.0
SBIBPB,SBIAMC - SBIBPB,INF200KB1712,NSE_EQ|INF200KB1712,EQ,NORMAL,1,1.0
SBICARD,SBI CARDS & PAY SER LTD,INE018E01016,NSE_EQ|INE018E01016,EQ,NORMAL,1,5.0
SBIETFCON,SBIAMC - SBIETFCON,INF200KA1X17,NSE_EQ|INF200KA1X17,EQ,NORMAL,1,1.0
SBIETFIT,SBIAMC - SBIETFIT,INF200KA1S14,NSE_EQ|INF200KA1S14,EQ,NORMAL,1,1.0
SBIETFPB,SBIAMC - SBIETFPB,INF200KA1S22,NSE_EQ|INF200KA1S22,EQ,NORMAL,1,1.0
SBIETFQLTY,SBIAMC - SBIETFQLTY,INF200KA1WX6,NSE_EQ|INF200KA1WX6,EQ,NORMAL,1,1.0
SBIFUNDS,SBI FUNDS MANAGEMENT LTD,INE640G01020,NSE_EQ|INE640G01020,EQ,NORMAL,1,5.0
SBILIFE,SBI LIFE INSURANCE CO LTD,INE123W01016,NSE_EQ|INE123W01016,EQ,NORMAL,1,10.0
SBILIQETF,SBIAMC - SBILIQETF,INF200KB1969,NSE_EQ|INF200KB1969,EQ,NORMAL,1,1.0
SBIMIDMOM,SBIAMC - SBIMIDMOM,INF200KB1AJ0,NSE_EQ|INF200KB1AJ0,EQ,NORMAL,1,1.0
SBIN,STATE BANK OF INDIA,INE062A01020,NSE_EQ|INE062A01020,EQ,NORMAL,1,10.0
SBINEQWETF,SBIAMC - SBINEQWETF,INF200KB1282,NSE_EQ|INF200KB1282,EQ,NORMAL,1,1.0
SBINMID150,SBIAMC - SBINMID150,INF200KB1AK8,NSE_EQ|INF200KB1AK8,EQ,NORMAL,1,1.0
SBISILVER,SBIAMC - SBISILVER,INF200KB1217,NSE_EQ|INF200KB1217,EQ,NORMAL,1,1.0
SBISMLETF,SBIAMC - SBISMLETF,INF200KB1AY9,NSE_EQ|INF200KB1AY9,EQ,NORMAL,1,1.0
SBIVALETF,SBIAMC - SBIVALETF,INF200KB1AX1,NSE_EQ|INF200KB1AX1,EQ,NORMAL,1,1.0
SCANSTL,SCAN STEELS LTD.,INE099G01011,NSE_EQ|INE099G01011,BE,NORMAL,1,1.0
SCHAEFFLER,SCHAEFFLER INDIA LIMITED,INE513A01022,NSE_EQ|INE513A01022,EQ,NORMAL,1,10.0
SCHAND,S CHAND AND COMPANY LTD,INE807K01035,NSE_EQ|INE807K01035,EQ,NORMAL,1,1.0
SCHNEIDER,SCHNEIDER ELECTRIC INFRA,INE839M01018,NSE_EQ|INE839M01018,EQ,NORMAL,1,10.0
SCI,SHIPPING CORP OF INDIA LT,INE109A01011,NSE_EQ|INE109A01011,EQ,NORMAL,1,5.0
SCILAL,SHIPPING CORP OF ILA LTD,INE0PB301013,NSE_EQ|INE0PB301013,EQ,NORMAL,1,1.0
SCML,SHARP CHUCKS N MACHINES L,INE460Q01014,NSE_EQ|INE460Q01014,SM,SME,1000,5.0
SCODATUBES,SCODA TUBES LIMITED,INE090501011,NSE_EQ|INE090501011,EQ,NORMAL,1,1.0
SCPL,SHEETAL COOL PRODUCTS LTD,INE501Y01019,NSE_EQ|INE501Y01019,BE,NORMAL,1,5.0
SDBL,SOM DIST & BREW LTD,INE480C01038,NSE_EQ|INE480C01038,EQ,NORMAL,1,1.0
SDREAMS,S D RETAIL LIMITED,INE0X6F01017,NSE_EQ|INE0X6F01017,SM,SME,1000,5.0
SEAMECLTD,SEAMEC LIMITED,INE497B01018,NSE_EQ|INE497B01018,EQ,NORMAL,1,10.0
SECMARK,SECMARK CONSULTANCY LTD,INE0BTM01013,NSE_EQ|INE0BTM01013,EQ,NORMAL,1,1.0
SECURKLOUD,SECUREKLOUD TECH LIMITED,INE650K01021,NSE_EQ|INE650K01021,EQ,NORMAL,1,1.0
SEDEMAC,SEDEMAC MECHATRONICS LTD,INE00XB01019,NSE_EQ|INE00XB01019,EQ,NORMAL,1,10.0
SEIL,SHANTI EDU INITIATIVES L,INE440T01028,NSE_EQ|INE440T01028,EQ,NORMAL,1,1.0
SEJALLTD,SEJAL GLASS LIMITED,INE955I01044,NSE_EQ|INE955I01044,EQ,NORMAL,1,5.0
SEKURITIND,SAINT GOBAIN SEKUR IND L,INE068B01017,NSE_EQ|INE068B01017,EQ,NORMAL,1,1.0
SEL,SUNGARNER ENERGIES LTD,INE0O3O01017,NSE_EQ|INE0O3O01017,SM,SME,200,5.0
SELECTIPO,MIRAEAMC - SELECTIPO,INF769K01ON4,NSE_EQ|INF769K01ON4,EQ,NORMAL,1,1.0
SELLOWRAP,SELLOWRAP INDUSTRIES LTD,INE0IJF01013,NSE_EQ|INE0IJF01013,SM,SME,1600,5.0
SELMC,SEL MANUFACTURING CO LTD,INE105I01020,NSE_EQ|INE105I01020,EQ,NORMAL,1,1.0
SEMAC,SEMAC CONSTRUCTION LTD,INE617A01013,NSE_EQ|INE617A01013,EQ,NORMAL,1,5.0
SENCO,SENCO GOLD LIMITED,INE602W01027,NSE_EQ|INE602W01027,EQ,NORMAL,1,5.0
SENORES,SENORES PHARMACEUTICALS L,INE0RB801010,NSE_EQ|INE0RB801010,EQ,NORMAL,1,10.0
SENSEXADD,DSPAMC - DSPSENXETF,INF740KA1SZ6,NSE_EQ|INF740KA1SZ6,EQ,NORMAL,1,1.0
SENSEXAXIS,AXISAMC-SENSEXAXIS,INF846K010Q0,NSE_EQ|INF846K010Q0,EQ,NORMAL,1,1.0
SENSEXBETA,UTIAMC-SENSEXBETA,INF789FB1X58,NSE_EQ|INF789FB1X58,EQ,NORMAL,1,1.0
SENSEXETF,MIRAEAMC - SENSEXETF,INF769K01KT9,NSE_EQ|INF769K01KT9,EQ,NORMAL,1,1.0
SENSEXIETF,ICICI PRUD SENSEX ETF,INF346A01034,NSE_EQ|INF346A01034,EQ,NORMAL,1,1.0
SEPC,SEPC LIMITED,INE964H01014,NSE_EQ|INE964H01014,EQ,NORMAL,1,1.0
SERVICE,SERVICE CARE LIMITED,INE0P1Q01015,NSE_EQ|INE0P1Q01015,SM,SME,2000,5.0
SERVOTECH,SERVOTECH REN POW SYS LTD,INE782X01033,NSE_EQ|INE782X01033,EQ,NORMAL,1,1.0
SESHAPAPER,SESHASAYEE PAPER & BOARDS,INE630A01024,NSE_EQ|INE630A01024,EQ,NORMAL,1,1.0
SETCO,SETCO AUTOMOTIVE LTD,INE878E01021,NSE_EQ|INE878E01021,BE,PCA,1,1.0
SETF10GILT,SBIAMC - SETF10GILT,INF200KA1JT1,NSE_EQ|INF200KA1JT1,EQ,NORMAL,1,1.0
SETFGOLD,SBI-ETF GOLD,INF200KA16D8,NSE_EQ|INF200KA16D8,EQ,NORMAL,1,1.0
SETFNIF50,SBI-ETF NIFTY 50,INF200KA1FS1,NSE_EQ|INF200KA1FS1,EQ,NORMAL,1,1.0
SETFNIFBK,SBI-ETF NIFTY BANK,INF200KA1580,NSE_EQ|INF200KA1580,EQ,NORMAL,1,1.0
SETFNN50,SBI-ETF NIFTY NEXT 50,INF200KA1598,NSE_EQ|INF200KA1598,EQ,NORMAL,1,1.0
SETL,STANDARD ENGNG TCNLGY LTD,INE0M4D01010,NSE_EQ|INE0M4D01010,EQ,NORMAL,1,5.0
SETUINFRA,SETUBANDHAN INFRA LTD,INE023M01027,NSE_EQ|INE023M01027,BZ,NORMAL,1,1.0
SEYAIND,SEYA INDUSTRIES LIMITED,INE573R01012,NSE_EQ|INE573R01012,BE,NORMAL,1,1.0
SFL,SHEELA FOAM LIMITED,INE916U01025,NSE_EQ|INE916U01025,EQ,NORMAL,1,5.0
SFML,SUPREME FACILITY MGMT LTD,INE0U6N01014,NSE_EQ|INE0U6N01014,SM,SME,1600,5.0
SGFIN,SG FINSERVE LIMITED,INE618R01015,NSE_EQ|INE618R01015,EQ,NORMAL,1,5.0
SGIL,SYNERGY GREEN IND. LTD,INE00QT01015,NSE_EQ|INE00QT01015,EQ,NORMAL,1,5.0
SGL,STL GLOBAL LIMITED,INE353H01010,NSE_EQ|INE353H01010,EQ,NORMAL,1,1.0
SGLRES,SGL RESOURCES LIMITED,INE967B01028,NSE_EQ|INE967B01028,EQ,NORMAL,1,1.0
SGMART,SG MART LIMITED,INE385F01024,NSE_EQ|INE385F01024,EQ,NORMAL,1,5.0
SGRL,SHREE GANESH REMEDIES LTD,INE414Y01015,NSE_EQ|INE414Y01015,EQ,NORMAL,1,5.0
SHADOWFAX,SHADOWFAX TECHNOLOGIES L,INE12UN01015,NSE_EQ|INE12UN01015,EQ,NORMAL,1,1.0
SHAH,SHAH METACORP LIMITED,INE482J01021,NSE_EQ|INE482J01021,EQ,NORMAL,1,1.0
SHAHALLOYS,SHAH ALLOYS LIMITED,INE640C01011,NSE_EQ|INE640C01011,EQ,NORMAL,1,1.0
SHAILY,SHAILY ENG PLASTICS LTD,INE151G01028,NSE_EQ|INE151G01028,EQ,NORMAL,1,10.0
SHAKTIPUMP,SHAKTI PUMPS (I) LTD,INE908D01010,NSE_EQ|INE908D01010,EQ,NORMAL,1,5.0
SHALBY,SHALBY LIMITED,INE597J01018,NSE_EQ|INE597J01018,EQ,NORMAL,1,1.0
SHALPAINTS,SHALIM PAINTS LTD,INE849C01026,NSE_EQ|INE849C01026,BE,NORMAL,1,1.0
SHANKARA,SHANKARA BLDG PRODUCT LTD,INE274V01019,NSE_EQ|INE274V01019,EQ,NORMAL,1,1.0
SHANTHALA,SHANTHALA FMCG PRODUCTS L,INE0Q9Q01017,NSE_EQ|INE0Q9Q01017,SM,SME,1200,5.0
SHANTI,SHANTI OVERSEAS INDIA LTD,INE933X01016,NSE_EQ|INE933X01016,EQ,NORMAL,1,1.0
SHANTIGEAR,SHANTHI GEARS LTD,INE631A01022,NSE_EQ|INE631A01022,EQ,NORMAL,1,5.0
SHANTIGOLD,SHANTI GOLD INTERNATION L,INE06ZD01017,NSE_EQ|INE06ZD01017,EQ,NORMAL,1,1.0
SHARDACROP,SHARDA CROPCHEM LTD.,INE221J01015,NSE_EQ|INE221J01015,EQ,NORMAL,1,5.0
SHARDAMOTR,SHARDA MOTOR INDS LTD,INE597I01028,NSE_EQ|INE597I01028,EQ,NORMAL,1,5.0
SHARDUL,SHARDUL SECURITIES LTD.,INE037B01020,NSE_EQ|INE037B01020,BE,NORMAL,1,1.0
SHAREINDIA,SHARE IND. SECURITIES LTD,INE932X01026,NSE_EQ|INE932X01026,EQ,NORMAL,1,1.0
SHARIABEES,NIP IND ETF SHARIAH BEES,INF732E01128,NSE_EQ|INF732E01128,EQ,NORMAL,1,1.0
SHBAJRG,SHRI BAJRANG ALLIANCE L,INE402H01015,NSE_EQ|INE402H01015,EQ,NORMAL,1,1.0
SHEETAL,SHEETAL UNIVERSAL LIMITED,INE04VX01019,NSE_EQ|INE04VX01019,SM,SME,500,5.0
SHEKHAWATI,SHEKHAWATI INDUSTRIES LTD,INE268L01046,NSE_EQ|INE268L01046,BE,NORMAL,1,1.0
SHEMAROO,SHEMAROO ENTER. LTD.,INE363M01019,NSE_EQ|INE363M01019,BE,NORMAL,1,1.0
SHERA,SHERA ENERGY LIMITED,INE0MM001019,NSE_EQ|INE0MM001019,SM,SME,1000,5.0
SHERVANI,SHERVANI INDUSTRIAL SYN L,INE011D01013,NSE_EQ|INE011D01013,EQ,NORMAL,1,5.0
SHIGAN,SHIGAN QUANTUM TECH LTD,INE03KJ01013,NSE_EQ|INE03KJ01013,SM,SME,1500,5.0
SHILCTECH,SHILCHAR TECHNOLOGIES LTD,INE024F01011,NSE_EQ|INE024F01011,EQ,NORMAL,1,10.0
SHILGRAVQ,SHILP GRAVURES LTD.,INE960A01017,NSE_EQ|INE960A01017,EQ,NORMAL,1,1.0
SHILPAMED,SHILPA MEDICARE LTD,INE790G01031,NSE_EQ|INE790G01031,EQ,NORMAL,1,5.0
SHINDL,SHARAT INDUSTRIES LTD.,INE220Z01013,NSE_EQ|INE220Z01013,EQ,NORMAL,1,1.0
SHIPROCKET,SHIPROCKET LIMITED,INE0FOO01011,NSE_EQ|INE0FOO01011,EQ,NORMAL,1,1.0
SHIVAAGRO,SHIVA GLOBAL AGRO INDS. L,INE960E01019,NSE_EQ|INE960E01019,EQ,NORMAL,1,1.0
SHIVACEM,SHIVA CEMENT LTD.,INE555C01029,NSE_EQ|INE555C01029,EQ,NORMAL,1,1.0
SHIVALIK,SHIVALIK RASAYAN LIMITED,INE788J01021,NSE_EQ|INE788J01021,BE,NORMAL,1,1.0
SHIVAMAUTO,SHIVAM AUTO.LTD,INE637H01024,NSE_EQ|INE637H01024,BE,NORMAL,1,1.0
SHIVAMILLS,SHIVA MILLS LIMITED,INE644Y01017,NSE_EQ|INE644Y01017,EQ,NORMAL,1,1.0
SHIVASHRIT,SHIVASHRIT FOODS LIMITED,INE1DLF01018,NSE_EQ|INE1DLF01018,SM,SME,1000,5.0
SHIVATEX,SHIVA TEXYARN LIMITED,INE705C01020,NSE_EQ|INE705C01020,EQ,NORMAL,1,1.0
SHIVAUM,SHIV AUM STEELS LIMITED,INE719F01016,NSE_EQ|INE719F01016,EQ,NORMAL,1,5.0
SHK,S H KELKAR AND CO. LTD.,INE500L01026,NSE_EQ|INE500L01026,EQ,NORMAL,1,1.0
SHKSIL,SHRI HARE-KRI SPO IRON L,INE0NON01025,NSE_EQ|INE0NON01025,SM,SME,2000,5.0
SHOPERSTOP,SHOPPERS STOP LIMITED,INE498B01024,NSE_EQ|INE498B01024,EQ,NORMAL,1,5.0
SHRADDHA,SHRADDHA PRIME PROJECTS L,INE311M01018,NSE_EQ|INE311M01018,EQ,NORMAL,1,1.0
SHRADHA,SHRADHA REALTY LIMITED,INE715Y01031,NSE_EQ|INE715Y01031,EQ,NORMAL,1,1.0
SHREDIGCEM,SHREE DIGVIJAY CEM CO LTD,INE232A01011,NSE_EQ|INE232A01011,EQ,NORMAL,1,1.0
SHREECEM,SHREE CEMENT LIMITED,INE070A01015,NSE_EQ|INE070A01015,EQ,NORMAL,1,500.0
SHREEJISPG,SHREEJI SHIPPING GLOBAL L,INE1B6101010,NSE_EQ|INE1B6101010,EQ,NORMAL,1,5.0
SHREEKARNI,SHREE KARNI FABCOM LTD,INE0S4Y01010,NSE_EQ|INE0S4Y01010,SM,SME,150,5.0
SHREEOSFM,SHREE OSFM E-MOBILITY LTD,INE02S501018,NSE_EQ|INE02S501018,SM,SME,1000,5.0
SHREEPUSHK,SHRE PUSH CHEM & FERT LTD,INE712K01011,NSE_EQ|INE712K01011,EQ,NORMAL,1,5.0
SHREERAMA,SHREE RAMA MULTI TECH LTD,INE879A01019,NSE_EQ|INE879A01019,EQ,NORMAL,1,1.0
SHRENIK,SHRENIK LIMITED,INE632X01030,NSE_EQ|INE632X01030,BZ,NORMAL,1,1.0
SHREYANIND,SHREYANS INDUSTRIES LTD,INE231C01019,NSE_EQ|INE231C01019,EQ,NORMAL,1,1.0
SHRIKANHA,SHRI KANHA STAINLESS LTD,INE1V4601019,NSE_EQ|INE1V4601019,SM,SME,1600,5.0
SHRIKRISH,SHRI KRISHNA DEVCON LTD.,INE997I01012,NSE_EQ|INE997I01012,EQ,NORMAL,1,1.0
SHRINGARMS,SHRINGAR HOU OF MANGALS L,INE1B3L01017,NSE_EQ|INE1B3L01017,EQ,NORMAL,1,1.0
SHRIPISTON,SPR AUTO TECHNOLOGIES LTD,INE526E01018,NSE_EQ|INE526E01018,EQ,NORMAL,1,10.0
SHRIRAMFIN,SHRIRAM FINANCE LIMITED,INE721A01047,NSE_EQ|INE721A01047,EQ,NORMAL,1,10.0
SHRIRAMPPS,SHRIRAM PROPERTIES LTD,INE217L01019,NSE_EQ|INE217L01019,EQ,NORMAL,1,1.0
SHRITECH,SHRI TECHTEX LIMITED,INE0OMF01015,NSE_EQ|INE0OMF01015,SM,SME,2000,5.0
SHRJAGP,SHRI JAGDAMBA POLYMERS L,INE564J01026,NSE_EQ|INE564J01026,EQ,NORMAL,1,5.0
SHUBHLAXMI,SHUBHLAXMI JEWEL ART LTD,INE01Z401013,NSE_EQ|INE01Z401013,SM,SME,1000,5.0
SHUBHSHREE,SHUBHSHREE BIOFUELS ENE L,INE0UL701015,NSE_EQ|INE0UL701015,SM,SME,300,5.0
SHUKRAPHAR,SHUKRA PHARMACEUTICALS L,INE551C01044,NSE_EQ|INE551C01044,EQ,NORMAL,1,1.0
SHYAMCENT,SHYAM CENTURY FERROUS LTD,INE979R01011,NSE_EQ|INE979R01011,BE,NORMAL,1,1.0
SHYAMMETL,SHYAM METALICS AND ENGY L,INE810G01011,NSE_EQ|INE810G01011,EQ,NORMAL,1,10.0
SHYAMTEL,SHYAM TELECOM LIMITED,INE635A01023,NSE_EQ|INE635A01023,EQ,NORMAL,1,1.0
SICAGEN,SICAGEN INDIA LIMITED,INE176J01011,NSE_EQ|INE176J01011,EQ,NORMAL,1,1.0
SICALLOG,SICAL LOGISTICS LIMITED,INE075B01020,NSE_EQ|INE075B01020,BE,NORMAL,1,1.0
SIDDHICOTS,SIDDHI COTSPIN LIMITED,INE0SVO01019,NSE_EQ|INE0SVO01019,SM,SME,1200,5.0
SIDDHIKA,SIDDHIKA COATINGS LIMITED,INE0A1E01018,NSE_EQ|INE0A1E01018,SM,SME,500,5.0
SIEL,SUPERIOR INDUSTRIAL ENT L,INE843L01012,NSE_EQ|INE843L01012,EQ,NORMAL,1,1.0
SIEMENS,SIEMENS LTD,INE003A01024,NSE_EQ|INE003A01024,EQ,NORMAL,1,10.0
SIGACHI,SIGACHI INDUSTRIES LTD,INE0D0K01022,NSE_EQ|INE0D0K01022,EQ,NORMAL,1,1.0
SIGIND,SIGNET INDUSTRIES LIMITED,INE529F01035,NSE_EQ|INE529F01035,EQ,NORMAL,1,1.0
SIGMA,SIGMA SOLVE LIMITED,INE0A0S01028,NSE_EQ|INE0A0S01028,EQ,NORMAL,1,1.0
SIGMAADV,SIGMA ADVANCED SYSTEM LTD,INE933B01012,NSE_EQ|INE933B01012,EQ,NORMAL,1,5.0
SIGNATURE,SIGNATUREGLOBAL INDIA LTD,INE903U01023,NSE_EQ|INE903U01023,EQ,NORMAL,1,5.0
SIGNPOST,SIGNPOST INDIA LIMITED,INE0KGZ01021,NSE_EQ|INE0KGZ01021,EQ,NORMAL,1,5.0
SIKA,SIKA INTERPLANT SYSTEMS L,INE438E01032,NSE_EQ|INE438E01032,EQ,NORMAL,1,10.0
SIKKO,SIKKO INDUSTRIES LIMITED,INE112X01025,NSE_EQ|INE112X01025,BE,NORMAL,1,1.0
SIL,STANDARD INDUSTRIES LTD.,INE173A01025,NSE_EQ|INE173A01025,EQ,NORMAL,1,1.0
SILGO,SILGO RETAIL LIMITED,INE01II01013,NSE_EQ|INE01II01013,EQ,NORMAL,1,1.0
SILINV,SIL INVESTMENTS LIMITED,INE923A01015,NSE_EQ|INE923A01015,EQ,NORMAL,1,5.0
SILKFLEX,SILKFLEX POLYMERS INDIA L,INE0STN01015,NSE_EQ|INE0STN01015,SM,SME,1000,5.0
SILKY,SILKY OVERSEAS LIMITED,INE0SN801015,NSE_EQ|INE0SN801015,SM,SME,800,5.0
SILLYMONKS,SILLY MONKS ENTERTAIN LTD,INE203Y01012,NSE_EQ|INE203Y01012,EQ,NORMAL,1,1.0
SILVER,BIRLASLAMC - SILVER,INF209KB19F6,NSE_EQ|INF209KB19F6,EQ,NORMAL,1,1.0
SILVER1,KOTAKMAMC - KOTAKSILVE,INF174KA1ZD3,NSE_EQ|INF174KA1ZD3,EQ,NORMAL,1,1.0
SILVER360,360ONEAMC - SILVER360,INF579M01BC3,NSE_EQ|INF579M01BC3,EQ,NORMAL,1,1.0
SILVERADD,DSPAMC - DSPSILVETF,INF740KA1RE3,NSE_EQ|INF740KA1RE3,EQ,NORMAL,1,1.0
SILVERAG,MIRAEAMC - MASILVER,INF769K01KG6,NSE_EQ|INF769K01KG6,EQ,NORMAL,1,1.0
SILVERAXIS,AXISAMC-SILVERAXIS,INF846K011K1,NSE_EQ|INF846K011K1,EQ,NORMAL,1,1.0
SILVERBEES,NIPPONAMC - NETFSILVER,INF204KC1402,NSE_EQ|INF204KC1402,EQ,NORMAL,1,1.0
SILVERBETA,UTIAMC-SILVERBETA,INF789F1AYK6,NSE_EQ|INF789F1AYK6,EQ,NORMAL,1,1.0
SILVERBND,BANDHANAMC - SILVERBND,INF194KB1KI9,NSE_EQ|INF194KB1KI9,EQ,NORMAL,1,1.0
SILVERCASE,ZERODHAAMC - SILVERCASE,INF0R8F01091,NSE_EQ|INF0R8F01091,EQ,NORMAL,1,1.0
SILVERIETF,ICICIPRAMC - ICICISILVE,INF109KC1Y56,NSE_EQ|INF109KC1Y56,EQ,NORMAL,1,1.0
SILVERTUC,SILVER TOUCH TECHNO LTD,INE625X01026,NSE_EQ|INE625X01026,EQ,NORMAL,1,1.0
SIMBHALS,SIMBHAOLI SUGARS LTD.,INE748T01016,NSE_EQ|INE748T01016,BZ,NORMAL,1,1.0
SIMCA,SIMCA ADVERTISING LIMITED,INE1K4J01018,NSE_EQ|INE1K4J01018,SM,SME,600,5.0
SIMPLEXINF,SIMPLEX INFRASTRUCTURES L,INE059B01024,NSE_EQ|INE059B01024,EQ,NORMAL,1,1.0
SIMPLXREA,SIMPLEX REALTY LTD.,INE167H01014,NSE_EQ|INE167H01014,EQ,NORMAL,1,1.0
SINCLAIR,SINCLAIRS HOTELS LIMITED,INE985A01022,NSE_EQ|INE985A01022,EQ,NORMAL,1,1.0
SINDHUTRAD,SINDHU TRADE LINKS LTD,INE325D01025,NSE_EQ|INE325D01025,EQ,NORMAL,1,1.0
SINGERIND,SINGER INDIA LIMITED,INE638A01035,NSE_EQ|INE638A01035,EQ,NORMAL,1,1.0
SINTERCOM,SINTERCOM INDIA LIMITED,INE129Z01016,NSE_EQ|INE129Z01016,EQ,NORMAL,1,1.0
SIRCA,SIRCA PAINT INDIA LIMITED,INE792Z01011,NSE_EQ|INE792Z01011,EQ,NORMAL,1,5.0
SIS,SIS LIMITED,INE285J01028,NSE_EQ|INE285J01028,EQ,NORMAL,1,5.0
SITINET,SITI NETWORKS LIMITED,INE965H01011,NSE_EQ|INE965H01011,BZ,NORMAL,1,1.0
SIYSIL,SIYARAM SILK MILLS LTD,INE076B01028,NSE_EQ|INE076B01028,EQ,NORMAL,1,5.0
SJLOGISTIC,S J LOGISTICS (INDIA) LTD,INE0F3301020,NSE_EQ|INE0F3301020,SM,SME,250,5.0
SJS,SJS ENTERPRISES LIMITED,INE284S01014,NSE_EQ|INE284S01014,EQ,NORMAL,1,10.0
SJVN,SJVN LTD,INE002L01015,NSE_EQ|INE002L01015,EQ,NORMAL,1,1.0
SKFINDIA,SKF INDIA LTD,INE640A01023,NSE_EQ|INE640A01023,EQ,NORMAL,1,10.0
SKFINDUS,SKF IND (INDUSTRIAL) LTD,INE2J8701016,NSE_EQ|INE2J8701016,EQ,NORMAL,1,10.0
SKIL,SKIL INFRASTRUCTURE LTD.,INE429F01012,NSE_EQ|INE429F01012,BZ,NORMAL,1,1.0
SKIPPER,SKIPPER LIMITED,INE439E01022,NSE_EQ|INE439E01022,EQ,NORMAL,1,5.0
SKMEGGPROD,SKM EGG PROD EXPORT(I) LT,INE411D01023,NSE_EQ|INE411D01023,EQ,NORMAL,1,1.0
SKP,SKP BEARING INDUSTRI. LTD,INE0KZA01016,NSE_EQ|INE0KZA01016,SM,SME,500,5.0
SKYGOLD,SKY GOLD AND DIAMONDS LTD,INE01IU01018,NSE_EQ|INE01IU01018,EQ,NORMAL,1,5.0
SMALL250,MIRAEAMC - SMALL250,INF769K01PQ4,NSE_EQ|INF769K01PQ4,EQ,NORMAL,1,1.0
SMALLADD,DSPAMC - SMALLADD,INF740KA1WX3,NSE_EQ|INF740KA1WX3,EQ,NORMAL,1,1.0
SMALLCAP,MIRAEAMC - SMALLCAP,INF769K01LC3,NSE_EQ|INF769K01LC3,EQ,NORMAL,1,1.0
SMALLGROWW,GROWWAMC - SMALLGROWW,INF666M01PG9,NSE_EQ|INF666M01PG9,EQ,NORMAL,1,1.0
SMALLIETF,ICICIPRAMC - SMALLIETF,INF109K1A476,NSE_EQ|INF109K1A476,EQ,NORMAL,1,1.0
SMARTLINK,SMARTLINK HOLDINGS LTD,INE178C01020,NSE_EQ|INE178C01020,BE,NORMAL,1,1.0
SMARTWORKS,SMARTWORKS COWORKING SP L,INE0NAZ01010,NSE_EQ|INE0NAZ01010,EQ,NORMAL,1,5.0
SMCGLOBAL,SMC GLOBAL SECURITIES LTD,INE103C01036,NSE_EQ|INE103C01036,EQ,NORMAL,1,1.0
SML100CASE,ZERODHAAMC - SML100CASE,INF0R8F01141,NSE_EQ|INF0R8F01141,EQ,NORMAL,1,1.0
SMLMAH,SML MAHINDRA LIMITED,INE294B01019,NSE_EQ|INE294B01019,EQ,NORMAL,1,50.0
SMLT,SARTHAK METALS LIMITED,INE017W01010,NSE_EQ|INE017W01010,EQ,NORMAL,1,1.0
SMSPHARMA,SMS PHARMACEUTICALS LTD.,INE812G01025,NSE_EQ|INE812G01025,EQ,NORMAL,1,5.0
SMVD,SMVD POLY PACK LIMITED,INE702Y01013,NSE_EQ|INE702Y01013,SM,SME,4040,5.0
SNEHAA,SNEHAA ORGANICS LIMITED,INE1OIC01018,NSE_EQ|INE1OIC01018,SM,SME,1000,5.0
SNOWMAN,SNOWMAN LOGISTICS LTD.,INE734N01019,NSE_EQ|INE734N01019,EQ,NORMAL,1,1.0
SNXT30BEES,NIPPONAMC - SNXT30BEES,INF204KC1EZ3,NSE_EQ|INF204KC1EZ3,EQ,NORMAL,1,1.0
SNXT50BETA,UTIAMC-SNXT50BETA,INF789F1AUU3,NSE_EQ|INF789F1AUU3,EQ,NORMAL,1,1.0
SOBHA,SOBHA LIMITED,INE671H01015,NSE_EQ|INE671H01015,EQ,NORMAL,1,10.0
SOCL,SUNDREX OIL COMPANY LTD,INE0CTB01014,NSE_EQ|INE0CTB01014,SM,SME,1600,5.0
SOFTTECH,SOFTTECH ENGINEERS LTD,INE728Z01015,NSE_EQ|INE728Z01015,EQ,NORMAL,1,5.0
SOLARA,SOLARA ACTIVE PHA SCI LTD,INE624Z01016,NSE_EQ|INE624Z01016,EQ,NORMAL,1,5.0
SOLARINDS,SOLAR INDUSTRIES (I) LTD,INE343H01029,NSE_EQ|INE343H01029,EQ,NORMAL,1,100.0
SOLARWORLD,SOLARWORLD ENERGY SOL LTD,INE0TY101024,NSE_EQ|INE0TY101024,EQ,NORMAL,1,1.0
SOLEX,SOLEX ENERGY LIMITED,INE880Y01017,NSE_EQ|INE880Y01017,EQ,NORMAL,1,5.0
SOMANYCERA,SOMANY CERAMICS LIMITED,INE355A01028,NSE_EQ|INE355A01028,EQ,NORMAL,1,5.0
SOMATEX,SOMA TEXTILES & INDUST LT,INE314C01013,NSE_EQ|INE314C01013,EQ,NORMAL,1,1.0
SOMICONVEY,SOMI CONVEYOR BELT. LTD.,INE323J01019,NSE_EQ|INE323J01019,EQ,NORMAL,1,1.0
SONACOMS,SONA BLW PRECISION FRGS L,INE073K01018,NSE_EQ|INE073K01018,EQ,NORMAL,1,5.0
SONAL,SONAL MERCANTILE LTD.,INE321M01017,NSE_EQ|INE321M01017,EQ,NORMAL,1,1.0
SONAMAC,SONA MACHINERY LIMITED,INE0Q6H01012,NSE_EQ|INE0Q6H01012,SM,SME,1000,5.0
SONAMLTD,SONAM LIMITED,INE00LM01029,NSE_EQ|INE00LM01029,EQ,NORMAL,1,1.0
SONATSOFTW,SONATA SOFTWARE LTD,INE269A01021,NSE_EQ|INE269A01021,EQ,NORMAL,1,5.0
SOTAC,SOTAC PHARMACEUTICALS LTD,INE0O2D01012,NSE_EQ|INE0O2D01012,SM,SME,1200,5.0
SOTL,SAVITA OIL TECHNOLO. LTD,INE035D01020,NSE_EQ|INE035D01020,EQ,NORMAL,1,5.0
SOUTHBANK,THE SOUTH INDIAN BANK LTD,INE683A01023,NSE_EQ|INE683A01023,EQ,NORMAL,1,1.0
SOUTHWEST,SOUTH WEST PINNACLE LTD,INE980Y01015,NSE_EQ|INE980Y01015,EQ,NORMAL,1,1.0
SPAL,S. P. APPARELS LIMITED,INE212I01016,NSE_EQ|INE212I01016,EQ,NORMAL,1,5.0
SPANDANA,SPANDANA SPHOORTY FIN LTD,INE572J01011,NSE_EQ|INE572J01011,EQ,NORMAL,1,5.0
SPARC,SUN PHARMA ADV.RES.CO.LTD,INE232I01014,NSE_EQ|INE232I01014,EQ,NORMAL,1,1.0
SPCENET,SPACENET ENTERS IND LTD,INE970N01027,NSE_EQ|INE970N01027,EQ,NORMAL,1,1.0
SPCL,SHIVALIC POWER CONTROL L,INE0T7B01010,NSE_EQ|INE0T7B01010,SM,SME,600,5.0
SPCON,SRINIBAS PRADHAN CONST L,INE0TPJ01019,NSE_EQ|INE0TPJ01019,SM,SME,1200,5.0
SPECIALITY,SPECIALITY REST LTD,INE247M01014,NSE_EQ|INE247M01014,BE,NORMAL,1,1.0
SPECTRUM,SPECTRUM ELECTRIC IND LTD,INE01EO01010,NSE_EQ|INE01EO01010,BE,NORMAL,1,10.0
SPECTSTM,SPECTRUM TALENT MGMT LTD,INE0OL001018,NSE_EQ|INE0OL001018,SM,SME,800,5.0
SPELS,SPEL SEMICONDUCTOR LTD,INE252A01019,NSE_EQ|INE252A01019,EQ,NORMAL,1,1.0
SPENCERS,SPENCER S RETAIL LIMITED,INE020801028,NSE_EQ|INE020801028,EQ,NORMAL,1,1.0
SPIC,SPIC LTD,INE147A01011,NSE_EQ|INE147A01011,EQ,NORMAL,1,1.0
SPLIL,SPL INDUSTRIES LIMITED,INE978G01016,NSE_EQ|INE978G01016,EQ,NORMAL,1,1.0
SPLPETRO,SUPREME PETROCHEM LIMITED,INE663A01033,NSE_EQ|INE663A01033,EQ,NORMAL,1,5.0
SPMLINFRA,SPML INFRA LIMITED,INE937A01023,NSE_EQ|INE937A01023,EQ,NORMAL,1,1.0
SPORTKING,SPORTKING INDIA LIMITED,INE885H01029,NSE_EQ|INE885H01029,EQ,NORMAL,1,1.0
SPPPOLY,SPP POLYMER LIMITED,INE0QR801013,NSE_EQ|INE0QR801013,SM,SME,2000,5.0
SPRL,SP REFRACTORIES LIMITED,INE0JW501011,NSE_EQ|INE0JW501011,SM,SME,800,5.0
SPUNWEB,SPUNWEB NONWOVEN LIMITED,INE19QH01010,NSE_EQ|INE19QH01010,SM,SME,1200,5.0
SRD,SHANKAR LAL RAMPAL LTD,INE01NE01012,NSE_EQ|INE01NE01012,EQ,NORMAL,1,1.0
SREEL,SREELEATHERS LIMITED,INE099F01013,NSE_EQ|INE099F01013,EQ,NORMAL,1,1.0
SRF,SRF LTD,INE647A01010,NSE_EQ|INE647A01010,EQ,NORMAL,1,10.0
SRGHFL,SRG HOUSING FINANCE L,INE559N01010,NSE_EQ|INE559N01010,EQ,NORMAL,1,5.0
SRHHYPOLTD,SREE RAYALSEEMA HHP LTD.,INE917H01012,NSE_EQ|INE917H01012,EQ,NORMAL,1,5.0
SRIKPRIND,SRI KPR INDUSTRIES LTD.,INE009C01019,NSE_EQ|INE009C01019,EQ,NORMAL,1,1.0
SRM,SRM CONTRACTORS LIMITED,INE0R6Z01013,NSE_EQ|INE0R6Z01013,EQ,NORMAL,1,5.0
SRTL,SHREE RAM TWISTEX LIMITED,INE19GK01015,NSE_EQ|INE19GK01015,EQ,NORMAL,1,1.0
SSDL,SARASWATI SAREE DEPOT LTD,INE0PQ101010,NSE_EQ|INE0PQ101010,EQ,NORMAL,1,1.0
SSEGL,SATHLOKHAR SYN E&C GLOB L,INE0RFP01011,NSE_EQ|INE0RFP01011,SM,SME,200,5.0
SSWL,STEEL STRIPS WHEELS LTD.,INE802C01033,NSE_EQ|INE802C01033,EQ,NORMAL,1,5.0
STALLION,STALLION IND FLUOROCHEM L,INE0RYC01010,NSE_EQ|INE0RYC01010,BE,NORMAL,1,5.0
STANLEY,STANLEY LIFESTYLES LTD,INE01A001028,NSE_EQ|INE01A001028,EQ,NORMAL,1,1.0
STAR,STRIDES PHARMA SCI LTD,INE939A01011,NSE_EQ|INE939A01011,EQ,NORMAL,1,10.0
STARCEMENT,STAR CEMENT LIMITED,INE460H01021,NSE_EQ|INE460H01021,EQ,NORMAL,1,1.0
STARHEALTH,STAR HEALTH & AL INS CO L,INE575P01011,NSE_EQ|INE575P01011,EQ,NORMAL,1,5.0
STARPAPER,STAR PAPER MILLS LTD,INE733A01018,NSE_EQ|INE733A01018,EQ,NORMAL,1,1.0
STARTECK,STARTECK FINANCE LIMITED,INE992I01013,NSE_EQ|INE992I01013,EQ,NORMAL,1,5.0
STCINDIA,THE STATE TRADING CORPN,INE655A01013,NSE_EQ|INE655A01013,EQ,NORMAL,1,1.0
STEELCAS,STEELCAST LIMITED,INE124E01038,NSE_EQ|INE124E01038,EQ,NORMAL,1,5.0
STEELCITY,STEEL CITY SECURITIES LTD,INE395H01011,NSE_EQ|INE395H01011,EQ,NORMAL,1,1.0
STEELXIND,STEEL EXCHANGE INDIA LTD,INE503B01021,NSE_EQ|INE503B01021,EQ,NORMAL,1,1.0
STEL,STEL HOLDINGS LIMITED,INE577L01016,NSE_EQ|INE577L01016,EQ,NORMAL,1,5.0
STERTOOLS,STERLING TOOLS LIMITED,INE334A01023,NSE_EQ|INE334A01023,BE,NORMAL,1,5.0
STLNETWORK,STL NETWORKS LIMITED,INE1VXE01018,NSE_EQ|INE1VXE01018,EQ,NORMAL,1,1.0
STLSTRINF,STEEL STRIPS INFRA L,INE205F01016,NSE_EQ|INE205F01016,EQ,NORMAL,1,1.0
STLTECH,STERLITE TECHNOLOGIES LTD,INE089C01029,NSE_EQ|INE089C01029,BE,NORMAL,1,5.0
STOVEKRAFT,STOVE KRAFT LIMITED,INE00IN01015,NSE_EQ|INE00IN01015,EQ,NORMAL,1,5.0
STRIDERS,STRIDERS IMPEX LIMITED,INE1XWN01017,NSE_EQ|INE1XWN01017,SM,SME,1600,5.0
STUDDS,STUDDS ACCESSORIES LTD,INE00Q601028,NSE_EQ|INE00Q601028,EQ,NORMAL,1,5.0
STUDIOLSD,STUDIO LSD LIMITED,INE17VO01028,NSE_EQ|INE17VO01028,SM,SME,2000,5.0
STYL,SESHAASAI TECHNOLOGIES L,INE04VU01023,NSE_EQ|INE04VU01023,EQ,NORMAL,1,5.0
STYLAMIND,STYLAM INDUSTRIES LIMITED,INE239C01020,NSE_EQ|INE239C01020,EQ,NORMAL,1,10.0
STYLEBAAZA,BAAZAR STYLE RETAIL LTD,INE01FR01028,NSE_EQ|INE01FR01028,EQ,NORMAL,1,5.0
STYRENIX,STYRENIX PERFORMANCE LTD,INE189B01011,NSE_EQ|INE189B01011,EQ,NORMAL,1,10.0
SUBAHOTELS,SUBA HOTELS LIMITED,INE0RYR01018,NSE_EQ|INE0RYR01018,SM,SME,1200,5.0
SUBEXLTD,SUBEX LTD,INE754A01055,NSE_EQ|INE754A01055,EQ,NORMAL,1,1.0
SUBROS,SUBROS LIMITED,INE287B01021,NSE_EQ|INE287B01021,EQ,NORMAL,1,5.0
SUDARCOLOR,SUDARSHAN COLORNT IND LTD,INE492A01029,NSE_EQ|INE492A01029,EQ,NORMAL,1,5.0
SUDARSCHEM,SUDARSHAN CHEMICAL INDS L,INE659A01023,NSE_EQ|INE659A01023,EQ,NORMAL,1,10.0
SUDEEPPHRM,SUDEEP PHARMA LIMITED,INE0QPI01025,NSE_EQ|INE0QPI01025,EQ,NORMAL,1,5.0
SUKHJITS,SUKHJIT STARCH & CHEM LTD,INE450E01029,NSE_EQ|INE450E01029,EQ,NORMAL,1,1.0
SULA,SULA VINEYARDS LIMITED,INE142Q01026,NSE_EQ|INE142Q01026,EQ,NORMAL,1,1.0
SUMEDHA,SUMEDHA FISCAL SERVICES L,INE886B01012,NSE_EQ|INE886B01012,EQ,NORMAL,1,1.0
SUMEETINDS,SUMEET IND LIMITED,INE235C01036,NSE_EQ|INE235C01036,EQ,NORMAL,1,1.0
SUMICHEM,SUMITOMO CHEM INDIA LTD,INE258G01013,NSE_EQ|INE258G01013,EQ,NORMAL,1,5.0
SUMIT,SUMIT WOODS LIMITED,INE748Z01013,NSE_EQ|INE748Z01013,EQ,NORMAL,1,1.0
SUMMITSEC,SUMMIT SECURITIES LTD,INE519C01017,NSE_EQ|INE519C01017,EQ,NORMAL,1,10.0
SUNCLAY,SUNDARAM CLAYTON LIMITED,INE0Q3R01026,NSE_EQ|INE0Q3R01026,EQ,NORMAL,1,10.0
SUNDARAM,SUNDARAM MULTI PAP LTD,INE108E01023,NSE_EQ|INE108E01023,EQ,NORMAL,1,1.0
SUNDARMFIN,SUNDARAM FINANCE LTD,INE660A01013,NSE_EQ|INE660A01013,EQ,NORMAL,1,10.0
SUNDRMBRAK,SUNDARAMBRAKE LININGS LTD,INE073D01013,NSE_EQ|INE073D01013,BE,NORMAL,1,5.0
SUNDRMFAST,SUNDRAM FASTENERS LTD,INE387A01021,NSE_EQ|INE387A01021,EQ,NORMAL,1,5.0
SUNDROP,SUNDROP BRANDS LIMITED,INE209A01019,NSE_EQ|INE209A01019,EQ,NORMAL,1,5.0
SUNFLAG,SUNFLAG IRON AND STEEL CO,INE947A01014,NSE_EQ|INE947A01014,EQ,NORMAL,1,5.0
SUNLITE,SUNLITE RECYCLING IND LTD,INE0U2N01013,NSE_EQ|INE0U2N01013,SM,SME,300,5.0
SUNLOC,SUNIL HEALTHCARE LTD.,INE671C01016,NSE_EQ|INE671C01016,EQ,NORMAL,1,1.0
SUNPHARMA,SUN PHARMACEUTICAL IND L,INE044A01036,NSE_EQ|INE044A01036,EQ,NORMAL,1,10.0
SUNRAKSHAK,SUNRAKSHAKK INDUS IND L,INE671K01027,NSE_EQ|INE671K01027,EQ,NORMAL,1,5.0
SUNREST,SUNREST LIFESCIENCE LTD,INE0PLZ01012,NSE_EQ|INE0PLZ01012,SM,SME,1600,5.0
SUNSHIEL,SUNSHIELD CHEMICALS LTD.,INE199E01014,NSE_EQ|INE199E01014,EQ,NORMAL,1,10.0
SUNTECH,SUNTECH INFRA SOLUTIONS L,INE0SGZ01016,NSE_EQ|INE0SGZ01016,SM,SME,1600,5.0
SUNTECK,SUNTECK REALTY LIMITED,INE805D01034,NSE_EQ|INE805D01034,EQ,NORMAL,1,5.0
SUNTV,SUN TV NETWORK LIMITED,INE424H01027,NSE_EQ|INE424H01027,EQ,NORMAL,1,5.0
SUPERHOUSE,SUPERHOUSE LIMITED,INE712B01010,NSE_EQ|INE712B01010,EQ,NORMAL,1,1.0
SUPERSPIN,SUPER SPINNING MILLS LTD,INE662A01027,NSE_EQ|INE662A01027,BE,PCA,1,1.0
SUPRAJIT,SUPRAJIT ENGINEERING LTD,INE399C01030,NSE_EQ|INE399C01030,EQ,NORMAL,1,5.0
SUPREME,SUPREME HOLDIN N HOSP I L,INE822E01011,NSE_EQ|INE822E01011,EQ,NORMAL,1,1.0
SUPREMEENG,SUPREME ENGINEERING LTD,INE319Z01021,NSE_EQ|INE319Z01021,BZ,PCA,1,1.0
SUPREMEIND,SUPREME INDUSTRIES LTD,INE195A01028,NSE_EQ|INE195A01028,EQ,NORMAL,1,10.0
SUPREMEINF,SUPREME INFRA. LTD.,INE550H01011,NSE_EQ|INE550H01011,EQ,NORMAL,1,1.0
SUPREMEPWR,SUPREME POWER EQUIPMENT L,INE0QHG01026,NSE_EQ|INE0QHG01026,SM,SME,500,5.0
SUPRIYA,SUPRIYA LIFESCIENCE LTD,INE07RO01027,NSE_EQ|INE07RO01027,EQ,NORMAL,1,5.0
SUPTANERY,SUPER TANNERY LTD.,INE460D01038,NSE_EQ|INE460D01038,EQ,NORMAL,1,1.0
SURAJEST,SURAJ ESTATE DEVELOPERS L,INE843S01025,NSE_EQ|INE843S01025,EQ,NORMAL,1,1.0
SURAJLTD,SURAJ LIMITED,INE713C01016,NSE_EQ|INE713C01016,EQ,NORMAL,1,1.0
SURAKSHA,SURAKSHA DIAGNOSTIC LTD,INE877V01027,NSE_EQ|INE877V01027,EQ,NORMAL,1,5.0
SURANASOL,SURANA SOLAR LIMITED,INE272L01022,NSE_EQ|INE272L01022,EQ,NORMAL,1,1.0
SURANAT&P,SURANA TELECOM AND POW LT,INE130B01031,NSE_EQ|INE130B01031,EQ,NORMAL,1,1.0
SURANI,SURANI STEEL TUBES LTD.,INE01ZJ01015,NSE_EQ|INE01ZJ01015,SM,SME,200,5.0
SURYALA,SURYALATA SPINNING MILL L,INE132C01027,NSE_EQ|INE132C01027,EQ,NORMAL,1,5.0
SURYALAXMI,SURYALAKSHMI COT MIL LTD,INE713B01026,NSE_EQ|INE713B01026,EQ,NORMAL,1,1.0
SURYAROSNI,SURYA ROSHNI LTD,INE335A01020,NSE_EQ|INE335A01020,EQ,NORMAL,1,1.0
SURYODAY,SURYODAY SMALL FIN BK LTD,INE428Q01011,NSE_EQ|INE428Q01011,EQ,NORMAL,1,1.0
SUTLEJTEX,SUTLEJ TEXT & INDUS LTD,INE645H01027,NSE_EQ|INE645H01027,BE,NORMAL,1,1.0
SUVEN,SUVEN LIFE SCIENCES LTD,INE495B01038,NSE_EQ|INE495B01038,EQ,NORMAL,1,5.0
SUVIDHAA,SUVIDHAA INFOSERVE LTD,INE018401013,NSE_EQ|INE018401013,EQ,NORMAL,1,1.0
SUYOG,SUYOG TELEMATICS LIMITED,INE442P01014,NSE_EQ|INE442P01014,EQ,NORMAL,1,5.0
SUZLON,SUZLON ENERGY LIMITED,INE040H01021,NSE_EQ|INE040H01021,EQ,NORMAL,1,1.0
SVGLOBAL,S V GLOBAL MILL LTD.,INE159L01013,NSE_EQ|INE159L01013,EQ,NORMAL,1,1.0
SVLL,SHREE VASU LOGISTICS LTD,INE00CE01017,NSE_EQ|INE00CE01017,BE,PCA,1,5.0
SVPGLOB,SVP GLOBAL TEXTILES LTD,INE308E01029,NSE_EQ|INE308E01029,EQ,NORMAL,1,1.0
SWANCORP,SWAN CORP LIMITED,INE665A01038,NSE_EQ|INE665A01038,EQ,NORMAL,1,5.0
SWANDEF,SWAN DEFENCE N HEVY IND L,INE542F01020,NSE_EQ|INE542F01020,BE,NORMAL,1,10.0
SWARAJ,SWARAJ SUITING LIMITED,INE0GMR01016,NSE_EQ|INE0GMR01016,EQ,NORMAL,1,5.0
SWARAJENG,SWARAJ ENGINES LTD,INE277A01016,NSE_EQ|INE277A01016,EQ,NORMAL,1,10.0
SWARNSAR,SWARNSARITA JEWELS IND L,INE967A01012,NSE_EQ|INE967A01012,EQ,NORMAL,1,1.0
SWELECTES,SWELECT ENERGY SYS LTD,INE409B01013,NSE_EQ|INE409B01013,EQ,NORMAL,1,5.0
SWIGGY,SWIGGY LIMITED,INE00H001014,NSE_EQ|INE00H001014,EQ,NORMAL,1,5.0
SWISSMLTRY,SWISS MILITARY CON GOOD L,INE010C01025,NSE_EQ|INE010C01025,EQ,NORMAL,1,1.0
SWSOLAR,STRLNG & WIL REN ENE LTD,INE00M201021,NSE_EQ|INE00M201021,EQ,NORMAL,1,1.0
SYLVANPLY,SYLVAN PLYBOARD (INDIA) L,INE01IH01015,NSE_EQ|INE01IH01015,SM,SME,2000,5.0
SYMPHONY,SYMPHONY LIMITED,INE225D01027,NSE_EQ|INE225D01027,EQ,NORMAL,1,5.0
SYNCOMF,SYNCOM FORMU (I) LTD,INE312C01025,NSE_EQ|INE312C01025,EQ,NORMAL,1,1.0
SYNGENE,SYNGENE INTERNATIONAL LTD,INE398R01022,NSE_EQ|INE398R01022,EQ,NORMAL,1,5.0
SYRMA,SYRMA SGS TECHNOLOGY LTD,INE0DYJ01015,NSE_EQ|INE0DYJ01015,EQ,NORMAL,1,10.0
SYSTANGO,SYSTANGO TECHNOLOGIES LTD,INE0O7R01011,NSE_EQ|INE0O7R01011,SM,SME,400,5.0
SYSTMTXC,SYSTEMATIX CORP SERVICE L,INE356B01024,NSE_EQ|INE356B01024,BE,NORMAL,1,1.0
TAALTECH,TAAL TECH LTD.,INE524T01011,NSE_EQ|INE524T01011,EQ,NORMAL,1,10.0
TAINWALCHM,TAINWALA CHEMICAL AND PLA,INE123C01018,NSE_EQ|INE123C01018,EQ,NORMAL,1,1.0
TAJGVK,TAJ GVK HOTELS & RESORTS,INE586B01026,NSE_EQ|INE586B01026,EQ,NORMAL,1,5.0
TAKE,TAKE LIMITED,INE142I01023,NSE_EQ|INE142I01023,EQ,NORMAL,1,1.0
TALBROAUTO,TALBROS AUTO. COMP. LTD,INE187D01029,NSE_EQ|INE187D01029,EQ,NORMAL,1,5.0
TAMBOLIIN,TAMBOLI INDUSTRIES LTD.,INE864J01012,NSE_EQ|INE864J01012,BE,NORMAL,1,1.0
TANAA,TANEJA AEROSPACE & AVIA L,INE692C01020,NSE_EQ|INE692C01020,EQ,NORMAL,1,5.0
TANLA,TANLA PLATFORMS LIMITED,INE483C01032,NSE_EQ|INE483C01032,EQ,NORMAL,1,5.0
TAPIFRUIT,TAPI FRUIT PROCESSING LTD,INE0M7001010,NSE_EQ|INE0M7001010,SM,SME,750,5.0
TARACHAND,TARA CHAND INFRA SOLN LTD,INE555Z01020,NSE_EQ|INE555Z01020,EQ,NORMAL,1,1.0
TARAPUR,TARAPUR TRANSFORMERS LTD,INE747K01017,NSE_EQ|INE747K01017,EQ,NORMAL,1,1.0
TARC,TARC LIMITED,INE0EK901012,NSE_EQ|INE0EK901012,EQ,NORMAL,1,1.0
TARIL,TRANS & RECTI. LTD,INE763I01026,NSE_EQ|INE763I01026,EQ,NORMAL,1,5.0
TARMAT,TARMAT LIMITED,INE924H01018,NSE_EQ|INE924H01018,EQ,NORMAL,1,1.0
TARSONS,TARSONS PRODUCTS LIMITED,INE144Z01023,NSE_EQ|INE144Z01023,EQ,NORMAL,1,5.0
TASTYBITE,TASTY BITE EATABLES LTD,INE488B01017,NSE_EQ|INE488B01017,EQ,NORMAL,1,50.0
TATACAP,TATA CAPITAL LIMITED,INE976I01016,NSE_EQ|INE976I01016,EQ,NORMAL,1,5.0
TATACHEM,TATA CHEMICALS LTD,INE092A01019,NSE_EQ|INE092A01019,EQ,NORMAL,1,5.0
TATACOMM,TATA COMMUNICATIONS LTD,INE151A01013,NSE_EQ|INE151A01013,EQ,NORMAL,1,10.0
TATACONSUM,TATA CONSUMER PRODUCT LTD,INE192A01025,NSE_EQ|INE192A01025,EQ,NORMAL,1,10.0
TATAELXSI,TATA ELXSI LIMITED,INE670A01012,NSE_EQ|INE670A01012,EQ,NORMAL,1,10.0
TATAGOLD,TATAAML-TATAGOLD,INF277KA1976,NSE_EQ|INF277KA1976,EQ,NORMAL,1,1.0
TATAINVEST,TATA INVESTMENT CORP LTD,INE672A01026,NSE_EQ|INE672A01026,EQ,NORMAL,1,5.0
TATAPOWER,TATA POWER CO LTD,INE245A01021,NSE_EQ|INE245A01021,EQ,NORMAL,1,5.0
TATASTEEL,TATA STEEL LIMITED,INE081A01020,NSE_EQ|INE081A01020,EQ,NORMAL,1,1.0
TATATECH,TATA TECHNOLOGIES LIMITED,INE142M01025,NSE_EQ|INE142M01025,EQ,NORMAL,1,5.0
TATSILV,TATAAML-TATSILV,INF277KA1984,NSE_EQ|INF277KA1984,EQ,NORMAL,1,1.0
TATVA,TATVA CHIN PHARM CHEM LTD,INE0GK401011,NSE_EQ|INE0GK401011,EQ,NORMAL,1,10.0
TAURIAN,TAURIAN MPS LIMITED,INE0XWS01018,NSE_EQ|INE0XWS01018,SM,SME,800,5.0
TBI,TBI CORN LIMITED,INE0N2D01013,NSE_EQ|INE0N2D01013,SM,SME,600,5.0
TBOTEK,TBO TEK LIMITED,INE673O01025,NSE_EQ|INE673O01025,EQ,NORMAL,1,10.0
TBZ,TRIB BHIMJI ZAVERI LTD,INE760L01018,NSE_EQ|INE760L01018,EQ,NORMAL,1,5.0
TCC,TCC CONCEPT LIMITED,INE887D01016,NSE_EQ|INE887D01016,EQ,NORMAL,1,5.0
TCI,TRANSPORT CORPN OF INDIA,INE688A01022,NSE_EQ|INE688A01022,EQ,NORMAL,1,5.0
TCIEXP,TCI EXPRESS LIMITED,INE586V01016,NSE_EQ|INE586V01016,EQ,NORMAL,1,5.0
TCIFINANCE,TCIFINANCELTD-ROLL SETT,INE911B01018,NSE_EQ|INE911B01018,BE,NORMAL,1,1.0
TCL,THAAI CASTING LIMITED,INE0QJL01014,NSE_EQ|INE0QJL01014,SM,SME,800,5.0
TCPLPACK,TCPL PACKAGING LIMITED,INE822C01015,NSE_EQ|INE822C01015,EQ,NORMAL,1,10.0
TCS,TATA CONSULTANCY SERV LT,INE467B01029,NSE_EQ|INE467B01029,EQ,NORMAL,1,10.0
TDPOWERSYS,TD POWER SYSTEMS LTD.,INE419M01035,NSE_EQ|INE419M01035,EQ,NORMAL,1,10.0
TEAMGTY,TEAM INDIA GUARANTY LTD,INE289C01025,NSE_EQ|INE289C01025,EQ,NORMAL,1,1.0
TEAMLEASE,TEAMLEASE SERVICES LTD.,INE985S01024,NSE_EQ|INE985S01024,EQ,NORMAL,1,10.0
TECH,BIRLASLAMC - TECH,INF209KB11D8,NSE_EQ|INF209KB11D8,EQ,NORMAL,1,1.0
TECHERA,TECHERA ENGINEER (IND) L,INE0JQS01019,NSE_EQ|INE0JQS01019,SM,SME,800,5.0
TECHLABS,TRIDENT TECHLABS LIMITED,INE0QD201012,NSE_EQ|INE0QD201012,SM,SME,125,5.0
TECHM,TECH MAHINDRA LIMITED,INE669C01036,NSE_EQ|INE669C01036,EQ,NORMAL,1,10.0
TECHNOCRAF,TECHNOCRAFT VENTURES LTD,INE1D0W01018,NSE_EQ|INE1D0W01018,EQ,NORMAL,1,1.0
TECHNOE,TECHNO ELEC & ENG CO. LTD,INE285K01026,NSE_EQ|INE285K01026,EQ,NORMAL,1,5.0
TECHNVISN,TECHNVISION VENTURES LTD.,INE314H01012,NSE_EQ|INE314H01012,EQ,NORMAL,1,10.0
TECILCHEM,TECIL CHEMICALS,INE014B01011,NSE_EQ|INE014B01011,EQ,NORMAL,1,1.0
TEGA,TEGA INDUSTRIES LIMITED,INE011K01018,NSE_EQ|INE011K01018,EQ,NORMAL,1,10.0
TEJA,TEJA ENGINEERING IND L,INE0R1301019,NSE_EQ|INE0R1301019,SM,SME,600,5.0
TEJASCARGO,TEJAS CARGO INDIA LIMITED,INE17WC01013,NSE_EQ|INE17WC01013,SM,SME,400,5.0
TEJASNET,TEJAS NETWORKS LIMITED,INE010J01012,NSE_EQ|INE010J01012,EQ,NORMAL,1,5.0
TEMBO,TEMBO GLOBAL IND LTD,INE869Y01028,NSE_EQ|INE869Y01028,EQ,NORMAL,1,5.0
TENNIND,TENNECO CLEAN AIR INDIA L,INE19RI01016,NSE_EQ|INE19RI01016,EQ,NORMAL,1,5.0
TERAI,TERAI TEA CO. LTD.,INE390D01011,NSE_EQ|INE390D01011,EQ,NORMAL,1,1.0
TERASOFT,TERA SOFTWARE LIMITED,INE482B01010,NSE_EQ|INE482B01010,EQ,NORMAL,1,5.0
TEXINFRA,TEXMACO INFRA & HOLDG LTD,INE435C01024,NSE_EQ|INE435C01024,EQ,NORMAL,1,1.0
TEXMOPIPES,TEXMO PIPE & PRODUCTS LTD,INE141K01013,NSE_EQ|INE141K01013,EQ,NORMAL,1,1.0
TEXRAIL,TEXMACO RAIL & ENG. LTD.,INE621L01012,NSE_EQ|INE621L01012,EQ,NORMAL,1,1.0
TFCILTD,TOURISM FINANCE CORP. OF,INE305A01023,NSE_EQ|INE305A01023,EQ,NORMAL,1,1.0
TFL,TRANSWARRANTY FIN. LTD.,INE804H01012,NSE_EQ|INE804H01012,EQ,NORMAL,1,1.0
TGBHOTELS,TGB BANQUETS&HOTELS LTD,INE797H01018,NSE_EQ|INE797H01018,EQ,NORMAL,1,1.0
TGVSL,T G V SRAAC LTD.,INE284B01028,NSE_EQ|INE284B01028,EQ,NORMAL,1,1.0
THACKER,THACKER & CO. LTD.,INE077P01034,NSE_EQ|INE077P01034,BE,NORMAL,1,10.0
THAKDEV,THAKKERS DEVELOPERS LTD.,INE403F01017,NSE_EQ|INE403F01017,EQ,NORMAL,1,1.0
THANGAMAYL,THANGAMAYIL JEWELLERY LTD,INE085J01014,NSE_EQ|INE085J01014,EQ,NORMAL,1,50.0
THEINVEST,THE INVEST TRUST OF IND L,INE924D01017,NSE_EQ|INE924D01017,EQ,NORMAL,1,1.0
THEJO,THEJO ENGINEERING LIMITED,INE121N01019,NSE_EQ|INE121N01019,EQ,NORMAL,1,10.0
THELEELA,LEELA PALACES HOTEL LTD,INE0AQ201015,NSE_EQ|INE0AQ201015,EQ,NORMAL,1,5.0
THEMISMED,THEMIS MEDICARE LTD.,INE083B01024,NSE_EQ|INE083B01024,EQ,NORMAL,1,1.0
THERMAX,THERMAX LTD,INE152A01029,NSE_EQ|INE152A01029,EQ,NORMAL,1,10.0
THOMASCOOK,THOMAS COOK (INDIA) LTD,INE332A01027,NSE_EQ|INE332A01027,EQ,NORMAL,1,1.0
THOMASCOTT,THOMAS SCOTT (INDIA) LTD,INE480M01011,NSE_EQ|INE480M01011,EQ,NORMAL,1,5.0
THYROCARE,THYROCARE TECH LTD,INE594H01019,NSE_EQ|INE594H01019,EQ,NORMAL,1,5.0
TI,TILAKNAGAR INDUSTRIES LTD,INE133E01013,NSE_EQ|INE133E01013,EQ,NORMAL,1,5.0
TICL,TWAMEV CONS AND INFRA LTD,INE388G01026,NSE_EQ|INE388G01026,BE,NORMAL,1,1.0
TIGERLOGS,TIGER LOGISTICS (INDIA) L,INE906O01029,NSE_EQ|INE906O01029,EQ,NORMAL,1,1.0
TIIL,TECHNOCRAFT IND LTD,INE545H01011,NSE_EQ|INE545H01011,EQ,NORMAL,1,10.0
TIINDIA,TUBE INVEST OF INDIA LTD,INE974X01010,NSE_EQ|INE974X01010,EQ,NORMAL,1,10.0
TIJARIA,TIJARIA POLYPIPES LTD,INE440L01017,NSE_EQ|INE440L01017,EQ,NORMAL,1,1.0
TIL,TIL LTD,INE806C01018,NSE_EQ|INE806C01018,BE,NORMAL,1,5.0
TIMESCAN,TIMESCAN LOGISTICS IND L,INE0IJY01014,NSE_EQ|INE0IJY01014,SM,SME,2000,5.0
TIMETECHNO,TIME TECHNOPLAST LTD.,INE508G01029,NSE_EQ|INE508G01029,EQ,NORMAL,1,1.0
TIMEX,TIMEX GROUP INDIA LTD.,INE064A01026,NSE_EQ|INE064A01026,EQ,NORMAL,1,5.0
TIMKEN,TIMKEN INDIA LTD.,INE325A01013,NSE_EQ|INE325A01013,EQ,NORMAL,1,10.0
TINNARUBR,TINNA RUBBER AND INFR LTD,INE015C01016,NSE_EQ|INE015C01016,EQ,NORMAL,1,10.0
TIPSFILMS,TIPS FILMS LIMITED,INE0LQS01015,NSE_EQ|INE0LQS01015,EQ,NORMAL,1,5.0
TIPSMUSIC,TIPS MUSIC LIMITED,INE716B01029,NSE_EQ|INE716B01029,EQ,NORMAL,1,5.0
TIRUMALCHM,THIRUMALAI CHEMICALS LTD,INE338A01024,NSE_EQ|INE338A01024,EQ,NORMAL,1,1.0
TIRUPATI,SHREE TIRUPATI BALAJEE,INE238Y01018,NSE_EQ|INE238Y01018,SM,SME,125,5.0
TIRUPATIFL,TIRUPATI FORGE LIMITED,INE319Y01024,NSE_EQ|INE319Y01024,BE,NORMAL,1,1.0
TITAGARH,TITAGARH RAIL SYSTEMS LTD,INE615H01020,NSE_EQ|INE615H01020,EQ,NORMAL,1,5.0
TITAN,TITAN COMPANY LIMITED,INE280A01028,NSE_EQ|INE280A01028,EQ,NORMAL,1,10.0
TMB,TAMILNAD MERCA BANK LTD,INE668A01016,NSE_EQ|INE668A01016,EQ,NORMAL,1,5.0
TMCV,TATA MOTORS LIMITED,INE1TAE01010,NSE_EQ|INE1TAE01010,EQ,NORMAL,1,5.0
TMPV,TATA MOTORS PASS VEH LTD,INE155A01022,NSE_EQ|INE155A01022,EQ,NORMAL,1,5.0
TNIDETF,TATAAML - TNIDETF,INF277KA1364,NSE_EQ|INF277KA1364,EQ,NORMAL,1,1.0
TNPETRO,TAMILNADU PETROPRODUCTS L,INE148A01019,NSE_EQ|INE148A01019,EQ,NORMAL,1,1.0
TNPL,TAMILNADU NEWSPRT & PAPER,INE107A01015,NSE_EQ|INE107A01015,EQ,NORMAL,1,1.0
TNTELE,TAMILNADU TELECOMMUNICATI,INE141D01018,NSE_EQ|INE141D01018,EQ,NORMAL,1,1.0
TOKYOPLAST,TOKYO PLAST INTL LTD,INE932C01012,NSE_EQ|INE932C01012,EQ,NORMAL,1,1.0
TOLINS,TOLINS TYRES LIMITED,INE0RWQ01014,NSE_EQ|INE0RWQ01014,EQ,NORMAL,1,1.0
TOP100CASE,ZERODHAAMC - TOP100CASE,INF0R8F01067,NSE_EQ|INF0R8F01067,EQ,NORMAL,1,1.0
TOP10ADD,DSPAMC - TOP10ADD,INF740KA1UR9,NSE_EQ|INF740KA1UR9,EQ,NORMAL,1,1.0
TOP15IETF,ICICIPRAMC - TOP15IETF,INF109K1A344,NSE_EQ|INF109K1A344,EQ,NORMAL,1,1.0
TOP20,MIRAEAMC - TOP20,INF769K01PZ5,NSE_EQ|INF769K01PZ5,EQ,NORMAL,1,1.0
TORNTPHARM,TORRENT PHARMACEUTICALS L,INE685A01028,NSE_EQ|INE685A01028,EQ,NORMAL,1,50.0
TORNTPOWER,TORRENT POWER LTD,INE813H01021,NSE_EQ|INE813H01021,EQ,NORMAL,1,10.0
TOTAL,TOTAL TRANSPORT SYS LTD,INE336X01012,NSE_EQ|INE336X01012,EQ,NORMAL,1,1.0
TOUCHWOOD,TOUCHWOOD ENTERTAIN LTD.,INE486Y01013,NSE_EQ|INE486Y01013,EQ,NORMAL,1,1.0
TOYAMSL,TOYAM SPORTS LTD.,INE457P01020,NSE_EQ|INE457P01020,EQ,NORMAL,1,1.0
TPHQ,TEAMO PRODUCTIONS HQ LTD,INE065J01024,NSE_EQ|INE065J01024,BE,NORMAL,1,1.0
TPLPLASTEH,TPL PLASTECH LIMITED,INE413G01022,NSE_EQ|INE413G01022,EQ,NORMAL,1,1.0
TRACXN,TRACXN TECHNOLOGIES LTD,INE0HMF01019,NSE_EQ|INE0HMF01019,EQ,NORMAL,1,1.0
TRANSCOR,TRANSCORP INTERNATIONAL L,INE330E01023,NSE_EQ|INE330E01023,EQ,NORMAL,1,1.0
TRANSPEK,TRANSPEK INDUSTRIES LTD,INE687A01016,NSE_EQ|INE687A01016,BE,NORMAL,1,10.0
TRANSRAILL,TRANSRAIL LIGHTING LTD,INE454P01035,NSE_EQ|INE454P01035,EQ,NORMAL,1,5.0
TRANSTEEL,TRANSTEEL SEATING TECH L,INE0NVI01020,NSE_EQ|INE0NVI01020,SM,SME,1000,5.0
TRANSWIND,TRANSWIND INFRA LIMITED,INE792X01016,NSE_EQ|INE792X01016,SM,SME,4000,5.0
TRANSWORLD,TRANSWORLD SHIP LINES LTD,INE757B01015,NSE_EQ|INE757B01015,BE,NORMAL,1,1.0
TRAVELFOOD,TRAVEL FOOD SERVICES LTD,INE103V01028,NSE_EQ|INE103V01028,EQ,NORMAL,1,10.0
TREEHOUSE,TREE HOUSE EDU LTD,INE040M01013,NSE_EQ|INE040M01013,EQ,NORMAL,1,1.0
TREJHARA,TREJHARA SOLUTIONS LTD,INE00CA01015,NSE_EQ|INE00CA01015,EQ,NORMAL,1,1.0
TREL,TRANSINDIA REAL ESTATE L,INE0O3901029,NSE_EQ|INE0O3901029,EQ,NORMAL,1,1.0
TRENT,TRENT LTD,INE849A01020,NSE_EQ|INE849A01020,EQ,NORMAL,1,10.0
TRF,TRF LIMITED,INE391D01019,NSE_EQ|INE391D01019,EQ,NORMAL,1,1.0
TRIDENT,TRIDENT LIMITED,INE064C01022,NSE_EQ|INE064C01022,EQ,NORMAL,1,1.0
TRIGYN,TRIGYN TECHNOLOGIES LTD,INE948A01012,NSE_EQ|INE948A01012,EQ,NORMAL,1,1.0
TRITONV,TRITON VALVES LTD.,INE440G01017,NSE_EQ|INE440G01017,EQ,NORMAL,1,10.0
TRITURBINE,TRIVENI TURBINE LIMITED,INE152M01016,NSE_EQ|INE152M01016,EQ,NORMAL,1,5.0
TRIVENI,TRIVENI ENGG. & INDS. LTD,INE256C01024,NSE_EQ|INE256C01024,EQ,NORMAL,1,1.0
TROM,TROM INDUSTRIES LIMITED,INE0SYV01018,NSE_EQ|INE0SYV01018,SM,SME,600,5.0
TRU,TRUCAP FINANCE LIMITED,INE615R01029,NSE_EQ|INE615R01029,EQ,NORMAL,1,1.0
TRUALT,TRUALT BIOENERGY LIMITED,INE0MWH01014,NSE_EQ|INE0MWH01014,EQ,NORMAL,1,5.0
TRUST,TRUST FINTECH LIMITED,INE0SWN01019,NSE_EQ|INE0SWN01019,SM,SME,600,5.0
TSFINV,TSF INVESTMENTS LIMITED,INE202Z01029,NSE_EQ|INE202Z01029,EQ,NORMAL,1,5.0
TTKHLTCARE,TTK HEALTHCARE LIMITED,INE910C01018,NSE_EQ|INE910C01018,EQ,NORMAL,1,10.0
TTKPRESTIG,TTK PRESTIGE LTD,INE690A01028,NSE_EQ|INE690A01028,EQ,NORMAL,1,5.0
TTL,T T LIMITED,INE592B01024,NSE_EQ|INE592B01024,EQ,NORMAL,1,1.0
TTML,TATA TELESERV(MAHARASTRA),INE517B01013,NSE_EQ|INE517B01013,EQ,NORMAL,1,1.0
TUNWAL,TUNWAL E-MOTORS LIMITED,INE0OXV01027,NSE_EQ|INE0OXV01027,SM,SME,2000,5.0
TURTLEMINT,TURTLEMINT FINTECH SOLS L,INE0OC301013,NSE_EQ|INE0OC301013,EQ,NORMAL,1,1.0
TUTIALKA,TUTICORIN ALKAL CH & FE L,INE400A01014,NSE_EQ|INE400A01014,EQ,NORMAL,1,1.0
TVSELECT,TVS ELECTRONICS LTD,INE236G01019,NSE_EQ|INE236G01019,EQ,NORMAL,1,5.0
TVSHLTD,TVS HOLDINGS LIMITED,INE105A01035,NSE_EQ|INE105A01035,EQ,NORMAL,1,100.0
TVSMOTOR,TVS MOTOR COMPANY  LTD,INE494B01023,NSE_EQ|INE494B01023,EQ,NORMAL,1,10.0
TVSSCS,TVS SUPPLY CHAIN SOL L,INE395N01027,NSE_EQ|INE395N01027,EQ,NORMAL,1,1.0
TVSSRICHAK,TVS SRICHAKRA LIMITED,INE421C01016,NSE_EQ|INE421C01016,EQ,NORMAL,1,10.0
TVTODAY,TV TODAY NETWORK LTD,INE038F01029,NSE_EQ|INE038F01029,EQ,NORMAL,1,1.0
TVVISION,TV VISION LIMITED,INE871L01013,NSE_EQ|INE871L01013,BE,NORMAL,1,1.0
TWCGOLDETF,WEALTH - TWCGOLDETF,INF2F0001370,NSE_EQ|INF2F0001370,EQ,NORMAL,1,1.0
UBL,UNITED BREWERIES LTD,INE686F01025,NSE_EQ|INE686F01025,EQ,NORMAL,1,10.0
UCAL,UCAL LIMITED,INE139B01016,NSE_EQ|INE139B01016,BE,NORMAL,1,1.0
UCOBANK,UCO BANK,INE691A01018,NSE_EQ|INE691A01018,EQ,NORMAL,1,1.0
UDAYJEW,UDAY JEWELLERY INDS. LTD.,INE551B01012,NSE_EQ|INE551B01012,EQ,NORMAL,1,1.0
UDS,UPDATER SERVICES LIMITED,INE851I01011,NSE_EQ|INE851I01011,EQ,NORMAL,1,1.0
UEL,UJAAS ENERGY LIMITED,INE899L01030,NSE_EQ|INE899L01030,EQ,NORMAL,1,1.0
UFBL,UNITED FOODBRANDS LIMITED,INE382M01027,NSE_EQ|INE382M01027,BE,NORMAL,1,5.0
UFLEX,UFLEX LIMITED,INE516A01017,NSE_EQ|INE516A01017,EQ,NORMAL,1,5.0
UFO,UFO MOVIEZ INDIA LTD.,INE527H01019,NSE_EQ|INE527H01019,EQ,NORMAL,1,1.0
UGARSUGAR,THE UGAR SUGAR WORKS LTD,INE071E01023,NSE_EQ|INE071E01023,EQ,NORMAL,1,1.0
UGROCAP,UGRO CAPITAL LIMITED,INE583D01011,NSE_EQ|INE583D01011,EQ,NORMAL,1,1.0
UJJIVANSFB,UJJIVAN SMALL FINANC BANK,INE551W01018,NSE_EQ|INE551W01018,EQ,NORMAL,1,1.0
ULTRACEMCO,ULTRATECH CEMENT LIMITED,INE481G01011,NSE_EQ|INE481G01011,EQ,NORMAL,1,100.0
ULTRAMAR,ULTRAMARINE & PIGMENTS L,INE405A01021,NSE_EQ|INE405A01021,EQ,NORMAL,1,5.0
UMA,UMA CONVERTER LIMITED,INE067901012,NSE_EQ|INE067901012,SM,SME,4000,5.0
UMAEXPORTS,UMA EXPORTS LIMITED,INE0GIU01018,NSE_EQ|INE0GIU01018,BE,NORMAL,1,1.0
UMESLTD,USHA MARTIN EDU & SOL LTD,INE240C01028,NSE_EQ|INE240C01028,EQ,NORMAL,1,1.0
UMIYA-MRO,UMIYA BUILDCON LIMITED,INE398B01018,NSE_EQ|INE398B01018,EQ,NORMAL,1,1.0
UNICHEMLAB,UNICHEM LABORATORIES LTD,INE351A01035,NSE_EQ|INE351A01035,EQ,NORMAL,1,5.0
UNIDT,UNITED DRILLING TOOLS LTD,INE961D01019,NSE_EQ|INE961D01019,BE,NORMAL,1,1.0
UNIECOM,UNICOMMERCE ESOLUTIONS L,INE00U401027,NSE_EQ|INE00U401027,EQ,NORMAL,1,1.0
UNIENTER,UNIPHOS ENTERPRISES LTD,INE037A01022,NSE_EQ|INE037A01022,EQ,NORMAL,1,1.0
UNIHEALTH,UNIHEALTH HOSPITALS LTD,INE0PRF01011,NSE_EQ|INE0PRF01011,SM,SME,500,5.0
UNIINFO,UNIINFO TELECOM SERVI LTD,INE481Z01011,NSE_EQ|INE481Z01011,EQ,NORMAL,1,1.0
UNILEX,UNILEX COLOURS AND CHEM L,INE0B2801011,NSE_EQ|INE0B2801011,SM,SME,1600,5.0
UNIMECH,UNIMECH AEROSPACE N MFG L,INE0U3I01011,NSE_EQ|INE0U3I01011,EQ,NORMAL,1,10.0
UNIONBANK,UNION BANK OF INDIA,INE692A01016,NSE_EQ|INE692A01016,EQ,NORMAL,1,1.0
UNIONGOLD,UNIONAMC - UNIONGOLD,INF582M01KS4,NSE_EQ|INF582M01KS4,EQ,NORMAL,1,5.0
UNIPARTS,UNIPARTS INDIA LIMITED,INE244O01017,NSE_EQ|INE244O01017,EQ,NORMAL,1,5.0
UNITDSPR,UNITED SPIRITS LIMITED,INE854D01024,NSE_EQ|INE854D01024,EQ,NORMAL,1,10.0
UNITECH,UNITECH LTD,INE694A01020,NSE_EQ|INE694A01020,EQ,NORMAL,1,1.0
UNITEDPOLY,UNITED POLYFAB GUJ. LTD.,INE368U01029,NSE_EQ|INE368U01029,EQ,NORMAL,1,1.0
UNITEDTEA,UNITED NILGIRI TEA LTD,INE458F01011,NSE_EQ|INE458F01011,EQ,NORMAL,1,5.0
UNIVAFOODS,UNIVA FOODS LIMITED,INE275F01019,NSE_EQ|INE275F01019,BE,NORMAL,1,1.0
UNIVASTU,UNIVASTU INDIA LIMITED,INE562X01013,NSE_EQ|INE562X01013,BE,NORMAL,1,1.0
UNIVCABLES,UNIVERSAL CABLES LTD,INE279A01012,NSE_EQ|INE279A01012,EQ,NORMAL,1,10.0
UNIVPHOTO,UNIVERSUS IMAGINGS LTD,INE03V001013,NSE_EQ|INE03V001013,BE,NORMAL,1,5.0
UNOMINDA,UNO MINDA LIMITED,INE405E01023,NSE_EQ|INE405E01023,EQ,NORMAL,1,10.0
UPHOT,U P HOTELS LTD.,INE726E01014,NSE_EQ|INE726E01014,EQ,NORMAL,1,10.0
UPL,UPL LIMITED,INE628A01036,NSE_EQ|INE628A01036,EQ,NORMAL,1,5.0
URAVIDEF,URAVI DEFENCE &TECH LTD,INE568Z01015,NSE_EQ|INE568Z01015,BE,NORMAL,1,1.0
URBAN,URBAN ENVIRO WASTE MGMT L,INE0O0201019,NSE_EQ|INE0O0201019,SM,SME,800,5.0
URBANCO,URBAN COMPANY LIMITED,INE0CAZ01013,NSE_EQ|INE0CAZ01013,EQ,NORMAL,1,1.0
URJA,URJA GLOBAL LIMITED,INE550C01020,NSE_EQ|INE550C01020,EQ,NORMAL,1,1.0
USASEEDS,UPSURGE SEEDS OF AGRI LTD,INE0CBM01019,NSE_EQ|INE0CBM01019,SM,SME,428,5.0
USHAFIN,USHA FINANCIAL SERVICES L,INE0LS001014,NSE_EQ|INE0LS001014,SM,SME,1600,5.0
USHAMART,USHA MARTIN LTD.,INE228A01035,NSE_EQ|INE228A01035,EQ,NORMAL,1,5.0
USK,UDAYSHIVAKUMAR INFRA LTD,INE0N0Y01013,NSE_EQ|INE0N0Y01013,EQ,NORMAL,1,1.0
UTIAMC,UTI ASSET MNGMT CO LTD,INE094J01016,NSE_EQ|INE094J01016,EQ,NORMAL,1,5.0
UTKAL,UTKAL SPEC INDUS INDIA L,INE1V1R01014,NSE_EQ|INE1V1R01014,SM,SME,2000,5.0
UTKARSHBNK,UTKARSH SMALL FIN BANK L,INE735W01017,NSE_EQ|INE735W01017,EQ,NORMAL,1,1.0
UTLSOLAR,FUJIYAMA POWER SYSTEMS L,INE12UR01024,NSE_EQ|INE12UR01024,EQ,NORMAL,1,5.0
UTTAMSUGAR,UTTAM SUGAR MILLS LTD.,INE786F01031,NSE_EQ|INE786F01031,EQ,NORMAL,1,1.0
UWCSL,ULTRA WIRING CONN SYS LTD,INE00F301010,NSE_EQ|INE00F301010,SM,SME,1000,5.0
UYFINCORP,U. Y. FINCORP LIMITED,INE152C01025,NSE_EQ|INE152C01025,BE,NORMAL,1,1.0
V2RETAIL,V2 RETAIL LIMITED,INE945H01021,NSE_EQ|INE945H01021,EQ,NORMAL,1,1.0
VADILALIND,VADILAL INDUSTRIES LTD,INE694D01016,NSE_EQ|INE694D01016,EQ,NORMAL,1,50.0
VADILENT,VADILAL ENTERPRISES LTD.,INE693D01018,NSE_EQ|INE693D01018,EQ,NORMAL,1,100.0
VAIBHAVGBL,VAIBHAV GLOBAL LIMITED,INE884A01027,NSE_EQ|INE884A01027,EQ,NORMAL,1,5.0
VAISHALI,VAISHALI PHARMA LIMITED,INE972X01022,NSE_EQ|INE972X01022,EQ,NORMAL,1,1.0
VAKRANGEE,VAKRANGEE LIMITED,INE051B01021,NSE_EQ|INE051B01021,EQ,NORMAL,1,1.0
VAL30IETF,ICICIPRAMC - VAL30IETF,INF109KC16X5,NSE_EQ|INF109KC16X5,EQ,NORMAL,1,1.0
VALIANTLAB,VALIANT LABORATORIES LTD,INE0JWS01017,NSE_EQ|INE0JWS01017,EQ,NORMAL,1,1.0
VALIANTORG,VALIANT ORGANICS LIMITED,INE565V01010,NSE_EQ|INE565V01010,BE,NORMAL,1,5.0
VALUE,MIRAEAMC - VALUE,INF769K01QV2,NSE_EQ|INF769K01QV2,EQ,NORMAL,1,1.0
VALUE360,VALUE 360 COMMUNICATION L,INE1E7Y01018,NSE_EQ|INE1E7Y01018,SM,SME,1200,5.0
VALUEAXIS,AXISAMC-VALUEAXIS,INF846KA1119,NSE_EQ|INF846KA1119,EQ,NORMAL,1,1.0
VAML,VEDANTA ALUMINIUM METAL L,INE1CDF01017,NSE_EQ|INE1CDF01017,EQ,NORMAL,1,5.0
VARDHACRLC,VARDHAMAN ACRYLICS LTD,INE116G01013,NSE_EQ|INE116G01013,BE,NORMAL,1,1.0
VARDMNPOLY,VARDHMAN POLYTEX LTD.,INE835A01029,NSE_EQ|INE835A01029,EQ,NORMAL,1,1.0
VARROC,VARROC ENGINEERING LTD.,INE665L01035,NSE_EQ|INE665L01035,EQ,NORMAL,1,5.0
VASA,VASA RETAIL & OVERSEA LTD,INE068Z01016,NSE_EQ|INE068Z01016,SM,SME,4000,5.0
VASCONEQ,VASCON ENGINEERS LTD,INE893I01013,NSE_EQ|INE893I01013,EQ,NORMAL,1,1.0
VASUPRADA,SHRI VASUPRADA PLANTATI L,INE574G01013,NSE_EQ|INE574G01013,EQ,NORMAL,1,1.0
VASWANI,VASWANI IND LTD,INE590L01019,NSE_EQ|INE590L01019,EQ,NORMAL,1,1.0
VBL,VARUN BEVERAGES LIMITED,INE200M01039,NSE_EQ|INE200M01039,EQ,NORMAL,1,5.0
VCL,VAXTEX COTFAB LIMITED,INE098201036,NSE_EQ|INE098201036,BE,NORMAL,1,1.0
VDEAL,VDEAL SYSTEM LIMITED,INE0U2M01015,NSE_EQ|INE0U2M01015,SM,SME,600,5.0
VEDAVAAG,VEDAVAAG SYSTEMS LTD.,INE359B01010,NSE_EQ|INE359B01010,EQ,NORMAL,1,1.0
VEDL,VEDANTA LIMITED,INE205A01025,NSE_EQ|INE205A01025,EQ,NORMAL,1,5.0
VEDPOWER,VEDANTA POWER LIMITED,INE694L01019,NSE_EQ|INE694L01019,EQ,NORMAL,1,1.0
VEEDOL,VEEDOL CORPORATION LTD,INE484C01030,NSE_EQ|INE484C01030,EQ,NORMAL,1,10.0
VEEKAYEM,VEEKAYEM FASH & APP LTD,INE0KTW01013,NSE_EQ|INE0KTW01013,SM,SME,500,5.0
VELJAN,VELJAN DENISON LTD.,INE232E01013,NSE_EQ|INE232E01013,BE,NORMAL,1,10.0
VENKEYS,VENKY S (INDIA) LIMITED,INE398A01010,NSE_EQ|INE398A01010,EQ,NORMAL,1,10.0
VENTIVE,VENTIVE HOSPITALITY LTD,INE781S01027,NSE_EQ|INE781S01027,EQ,NORMAL,1,5.0
VENUSPIPES,VENUS PIPES & TUBES LTD,INE0JA001018,NSE_EQ|INE0JA001018,EQ,NORMAL,1,10.0
VENUSREM,VENUS REMEDIES LIMITED,INE411B01019,NSE_EQ|INE411B01019,BE,NORMAL,1,10.0
VERA,VERA SYNTHETIC LIMITED,INE709Z01015,NSE_EQ|INE709Z01015,SM,SME,1500,5.0
VERANDA,VERANDA LEARNING SOL LTD,INE0IQ001011,NSE_EQ|INE0IQ001011,EQ,NORMAL,1,5.0
VERITAAS,VERITAAS ADVERTISING LTD,INE0SRI01019,NSE_EQ|INE0SRI01019,SM,SME,1200,5.0
VERTEXPLUS,VERTEXPLUS TECHNOLOGIES L,INE0NLB01018,NSE_EQ|INE0NLB01018,SM,SME,600,5.0
VERTOZ,VERTOZ LIMITED,INE188Y01031,NSE_EQ|INE188Y01031,BE,NORMAL,1,1.0
VESUVIUS,VESUVIUS INDIA LTD,INE386A01023,NSE_EQ|INE386A01023,EQ,NORMAL,1,5.0
VETO,VETO SWITCHGEAR CABLE LTD,INE918N01018,NSE_EQ|INE918N01018,BE,NORMAL,1,1.0
VGCL,VIBRANT GLOBAL CAPITAL L,INE761Q01015,NSE_EQ|INE761Q01015,EQ,NORMAL,1,1.0
VGINFOTECH,VIRTUAL GALAXY INFOTECH L,INE0VRH01015,NSE_EQ|INE0VRH01015,SM,SME,1000,5.0
VGL,VARVEE GLOBAL LIMITED,INE273D01027,NSE_EQ|INE273D01027,EQ,NORMAL,1,1.0
VGUARD,V-GUARD IND LTD.,INE951I01027,NSE_EQ|INE951I01027,EQ,NORMAL,1,5.0
VHL,VARDHMAN HOLDINGS LIMITED,INE701A01023,NSE_EQ|INE701A01023,EQ,NORMAL,1,10.0
VHLTD,VICEROY HOTELS LIMITED,INE048C01025,NSE_EQ|INE048C01025,BE,NORMAL,1,1.0
VIAZ,VIAZ TYRES LIMITED,INE0MO401019,NSE_EQ|INE0MO401019,SM,SME,2000,5.0
VIDHIING,VIDHI SPCLTY F INGRDNTS L,INE632C01026,NSE_EQ|INE632C01026,EQ,NORMAL,1,5.0
VIDYAWIRES,VIDYA WIRES LIMITED,INE14UN01029,NSE_EQ|INE14UN01029,EQ,NORMAL,1,1.0
VIESL,VISION INFRA EQUIP SOL L,INE0TR001017,NSE_EQ|INE0TR001017,SM,SME,800,5.0
VIJAYA,VIJAYA DIAGNOSTIC CEN LTD,INE043W01024,NSE_EQ|INE043W01024,EQ,NORMAL,1,10.0
VIJAYPD,VIJAYPD CEUTICAL LIMITED,INE0WL901019,NSE_EQ|INE0WL901019,SM,SME,2000,5.0
VIJIFIN,VIJI FINANCE LIMITED,INE159N01027,NSE_EQ|INE159N01027,BE,PCA,1,1.0
VIJSOLX,VIJAY SOLVEX LTD.,INE362D01010,NSE_EQ|INE362D01010,EQ,NORMAL,1,5.0
VIKASECO,VIKAS ECOTECH LIMITED,INE806A01020,NSE_EQ|INE806A01020,EQ,NORMAL,1,1.0
VIKASLIFE,VIKAS LIFECARE LIMITED,INE161L01027,NSE_EQ|INE161L01027,EQ,NORMAL,1,1.0
VIKRAMSOLR,VIKRAM SOLAR LIMITED,INE078V01014,NSE_EQ|INE078V01014,EQ,NORMAL,1,1.0
VIKRAN,VIKRAN ENGINEERING LTD,INE01R501028,NSE_EQ|INE01R501028,EQ,NORMAL,1,1.0
VILAS,VILAS TRANSCORE LIMITED,INE0AZY01017,NSE_EQ|INE0AZY01017,SM,SME,250,5.0
VILINBIO,VILIN BIO MED LIMITED,INE0L4V01013,NSE_EQ|INE0L4V01013,SM,SME,4000,5.0
VIMTALABS,VIMTA LABS LIMITED,INE579C01029,NSE_EQ|INE579C01029,EQ,NORMAL,1,5.0
VINATIORGA,VINATI ORGANICS LTD,INE410B01037,NSE_EQ|INE410B01037,EQ,NORMAL,1,10.0
VINCOFE,VINTAGE COFFEE N BVRGS L,INE498Q01014,NSE_EQ|INE498Q01014,EQ,NORMAL,1,1.0
VINDHYATEL,VINDHYA TELELINKS LTD,INE707A01012,NSE_EQ|INE707A01012,EQ,NORMAL,1,10.0
VINEETLAB,VINEET LABORATORIES LTD,INE505Y01010,NSE_EQ|INE505Y01010,EQ,NORMAL,1,1.0
VINNY,VINNY OVERSEAS LIMITED,INE01KI01027,NSE_EQ|INE01KI01027,EQ,NORMAL,1,1.0
VINYAS,VINYAS INNOVATIVE TECH L,INE0OLS01010,NSE_EQ|INE0OLS01010,SM,SME,100,5.0
VINYLINDIA,VINYL CHEMICALS (I) LTD.,INE250B01029,NSE_EQ|INE250B01029,EQ,NORMAL,1,1.0
VIPCLOTHNG,VIP CLOTHING LIMITED,INE450G01024,NSE_EQ|INE450G01024,EQ,NORMAL,1,1.0
VIPIND,VIP INDUSTRIES LTD,INE054A01027,NSE_EQ|INE054A01027,EQ,NORMAL,1,5.0
VIPULLTD,VIPUL LIMITED,INE946H01037,NSE_EQ|INE946H01037,BE,PCA,1,1.0
VIRAT,VIRAT INDUSTRIES LTD.,INE467D01017,NSE_EQ|INE467D01017,EQ,NORMAL,1,5.0
VIRINCHI,VIRINCHI LIMITED,INE539B01017,NSE_EQ|INE539B01017,EQ,NORMAL,1,1.0
VIRTUALG,VIRTUAL GLOBAL EDU LTD,INE247C01023,NSE_EQ|INE247C01023,EQ,NORMAL,1,1.0
VISACHROME,VISA CHROME LIMITED,INE286H01012,NSE_EQ|INE286H01012,EQ,NORMAL,1,1.0
VISAKAIND,VISAKA INDUSTRIES LIMITED,INE392A01021,NSE_EQ|INE392A01021,EQ,NORMAL,1,1.0
VISAMAN,VISAMAN GLOBAL SALES LTD,INE0BHK01012,NSE_EQ|INE0BHK01012,SM,SME,1000,5.0
VISDEM,VISDEM TECHNOSYS LIMITED,INE0OWX01025,NSE_EQ|INE0OWX01025,SM,SME,1200,5.0
VISHAL,VISHAL FABRICS LTD.,INE755Q01025,NSE_EQ|INE755Q01025,EQ,NORMAL,1,1.0
VISHNU,VISHNU CHEMICALS LIMITED,INE270I01022,NSE_EQ|INE270I01022,EQ,NORMAL,1,5.0
VISHNUINFR,VISHNUSURYA PROJ N INFR L,INE0PQ001012,NSE_EQ|INE0PQ001012,SM,SME,500,5.0
VISHWARAJ,VISHWARAJ SUGAR IND LTD,INE430N01022,NSE_EQ|INE430N01022,EQ,NORMAL,1,1.0
VISL,VEDANTA IRON AND STEEL L,INE1CLE01013,NSE_EQ|INE1CLE01013,EQ,NORMAL,1,1.0
VITAL,VITAL CHEMTECH LIMITED,INE0L4K01016,NSE_EQ|INE0L4K01016,BE,NORMAL,1,1.0
VIVIANA,VIVIANA POWER TECH LTD,INE0MEG01014,NSE_EQ|INE0MEG01014,BE,NORMAL,1,5.0
VIVIDEL,VIVID ELECTROMECH LIMITED,INE24H301028,NSE_EQ|INE24H301028,SM,SME,240,5.0
VIVIDHA,VISAGAR POLYTEX LTD,INE370E01029,NSE_EQ|INE370E01029,EQ,NORMAL,1,1.0
VIVIMEDLAB,VIVIMED LABS LIMITED,INE526G01021,NSE_EQ|INE526G01021,BE,NORMAL,1,1.0
VIVOBIOT,VIVO BIO TECH LTD.,INE380K01017,NSE_EQ|INE380K01017,EQ,NORMAL,1,1.0
VIYASH,VIYASH SCIENTIFIC LIMITED,INE807F01027,NSE_EQ|INE807F01027,EQ,NORMAL,1,5.0
VLEGOV,VL E GOV AND IT SOL LTD,INE03HW01020,NSE_EQ|INE03HW01020,BE,PCA,1,1.0
VLINFRA,V.L.INFRAPROJECTS LIMITED,INE0QXL01015,NSE_EQ|INE0QXL01015,SM,SME,1500,5.0
VLSFINANCE,VLS FINANCE LTD,INE709A01018,NSE_EQ|INE709A01018,EQ,NORMAL,1,5.0
VMARCIND,V MARC INDIA LIMITED,INE0GXK01018,NSE_EQ|INE0GXK01018,SM,SME,1500,5.0
VMART,VMART RETAIL LTD,INE665J01013,NSE_EQ|INE665J01013,EQ,NORMAL,1,5.0
VMM,VISHAL MEGA MART LIMITED,INE01EA01019,NSE_EQ|INE01EA01019,EQ,NORMAL,1,1.0
VMOBILE,VINIT MOBILE LIMITED,INE27V201011,NSE_EQ|INE27V201011,SM,SME,800,5.0
VMSTMT,VMS TMT LIMITED,INE0SJA01013,NSE_EQ|INE0SJA01013,EQ,NORMAL,1,1.0
VOEPL,VIRTUOSO OPTOELECTRONIC L,INE0I0T01010,NSE_EQ|INE0I0T01010,EQ,NORMAL,1,5.0
VOGL,VEDANTA OIL AND GAS LTD,INE704J01044,NSE_EQ|INE704J01044,EQ,NORMAL,1,1.0
VOITHPAPR,VOITH PAPER FABRICS IND L,INE285C01015,NSE_EQ|INE285C01015,EQ,NORMAL,1,10.0
VOLERCAR,VOLER CAR LIMITED,INE241X01014,NSE_EQ|INE241X01014,SM,SME,800,5.0
VOLTAMP,VOLTAMP TRANSFORMERS LTD,INE540H01012,NSE_EQ|INE540H01012,EQ,NORMAL,1,50.0
VOLTAS,VOLTAS LTD,INE226A01021,NSE_EQ|INE226A01021,EQ,NORMAL,1,10.0
VPRPL,VISHNU PRAKASH R PUNGLI L,INE0AE001013,NSE_EQ|INE0AE001013,EQ,NORMAL,1,1.0
VR,V R INFRASPACE LIMITED,INE0QQM01017,NSE_EQ|INE0QQM01017,SM,SME,400,5.0
VRAJ,VRAJ IRON AND STEEL LTD,INE0S2V01010,NSE_EQ|INE0S2V01010,EQ,NORMAL,1,1.0
VRLLOG,VRL LOGISTICS LIMITED,INE366I01010,NSE_EQ|INE366I01010,EQ,NORMAL,1,5.0
VSCL,VADIVARHE SPCLTY CHEM LTD,INE551Q01028,NSE_EQ|INE551Q01028,SM,SME,3000,5.0
VSSL,VARDHMAN SPC STEEL LTD,INE050M01012,NSE_EQ|INE050M01012,EQ,NORMAL,1,5.0
VSTIND,VST INDUSTRIES LTD,INE710A01016,NSE_EQ|INE710A01016,EQ,NORMAL,1,1.0
VSTL,VIBHOR STEEL TUBES LTD,INE0QTF01015,NSE_EQ|INE0QTF01015,EQ,NORMAL,1,1.0
VSTTILLERS,VST TILLERS TRACTORS LTD,INE764D01017,NSE_EQ|INE764D01017,EQ,NORMAL,1,10.0
VTL,VARDHMAN TEXTILES LIMITED,INE825A01020,NSE_EQ|INE825A01020,EQ,NORMAL,1,5.0
VTMLTD,V T M LTD.,INE222F01029,NSE_EQ|INE222F01029,EQ,NORMAL,1,1.0
WAAREEENER,WAAREE ENERGIES LIMITED,INE377N01017,NSE_EQ|INE377N01017,EQ,NORMAL,1,10.0
WAAREEINDO,INDOSOLAR LIMITED,INE866K01023,NSE_EQ|INE866K01023,EQ,NORMAL,1,5.0
WAAREERTL,WAAREE RENEWABLE TECH LTD,INE299N01021,NSE_EQ|INE299N01021,EQ,NORMAL,1,5.0
WABAG,VA TECH WABAG LTD,INE956G01038,NSE_EQ|INE956G01038,EQ,NORMAL,1,10.0
WAKEFIT,WAKEFIT INNOVATIONS LTD,INE0E7301029,NSE_EQ|INE0E7301029,EQ,NORMAL,1,1.0
WALCHANNAG,WALCHANDNAGAR INDUSTRIES,INE711A01022,NSE_EQ|INE711A01022,EQ,NORMAL,1,1.0
WALPAR,WALPAR NUTRITIONS LIMITED,INE0G2G01015,NSE_EQ|INE0G2G01015,SM,SME,2000,5.0
WANBURY,WANBURY LIMITED,INE107F01022,NSE_EQ|INE107F01022,EQ,NORMAL,1,5.0
WARDINMOBI,WARDWIZARD INNO & MOB L,INE945P01024,NSE_EQ|INE945P01024,EQ,NORMAL,1,1.0
WATERBASE,WATERBASE LTD.,INE054C01015,NSE_EQ|INE054C01015,EQ,NORMAL,1,1.0
WCIL,WESTERN CARRIERS (IND) L,INE0CJF01024,NSE_EQ|INE0CJF01024,EQ,NORMAL,1,1.0
WEALTH,WEALTH FRST PORT. MG. LTD,INE658T01017,NSE_EQ|INE658T01017,EQ,NORMAL,1,5.0
WEBELSOLAR,WEBSOL ENERGY SYSTEM LTD,INE855C01023,NSE_EQ|INE855C01023,EQ,NORMAL,1,1.0
WEIZMANIND,WEIZMANN LTD,INE080A01014,NSE_EQ|INE080A01014,EQ,NORMAL,1,1.0
WEL,WONDER ELECTRICALS LTD,INE02WG01024,NSE_EQ|INE02WG01024,EQ,NORMAL,1,1.0
WELCORP,WELSPUN CORP LIMITED,INE191B01025,NSE_EQ|INE191B01025,EQ,NORMAL,1,10.0
WELENT,WELSPUN ENTERPRISES LTD.,INE625G01013,NSE_EQ|INE625G01013,EQ,NORMAL,1,5.0
WELINV,WELSPUN INV & COMM LTD,INE389K01018,NSE_EQ|INE389K01018,BE,NORMAL,1,10.0
WELSPLSOL,WELSPUN SPECIALTY SOL L,INE731F01037,NSE_EQ|INE731F01037,EQ,NORMAL,1,1.0
WELSPUNLIV,WELSPUN LIVING LIMITED,INE192B01031,NSE_EQ|INE192B01031,EQ,NORMAL,1,1.0
WENDT,WENDT (INDIA) LIMITED,INE274C01019,NSE_EQ|INE274C01019,EQ,NORMAL,1,50.0
WESTLIFE,WESTLIFE FOODWORLD LTD,INE274F01020,NSE_EQ|INE274F01020,EQ,NORMAL,1,5.0
WEWIN,WE WIN LIMITED,INE082W01014,NSE_EQ|INE082W01014,EQ,NORMAL,1,1.0
WEWORK,WEWORK INDIA MANAGEMENT L,INE085001019,NSE_EQ|INE085001019,EQ,NORMAL,1,5.0
WHBRADY,W H BRADY & CO. LTD.,INE855A01019,NSE_EQ|INE855A01019,EQ,NORMAL,1,5.0
WHEELS,WHEELS INDIA LTD,INE715A01015,NSE_EQ|INE715A01015,EQ,NORMAL,1,10.0
WHIRLPOOL,WHIRLPOOL OF INDIA LTD,INE716A01013,NSE_EQ|INE716A01013,EQ,NORMAL,1,5.0
WHITEFORCE,HAPPY SQUARE OUTSOURC S L,INE0TLP01015,NSE_EQ|INE0TLP01015,SM,SME,1600,5.0
WILLAMAGOR,WILLIAMSON MAGOR,INE210A01017,NSE_EQ|INE210A01017,EQ,NORMAL,1,1.0
WINDLAS,WINDLAS BIOTECH LIMITED,INE0H5O01029,NSE_EQ|INE0H5O01029,EQ,NORMAL,1,5.0
WINDMACHIN,WINDSOR MACHINES LIMITED,INE052A01021,NSE_EQ|INE052A01021,EQ,NORMAL,1,5.0
WINNY,WINNY IMMIGRA & EDU SER L,INE0S9101013,NSE_EQ|INE0S9101013,SM,SME,500,5.0
WINSOL,WINSOL ENGINEERS LIMITED,INE0S3D01016,NSE_EQ|INE0S3D01016,SM,SME,400,5.0
WIPL,THE WESTERN INDIA PLY LTD,INE215F01023,NSE_EQ|INE215F01023,EQ,NORMAL,1,1.0
WIPRO,WIPRO LTD,INE075A01022,NSE_EQ|INE075A01022,EQ,NORMAL,1,1.0
WOCKPHARMA,WOCKHARDT LIMITED,INE049B01025,NSE_EQ|INE049B01025,EQ,NORMAL,1,10.0
WOMANCART,WOMANCART LIMITED,INE0Q9601016,NSE_EQ|INE0Q9601016,SM,SME,400,5.0
WONDERLA,WONDERLA HOLIDAYS LTD.,INE066O01014,NSE_EQ|INE066O01014,EQ,NORMAL,1,5.0
WORTHPERI,WORTH PERIPHERALS LIMITED,INE196Y01018,NSE_EQ|INE196Y01018,EQ,NORMAL,1,1.0
WPIL,W P I L LTD.,INE765D01022,NSE_EQ|INE765D01022,EQ,NORMAL,1,5.0
WSI,W.S.INDUSTRIES (I) LTD.,INE100D01014,NSE_EQ|INE100D01014,EQ,NORMAL,1,1.0
WSTCSTPAPR,WEST COAST PAPER MILLS LT,INE976A01021,NSE_EQ|INE976A01021,EQ,NORMAL,1,5.0
WTICAB,WISE TRAVEL INDIA LIMITED,INE623Y01011,NSE_EQ|INE623Y01011,SM,SME,500,5.0
XCHANGING,XCHANGING SOLUTIONS LTD,INE692G01013,NSE_EQ|INE692G01013,EQ,NORMAL,1,1.0
XELPMOC,XELPMOC DESIGN & TECH LTD,INE01P501012,NSE_EQ|INE01P501012,EQ,NORMAL,1,1.0
XPROINDIA,XPRO INDIA LIMITED,INE445C01015,NSE_EQ|INE445C01015,EQ,NORMAL,1,10.0
XTGLOBAL,XTGLOBAL INFOTECH LIMITED,INE547B01028,NSE_EQ|INE547B01028,EQ,NORMAL,1,1.0
XTRANET,XTRANET TECHNOLOGIES LTD,INE0NG701011,NSE_EQ|INE0NG701011,EQ,NORMAL,1,1.0
YAAP,YAAP DIGITAL LIMITED,INE0U0J01015,NSE_EQ|INE0U0J01015,SM,SME,1000,5.0
YASHO,YASHO INDUSTRIES LIMITED,INE616Z01012,NSE_EQ|INE616Z01012,EQ,NORMAL,1,10.0
YASHOPTICS,YASH OPTICS & LENS LTD,INE0TO601017,NSE_EQ|INE0TO601017,SM,SME,800,5.0
YATHARTH,YATHARTH HOSP & TRA C S L,INE0JO301016,NSE_EQ|INE0JO301016,EQ,NORMAL,1,5.0
YATRA,YATRA ONLINE LIMITED,INE0JR601024,NSE_EQ|INE0JR601024,EQ,NORMAL,1,1.0
YCCL,YASONS CHEMEX CARE LTD,INE08S201019,NSE_EQ|INE08S201019,SM,SME,3000,5.0
YESBANK,YES BANK LIMITED,INE528G01035,NSE_EQ|INE528G01035,EQ,NORMAL,1,1.0
YOGI,YOGI LTD.,INE290E01011,NSE_EQ|INE290E01011,EQ,NORMAL,1,1.0
YUDIZ,YUDIZ SOLUTIONS LIMITED,INE09FA01019,NSE_EQ|INE09FA01019,SM,SME,800,5.0
YUKEN,YUKEN INDIA LIMITED,INE384C01016,NSE_EQ|INE384C01016,EQ,NORMAL,1,5.0
ZAGGLE,ZAGGLE PREPA OCEAN SER L,INE07K301024,NSE_EQ|INE07K301024,EQ,NORMAL,1,1.0
ZEAL,ZEAL GLOBAL SERVICES LTD,INE0PPS01018,NSE_EQ|INE0PPS01018,SM,SME,600,5.0
ZEEL,ZEE ENTERTAINMENT ENT LTD,INE256A01028,NSE_EQ|INE256A01028,EQ,NORMAL,1,1.0
ZEELEARN,ZEE LEARN LIMITED,INE565L01011,NSE_EQ|INE565L01011,BE,NORMAL,1,1.0
ZEEMEDIA,ZEE MEDIA CORPORATION LTD,INE966H01019,NSE_EQ|INE966H01019,EQ,NORMAL,1,1.0
ZENITHDRUG,ZENITH DRUGS LIMITED,INE0QWN01013,NSE_EQ|INE0QWN01013,SM,SME,800,5.0
ZENITHEXPO,ZENITH EXPORTS LTD,INE058B01018,NSE_EQ|INE058B01018,EQ,NORMAL,1,1.0
ZENITHSTL,ZENITH STEEL PIP IND LTD,INE318D01020,NSE_EQ|INE318D01020,EQ,NORMAL,1,1.0
ZENSARTECH,ZENSAR TECHNOLOGIES  LTD,INE520A01027,NSE_EQ|INE520A01027,EQ,NORMAL,1,5.0
ZENTEC,ZEN TECHNOLOGIES LIMITED,INE251B01027,NSE_EQ|INE251B01027,EQ,NORMAL,1,10.0
ZFCVINDIA,ZF COM VE CTR SYS IND LTD,INE342J01019,NSE_EQ|INE342J01019,EQ,NORMAL,1,10.0
ZFSTEERING,Z F STEERING GEAR (I) LTD,INE116C01012,NSE_EQ|INE116C01012,EQ,NORMAL,1,5.0
ZIMLAB,ZIM LABORATORIES LIMITED,INE518E01015,NSE_EQ|INE518E01015,EQ,NORMAL,1,1.0
ZODIAC,ZODIAC ENERGY LIMITED,INE761Y01019,NSE_EQ|INE761Y01019,EQ,NORMAL,1,5.0
ZODIACLOTH,ZODIAC CLOTHING CO. LTD.,INE206B01013,NSE_EQ|INE206B01013,EQ,NORMAL,1,1.0
ZOTA,ZOTA HEALTH CARE LIMITED,INE358U01012,NSE_EQ|INE358U01012,EQ,NORMAL,1,10.0
ZSARACOM,SARASWATI COMM (INDIA) L,INE967G01019,NSE_EQ|INE967G01019,EQ,NORMAL,1,100.0
ZTECH,Z-TECH (INDIA) LIMITED,INE0ISZ01012,NSE_EQ|INE0ISZ01012,SM,SME,300,5.0
ZUARI,ZUARI AGRO CHEMICALS LTD,INE840M01016,NSE_EQ|INE840M01016,EQ,NORMAL,1,1.0
ZUARIIND,ZUARI INDUSTRIES LIMITED,INE217A01012,NSE_EQ|INE217A01012,EQ,NORMAL,1,5.0
ZYDUSLIFE,ZYDUS LIFESCIENCES LTD,INE010B01027,NSE_EQ|INE010B01027,EQ,NORMAL,1,10.0
ZYDUSWELL,ZYDUS WELLNESS LIMITED,INE768C01028,NSE_EQ|INE768C01028,EQ,NORMAL,1,5.0
