symbol,company_name,isin,instrument_type,security_type,is_nifty50,is_nifty500,status,bars_count,first_date,last_date,years_active,latest_close,avg_daily_volume,median_daily_volume,avg_daily_turnover_inr,median_daily_turnover_inr,annualized_volatility,annualized_return,skewness,kurtosis,max_drawdown,zero_volume_days,zero_volume_pct,circuit_lock_days,circuit_lock_pct,corporate_actions_total,dividends_count,splits_count,bonus_count,rights_count,liquidity_tier
DHOOTTRANS,DHOOT TRANSMISSION LTD,INE01NH01023,EQ,NORMAL,False,False,PARTIAL,5,2026-08-17,2026-08-21,0.01,1478.95,16537263.2,14246563,22074481873.98,20923214749.95,0.6351,14.383,-0.163,0.956,0.0,0,0.0,0,0.0,0,0,0,0,0,Tier 1: Mega-Liquid (>100 Cr/day)
SHIPROCKET,SHIPROCKET LIMITED,INE0FOO01011,EQ,NORMAL,False,False,PARTIAL,3,2026-08-19,2026-08-21,0.01,140.81,132666975.7,110197387,18908814179.98,15609459868.55,0.0,0.0,0.0,3.0,0.0184,0,0.0,0,0.0,0,0,0,0,0,Tier 1: Mega-Liquid (>100 Cr/day)
RELIANCE,RELIANCE INDUSTRIES LTD,INE002A01018,EQ,NORMAL,True,True,ACCEPTED,2479,2016-08-22,2026-08-21,10.0,1316.0,17456336.4,13797742,15624114402.36,12828743929.4,0.2706,0.2091,0.426,12.172,0.4509,0,0.0,0,0.0,14,10,0,2,1,Tier 1: Mega-Liquid (>100 Cr/day)
HDFCBANK,HDFC BANK LTD,INE040A01034,EQ,NORMAL,True,True,ACCEPTED,2476,2016-08-22,2026-08-21,10.0,726.95,19560694.7,14668822,14505950891.13,10888410309.2,0.2299,0.1124,-0.071,12.815,0.4106,0,0.0,0,0.0,13,11,1,1,0,Tier 1: Mega-Liquid (>100 Cr/day)
ICICIBANK,ICICI BANK LTD.,INE090A01021,EQ,NORMAL,True,True,ACCEPTED,2476,2016-08-22,2026-08-21,10.0,1420.0,18302262.2,14785569,11767605082.41,10103101875.2,0.2924,0.2284,0.213,13.822,0.4831,0,0.0,0,0.0,9,9,0,0,0,Tier 1: Mega-Liquid (>100 Cr/day)
BLEL,BEHARI LAL ENGINEERING L,INE1EEM01017,EQ,NORMAL,False,False,PARTIAL,3,2026-08-19,2026-08-21,0.01,494.95,22660868.3,23599466,11380065324.27,11900030730.5,0.0,0.0,0.0,3.0,0.0184,0,0.0,0,0.0,0,0,0,0,0,Tier 1: Mega-Liquid (>100 Cr/day)
MILKYMIST,MILKY MIST DAIRY FOOD L,INE00IT01020,EQ,NORMAL,False,False,PARTIAL,4,2026-08-18,2026-08-21,0.01,189.22,52734344.8,56542171,9815683772.25,10454081996.19,1.3838,4.1572,-0.079,0.667,0.0739,0,0.0,0,0.0,0,0,0,0,0,Tier 1: Mega-Liquid (>100 Cr/day)
SBIN,STATE BANK OF INDIA,INE062A01020,EQ,NORMAL,True,True,ACCEPTED,2476,2016-08-22,2026-08-21,10.0,1048.7,23862472.0,16435958,9789872627.71,8043763275.25,0.318,0.1941,0.983,22.542,0.5949,0,0.0,0,0.0,8,7,0,0,0,Tier 1: Mega-Liquid (>100 Cr/day)
GROWW,BILLIONBRAINS GARAGE VN L,INE0HOQ01053,EQ,NORMAL,False,True,PARTIAL,193,2025-11-12,2026-08-21,0.77,197.01,55229397.4,27442709,9715001474.24,5099992359.88,0.5164,0.6627,1.017,7.656,0.2429,0,0.0,0,0.0,0,0,0,0,0,Tier 1: Mega-Liquid (>100 Cr/day)
INFY,INFOSYS LIMITED,INE009A01021,EQ,NORMAL,True,True,PARTIAL,2476,2016-08-22,2026-08-21,10.0,1121.0,8375863.3,6853403,9147033664.06,7679016677.4,0.2694,0.1171,-0.34,11.183,0.5073,0,0.0,0,0.0,24,21,0,1,0,Tier 1: Mega-Liquid (>100 Cr/day)
ETERNAL,ETERNAL LIMITED,INE758T01015,EQ,NORMAL,True,True,PARTIAL,1261,2021-07-23,2026-08-21,5.08,328.0,58759917.2,42830411,8981600515.98,6556291549.5,0.4686,0.3007,0.321,8.225,0.7402,0,0.0,0,0.0,0,0,0,0,0,Tier 1: Mega-Liquid (>100 Cr/day)
MOLBIO,MOLBIO DIAGNOSTICS LTD,INE869T01028,EQ,NORMAL,False,False,PARTIAL,5,2026-08-17,2026-08-21,0.01,1098.45,7853070.2,6151804,8369544845.37,6377267616.6,0.9853,3.7301,-0.334,0.937,0.0668,0,0.0,0,0.0,0,0,0,0,0,Tier 1: Mega-Liquid (>100 Cr/day)
AXISBANK,AXIS BANK LIMITED,INE238A01034,EQ,NORMAL,True,True,PARTIAL,2476,2016-08-22,2026-08-21,10.0,1245.8,11260915.8,8268116,8259533988.62,6920338652.2,0.3208,0.1299,-0.599,25.046,0.6316,0,0.0,0,0.0,8,7,0,0,0,Tier 1: Mega-Liquid (>100 Cr/day)
BAJFINANCE,BAJAJ FINANCE LIMITED,INE296A01032,EQ,NORMAL,True,True,PARTIAL,2476,2016-08-22,2026-08-21,10.0,1095.0,18498343.2,11020850,8115898078.73,6017888700.0,0.3558,0.306,-0.348,11.273,0.625,0,0.0,0,0.0,14,11,2,1,0,Tier 1: Mega-Liquid (>100 Cr/day)
TMPV,TATA MOTORS PASS VEH LTD,INE155A01022,EQ,NORMAL,True,True,PARTIAL,2476,2016-08-22,2026-08-21,10.0,317.9,24004864.8,13145938,7697381374.42,5555530442.8,0.4258,0.0464,-0.878,29.581,0.8891,0,0.0,0,0.0,5,4,0,0,0,Tier 1: Mega-Liquid (>100 Cr/day)
INDOMIM,INDO-MIM LIMITED,INE084101034,EQ,NORMAL,False,False,PARTIAL,17,2026-07-30,2026-08-21,0.06,882.1,9638703.3,3493814,7684882207.57,3212736663.7,0.6912,2.962,0.584,2.515,0.0887,0,0.0,0,0.0,0,0,0,0,0,Tier 1: Mega-Liquid (>100 Cr/day)
TCS,TATA CONSULTANCY SERV LT,INE467B01029,EQ,NORMAL,True,True,PARTIAL,2476,2016-08-22,2026-08-21,10.0,2302.0,2840479.7,2375236,7450399850.64,6384631976.0,0.2427,0.0897,0.033,6.955,0.5646,0,0.0,0,0.0,46,40,0,0,0,Tier 1: Mega-Liquid (>100 Cr/day)
BHARTIARTL,BHARTI AIRTEL LIMITED,INE397D01024,EQ,NORMAL,True,True,ACCEPTED,2476,2016-08-22,2026-08-21,10.0,1946.0,9082975.6,6006439,7023672702.68,4888574850.0,0.2901,0.2184,0.484,7.719,0.4747,0,0.0,0,0.0,12,10,0,0,2,Tier 1: Mega-Liquid (>100 Cr/day)
TATASTEEL,TATA STEEL LIMITED,INE081A01020,EQ,NORMAL,True,True,PARTIAL,2476,2016-08-22,2026-08-21,10.0,183.0,79171143.1,57173520,6385202928.2,4794688587.5,0.3483,0.2187,-0.068,6.137,0.6765,0,0.0,0,0.0,12,10,1,0,1,Tier 1: Mega-Liquid (>100 Cr/day)
WAAREEENER,WAAREE ENERGIES LIMITED,INE377N01017,EQ,NORMAL,False,True,PARTIAL,451,2024-10-28,2026-08-21,1.81,2678.2,2066097.6,1248844,6096134210.91,3501368152.8,0.4844,0.1913,0.776,7.604,0.4248,0,0.0,0,0.0,1,1,0,0,0,Tier 1: Mega-Liquid (>100 Cr/day)
JIOFIN,JIO FIN SERVICES LTD,INE758E01017,EQ,NORMAL,True,True,ACCEPTED,746,2023-08-21,2026-08-21,3.0,244.0,21276018.7,15243091,6027612201.53,4206638447.55,0.334,0.0486,0.555,7.225,0.4821,0,0.0,3,0.4,2,2,0,0,0,Tier 1: Mega-Liquid (>100 Cr/day)
KOTAKBANK,KOTAK MAHINDRA BANK LTD,INE237A01036,EQ,NORMAL,True,True,ACCEPTED,2476,2016-08-22,2026-08-21,10.0,402.8,18069773.4,14225500,5945275039.86,4708818613.5,0.2601,0.1314,-0.032,11.135,0.3651,0,0.0,0,0.0,10,9,1,0,0,Tier 1: Mega-Liquid (>100 Cr/day)
VAML,VEDANTA ALUMINIUM METAL L,INE1CDF01017,EQ,NORMAL,False,False,PARTIAL,49,2026-06-15,2026-08-21,0.18,440.3,12793245.9,10276140,5852422825.91,4650969892.5,0.3488,-0.5635,-0.34,2.666,0.1305,0,0.0,1,2.04,1,1,0,0,0,Tier 1: Mega-Liquid (>100 Cr/day)
MARUTI,MARUTI SUZUKI INDIA LTD.,INE585B01010,EQ,NORMAL,True,True,ACCEPTED,2476,2016-08-22,2026-08-21,10.0,13565.0,691081.9,550368,5725382721.13,4872458495.4,0.2743,0.1426,0.179,13.337,0.592,0,0.0,0,0.0,11,11,0,0,0,Tier 1: Mega-Liquid (>100 Cr/day)
LEAPIND,LEAP INDIA LIMITED,INE00GO01025,EQ,NORMAL,False,False,PARTIAL,6,2026-08-14,2026-08-21,0.02,162.02,34857347.7,29119032,5345256600.74,4667780829.6,0.6289,5.8362,-0.066,1.102,0.0278,0,0.0,0,0.0,0,0,0,0,0,Tier 1: Mega-Liquid (>100 Cr/day)
SWIGGY,SWIGGY LIMITED,INE00H001014,EQ,NORMAL,False,True,PARTIAL,439,2024-11-13,2026-08-21,1.77,282.5,14400430.0,10330332,5277019264.78,3630189642.0,0.4511,-0.1747,0.578,4.757,0.6004,0,0.0,0,0.0,0,0,0,0,0,Tier 1: Mega-Liquid (>100 Cr/day)
LT,LARSEN & TOUBRO LTD.,INE018A01030,EQ,NORMAL,True,True,PARTIAL,2476,2016-08-22,2026-08-21,10.0,4093.0,2669340.9,2099940,5147478391.97,4093910559.9,0.2613,0.1783,-0.204,11.609,0.5565,0,0.0,0,0.0,16,13,0,1,0,Tier 1: Mega-Liquid (>100 Cr/day)
INDUSINDBK,INDUSIND BANK LIMITED,INE095A01012,EQ,NORMAL,False,True,PARTIAL,2476,2016-08-22,2026-08-21,10.0,1005.6,5506641.6,3024923,5086454034.11,3537470272.95,0.4179,0.0703,0.95,51.557,0.8511,0,0.0,0,0.0,8,8,0,0,0,Tier 1: Mega-Liquid (>100 Cr/day)
ITC,ITC LTD,INE154A01025,EQ,NORMAL,True,True,ACCEPTED,2476,2016-08-22,2026-08-21,10.0,269.4,16941098.7,12670589,4949201687.02,3860192820.9,0.2388,0.0346,-0.393,11.81,0.5701,0,0.0,0,0.0,17,16,0,0,0,Tier 1: Mega-Liquid (>100 Cr/day)
OLAELEC,OLA ELECTRIC MOBILITY LTD,INE0LXG01040,EQ,NORMAL,False,True,PARTIAL,505,2024-08-09,2026-08-21,2.03,37.73,88371837.0,39919495,4853250628.97,2054816027.81,0.6407,-0.2448,1.858,9.42,0.8442,0,0.0,0,0.0,0,0,0,0,0,Tier 1: Mega-Liquid (>100 Cr/day)
MEESHO,MEESHO LIMITED,INE0VDM01015,EQ,NORMAL,False,True,PARTIAL,173,2025-12-10,2026-08-21,0.7,205.69,25685344.7,9087939,4818120660.97,1608320178.24,0.5761,0.4389,1.292,8.662,0.4279,0,0.0,2,1.16,0,0,0,0,0,Tier 1: Mega-Liquid (>100 Cr/day)
TMCV,TATA MOTORS LIMITED,INE1TAE01010,EQ,NORMAL,False,True,PARTIAL,193,2025-11-12,2026-08-21,0.77,472.55,11706995.2,9348251,4786588345.73,3760799675.85,0.3923,0.5501,0.217,4.878,0.2908,0,0.0,0,0.0,1,1,0,0,0,Tier 1: Mega-Liquid (>100 Cr/day)
YESBANK,YES BANK LIMITED,INE528G01035,EQ,NORMAL,False,True,PARTIAL,2476,2016-08-22,2026-08-21,10.0,22.8,116405652.2,77893859,4435079960.23,2506587840.0,0.6184,-0.0577,1.483,60.317,0.9726,0,0.0,5,0.2,4,3,1,0,0,Tier 1: Mega-Liquid (>100 Cr/day)
ADANIENT,ADANI ENTERPRISES LIMITED,INE423A01024,EQ,NORMAL,True,True,ACCEPTED,2476,2016-08-22,2026-08-21,10.0,2997.0,4757595.8,2907157,4398219356.91,2275096687.5,0.5026,0.5036,-0.237,18.162,0.7135,1,0.04,0,0.0,14,10,0,0,1,Tier 1: Mega-Liquid (>100 Cr/day)
M&M,MAHINDRA & MAHINDRA LTD,INE101A01026,EQ,NORMAL,True,True,ACCEPTED,2476,2016-08-22,2026-08-21,10.0,3412.2,3363267.9,2676798,4316893298.28,3000074350.35,0.3059,0.2048,0.428,8.751,0.7266,0,0.0,0,0.0,11,10,0,1,0,Tier 1: Mega-Liquid (>100 Cr/day)
PAYTM,ONE 97 COMMUNICATIONS LTD,INE982J01020,EQ,NORMAL,False,True,PARTIAL,1181,2021-11-18,2026-08-21,4.76,1632.0,5446367.9,3441433,4309021118.84,2854655276.4,0.5147,0.1431,-0.246,8.422,0.8237,0,0.0,8,0.68,0,0,0,0,0,Tier 1: Mega-Liquid (>100 Cr/day)
SBIFUNDS,SBI FUNDS MANAGEMENT LTD,INE640G01020,EQ,NORMAL,False,False,PARTIAL,24,2026-07-21,2026-08-21,0.08,549.55,7110226.1,2624696,4213900772.04,1485901552.5,0.228,-1.1113,-0.054,4.688,0.0987,0,0.0,0,0.0,0,0,0,0,0,Tier 1: Mega-Liquid (>100 Cr/day)
MANIPALHOS,MANIPAL HEALTH ENTERPRI L,INE459N01021,EQ,NORMAL,False,False,PARTIAL,13,2026-08-05,2026-08-21,0.04,715.3,6160239.4,2156071,4171378534.63,1520750380.6,0.3463,1.5288,-0.102,1.646,0.0396,0,0.0,0,0.0,0,0,0,0,0,Tier 1: Mega-Liquid (>100 Cr/day)
ADANIPORTS,ADANI PORT & SEZ LTD,INE742F01042,EQ,NORMAL,True,True,ACCEPTED,2476,2016-08-22,2026-08-21,10.0,1700.0,5378372.5,3424347,3846286602.76,2261847441.0,0.3652,0.2548,-0.711,14.411,0.5369,1,0.04,0,0.0,12,10,0,0,0,Tier 1: Mega-Liquid (>100 Cr/day)
BSE,BSE LIMITED,INE118H01025,EQ,NORMAL,False,True,PARTIAL,2364,2017-02-03,2026-08-21,9.54,3241.0,4483781.5,2429685,3835765374.15,402370215.0,0.4185,0.4385,1.122,9.215,0.749,0,0.0,2,0.08,17,13,0,2,0,Tier 1: Mega-Liquid (>100 Cr/day)
HINDUNILVR,HINDUSTAN UNILEVER LTD.,INE030A01027,EQ,NORMAL,True,True,PARTIAL,2476,2016-08-22,2026-08-21,10.0,2015.0,1800008.3,1448340,3820852919.01,3107657195.15,0.219,0.1025,0.811,11.732,0.3347,0,0.0,0,0.0,22,21,0,0,0,Tier 1: Mega-Liquid (>100 Cr/day)
VEDL,VEDANTA LIMITED,INE205A01025,EQ,NORMAL,False,True,PARTIAL,2476,2016-08-22,2026-08-21,10.0,279.0,14890619.3,11167602,3817975687.34,2669340251.4,0.5075,0.21,-3.967,77.229,0.8778,0,0.0,0,0.0,33,24,0,0,0,Tier 1: Mega-Liquid (>100 Cr/day)
SUNPHARMA,SUN PHARMACEUTICAL IND L,INE044A01036,EQ,NORMAL,True,True,PARTIAL,2476,2016-08-22,2026-08-21,10.0,1902.4,4895323.9,3218477,3580200739.21,2785194959.55,0.274,0.1296,0.046,8.078,0.5984,0,0.0,0,0.0,18,18,0,0,0,Tier 1: Mega-Liquid (>100 Cr/day)
IREDA,INDIAN RENEWABLE ENERGY,INE202E01016,EQ,NORMAL,False,True,PARTIAL,678,2023-11-29,2026-08-21,2.73,115.0,22208992.8,9965445,3547310122.46,1543425030.3,0.4975,0.3629,1.241,9.011,0.6238,0,0.0,5,0.74,1,1,0,0,0,Tier 1: Mega-Liquid (>100 Cr/day)
SAMMAANCAP,SAMMAAN CAPITAL LIMITED,INE148I01020,EQ,NORMAL,False,True,PARTIAL,2476,2016-08-22,2026-08-21,10.0,150.52,15165289.5,9737766,3521389486.48,1976900014.65,0.5719,0.0084,-0.141,15.751,0.9368,0,0.0,0,0.0,25,17,0,0,1,Tier 1: Mega-Liquid (>100 Cr/day)
HINDALCO,HINDALCO  INDUSTRIES  LTD,INE038A01020,EQ,NORMAL,True,True,ACCEPTED,2476,2016-08-22,2026-08-21,10.0,1034.0,9596876.3,7782646,3473938973.93,2774959635.6,0.3707,0.2614,-0.089,7.177,0.6858,0,0.0,0,0.0,11,11,0,0,0,Tier 1: Mega-Liquid (>100 Cr/day)
HAL,HINDUSTAN AERONAUTICS LTD,INE066F01020,EQ,NORMAL,False,True,PARTIAL,2081,2018-03-28,2026-08-21,8.4,5000.0,1373336.4,1032339,3365806228.8,1461178177.6,0.3607,0.3284,0.785,12.724,0.583,0,0.0,0,0.0,24,16,1,0,0,Tier 1: Mega-Liquid (>100 Cr/day)
HCLTECH,HCL TECHNOLOGIES LTD,INE860A01027,EQ,NORMAL,True,True,ACCEPTED,2476,2016-08-22,2026-08-21,10.0,1302.5,3282912.8,2487826,3288674081.16,2638328248.5,0.2651,0.159,-0.025,7.661,0.4816,0,0.0,0,0.0,46,39,0,1,0,Tier 1: Mega-Liquid (>100 Cr/day)
IRFC,INDIAN RAILWAY FIN CORP L,INE053F01010,EQ,NORMAL,False,True,PARTIAL,1379,2021-01-29,2026-08-21,5.56,86.4,35861771.0,15754001,3247171549.67,1126950796.74,0.3928,0.3041,1.211,12.028,0.6082,0,0.0,0,0.0,15,11,0,0,0,Tier 1: Mega-Liquid (>100 Cr/day)
SILVERBEES,NIPPONAMC - NETFSILVER,INF204KC1402,EQ,NORMAL,False,False,PARTIAL,1126,2022-02-07,2026-08-21,4.53,232.92,15766236.3,4585021,3042968284.24,382877823.9,0.3352,0.3545,-0.937,14.861,0.4501,0,0.0,0,0.0,0,0,0,0,0,Tier 1: Mega-Liquid (>100 Cr/day)
ZEEL,ZEE ENTERTAINMENT ENT LTD,INE256A01028,EQ,NORMAL,False,True,PARTIAL,2476,2016-08-22,2026-08-21,10.0,107.58,13777102.8,8693812,2995979611.92,1755656420.7,0.5103,-0.0289,0.855,26.649,0.8885,0,0.0,0,0.0,8,8,0,0,0,Tier 1: Mega-Liquid (>100 Cr/day)
BANKBARODA,BANK OF BARODA,INE028A01039,EQ,NORMAL,False,True,PARTIAL,2476,2016-08-22,2026-08-21,10.0,247.0,22730749.8,16964984,2980617193.87,2430791899.6,0.4024,0.1246,0.644,16.399,0.8135,0,0.0,0,0.0,10,6,0,0,0,Tier 1: Mega-Liquid (>100 Cr/day)
TITAN,TITAN COMPANY LIMITED,INE280A01028,EQ,NORMAL,True,True,PARTIAL,2476,2016-08-22,2026-08-21,10.0,5086.1,1774837.0,1298608,2956545777.68,2454396131.3,0.2938,0.3011,0.762,14.568,0.4173,0,0.0,0,0.0,10,10,0,0,0,Tier 1: Mega-Liquid (>100 Cr/day)
NETWEB,NETWEB TECH INDIA LTD,INE0NT901020,EQ,NORMAL,False,True,PARTIAL,762,2023-07-27,2026-08-21,3.07,5601.0,901350.7,279921,2941501221.89,550977886.8,0.5409,0.7464,0.603,4.805,0.5473,0,0.0,3,0.39,4,3,0,0,0,Tier 1: Mega-Liquid (>100 Cr/day)
VMM,VISHAL MEGA MART LIMITED,INE01EA01019,EQ,NORMAL,False,True,PARTIAL,416,2024-12-18,2026-08-21,1.67,103.43,24065954.8,12214531,2934690174.99,1429212443.75,0.3388,0.0089,0.524,5.486,0.3493,0,0.0,0,0.0,0,0,0,0,0,Tier 1: Mega-Liquid (>100 Cr/day)
ASIANPAINT,ASIAN PAINTS LIMITED,INE021A01026,EQ,NORMAL,True,True,ACCEPTED,2476,2016-08-22,2026-08-21,10.0,2640.0,1317879.7,1034774,2927234271.82,2372918527.5,0.2444,0.1178,-0.099,8.925,0.4068,0,0.0,0,0.0,21,21,0,0,0,Tier 1: Mega-Liquid (>100 Cr/day)
BEL,BHARAT ELECTRONICS LTD,INE263A01024,EQ,NORMAL,True,True,ACCEPTED,2476,2016-08-22,2026-08-21,10.0,414.0,25153553.8,18720310,2922348830.15,1371762684.0,0.3573,0.31,-0.247,9.159,0.6905,0,0.0,0,0.0,32,27,1,2,0,Tier 1: Mega-Liquid (>100 Cr/day)
TATAPOWER,TATA POWER CO LTD,INE245A01021,EQ,NORMAL,False,True,PARTIAL,2476,2016-08-22,2026-08-21,10.0,374.3,15843763.8,8154223,2910859119.02,1569309018.25,0.3436,0.2197,0.357,8.411,0.7292,0,0.0,0,0.0,11,11,0,0,0,Tier 1: Mega-Liquid (>100 Cr/day)
INDIGO,INTERGLOBE AVIATION LTD,INE646L01027,EQ,NORMAL,True,True,ACCEPTED,2476,2016-08-22,2026-08-21,10.0,5110.0,1219989.4,815674,2895714151.43,1712031675.2,0.3533,0.239,0.069,6.664,0.5465,0,0.0,0,0.0,9,5,0,0,0,Tier 1: Mega-Liquid (>100 Cr/day)
KAYNES,KAYNES TECHNOLOGY IND LTD,INE918Z01012,EQ,NORMAL,False,True,PARTIAL,931,2022-11-22,2026-08-21,3.75,3890.0,714481.2,346802,2892523918.48,1455866305.2,0.4958,0.5921,0.027,10.171,0.605,0,0.0,0,0.0,1,0,0,0,0,Tier 1: Mega-Liquid (>100 Cr/day)
BAJAJFINSV,BAJAJ FINSERV LTD.,INE918I01026,EQ,NORMAL,True,True,ACCEPTED,2476,2016-08-22,2026-08-21,10.0,2032.5,2820397.5,1807070,2888146126.11,2155396149.4,0.3238,0.2579,-0.539,16.344,0.5859,0,0.0,0,0.0,12,9,1,1,0,Tier 1: Mega-Liquid (>100 Cr/day)
IRCTC,INDIAN RAIL TOUR CORP LTD,INE335Y01020,EQ,NORMAL,False,True,PARTIAL,1704,2019-10-14,2026-08-21,6.85,484.2,5233643.8,1970844,2876692476.35,1165587673.65,0.3681,0.2456,0.171,11.242,0.5881,0,0.0,14,0.82,18,14,1,0,0,Tier 1: Mega-Liquid (>100 Cr/day)
PNB,PUNJAB NATIONAL BANK,INE160A01022,EQ,NORMAL,False,True,PARTIAL,2476,2016-08-22,2026-08-21,10.0,116.55,42507025.5,26564325,2875186374.26,1938338953.2,0.4199,0.0771,1.875,42.74,0.8755,0,0.0,0,0.0,11,5,0,0,0,Tier 1: Mega-Liquid (>100 Cr/day)
LENSKART,LENSKART SOLUTIONS LTD,INE956O01016,EQ,NORMAL,False,True,PARTIAL,195,2025-11-10,2026-08-21,0.78,661.4,5792729.1,2797687,2855917210.95,1422388348.7,0.3648,0.7087,1.457,9.86,0.1456,0,0.0,0,0.0,0,0,0,0,0,Tier 1: Mega-Liquid (>100 Cr/day)
TECHM,TECH MAHINDRA LIMITED,INE669C01036,EQ,NORMAL,True,True,PARTIAL,2478,2016-08-22,2026-08-21,10.0,1584.0,2905674.7,2395805,2845401652.73,2379456640.0,0.292,0.1673,-0.39,7.647,0.4657,0,0.0,0,0.0,18,17,0,0,0,Tier 1: Mega-Liquid (>100 Cr/day)
VOGL,VEDANTA OIL AND GAS LTD,INE704J01044,EQ,NORMAL,False,False,PARTIAL,49,2026-06-15,2026-08-21,0.18,38.39,75303648.7,48608395,2835138108.83,1783442012.55,0.8713,0.6754,1.527,5.885,0.2649,0,0.0,1,2.04,0,0,0,0,0,Tier 1: Mega-Liquid (>100 Cr/day)
ATHERENERG,ATHER ENERGY LIMITED,INE0LEZ01016,EQ,NORMAL,False,True,PARTIAL,324,2025-05-06,2026-08-21,1.29,1462.0,3360706.5,2315617,2702984060.26,1699912668.0,0.4769,1.3436,0.921,5.546,0.2148,0,0.0,0,0.0,0,0,0,0,0,Tier 1: Mega-Liquid (>100 Cr/day)
WIPRO,WIPRO LTD,INE075A01022,EQ,NORMAL,True,True,PARTIAL,2476,2016-08-22,2026-08-21,10.0,180.79,13400507.4,9570460,2694506187.98,1893661366.74,0.2623,0.0977,0.495,10.816,0.5284,1,0.04,0,0.0,28,13,0,3,0,Tier 1: Mega-Liquid (>100 Cr/day)
DRREDDY,DR. REDDY S LABORATORIES,INE089A01031,EQ,NORMAL,True,True,ACCEPTED,2476,2016-08-22,2026-08-21,10.0,1174.7,3216739.8,2172275,2685449865.83,1849963306.2,0.255,0.1003,0.535,10.099,0.4372,0,0.0,0,0.0,11,10,1,0,0,Tier 1: Mega-Liquid (>100 Cr/day)
SHRIRAMFIN,SHRIRAM FINANCE LIMITED,INE721A01047,EQ,NORMAL,True,True,ACCEPTED,2476,2016-08-22,2026-08-21,10.0,1130.0,8194793.3,5414742,2663692764.33,1802221391.0,0.4281,0.246,-0.039,10.636,0.7242,0,0.0,0,0.0,26,22,1,0,1,Tier 1: Mega-Liquid (>100 Cr/day)
BPCL,BHARAT PETROLEUM CORP  LT,INE029A01011,EQ,NORMAL,False,True,PARTIAL,2476,2016-08-22,2026-08-21,10.0,311.0,11816557.1,9032900,2624143963.07,1951405237.7,0.3564,0.115,-0.46,12.288,0.5473,1,0.04,0,0.0,24,21,0,2,0,Tier 1: Mega-Liquid (>100 Cr/day)
NTPC,NTPC LTD,INE733E01010,EQ,NORMAL,True,True,ACCEPTED,2476,2016-08-22,2026-08-21,10.0,340.0,13523948.0,10341665,2606483470.26,1798156232.8,0.2586,0.1265,-0.118,8.373,0.508,0,0.0,0,0.0,27,23,0,1,0,Tier 1: Mega-Liquid (>100 Cr/day)
ONGC,OIL AND NATURAL GAS CORP.,INE213A01029,EQ,NORMAL,True,True,PARTIAL,2476,2016-08-22,2026-08-21,10.0,236.4,15720643.3,11359611,2597485440.27,1822782561.6,0.3483,0.1048,-0.155,15.789,0.7355,0,0.0,0,0.0,29,27,0,1,0,Tier 1: Mega-Liquid (>100 Cr/day)
ULTRACEMCO,ULTRATECH CEMENT LIMITED,INE481G01011,EQ,NORMAL,True,True,PARTIAL,2476,2016-08-22,2026-08-21,10.0,11570.0,387169.5,307971,2543533437.52,2110349887.7,0.263,0.1462,0.02,9.291,0.3766,0,0.0,0,0.0,10,10,0,0,0,Tier 1: Mega-Liquid (>100 Cr/day)
BHEL,BHEL,INE257A01026,EQ,NORMAL,False,True,PARTIAL,2476,2016-08-22,2026-08-21,10.0,413.0,24899166.4,14997151,2529314673.85,1409020637.9,0.4404,0.245,0.472,10.485,0.8338,0,0.0,0,0.0,16,12,0,1,0,Tier 1: Mega-Liquid (>100 Cr/day)
DIXON,DIXON TECHNO (INDIA) LTD,INE935N01020,EQ,NORMAL,False,True,PARTIAL,2211,2017-09-18,2026-08-21,8.92,14850.0,380054.9,266515,2529080598.24,1047344352.0,0.3982,0.4488,0.297,7.946,0.574,0,0.0,0,0.0,10,8,1,0,0,Tier 1: Mega-Liquid (>100 Cr/day)
RVNL,RAIL VIKAS NIGAM LIMITED,INE415G01027,EQ,NORMAL,False,True,PARTIAL,1825,2019-04-11,2026-08-21,7.36,225.3,12868473.1,6071568,2519292943.61,646749659.6,0.5071,0.4672,1.184,9.779,0.6487,0,0.0,1,0.05,12,12,0,0,0,Tier 1: Mega-Liquid (>100 Cr/day)
CMLL,CALIBER MINING AND LOG L,INE11XY01018,EQ,NORMAL,False,False,PARTIAL,21,2026-07-24,2026-08-21,0.08,529.65,4498717.7,1049275,2498510532.22,593784722.5,0.6069,0.209,0.129,2.145,0.1543,0,0.0,0,0.0,0,0,0,0,0,Tier 1: Mega-Liquid (>100 Cr/day)
POWERGRID,POWER GRID CORP. LTD.,INE752E01010,EQ,NORMAL,True,True,PARTIAL,2476,2016-08-22,2026-08-21,10.0,272.4,14572967.1,11567493,2492223410.46,1856651906.35,0.2589,0.1368,-0.068,7.295,0.3727,0,0.0,0,0.0,29,27,0,2,0,Tier 1: Mega-Liquid (>100 Cr/day)
CANBK,CANARA BANK,INE476A01022,EQ,NORMAL,False,True,PARTIAL,2476,2016-08-22,2026-08-21,10.0,129.96,43572141.8,31668715,2429051915.13,1920468344.0,0.4141,0.175,1.107,26.482,0.8273,0,0.0,0,0.0,13,6,1,0,1,Tier 1: Mega-Liquid (>100 Cr/day)
SAIL,STEEL AUTHORITY OF INDIA,INE114A01011,EQ,NORMAL,False,True,PARTIAL,2476,2016-08-22,2026-08-21,10.0,173.46,25706994.1,19206562,2415018628.19,1436265740.22,0.4402,0.223,0.152,7.208,0.7967,0,0.0,0,0.0,18,11,0,0,0,Tier 1: Mega-Liquid (>100 Cr/day)
PREMIERENE,PREMIER ENERGIES LIMITED,INE0BS701011,EQ,NORMAL,False,True,PARTIAL,489,2024-09-03,2026-08-21,1.96,1053.0,2365557.2,1369581,2403458877.23,1353648547.2,0.4575,0.2198,0.823,8.363,0.5027,0,0.0,0,0.0,4,4,0,0,0,Tier 1: Mega-Liquid (>100 Cr/day)
HEROMOTOCO,HERO MOTOCORP LIMITED,INE158A01026,EQ,NORMAL,False,True,PARTIAL,2476,2016-08-22,2026-08-21,10.0,5735.0,724519.3,559824,2395153403.63,1852379751.1,0.2909,0.1004,0.32,8.022,0.6319,0,0.0,0,0.0,21,21,0,0,0,Tier 1: Mega-Liquid (>100 Cr/day)
MVELECTRO,MV ELECTROSYSTEMS LIMITED,INE0OWZ01020,EQ,NORMAL,False,False,PARTIAL,12,2026-08-06,2026-08-21,0.04,591.15,3894445.8,1408063,2385164546.41,844063365.35,0.4817,-1.1314,0.665,2.152,0.0893,0,0.0,0,0.0,0,0,0,0,0,Tier 1: Mega-Liquid (>100 Cr/day)
COALINDIA,COAL INDIA LTD,INE522F01014,EQ,NORMAL,True,True,PARTIAL,2476,2016-08-22,2026-08-21,10.0,405.2,9386055.7,7054535,2369800348.58,1628880523.4,0.316,0.0742,-0.093,7.975,0.7047,0,0.0,0,0.0,32,25,0,0,0,Tier 1: Mega-Liquid (>100 Cr/day)
ADANIPOWER,ADANI POWER LTD,INE814H01029,EQ,NORMAL,False,True,PARTIAL,2476,2016-08-22,2026-08-21,10.0,205.5,62275917.3,36765005,2369324190.95,804042727.5,0.5414,0.5107,0.769,10.73,0.678,1,0.04,23,0.93,9,0,1,0,0,Tier 1: Mega-Liquid (>100 Cr/day)
JNPR,JUNIPER GREEN ENERGY LTD,INE05C901015,EQ,NORMAL,False,False,PARTIAL,12,2026-08-06,2026-08-21,0.04,265.8,9105973.8,2979498,2352194817.08,712576741.68,0.7095,0.7555,0.61,1.645,0.0791,0,0.0,0,0.0,0,0,0,0,0,Tier 1: Mega-Liquid (>100 Cr/day)
DLF,DLF LIMITED,INE271C01023,EQ,NORMAL,False,True,PARTIAL,2476,2016-08-22,2026-08-21,10.0,678.1,7519791.8,5761279,2317431185.82,1828571924.0,0.406,0.2271,-0.282,7.293,0.5534,0,0.0,0,0.0,12,12,0,0,0,Tier 1: Mega-Liquid (>100 Cr/day)
TECHNOCRAF,TECHNOCRAFT VENTURES LTD,INE1D0W01018,EQ,NORMAL,False,False,PARTIAL,6,2026-08-14,2026-08-21,0.02,332.61,7248007.2,3376892,2267908260.01,1115623810.04,0.5127,3.4889,-0.43,1.458,0.036,0,0.0,0,0.0,0,0,0,0,0,Tier 1: Mega-Liquid (>100 Cr/day)
CIPLA,CIPLA LTD,INE059A01026,EQ,NORMAL,True,True,PARTIAL,2476,2016-08-22,2026-08-21,10.0,1432.2,2623202.5,1687480,2260479169.39,1597116430.0,0.2571,0.1288,0.874,9.072,0.4431,0,0.0,0,0.0,12,11,0,0,0,Tier 1: Mega-Liquid (>100 Cr/day)
BAJAJ-AUTO,BAJAJ AUTO LIMITED,INE917I01010,EQ,NORMAL,True,True,ACCEPTED,2476,2016-08-22,2026-08-21,10.0,11700.0,474659.9,369281,2257289237.49,1645119470.5,0.2546,0.1736,-0.099,11.185,0.4329,0,0.0,0,0.0,12,10,0,0,0,Tier 1: Mega-Liquid (>100 Cr/day)
ADANIGREEN,ADANI GREEN ENERGY LTD,INE364U01010,EQ,NORMAL,False,True,PARTIAL,2026,2018-06-18,2026-08-21,8.18,1320.0,2104281.7,1132428,2250959746.03,1145950732.3,0.543,0.6112,0.532,8.744,0.8444,1,0.05,43,2.12,7,0,0,0,0,Tier 1: Mega-Liquid (>100 Cr/day)
JSWSTEEL,JSW STEEL LIMITED,INE019A01038,EQ,NORMAL,True,True,ACCEPTED,2476,2016-08-22,2026-08-21,10.0,1293.7,4928867.3,3731255,2246212548.66,1691011451.85,0.3293,0.2572,-0.325,8.697,0.6626,0,0.0,0,0.0,11,10,0,0,0,Tier 1: Mega-Liquid (>100 Cr/day)
RBLBANK,RBL BANK LIMITED,INE976G01028,EQ,NORMAL,False,True,PARTIAL,2469,2016-08-31,2026-08-21,9.97,392.5,10478776.8,6900865,2243538733.15,1543388047.5,0.4548,0.1327,-0.731,11.165,0.8899,0,0.0,0,0.0,11,8,0,0,0,Tier 1: Mega-Liquid (>100 Cr/day)
KALYANKJIL,KALYAN JEWELLERS IND LTD,INE303R01014,EQ,NORMAL,False,True,PARTIAL,1340,2021-03-26,2026-08-21,5.4,603.55,5695676.7,2765843,2241498577.56,779963507.7,0.453,0.493,0.968,8.088,0.5801,0,0.0,0,0.0,3,3,0,0,0,Tier 1: Mega-Liquid (>100 Cr/day)
ENRIN,SIEMENS ENERGY INDIA LTD,INE1NPP01017,EQ,NORMAL,False,True,PARTIAL,292,2025-06-19,2026-08-21,1.17,3435.6,717784.1,442560,2223937545.04,1417096891.9,0.3763,0.2672,0.815,6.193,0.4107,0,0.0,0,0.0,1,1,0,0,0,Tier 1: Mega-Liquid (>100 Cr/day)
PWL,PHYSICSWALLAH LIMITED,INE0LP301011,EQ,NORMAL,False,True,PARTIAL,189,2025-11-18,2026-08-21,0.76,120.83,17488379.9,6920726,2218307018.33,775187469.0,0.5327,-0.198,1.306,7.713,0.4875,0,0.0,0,0.0,0,0,0,0,0,Tier 1: Mega-Liquid (>100 Cr/day)
JINDALSTEL,JINDAL STEEL LIMITED,INE749A01030,EQ,NORMAL,False,True,PARTIAL,2476,2016-08-22,2026-08-21,10.0,1127.8,8268731.7,6076115,2181870309.29,1731229960.95,0.4598,0.3679,0.14,9.346,0.7828,0,0.0,0,0.0,11,6,0,0,0,Tier 1: Mega-Liquid (>100 Cr/day)
BANDHANBNK,BANDHAN BANK LIMITED,INE545U01014,EQ,NORMAL,False,True,PARTIAL,2082,2018-03-27,2026-08-21,8.4,175.1,8662967.3,6673816,2179700286.84,1610195695.5,0.4725,-0.0106,0.846,24.199,0.8214,0,0.0,0,0.0,9,7,0,0,0,Tier 1: Mega-Liquid (>100 Cr/day)
HYUNDAI,HYUNDAI MOTOR INDIA LTD,INE0V6F01027,EQ,NORMAL,False,True,PARTIAL,455,2024-10-22,2026-08-21,1.83,2218.8,1083016.1,692877,2146305084.73,1461527189.2,0.2965,0.1537,0.451,4.669,0.3979,0,0.0,0,0.0,2,2,0,0,0,Tier 1: Mega-Liquid (>100 Cr/day)
ASHOKLEY,ASHOK LEYLAND LTD,INE208A01029,EQ,NORMAL,False,True,PARTIAL,2476,2016-08-22,2026-08-21,10.0,173.0,35060846.9,24989252,2143215402.94,1692826137.6,0.414,0.2321,0.252,18.742,0.8163,0,0.0,0,0.0,14,12,0,1,0,Tier 1: Mega-Liquid (>100 Cr/day)
HDFCLIFE,HDFC LIFE INS CO LTD,INE795G01014,EQ,NORMAL,True,True,PARTIAL,2170,2017-11-17,2026-08-21,8.76,554.8,3586367.9,2694392,2113663480.64,1637405854.45,0.2885,0.097,0.037,13.041,0.4619,0,0.0,0,0.0,10,8,0,0,0,Tier 1: Mega-Liquid (>100 Cr/day)
VISL,VEDANTA IRON AND STEEL L,INE1CLE01013,EQ,NORMAL,False,False,PARTIAL,49,2026-06-15,2026-08-21,0.18,36.74,63465328.4,37372424,2108923993.78,1327419413.12,0.6907,3.1691,0.06,1.811,0.3081,0,0.0,3,6.12,0,0,0,0,0,Tier 1: Mega-Liquid (>100 Cr/day)
ICICIAMC,ICICI PRUDENTIAL AMC LTD,INE346A01027,EQ,NORMAL,False,True,PARTIAL,166,2025-12-19,2026-08-21,0.67,3269.7,715155.1,369458,2092271004.36,1138098689.2,0.341,0.416,0.445,4.158,0.1459,0,0.0,0,0.0,2,2,0,0,0,Tier 1: Mega-Liquid (>100 Cr/day)
APOLLOHOSP,APOLLO HOSPITALS ENTER. L,INE437A01024,EQ,NORMAL,True,True,PARTIAL,2476,2016-08-22,2026-08-21,10.0,8693.0,622207.1,439776,2084743348.44,1642380424.65,0.309,0.2353,0.609,11.01,0.3953,0,0.0,0,0.0,15,15,0,0,0,Tier 1: Mega-Liquid (>100 Cr/day)
INDUSTOWER,INDUS TOWERS LIMITED,INE121J01017,EQ,NORMAL,False,True,PARTIAL,2476,2016-08-22,2026-08-21,10.0,375.75,7255847.9,4181712,2078517887.17,1162766328.0,0.3996,0.0907,-0.243,12.988,0.7411,0,0.0,0,0.0,13,12,0,0,0,Tier 1: Mega-Liquid (>100 Cr/day)
RECLTD,REC LIMITED,INE020B01018,EQ,NORMAL,False,True,PARTIAL,2476,2016-08-22,2026-08-21,10.0,326.65,9481510.8,7352239,2061886264.14,998029128.6,0.3794,0.2071,-0.39,10.508,0.6322,0,0.0,0,0.0,36,32,0,2,0,Tier 1: Mega-Liquid (>100 Cr/day)
POLICYBZR,PB FINTECH LIMITED,INE417T01026,EQ,NORMAL,False,True,PARTIAL,1184,2021-11-15,2026-08-21,4.76,1795.2,1787858.5,1169762,2053710601.91,1440039756.65,0.4515,0.1865,0.483,6.018,0.7434,0,0.0,0,0.0,0,0,0,0,0,Tier 1: Mega-Liquid (>100 Cr/day)
DIVISLAB,DIVI S LABORATORIES LTD,INE361B01024,EQ,NORMAL,False,True,PARTIAL,2476,2016-08-22,2026-08-21,10.0,8597.0,778759.3,486212,2051394143.11,1485657109.75,0.3151,0.2423,-0.574,20.126,0.5954,0,0.0,0,0.0,11,10,0,0,0,Tier 1: Mega-Liquid (>100 Cr/day)
LGEINDIA,LG ELECTRONICS INDIA LTD,INE324D01010,EQ,NORMAL,False,True,PARTIAL,212,2025-10-14,2026-08-21,0.85,1623.3,1273505.2,648032,2042056814.41,985569724.4,0.2959,-0.0047,0.466,6.314,0.2196,0,0.0,0,0.0,0,0,0,0,0,Tier 1: Mega-Liquid (>100 Cr/day)
COFORGE,COFORGE LIMITED,INE591G01025,EQ,NORMAL,False,True,PARTIAL,2476,2016-08-22,2026-08-21,10.0,1891.7,2947618.6,1939460,2016710395.3,1285297255.0,0.4027,0.3986,0.373,13.328,0.5697,0,0.0,0,0.0,28,26,1,0,0,Tier 1: Mega-Liquid (>100 Cr/day)
MOBIKWIK,ONE MOBIKWIK SYSTEMS LTD,INE0HLU01028,EQ,NORMAL,False,False,PARTIAL,416,2024-12-18,2026-08-21,1.67,196.81,5352777.7,1373079,2015380137.88,318834117.0,0.5721,-0.4398,1.439,9.892,0.7572,0,0.0,0,0.0,0,0,0,0,0,Tier 1: Mega-Liquid (>100 Cr/day)
PFC,POWER FIN CORP LTD.,INE134E01011,EQ,NORMAL,False,True,PARTIAL,2476,2016-08-22,2026-08-21,10.0,363.0,9774901.2,7545389,1983498268.77,931941611.6,0.3788,0.2086,-0.238,9.211,0.5902,0,0.0,0,0.0,37,28,0,2,0,Tier 1: Mega-Liquid (>100 Cr/day)
LIQUIDBEES,NIP IND ETF LIQUID BEES,INF732E01037,EQ,NORMAL,False,False,PARTIAL,2476,2016-08-22,2026-08-21,10.0,999.99,1938029.7,1373313,1938022727.28,1373299266.87,0.0001,0.0,0.061,104.32,0.0002,0,0.0,0,0.0,0,0,0,0,0,Tier 1: Mega-Liquid (>100 Cr/day)
AUROPHARMA,AUROBINDO PHARMA LTD,INE406A01037,EQ,NORMAL,False,True,PARTIAL,2476,2016-08-22,2026-08-21,10.0,1621.3,2495863.0,1826444,1921074866.19,1422787722.75,0.3567,0.1421,0.242,15.556,0.6613,0,0.0,0,0.0,28,19,0,0,0,Tier 1: Mega-Liquid (>100 Cr/day)
IOC,INDIAN OIL CORP LTD,INE242A01010,EQ,NORMAL,False,True,PARTIAL,2476,2016-08-22,2026-08-21,10.0,135.9,19554852.2,14985369,1920479719.45,1406932302.0,0.327,0.1012,-0.425,7.754,0.7234,0,0.0,0,0.0,27,23,0,3,0,Tier 1: Mega-Liquid (>100 Cr/day)
LICI,LIFE INSURA CORP OF INDIA,INE0J1Y01017,EQ,NORMAL,False,True,PARTIAL,1060,2022-05-17,2026-08-21,4.26,422.25,4447298.1,2436704,1884616279.98,957830097.0,0.2882,0.033,0.057,9.241,0.3932,0,0.0,0,0.0,7,6,0,1,0,Tier 1: Mega-Liquid (>100 Cr/day)
LUPIN,LUPIN LIMITED,INE326A01037,EQ,NORMAL,False,True,PARTIAL,2476,2016-08-22,2026-08-21,10.0,2201.8,1696738.9,1198488,1875267762.05,1418976801.6,0.2887,0.0778,0.132,10.71,0.6536,0,0.0,0,0.0,10,10,0,0,0,Tier 1: Mega-Liquid (>100 Cr/day)
PINELABS,PINE LABS LIMITED,INE15B701018,EQ,NORMAL,False,True,PARTIAL,191,2025-11-14,2026-08-21,0.77,156.91,11375853.7,2910785,1865292171.96,607131535.3,0.4726,-0.5111,0.454,6.297,0.4502,0,0.0,0,0.0,0,0,0,0,0,Tier 1: Mega-Liquid (>100 Cr/day)
HINDPETRO,HINDUSTAN PETROLEUM CORP,INE094A01015,EQ,NORMAL,False,True,PARTIAL,2476,2016-08-22,2026-08-21,10.0,363.25,8290817.0,6621498,1843936881.6,1377256523.7,0.4099,0.1618,-0.22,10.212,0.6852,0,0.0,0,0.0,17,15,0,2,0,Tier 1: Mega-Liquid (>100 Cr/day)
MCX,MULTI COMMODITY EXCHANGE,INE745G01043,EQ,NORMAL,False,True,PARTIAL,2476,2016-08-22,2026-08-21,10.0,3185.0,2708674.5,1848915,1812364335.43,539499000.0,0.3945,0.3607,0.121,6.788,0.5236,0,0.0,0,0.0,11,10,1,0,0,Tier 1: Mega-Liquid (>100 Cr/day)
UPL,UPL LIMITED,INE628A01036,EQ,NORMAL,False,True,PARTIAL,2476,2016-08-22,2026-08-21,10.0,569.0,3119849.6,2120918,1805357589.55,1277434473.3,0.3342,0.0835,-0.199,10.537,0.6354,0,0.0,0,0.0,12,10,0,1,1,Tier 1: Mega-Liquid (>100 Cr/day)
EICHERMOT,EICHER MOTORS LTD,INE066A01021,EQ,NORMAL,True,True,ACCEPTED,2476,2016-08-22,2026-08-21,10.0,8010.0,494518.2,363555,1795097830.77,1390765383.6,0.3054,0.1791,0.194,6.821,0.6141,0,0.0,0,0.0,11,10,1,0,0,Tier 1: Mega-Liquid (>100 Cr/day)
POLYCAB,POLYCAB INDIA LIMITED,INE455K01017,EQ,NORMAL,False,True,PARTIAL,1822,2019-04-16,2026-08-21,7.35,8966.0,455850.5,293296,1790828616.29,999972637.35,0.3545,0.4265,-1.163,15.87,0.5018,0,0.0,0,0.0,9,8,0,0,0,Tier 1: Mega-Liquid (>100 Cr/day)
ANGELONE,ANGEL ONE LIMITED,INE732I01021,EQ,NORMAL,False,True,PARTIAL,1500,2016-09-09,2026-08-21,9.95,287.8,8339585.5,5471300,1779611620.16,1067655348.0,0.5925,0.389,-4.107,95.66,0.7991,8,0.53,24,1.6,22,20,1,0,0,Tier 1: Mega-Liquid (>100 Cr/day)
VEDPOWER,VEDANTA POWER LIMITED,INE694L01019,EQ,NORMAL,False,False,PARTIAL,49,2026-06-15,2026-08-21,0.18,36.3,43244221.2,30277448,1775149360.69,1075054461.4,0.5404,-0.4901,0.886,4.366,0.3047,0,0.0,0,0.0,0,0,0,0,0,Tier 1: Mega-Liquid (>100 Cr/day)
ARDEE,ARDEE INDUSTRIES LIMITED,INE0XNF01022,EQ,NORMAL,False,False,PARTIAL,8,2026-08-12,2026-08-21,0.02,60.2,27203987.5,12512121,1772834044.91,792601195.24,0.72,-3.6606,-0.043,1.822,0.1187,0,0.0,0,0.0,0,0,0,0,0,Tier 1: Mega-Liquid (>100 Cr/day)
MOTHERSON,SAMVRDHNA MTHRSN INTL LTD,INE775A01035,EQ,NORMAL,False,True,PARTIAL,2476,2016-08-22,2026-08-21,10.0,169.38,23683849.3,16924372,1759499205.31,1201712996.8,0.4018,0.1909,-0.299,11.483,0.7959,0,0.0,0,0.0,19,12,0,4,0,Tier 1: Mega-Liquid (>100 Cr/day)
NATIONALUM,NATIONAL ALUMINIUM CO LTD,INE139A01034,EQ,NORMAL,False,True,PARTIAL,2476,2016-08-22,2026-08-21,10.0,394.45,14624607.0,10001982,1748493190.6,924010065.0,0.4375,0.3104,0.029,5.896,0.7189,0,0.0,0,0.0,29,25,0,0,0,Tier 1: Mega-Liquid (>100 Cr/day)
TRENT,TRENT LTD,INE849A01020,EQ,NORMAL,True,True,ACCEPTED,2476,2016-08-22,2026-08-21,10.0,2924.0,944662.1,701794,1746578449.35,540830530.5,0.3634,0.3841,0.444,11.757,0.5998,0,0.0,0,0.0,13,11,1,1,0,Tier 1: Mega-Liquid (>100 Cr/day)
CDSL,CENTRAL DEPO SER (I) LTD,INE736A01011,EQ,NORMAL,False,True,PARTIAL,2265,2017-06-30,2026-08-21,9.14,1388.9,2265898.9,1225592,1731297545.14,545432284.8,0.3777,0.3332,1.134,9.847,0.582,0,0.0,0,0.0,10,9,0,1,0,Tier 1: Mega-Liquid (>100 Cr/day)
JUBLFOOD,JUBILANT FOODWORKS LTD,INE797F01020,EQ,NORMAL,False,True,PARTIAL,2476,2016-08-22,2026-08-21,10.0,506.75,4936018.4,3349320,1709688684.43,1307853202.5,0.3492,0.2045,0.317,8.668,0.5445,0,0.0,0,0.0,13,11,1,1,0,Tier 1: Mega-Liquid (>100 Cr/day)
GAIL,GAIL (INDIA) LTD,INE129A01019,EQ,NORMAL,False,True,PARTIAL,2476,2016-08-22,2026-08-21,10.0,172.0,14937554.5,11363717,1709373360.47,1202456227.95,0.3426,0.1607,0.046,9.495,0.6759,0,0.0,0,0.0,24,18,0,4,0,Tier 1: Mega-Liquid (>100 Cr/day)
NYKAA,FSN E COMMERCE VENTURES,INE388Y01029,EQ,NORMAL,False,True,PARTIAL,1187,2021-11-10,2026-08-21,4.78,334.0,8173531.3,5267652,1699154062.87,1046229114.0,0.3747,0.0493,0.49,8.09,0.7209,0,0.0,0,0.0,1,0,0,1,0,Tier 1: Mega-Liquid (>100 Cr/day)
DMART,AVENUE SUPERMARTS LIMITED,INE192R01011,EQ,NORMAL,False,True,PARTIAL,2334,2017-03-21,2026-08-21,9.42,3906.0,651088.1,412871,1661082090.08,1161028442.0,0.3122,0.2425,0.503,6.651,0.3932,0,0.0,1,0.04,5,0,0,0,0,Tier 1: Mega-Liquid (>100 Cr/day)
FEDERALBNK,FEDERAL BANK LTD,INE171A01029,EQ,NORMAL,False,True,PARTIAL,2479,2016-08-22,2026-08-21,10.0,361.0,14749542.4,10674881,1651227149.89,1281547888.5,0.3477,0.2328,-0.175,14.585,0.7046,0,0.0,0,0.0,10,9,0,0,0,Tier 1: Mega-Liquid (>100 Cr/day)
BAJAJHFL,BAJAJ HOUSING FINANCE LTD,INE377Y01014,EQ,NORMAL,False,True,PARTIAL,480,2024-09-16,2026-08-21,1.93,84.85,12558637.4,5653980,1611659889.62,593805269.96,0.294,-0.3067,0.47,9.83,0.5973,0,0.0,0,0.0,0,0,0,0,0,Tier 1: Mega-Liquid (>100 Cr/day)
MAXHEALTH,MAX HEALTHCARE INS LTD,INE027H01010,EQ,NORMAL,True,True,PARTIAL,1490,2020-08-21,2026-08-21,6.0,1000.0,2296582.2,1569733,1604669464.28,1032345177.0,0.3678,0.438,0.741,6.767,0.2842,0,0.0,2,0.13,4,4,0,0,0,Tier 1: Mega-Liquid (>100 Cr/day)
AMBUJACEM,AMBUJA CEMENTS LTD,INE079A01024,EQ,NORMAL,False,True,PARTIAL,2476,2016-08-22,2026-08-21,10.0,414.5,4365915.3,2879360,1601100230.21,983640614.45,0.318,0.0943,-0.721,11.363,0.5175,0,0.0,0,0.0,13,13,0,0,0,Tier 1: Mega-Liquid (>100 Cr/day)
IDFCFIRSTB,IDFC FIRST BANK LIMITED,INE092T01019,EQ,NORMAL,False,True,PARTIAL,2476,2016-08-22,2026-08-21,10.0,86.75,27339002.0,21417493,1592651309.29,1148391935.6,0.3667,0.117,-0.073,8.53,0.7762,0,0.0,0,0.0,22,4,0,0,0,Tier 1: Mega-Liquid (>100 Cr/day)
GRASIM,GRASIM INDUSTRIES LTD,INE047A01021,EQ,NORMAL,True,True,ACCEPTED,2476,2016-08-22,2026-08-21,10.0,3308.0,1210427.5,887806,1588765331.92,1289802784.8,0.2982,0.1778,-0.571,15.051,0.6941,0,0.0,0,0.0,14,11,1,0,1,Tier 1: Mega-Liquid (>100 Cr/day)
SUZLON,SUZLON ENERGY LIMITED,INE040H01021,EQ,NORMAL,False,True,PARTIAL,2476,2016-08-22,2026-08-21,10.0,46.71,61191142.3,40707600,1555946005.92,493012494.0,0.5686,0.2735,0.987,9.762,0.9179,0,0.0,65,2.63,10,0,0,0,1,Tier 1: Mega-Liquid (>100 Cr/day)
COCHINSHIP,COCHIN SHIPYARD LIMITED,INE704P01025,EQ,NORMAL,False,True,PARTIAL,2235,2017-08-11,2026-08-21,9.03,1480.5,1764982.5,597834,1553874504.68,183128835.6,0.4161,0.2794,1.221,12.068,0.6274,0,0.0,0,0.0,23,21,1,0,0,Tier 1: Mega-Liquid (>100 Cr/day)
AWL,AWL AGRI BUSINESS LIMITED,INE699H01024,EQ,NORMAL,False,True,PARTIAL,1054,2022-02-08,2026-08-21,4.53,188.12,3972577.7,1756549,1543296606.01,561610329.75,0.4281,0.0049,1.266,10.68,0.7951,0,0.0,6,0.57,4,1,0,0,0,Tier 1: Mega-Liquid (>100 Cr/day)
TVSMOTOR,TVS MOTOR COMPANY  LTD,INE494B01023,EQ,NORMAL,False,True,PARTIAL,2476,2016-08-22,2026-08-21,10.0,4390.0,1604212.9,1130841,1542753593.85,1097434366.6,0.3105,0.3194,0.333,6.88,0.6778,0,0.0,0,0.0,16,15,0,1,0,Tier 1: Mega-Liquid (>100 Cr/day)
HINDCOPPER,HINDUSTAN COPPER LTD,INE531E01026,EQ,NORMAL,False,True,PARTIAL,2476,2016-08-22,2026-08-21,10.0,572.7,5533604.8,2887965,1506826089.45,333397202.4,0.5013,0.3373,0.922,8.677,0.8201,0,0.0,0,0.0,11,9,0,0,0,Tier 1: Mega-Liquid (>100 Cr/day)
SBILIFE,SBI LIFE INSURANCE CO LTD,INE123W01016,EQ,NORMAL,True,True,ACCEPTED,2201,2017-10-03,2026-08-21,8.88,1792.9,1270508.1,960704,1504087664.33,1174908970.5,0.2669,0.1414,-0.371,11.312,0.4684,0,0.0,0,0.0,8,8,0,0,0,Tier 1: Mega-Liquid (>100 Cr/day)
LCL,LOHIA CORP LIMITED,INE0QJW01029,EQ,NORMAL,False,False,PARTIAL,17,2026-07-30,2026-08-21,0.06,577.15,2872968.6,1119100,1490264881.99,581036720.0,0.5957,2.6058,0.412,1.752,0.0658,0,0.0,0,0.0,0,0,0,0,0,Tier 1: Mega-Liquid (>100 Cr/day)
HDFCAMC,HDFC AMC LIMITED,INE127D01025,EQ,NORMAL,False,True,PARTIAL,1991,2018-08-06,2026-08-21,8.04,2610.0,941385.9,680696,1488276599.82,1034339670.0,0.3205,0.1851,0.005,9.616,0.5562,0,0.0,0,0.0,10,9,0,1,0,Tier 1: Mega-Liquid (>100 Cr/day)
BELRISE,BELRISE INDUSTRIES LTD,INE894V01022,EQ,NORMAL,False,True,PARTIAL,308,2025-05-28,2026-08-21,1.23,231.77,9708606.8,5532345,1478847456.93,979601292.96,0.3957,0.7895,0.757,4.625,0.1467,0,0.0,0,0.0,1,1,0,0,0,Tier 1: Mega-Liquid (>100 Cr/day)
GRSE,GARDEN REACH SHIP&ENG LTD,INE382Z01011,EQ,NORMAL,False,True,PARTIAL,1949,2018-10-10,2026-08-21,7.86,2601.5,1006676.2,441256,1477874794.1,183121173.0,0.5302,0.5552,1.02,7.487,0.552,0,0.0,0,0.0,16,16,0,0,0,Tier 1: Mega-Liquid (>100 Cr/day)
SBICARD,SBI CARDS & PAY SER LTD,INE018E01016,EQ,NORMAL,False,True,PARTIAL,1598,2020-03-16,2026-08-21,6.43,649.0,1786423.0,1202202,1454943901.64,977650880.8,0.3033,0.0388,-0.786,13.513,0.5019,0,0.0,0,0.0,6,6,0,0,0,Tier 1: Mega-Liquid (>100 Cr/day)
BRITANNIA,BRITANNIA INDUSTRIES LTD,INE216A01030,EQ,NORMAL,False,True,PARTIAL,2476,2016-08-22,2026-08-21,10.0,5365.0,370271.6,278293,1451066216.63,1157205947.1,0.2299,0.1444,0.203,11.756,0.3803,1,0.04,0,0.0,18,12,1,2,0,Tier 1: Mega-Liquid (>100 Cr/day)
LASERPOWER,LASER POWER & INFRA LTD,INE17IR01028,EQ,NORMAL,False,False,PARTIAL,27,2026-07-16,2026-08-21,0.1,337.55,5026092.6,2685452,1444149427.11,802504352.34,0.6765,2.6671,0.491,2.638,0.0844,0,0.0,0,0.0,0,0,0,0,0,Tier 1: Mega-Liquid (>100 Cr/day)
TATATECH,TATA TECHNOLOGIES LIMITED,INE142M01025,EQ,NORMAL,False,True,PARTIAL,677,2023-11-30,2026-08-21,2.72,820.75,1623489.1,885286,1431209046.11,735570693.0,0.292,-0.1327,0.352,5.291,0.6122,0,0.0,0,0.0,3,3,0,0,0,Tier 1: Mega-Liquid (>100 Cr/day)
CHOLAFIN,CHOLAMANDALAM IN & FIN CO,INE121A01024,EQ,NORMAL,False,True,PARTIAL,2476,2016-08-22,2026-08-21,10.0,1862.9,2237861.3,1252727,1428082962.4,1090914766.2,0.4054,0.3,-0.358,14.207,0.6494,0,0.0,0,0.0,21,20,1,0,0,Tier 1: Mega-Liquid (>100 Cr/day)
NESTLEIND,NESTLE INDIA LIMITED,INE239A01024,EQ,NORMAL,True,True,PARTIAL,2476,2016-08-22,2026-08-21,10.0,1477.1,1568937.7,1254558,1420270336.38,1077418727.0,0.2187,0.1736,0.637,8.988,0.2288,0,0.0,0,0.0,31,28,1,1,0,Tier 1: Mega-Liquid (>100 Cr/day)
NAUKRI,INFO EDGE (I) LTD,INE663F01032,EQ,NORMAL,False,True,PARTIAL,2476,2016-08-22,2026-08-21,10.0,1350.1,1592280.8,1224080,1412701145.07,1045271267.5,0.3746,0.2818,0.607,6.983,0.5192,0,0.0,0,0.0,26,23,1,0,0,Tier 1: Mega-Liquid (>100 Cr/day)
URBANCO,URBAN COMPANY LIMITED,INE0CAZ01013,EQ,NORMAL,False,True,PARTIAL,230,2025-09-17,2026-08-21,0.93,158.6,9523765.3,3883412,1401432241.0,499910443.16,0.4565,0.0466,0.852,6.057,0.4482,0,0.0,0,0.0,0,0,0,0,0,Tier 1: Mega-Liquid (>100 Cr/day)
DATAPATTNS,DATA PATTERNS INDIA LTD,INE0IX101010,EQ,NORMAL,False,True,PARTIAL,1156,2021-12-24,2026-08-21,4.66,4829.9,549134.9,248615,1394913525.49,481598356.25,0.5029,0.5298,0.671,4.975,0.5842,0,0.0,0,0.0,5,5,0,0,0,Tier 1: Mega-Liquid (>100 Cr/day)
TATACONSUM,TATA CONSUMER PRODUCT LTD,INE192A01025,EQ,NORMAL,True,True,ACCEPTED,2476,2016-08-22,2026-08-21,10.0,1049.0,2585657.0,1837013,1387190077.15,1085056679.25,0.2964,0.2501,0.293,8.266,0.4482,0,0.0,0,0.0,11,10,0,0,1,Tier 1: Mega-Liquid (>100 Cr/day)
SAGILITY,SAGILITY LIMITED,INE0W2G01015,EQ,NORMAL,False,True,PARTIAL,440,2024-11-12,2026-08-21,1.77,43.35,30170413.5,18731229,1370083049.81,824374441.58,0.4174,0.3108,0.457,3.697,0.334,0,0.0,2,0.45,2,2,0,0,0,Tier 1: Mega-Liquid (>100 Cr/day)
MANKIND,MANKIND PHARMA LIMITED,INE634S01028,EQ,NORMAL,False,True,PARTIAL,818,2023-05-09,2026-08-21,3.29,2384.0,626181.6,380164,1352979724.55,877415941.2,0.3045,0.2053,0.582,4.551,0.3572,0,0.0,0,0.0,1,1,0,0,0,Tier 1: Mega-Liquid (>100 Cr/day)
VOLTAS,VOLTAS LTD,INE226A01021,EQ,NORMAL,False,True,PARTIAL,2476,2016-08-22,2026-08-21,10.0,1235.0,1511557.3,1198675,1351707778.37,975490705.8,0.3118,0.1708,-0.054,6.808,0.4431,0,0.0,0,0.0,10,10,0,0,0,Tier 1: Mega-Liquid (>100 Cr/day)
VBL,VARUN BEVERAGES LIMITED,INE200M01039,EQ,NORMAL,False,True,PARTIAL,2425,2016-11-08,2026-08-21,9.78,430.1,4450637.6,3163410,1343766153.51,424829949.0,0.3461,0.3471,0.394,5.049,0.433,0,0.0,0,0.0,30,16,2,3,0,Tier 1: Mega-Liquid (>100 Cr/day)
TATAELXSI,TATA ELXSI LIMITED,INE670A01012,EQ,NORMAL,False,True,PARTIAL,2476,2016-08-22,2026-08-21,10.0,3708.0,492417.2,318354,1321370559.47,767179716.2,0.3577,0.2186,0.502,8.854,0.683,0,0.0,0,0.0,11,10,0,1,0,Tier 1: Mega-Liquid (>100 Cr/day)
LTM,LTM LIMITED,INE214T01019,EQ,NORMAL,False,True,PARTIAL,2476,2016-08-22,2026-08-21,10.0,4487.8,303269.3,234362,1309009218.87,964585648.0,0.3268,0.249,0.353,8.416,0.5321,0,0.0,0,0.0,21,21,0,0,0,Tier 1: Mega-Liquid (>100 Cr/day)
NMDC,NMDC LTD.,INE584A01023,EQ,NORMAL,False,True,PARTIAL,2476,2016-08-22,2026-08-21,10.0,84.61,44480907.2,30572529,1305439404.12,860068417.0,0.5177,0.3063,9.945,300.976,0.6789,0,0.0,0,0.0,25,15,0,1,0,Tier 1: Mega-Liquid (>100 Cr/day)
EIEL,ENVIRO INFRA ENGINEERS L,INE0LLY01014,EQ,NORMAL,False,False,PARTIAL,429,2024-11-29,2026-08-21,1.72,194.73,5039450.5,1546231,1303936770.01,329053743.9,0.5573,0.1148,1.223,6.953,0.6397,0,0.0,0,0.0,0,0,0,0,0,Tier 1: Mega-Liquid (>100 Cr/day)
BHARATCOAL,BHARAT COKING COAL LTD,INE05XR01022,EQ,NORMAL,False,False,PARTIAL,147,2026-01-19,2026-08-21,0.59,34.81,33602172.8,12409757,1292944635.23,428953154.55,0.4424,-0.1678,0.352,4.318,0.2643,0,0.0,0,0.0,0,0,0,0,0,Tier 1: Mega-Liquid (>100 Cr/day)
LODHA,LODHA DEVELOPERS LIMITED,INE670K01029,EQ,NORMAL,False,True,PARTIAL,1327,2021-04-19,2026-08-21,5.34,1242.0,1419487.7,944200,1284409873.75,807265881.8,0.4516,0.4196,0.432,5.677,0.5755,0,0.0,0,0.0,8,4,0,1,0,Tier 1: Mega-Liquid (>100 Cr/day)
AUBANK,AU SMALL FINANCE BANK LTD,INE949L01017,EQ,NORMAL,False,True,PARTIAL,2259,2017-07-10,2026-08-21,9.11,1108.2,2126459.0,1493303,1272540845.91,892822492.5,0.3763,0.2294,-0.16,9.141,0.6778,0,0.0,4,0.18,9,7,0,1,0,Tier 1: Mega-Liquid (>100 Cr/day)
UNITDSPR,UNITED SPIRITS LIMITED,INE854D01024,EQ,NORMAL,False,True,PARTIAL,2475,2016-08-22,2026-08-21,10.0,1556.0,1697554.3,1244589,1270878522.14,964466002.2,0.3034,0.1731,0.472,9.968,0.4333,0,0.0,0,0.0,10,6,1,0,0,Tier 1: Mega-Liquid (>100 Cr/day)
PERSISTENT,PERSISTENT SYSTEMS LTD,INE262H01021,EQ,NORMAL,False,True,PARTIAL,2476,2016-08-22,2026-08-21,10.0,5667.5,493205.8,375820,1269450644.19,623687050.8,0.3412,0.3503,0.033,7.109,0.4759,0,0.0,0,0.0,22,20,1,0,0,Tier 1: Mega-Liquid (>100 Cr/day)
BHARATFORG,BHARAT FORGE LTD,INE465A01025,EQ,NORMAL,False,True,PARTIAL,2476,2016-08-22,2026-08-21,10.0,2063.0,1630715.8,1241426,1266365485.95,924808820.55,0.3479,0.2234,0.071,11.716,0.7234,0,0.0,0,0.0,20,19,0,1,0,Tier 1: Mega-Liquid (>100 Cr/day)
TATACAP,TATA CAPITAL LIMITED,INE976I01016,EQ,NORMAL,False,True,PARTIAL,213,2025-10-13,2026-08-21,0.85,365.05,3743478.9,2060273,1263992132.36,657066800.0,0.2733,0.155,0.785,4.438,0.1763,0,0.0,0,0.0,1,1,0,0,0,Tier 1: Mega-Liquid (>100 Cr/day)
MUTHOOTFIN,MUTHOOT FINANCE LIMITED,INE414G01012,EQ,NORMAL,False,True,PARTIAL,2476,2016-08-22,2026-08-21,10.0,3022.0,1023300.3,655299,1254441441.27,737068153.5,0.3613,0.2867,0.49,11.303,0.4653,0,0.0,0,0.0,19,10,0,0,0,Tier 1: Mega-Liquid (>100 Cr/day)
HAVELLS,HAVELLS INDIA LIMITED,INE176B01034,EQ,NORMAL,False,True,PARTIAL,2476,2016-08-22,2026-08-21,10.0,1268.0,1308947.5,983594,1248704747.44,944728931.8,0.2879,0.155,-0.013,7.331,0.4578,0,0.0,0,0.0,16,16,0,0,0,Tier 1: Mega-Liquid (>100 Cr/day)
LICHSGFIN,LIC HOUSING FINANCE LTD,INE115A01026,EQ,NORMAL,False,True,PARTIAL,2476,2016-08-22,2026-08-21,10.0,497.0,2789637.5,2023998,1246112485.92,949897977.6,0.3568,0.0551,-0.19,8.599,0.7621,0,0.0,0,0.0,10,10,0,0,0,Tier 1: Mega-Liquid (>100 Cr/day)
ATGL,ADANI TOTAL GAS LIMITED,INE399L01023,EQ,NORMAL,False,True,PARTIAL,1932,2018-11-05,2026-08-21,7.79,646.1,1850182.6,770284,1245080951.24,491476087.5,0.5436,0.4252,0.979,11.476,0.8806,0,0.0,30,1.55,9,8,0,0,0,Tier 1: Mega-Liquid (>100 Cr/day)
IEX,INDIAN ENERGY EXC LTD,INE022Q01020,EQ,NORMAL,False,True,PARTIAL,2189,2017-10-23,2026-08-21,8.83,123.7,7633705.3,4391799,1244020468.3,583038914.4,0.371,0.1648,-0.714,17.81,0.6113,0,0.0,0,0.0,22,13,1,1,0,Tier 1: Mega-Liquid (>100 Cr/day)
ESCORTS,ESCORTS KUBOTA LIMITED,INE042A01014,EQ,NORMAL,False,True,PARTIAL,2476,2016-08-22,2026-08-21,10.0,3086.6,1162365.9,751986,1237764030.51,873263993.2,0.3697,0.3002,0.366,8.939,0.5692,0,0.0,0,0.0,13,13,0,0,0,Tier 1: Mega-Liquid (>100 Cr/day)
SONACOMS,SONA BLW PRECISION FRGS L,INE073K01018,EQ,NORMAL,False,True,PARTIAL,1281,2021-06-24,2026-08-21,5.16,817.6,2238312.7,1481714,1237510903.36,819094282.05,0.3792,0.2317,0.949,7.663,0.5131,0,0.0,0,0.0,10,10,0,0,0,Tier 1: Mega-Liquid (>100 Cr/day)
ADANIENSOL,ADANI ENERGY SOLUTION LTD,INE931S01010,EQ,NORMAL,False,True,PARTIAL,2476,2016-08-22,2026-08-21,10.0,1541.9,1440673.7,745958,1235875422.05,420286890.45,0.5124,0.5079,0.308,8.845,0.8537,1,0.04,32,1.29,8,0,0,0,0,Tier 1: Mega-Liquid (>100 Cr/day)
SRF,SRF LTD,INE647A01010,EQ,NORMAL,False,True,PARTIAL,2476,2016-08-22,2026-08-21,10.0,2571.9,1039407.2,722113,1226558755.02,899038082.25,0.3233,0.263,0.114,10.406,0.3668,0,0.0,0,0.0,25,21,0,1,0,Tier 1: Mega-Liquid (>100 Cr/day)
NTPCGREEN,NTPC GREEN ENERGY LIMITED,INE0ONG01011,EQ,NORMAL,False,True,PARTIAL,431,2024-11-27,2026-08-21,1.73,91.43,11070458.2,5261400,1219786719.39,545474503.85,0.3355,-0.112,1.246,9.051,0.4268,0,0.0,0,0.0,0,0,0,0,0,Tier 1: Mega-Liquid (>100 Cr/day)
BLUESTONE,BLUESTONE JEWEL LFSTL LTD,INE304W01038,EQ,NORMAL,False,False,PARTIAL,250,2025-08-19,2026-08-21,1.0,846.4,1693891.5,358232,1196088858.22,182725421.4,0.5326,0.5814,1.299,8.266,0.47,0,0.0,0,0.0,0,0,0,0,0,Tier 1: Mega-Liquid (>100 Cr/day)
BIOCON,BIOCON LIMITED.,INE376G01013,EQ,NORMAL,False,True,PARTIAL,2476,2016-08-22,2026-08-21,10.0,415.55,3768243.2,2654387,1192410997.36,809503908.3,0.333,0.1609,0.339,6.929,0.5891,0,0.0,0,0.0,10,8,0,2,0,Tier 1: Mega-Liquid (>100 Cr/day)
TATACHEM,TATA CHEMICALS LTD,INE092A01019,EQ,NORMAL,False,True,PARTIAL,2476,2016-08-22,2026-08-21,10.0,626.75,1556938.1,794063,1181320755.01,602594343.0,0.3596,0.0927,-5.953,159.184,0.7398,0,0.0,0,0.0,11,10,0,0,0,Tier 1: Mega-Liquid (>100 Cr/day)
LIQUIDCASE,ZERODHAAMC - LIQUIDCASE,INF0R8F01034,EQ,NORMAL,False,False,PARTIAL,639,2024-01-24,2026-08-21,2.57,115.59,10614585.1,8683513,1173502975.84,939189606.16,0.0027,0.0564,1.007,3.549,0.0001,0,0.0,0,0.0,0,0,0,0,0,Tier 1: Mega-Liquid (>100 Cr/day)
UNIONBANK,UNION BANK OF INDIA,INE692A01016,EQ,NORMAL,False,True,PARTIAL,2476,2016-08-22,2026-08-21,10.0,183.45,12055400.9,8661724,1173167179.28,713887711.4,0.4344,0.1254,0.932,15.74,0.8801,0,0.0,0,0.0,10,5,0,0,0,Tier 1: Mega-Liquid (>100 Cr/day)
HDBFS,HDB FINANCIAL SERVICES L,INE756I01012,EQ,NORMAL,False,True,PARTIAL,283,2025-07-02,2026-08-21,1.14,695.85,1518558.9,686572,1167996672.53,483320745.6,0.2528,-0.1377,1.152,7.93,0.3519,0,0.0,0,0.0,2,2,0,0,0,Tier 1: Mega-Liquid (>100 Cr/day)
JAINREC,JAIN RESOURCE RECYCLING L,INE0YD401026,EQ,NORMAL,False,True,PARTIAL,220,2025-10-01,2026-08-21,0.89,295.85,3058375.2,1549483,1164732978.27,591423690.0,0.5421,0.0659,-0.639,8.833,0.4946,0,0.0,0,0.0,0,0,0,0,0,Tier 1: Mega-Liquid (>100 Cr/day)
BDL,BHARAT DYNAMICS LIMITED,INE171Z01026,EQ,NORMAL,False,True,PARTIAL,2084,2018-03-23,2026-08-21,8.41,1359.0,1405388.2,803550,1145450561.46,392849675.2,0.4456,0.333,0.751,7.65,0.6196,0,0.0,0,0.0,17,16,1,0,0,Tier 1: Mega-Liquid (>100 Cr/day)
TENNIND,TENNECO CLEAN AIR INDIA L,INE19RI01016,EQ,NORMAL,False,True,PARTIAL,188,2025-11-19,2026-08-21,0.75,576.15,2167201.4,650193,1140394006.68,361484974.0,0.3835,0.2888,0.362,3.029,0.1911,0,0.0,0,0.0,0,0,0,0,0,Tier 1: Mega-Liquid (>100 Cr/day)
NHPC,NHPC LTD,INE848E01016,EQ,NORMAL,False,True,PARTIAL,2476,2016-08-22,2026-08-21,10.0,76.15,16593596.0,7469641,1138613203.23,235526891.6,0.3225,0.1559,0.387,11.398,0.4655,0,0.0,0,0.0,28,20,0,0,0,Tier 1: Mega-Liquid (>100 Cr/day)
GODREJPROP,GODREJ PROPERTIES LTD,INE484J01027,EQ,NORMAL,False,True,PARTIAL,2476,2016-08-22,2026-08-21,10.0,2035.0,680529.0,496392,1111597511.56,685401740.1,0.4035,0.2564,0.088,7.978,0.5951,0,0.0,0,0.0,1,1,0,0,0,Tier 1: Mega-Liquid (>100 Cr/day)
CUMMINSIND,CUMMINS INDIA LTD,INE298A01020,EQ,NORMAL,False,True,PARTIAL,2476,2016-08-22,2026-08-21,10.0,5107.5,714812.4,488247,1108817809.6,649729080.0,0.3113,0.2276,0.237,7.234,0.7306,0,0.0,0,0.0,20,20,0,0,0,Tier 1: Mega-Liquid (>100 Cr/day)
DABUR,DABUR INDIA LTD,INE016A01026,EQ,NORMAL,False,True,PARTIAL,2476,2016-08-22,2026-08-21,10.0,400.5,2281346.9,1829837,1105793774.03,890273155.5,0.2286,0.057,0.115,7.705,0.4012,0,0.0,0,0.0,20,20,0,0,0,Tier 1: Mega-Liquid (>100 Cr/day)
HFCL,HFCL LIMITED,INE548A01028,EQ,NORMAL,False,True,PARTIAL,2476,2016-08-22,2026-08-21,10.0,228.01,12811343.0,6309836,1104146188.79,299746611.9,0.5284,0.4023,0.83,7.143,0.7622,0,0.0,10,0.4,10,7,0,0,0,Tier 1: Mega-Liquid (>100 Cr/day)
TATSILV,TATAAML-TATSILV,INF277KA1984,EQ,NORMAL,False,False,PARTIAL,644,2024-01-17,2026-08-21,2.59,23.62,45180989.5,2473642,1099988259.03,23160786.46,0.4188,0.5103,-1.132,13.35,0.435,0,0.0,0,0.0,0,0,0,0,0,Tier 1: Mega-Liquid (>100 Cr/day)
GODREJCP,GODREJ CONSUMER PRODUCTS,INE102D01028,EQ,NORMAL,False,True,PARTIAL,2476,2016-08-22,2026-08-21,10.0,933.0,1238128.4,953217,1097470531.94,827495744.0,0.2891,0.1031,0.527,14.535,0.5516,0,0.0,0,0.0,27,25,0,2,0,Tier 1: Mega-Liquid (>100 Cr/day)
LTF,L&T FINANCE LIMITED,INE498L01015,EQ,NORMAL,False,True,PARTIAL,2476,2016-08-22,2026-08-21,10.0,317.15,9008044.3,6502459,1097370396.89,813913344.15,0.3978,0.2106,-0.164,7.964,0.7705,0,0.0,0,0.0,12,9,0,0,1,Tier 1: Mega-Liquid (>100 Cr/day)
AEQUS,AEQUS LIMITED,INE947N01017,EQ,NORMAL,False,False,PARTIAL,173,2025-12-10,2026-08-21,0.7,259.22,5831557.5,2226235,1095842771.78,380877414.4,0.5899,0.9582,1.145,5.909,0.2751,0,0.0,0,0.0,0,0,0,0,0,Tier 1: Mega-Liquid (>100 Cr/day)
INDHOTEL,THE INDIAN HOTELS CO. LTD,INE053A01029,EQ,NORMAL,False,True,PARTIAL,2476,2016-08-22,2026-08-21,10.0,730.0,3170897.6,2192757,1093819274.12,611351198.2,0.3529,0.2411,0.284,8.04,0.6118,0,0.0,0,0.0,12,10,0,0,2,Tier 1: Mega-Liquid (>100 Cr/day)
KUSUMGAR,KUSUMGAR LIMITED,INE0ISX01025,EQ,NORMAL,False,False,PARTIAL,28,2026-07-15,2026-08-21,0.1,581.95,1812903.6,772831,1090864156.37,464374107.25,0.4436,-0.2341,0.371,2.395,0.1294,0,0.0,0,0.0,0,0,0,0,0,Tier 1: Mega-Liquid (>100 Cr/day)
ACC,ACC LIMITED,INE012A01025,EQ,NORMAL,False,True,PARTIAL,2476,2016-08-22,2026-08-21,10.0,1307.4,609556.3,422737,1079938132.45,781033193.1,0.2862,0.0167,-0.122,9.785,0.5474,1,0.04,0,0.0,12,12,0,0,0,Tier 1: Mega-Liquid (>100 Cr/day)
SIEMENS,SIEMENS LTD,INE003A01024,EQ,NORMAL,False,True,PARTIAL,2476,2016-08-22,2026-08-21,10.0,3920.0,417945.9,307091,1076835797.86,691979037.75,0.3268,0.1701,-3.844,82.219,0.6599,0,0.0,0,0.0,11,10,0,0,0,Tier 1: Mega-Liquid (>100 Cr/day)
CMPDI,CENTRAL MINE P N D INST L,INE05HV01027,EQ,NORMAL,False,False,PARTIAL,99,2026-03-30,2026-08-21,0.39,233.66,4684054.2,3121887,1075984175.71,736980747.6,0.4957,1.1932,0.493,2.606,0.16,0,0.0,0,0.0,2,2,0,0,0,Tier 1: Mega-Liquid (>100 Cr/day)
EMBDL,EMBASSY DEVELOPMENTS LTD,INE069I01010,EQ,NORMAL,False,False,PARTIAL,2464,2016-08-22,2026-08-21,10.0,64.87,9009475.3,6309653,1075010471.56,595610265.6,0.594,0.1474,0.802,10.607,0.8546,0,0.0,22,0.89,9,0,0,0,0,Tier 1: Mega-Liquid (>100 Cr/day)
MANAPPURAM,MANAPPURAM FINANCE LTD,INE522D01027,EQ,NORMAL,False,True,PARTIAL,2476,2016-08-22,2026-08-21,10.0,357.5,6811792.3,4870324,1070626922.06,733222775.6,0.4228,0.2332,-0.244,9.393,0.628,0,0.0,0,0.0,40,40,0,0,0,Tier 1: Mega-Liquid (>100 Cr/day)
MTARTECH,MTAR TECHNOLOGIES LIMITED,INE864I01014,BE,NORMAL,False,False,PARTIAL,1349,2021-03-15,2026-08-21,5.43,7029.5,350024.1,149400,1068196494.97,272473774.8,0.4526,0.451,0.723,6.909,0.5634,0,0.0,7,0.52,4,2,0,0,0,Tier 1: Mega-Liquid (>100 Cr/day)
RAILTEL,RAILTEL CORP OF IND LTD,INE0DD101019,EQ,NORMAL,False,True,PARTIAL,1359,2021-02-26,2026-08-21,5.48,287.25,3572543.2,1513860,1064054970.53,352493456.0,0.4831,0.2746,0.985,10.782,0.5877,0,0.0,0,0.0,14,14,0,0,0,Tier 1: Mega-Liquid (>100 Cr/day)
KISSHT,ONEMI TECHNOLOGY SOL LTD,INE12F801023,EQ,NORMAL,False,False,PARTIAL,74,2026-05-08,2026-08-21,0.29,310.95,4076615.1,2079765,1053664724.81,633966655.0,0.5975,1.5528,0.891,4.223,0.1538,0,0.0,0,0.0,0,0,0,0,0,Tier 1: Mega-Liquid (>100 Cr/day)
ZYDUSLIFE,ZYDUS LIFESCIENCES LTD,INE010B01027,EQ,NORMAL,False,True,PARTIAL,2476,2016-08-22,2026-08-21,10.0,1120.0,1975782.2,1160781,1053593227.51,649486940.8,0.3015,0.1579,1.062,12.772,0.6106,0,0.0,1,0.04,15,10,0,0,0,Tier 1: Mega-Liquid (>100 Cr/day)
EMMVEE,EMMVEE PHOTOVOLTAIC PWR L,INE1C6T01020,EQ,NORMAL,False,True,PARTIAL,189,2025-11-18,2026-08-21,0.76,324.0,4023341.0,2463622,1049410147.6,700854993.21,0.5434,0.6691,0.23,3.817,0.2866,0,0.0,0,0.0,0,0,0,0,0,Tier 1: Mega-Liquid (>100 Cr/day)
KPITTECH,KPIT TECHNOLOGIES LIMITED,INE04I401011,EQ,NORMAL,False,True,PARTIAL,1820,2019-04-22,2026-08-21,7.33,589.3,1340677.4,892370,1042900935.17,704536095.2,0.4413,0.3377,0.12,7.315,0.7067,0,0.0,6,0.33,14,14,0,0,0,Tier 1: Mega-Liquid (>100 Cr/day)
M&MFIN,M&M FIN. SERVICES LTD,INE774D01024,EQ,NORMAL,False,True,PARTIAL,2476,2016-08-22,2026-08-21,10.0,381.6,5093295.6,3199569,1042555855.8,759360610.1,0.4131,0.1502,-0.614,12.241,0.7585,0,0.0,0,0.0,11,9,0,0,2,Tier 1: Mega-Liquid (>100 Cr/day)
PPLPHARMA,PIRAMAL PHARMA LIMITED,INE0DK501011,EQ,NORMAL,False,True,PARTIAL,953,2022-10-19,2026-08-21,3.84,213.67,6134895.3,3765750,1028805766.1,571219246.55,0.4023,0.1172,0.817,7.183,0.6634,0,0.0,2,0.21,3,2,0,0,1,Tier 1: Mega-Liquid (>100 Cr/day)
SHADOWFAX,SHADOWFAX TECHNOLOGIES L,INE12UN01015,EQ,NORMAL,False,False,PARTIAL,141,2026-01-28,2026-08-21,0.56,255.39,5169579.1,2087793,1023769799.98,341413064.46,0.4943,1.6396,0.923,5.671,0.1384,0,0.0,0,0.0,0,0,0,0,0,Tier 1: Mega-Liquid (>100 Cr/day)
TRANSRAILL,TRANSRAIL LIGHTING LTD,INE454P01035,EQ,NORMAL,False,False,PARTIAL,410,2024-12-27,2026-08-21,1.65,460.0,1615817.9,805641,1023572615.23,433344549.0,0.4591,-0.0099,0.604,5.255,0.4386,0,0.0,0,0.0,2,2,0,0,0,Tier 1: Mega-Liquid (>100 Cr/day)
POWERINDIA,HITACHI ENERGY INDIA LTD,INE07Y701011,EQ,NORMAL,False,True,PARTIAL,1588,2020-03-30,2026-08-21,6.39,34190.0,78942.6,47426,1022152369.11,174877764.25,0.4413,0.7109,0.789,7.291,0.4031,0,0.0,2,0.13,7,6,0,0,0,Tier 1: Mega-Liquid (>100 Cr/day)
BEML,BEML LIMITED,INE258A01024,EQ,NORMAL,False,True,PARTIAL,2476,2016-08-22,2026-08-21,10.0,1935.4,1255236.2,681968,1019339162.71,558087948.0,0.4615,0.2416,0.471,10.136,0.7986,0,0.0,0,0.0,24,20,1,0,0,Tier 1: Mega-Liquid (>100 Cr/day)
CAPILLARY,CAPILLARY TECHNO INDIA L,INE0ILV01024,EQ,NORMAL,False,False,PARTIAL,186,2025-11-21,2026-08-21,0.75,502.35,1553886.3,119693,1016112026.47,65275035.0,0.4779,-0.1462,1.659,10.314,0.3567,0,0.0,0,0.0,0,0,0,0,0,Tier 1: Mega-Liquid (>100 Cr/day)
MPHASIS,MPHASIS LIMITED,INE356A01018,EQ,NORMAL,False,True,PARTIAL,2476,2016-08-22,2026-08-21,10.0,2430.0,482138.8,365542,1015834159.19,674233780.8,0.3297,0.2091,0.301,5.36,0.5294,0,0.0,0,0.0,13,11,0,0,0,Tier 1: Mega-Liquid (>100 Cr/day)
GLENMARK,GLENMARK PHARMACEUTICALS,INE935A01035,EQ,NORMAL,False,True,PARTIAL,2476,2016-08-22,2026-08-21,10.0,2317.9,1507290.7,861242,1014616993.71,657926622.55,0.3529,0.1632,0.865,25.02,0.8051,0,0.0,0,0.0,10,10,0,0,0,Tier 1: Mega-Liquid (>100 Cr/day)
DELHIVERY,DELHIVERY LIMITED,INE148O01028,EQ,NORMAL,False,True,PARTIAL,1055,2022-05-24,2026-08-21,4.24,450.7,2503395.7,1627149,1013807146.77,661567574.85,0.372,0.028,-0.221,10.583,0.6563,0,0.0,0,0.0,2,0,0,0,0,Tier 1: Mega-Liquid (>100 Cr/day)
JUSTDIAL,JUSTDIAL LTD.,INE599M01018,EQ,NORMAL,False,False,PARTIAL,2476,2016-08-22,2026-08-21,10.0,674.05,1644186.6,814156,1007244333.81,470986479.0,0.4788,0.15,1.137,10.963,0.6659,0,0.0,0,0.0,2,0,0,0,0,Tier 1: Mega-Liquid (>100 Cr/day)
ITCHOTELS,ITC HOTELS LIMITED,INE379A01028,EQ,NORMAL,False,True,PARTIAL,387,2025-01-29,2026-08-21,1.56,164.98,5272751.2,3113842,991385431.08,609303767.8,0.3331,0.0282,0.727,4.817,0.4588,0,0.0,0,0.0,1,1,0,0,0,Tier 2: Liquid Institutional (10-100 Cr/day)
HINDZINC,HINDUSTAN ZINC LIMITED,INE267A01025,EQ,NORMAL,False,True,PARTIAL,2479,2016-08-22,2026-08-21,10.0,594.9,2308893.7,1149990,990943460.81,351834408.45,0.3578,0.16,0.646,10.223,0.6222,0,0.0,1,0.04,26,18,0,0,0,Tier 2: Liquid Institutional (10-100 Cr/day)
AMBER,AMBER ENTERPRISES (I) LTD,INE371P01015,EQ,NORMAL,False,True,PARTIAL,2120,2018-01-30,2026-08-21,8.56,7350.0,203413.8,87537,985244515.56,219745854.8,0.4325,0.304,0.517,9.295,0.5426,0,0.0,0,0.0,9,2,0,0,0,Tier 2: Liquid Institutional (10-100 Cr/day)
IGL,INDRAPRASTHA GAS LTD,INE203G01027,EQ,NORMAL,False,True,PARTIAL,2476,2016-08-22,2026-08-21,10.0,147.87,5189592.8,3936908,984209100.12,712490032.8,0.3219,0.124,-0.325,9.223,0.5075,0,0.0,0,0.0,17,15,1,1,0,Tier 2: Liquid Institutional (10-100 Cr/day)
PVRINOX,PVR INOX LIMITED,INE191H01014,EQ,NORMAL,False,True,PARTIAL,2476,2016-08-22,2026-08-21,10.0,1216.8,717444.8,417587,984076058.66,599914287.8,0.3521,0.0663,0.071,7.905,0.647,0,0.0,0,0.0,6,5,0,0,1,Tier 2: Liquid Institutional (10-100 Cr/day)
ICICIGI,ICICI LOMBARD GIC LIMITED,INE765G01017,EQ,NORMAL,False,True,PARTIAL,2204,2017-09-27,2026-08-21,8.9,1617.0,689824.4,497066,974384164.33,693975573.2,0.2901,0.141,0.001,12.213,0.4229,0,0.0,0,0.0,17,17,0,0,0,Tier 2: Liquid Institutional (10-100 Cr/day)
IRCON,IRCON INTERNATIONAL LTD,INE962Y01021,EQ,NORMAL,False,True,PARTIAL,1956,2018-09-28,2026-08-21,7.9,124.72,6510331.9,2327469,970068738.93,193873340.0,0.4579,0.245,0.963,10.438,0.6578,0,0.0,0,0.0,19,17,1,1,0,Tier 2: Liquid Institutional (10-100 Cr/day)
MRF,MRF LTD,INE883A01011,EQ,NORMAL,False,True,PARTIAL,2476,2016-08-22,2026-08-21,10.0,132665.0,11351.5,7912,960502688.51,689643682.85,0.255,0.1667,0.452,8.194,0.3573,0,0.0,0,0.0,30,30,0,0,0,Tier 2: Liquid Institutional (10-100 Cr/day)
KFINTECH,KFIN TECHNOLOGIES LIMITED,INE138Y01010,EQ,NORMAL,False,True,PARTIAL,906,2018-05-28,2026-08-21,8.23,980.0,1010925.3,642641,953007947.54,551752627.8,15.5445,8.5936,29.948,899.581,0.4964,0,0.0,0,0.0,3,3,0,0,0,Tier 2: Liquid Institutional (10-100 Cr/day)
LAURUSLABS,LAURUS LABS LIMITED,INE947Q01028,EQ,NORMAL,False,True,PARTIAL,2397,2016-12-19,2026-08-21,9.67,1802.0,2198298.2,1374476,951684196.0,569589219.25,0.3468,0.3683,0.46,8.622,0.5912,0,0.0,0,0.0,23,18,1,0,0,Tier 2: Liquid Institutional (10-100 Cr/day)
NBCC,NBCC (INDIA) LIMITED,INE095N01031,EQ,NORMAL,False,True,PARTIAL,2476,2016-08-22,2026-08-21,10.0,88.88,16431365.8,9712938,947108469.01,443469926.25,0.4599,0.1554,0.634,6.717,0.8925,0,0.0,1,0.04,20,17,1,2,0,Tier 2: Liquid Institutional (10-100 Cr/day)
GMRAIRPORT,GMR AIRPORTS LIMITED,INE776C01039,EQ,NORMAL,False,True,PARTIAL,2476,2016-08-22,2026-08-21,10.0,99.63,21971256.5,14588028,946954413.22,482400985.6,0.4053,0.2889,0.225,6.906,0.4004,0,0.0,0,0.0,10,0,0,0,0,Tier 2: Liquid Institutional (10-100 Cr/day)
CONCOR,CONTAINER CORP OF IND LTD,INE111A01025,EQ,NORMAL,False,True,PARTIAL,2476,2016-08-22,2026-08-21,10.0,515.05,1861529.8,1315921,943640133.66,637673312.5,0.3256,0.0926,0.021,11.738,0.5636,0,0.0,0,0.0,33,29,1,3,0,Tier 2: Liquid Institutional (10-100 Cr/day)
PIDILITIND,PIDILITE INDUSTRIES LTD,INE318A01026,EQ,NORMAL,False,True,PARTIAL,2476,2016-08-22,2026-08-21,10.0,1649.0,1029629.8,788866,942907571.07,740446324.8,0.2395,0.1857,-0.212,9.697,0.2846,0,0.0,0,0.0,18,12,0,1,0,Tier 2: Liquid Institutional (10-100 Cr/day)
ABB,ABB INDIA LIMITED,INE117A01022,EQ,NORMAL,False,True,PARTIAL,2476,2016-08-22,2026-08-21,10.0,7424.0,238808.7,168507,938091395.77,340917417.6,0.3121,0.263,0.691,7.921,0.4799,1,0.04,0,0.0,15,14,0,0,0,Tier 2: Liquid Institutional (10-100 Cr/day)
CAMS,COMPUTER AGE MNGT SER LTD,INE596I01020,EQ,NORMAL,False,True,PARTIAL,1460,2020-10-05,2026-08-21,5.88,753.0,1407115.8,1011683,937121419.19,615478512.0,0.3445,0.2295,0.715,6.419,0.4911,0,0.0,0,0.0,25,23,1,0,0,Tier 2: Liquid Institutional (10-100 Cr/day)
MARICO,MARICO LIMITED,INE196A01026,EQ,NORMAL,False,True,PARTIAL,2476,2016-08-22,2026-08-21,10.0,849.25,1922782.1,1531013,931704181.54,730089949.2,0.2346,0.1355,0.329,6.601,0.3941,0,0.0,0,0.0,20,19,0,0,0,Tier 2: Liquid Institutional (10-100 Cr/day)
KRN,KRN HEAT EXCHANGE N REF L,INE0Q3J01015,EQ,NORMAL,False,False,PARTIAL,468,2024-10-03,2026-08-21,1.88,1482.1,1131328.1,456186,929208576.95,360306823.8,0.5587,0.7624,1.046,6.092,0.3836,0,0.0,2,0.43,0,0,0,0,0,Tier 2: Liquid Institutional (10-100 Cr/day)
VIKRAMSOLR,VIKRAM SOLAR LIMITED,INE078V01014,EQ,NORMAL,False,False,PARTIAL,245,2025-08-26,2026-08-21,0.99,173.23,3603633.2,1794187,921118498.58,395346478.44,0.4752,-0.6323,0.603,6.152,0.5861,0,0.0,0,0.0,0,0,0,0,0,Tier 2: Liquid Institutional (10-100 Cr/day)
BANKINDIA,BANK OF INDIA,INE084A01016,EQ,NORMAL,False,True,PARTIAL,2476,2016-08-22,2026-08-21,10.0,142.79,8989356.7,6562333,918523589.36,628167990.08,0.4354,0.1163,1.18,17.253,0.8492,0,0.0,0,0.0,10,5,0,0,0,Tier 2: Liquid Institutional (10-100 Cr/day)
JSWINFRA,JSW INFRASTRUCTURE LTD,INE880J01026,EQ,NORMAL,False,True,PARTIAL,717,2023-10-03,2026-08-21,2.88,335.7,3414527.9,2143137,899326421.19,601639692.3,0.3765,0.3371,0.545,5.749,0.3691,0,0.0,0,0.0,3,3,0,0,0,Tier 2: Liquid Institutional (10-100 Cr/day)
HUDCO,HSG & URBAN DEV CORPN LTD,INE031A01017,EQ,NORMAL,False,True,PARTIAL,2294,2017-05-19,2026-08-21,9.26,186.09,6324937.4,2361586,896630442.22,148723592.0,0.4361,0.1978,0.992,11.216,0.8071,0,0.0,0,0.0,24,23,0,0,0,Tier 2: Liquid Institutional (10-100 Cr/day)
ICICIPRULI,ICICI PRU LIFE INS CO LTD,INE726G01019,EQ,NORMAL,False,True,PARTIAL,2450,2016-09-29,2026-08-21,9.89,515.0,1851875.3,1328249,891090485.92,653122266.2,0.3215,0.1086,0.407,21.581,0.5488,0,0.0,0,0.0,13,13,0,0,0,Tier 2: Liquid Institutional (10-100 Cr/day)
SHREECEM,SHREE CEMENT LIMITED,INE070A01015,EQ,NORMAL,False,True,PARTIAL,2476,2016-08-22,2026-08-21,10.0,24280.0,37642.3,28232,883351888.39,667483443.9,0.274,0.0733,0.09,5.357,0.4316,0,0.0,0,0.0,19,19,0,0,0,Tier 2: Liquid Institutional (10-100 Cr/day)
PAGEIND,PAGE INDUSTRIES LTD,INE761H01022,EQ,NORMAL,False,True,PARTIAL,2476,2016-08-22,2026-08-21,10.0,35480.0,28270.4,21403,882807151.25,698500849.5,0.3038,0.1386,0.402,6.948,0.5418,0,0.0,0,0.0,45,38,0,0,0,Tier 2: Liquid Institutional (10-100 Cr/day)
OIL,OIL INDIA LTD,INE274J01014,EQ,NORMAL,False,True,PARTIAL,2476,2016-08-22,2026-08-21,10.0,475.0,3196586.4,1935515,880084771.31,281965669.65,0.3748,0.2064,-0.058,8.038,0.7256,0,0.0,0,0.0,30,25,0,3,0,Tier 2: Liquid Institutional (10-100 Cr/day)
CGPOWER,CG POWER AND IND SOL LTD,INE067A01029,EQ,NORMAL,False,True,PARTIAL,2476,2016-08-22,2026-08-21,10.0,867.0,3804721.5,2256643,875310343.67,315595434.0,0.4688,0.3448,-0.358,12.204,0.9499,0,0.0,61,2.46,4,4,0,0,0,Tier 2: Liquid Institutional (10-100 Cr/day)
APOLLOTYRE,APOLLO TYRES LTD,INE438A01022,EQ,NORMAL,False,True,PARTIAL,2476,2016-08-22,2026-08-21,10.0,439.7,3517996.8,2449234,874081859.12,657759929.6,0.3421,0.1549,-0.065,5.861,0.7452,0,0.0,0,0.0,12,11,0,0,0,Tier 2: Liquid Institutional (10-100 Cr/day)
FIRSTCRY,BRAINBEES SOLUTIONS LTD,INE02RE01045,EQ,NORMAL,False,True,PARTIAL,503,2024-08-13,2026-08-21,2.02,196.33,2516296.2,874973,867643977.17,298949937.0,0.4893,-0.505,1.244,10.501,0.7284,0,0.0,0,0.0,0,0,0,0,0,Tier 2: Liquid Institutional (10-100 Cr/day)
PETRONET,PETRONET LNG LIMITED,INE347G01014,EQ,NORMAL,False,True,PARTIAL,2476,2016-08-22,2026-08-21,10.0,293.0,3494968.6,2652277,846582521.28,628163653.0,0.2948,0.1056,-0.093,6.475,0.4004,0,0.0,0,0.0,22,19,0,1,0,Tier 2: Liquid Institutional (10-100 Cr/day)
JSWENERGY,JSW ENERGY LIMITED,INE121E01018,EQ,NORMAL,False,True,PARTIAL,2476,2016-08-22,2026-08-21,10.0,544.95,3388416.3,1962690,845520806.39,370251290.75,0.4173,0.2836,0.49,5.801,0.5905,0,0.0,0,0.0,10,9,0,0,0,Tier 2: Liquid Institutional (10-100 Cr/day)
SUNTV,SUN TV NETWORK LIMITED,INE424H01027,EQ,NORMAL,False,True,PARTIAL,2476,2016-08-22,2026-08-21,10.0,472.05,1463154.0,1059881,839442758.39,613306483.65,0.3596,0.067,0.689,11.752,0.753,0,0.0,0,0.0,38,36,0,0,0,Tier 2: Liquid Institutional (10-100 Cr/day)
PATANJALI,PATANJALI FOODS LIMITED,INE619A01035,EQ,NORMAL,False,True,PARTIAL,1632,2020-01-27,2026-08-21,6.57,348.0,1870502.9,798584,832519962.24,353367794.5,0.4362,0.7302,0.534,7.509,0.7202,0,0.0,117,7.17,10,9,0,1,0,Tier 2: Liquid Institutional (10-100 Cr/day)
QUADFUTURE,QUADRANT FUTURE TEK LTD,INE0LRY01011,EQ,NORMAL,False,False,PARTIAL,398,2025-01-14,2026-08-21,1.6,405.35,1780871.7,375137,824526234.99,145966016.7,0.6805,0.1652,1.444,9.574,0.647,0,0.0,0,0.0,0,0,0,0,0,Tier 2: Liquid Institutional (10-100 Cr/day)
GLAND,GLAND PHARMA LIMITED,INE068V01023,EQ,NORMAL,False,True,PARTIAL,1426,2020-11-20,2026-08-21,5.75,2819.3,414599.9,203786,821988381.15,452142831.0,0.3829,0.1501,0.744,16.135,0.793,0,0.0,0,0.0,4,3,0,0,0,Tier 2: Liquid Institutional (10-100 Cr/day)
EXIDEIND,EXIDE INDUSTRIES LTD,INE302A01020,EQ,NORMAL,False,True,PARTIAL,2476,2016-08-22,2026-08-21,10.0,459.6,2986137.6,2123589,820739016.04,480502231.5,0.2995,0.1426,0.639,8.605,0.5791,0,0.0,0,0.0,14,14,0,0,0,Tier 2: Liquid Institutional (10-100 Cr/day)
TORNTPHARM,TORRENT PHARMACEUTICALS L,INE685A01028,EQ,NORMAL,False,True,PARTIAL,2476,2016-08-22,2026-08-21,10.0,4896.5,504073.3,325128,817561062.16,521052197.1,0.2699,0.2246,0.247,10.087,0.3148,0,0.0,0,0.0,19,18,0,1,0,Tier 2: Liquid Institutional (10-100 Cr/day)
COLPAL,COLGATE PALMOLIVE LTD.,INE259A01022,EQ,NORMAL,False,True,PARTIAL,2476,2016-08-22,2026-08-21,10.0,1889.0,473921.3,367814,809720349.09,609768480.6,0.223,0.095,0.28,6.353,0.534,0,0.0,0,0.0,33,24,0,0,0,Tier 2: Liquid Institutional (10-100 Cr/day)
SAILIFE,SAI LIFE SCIENCES LIMITED,INE570L01029,EQ,NORMAL,False,True,PARTIAL,416,2024-12-18,2026-08-21,1.67,1457.4,935971.5,409722,807207321.54,368127474.0,0.3887,0.4666,0.593,6.939,0.1855,0,0.0,0,0.0,0,0,0,0,0,Tier 2: Liquid Institutional (10-100 Cr/day)
RELINFRA,RELIANCE INFRASTRUCTU LTD,INE036A01016,BE,NORMAL,False,False,PARTIAL,2397,2016-08-22,2026-08-21,10.0,63.16,4682759.3,2262371,799213821.28,473048137.86,0.6265,-0.0381,0.127,9.712,0.9854,0,0.0,82,3.42,3,3,0,0,0,Tier 2: Liquid Institutional (10-100 Cr/day)
MFSL,MAX FINANCIAL SERV LTD,INE180A01020,EQ,NORMAL,False,True,PARTIAL,2476,2016-08-22,2026-08-21,10.0,1585.0,993806.2,655902,794617199.0,533884870.4,0.362,0.1837,-0.405,20.515,0.5736,0,0.0,0,0.0,9,1,0,0,0,Tier 2: Liquid Institutional (10-100 Cr/day)
SYRMA,SYRMA SGS TECHNOLOGY LTD,INE0DYJ01015,EQ,NORMAL,False,True,PARTIAL,989,2022-08-26,2026-08-21,3.99,1439.3,1269962.8,742118,791497617.1,416488800.0,0.4512,0.4922,0.567,9.008,0.4392,0,0.0,0,0.0,6,4,0,0,0,Tier 2: Liquid Institutional (10-100 Cr/day)
FORTIS,FORTIS HEALTHCARE LTD,INE061F01013,EQ,NORMAL,False,True,PARTIAL,2476,2016-08-22,2026-08-21,10.0,907.1,2872740.4,1425464,790875494.87,427342651.5,0.3448,0.2229,0.312,8.328,0.4996,0,0.0,0,0.0,5,4,0,0,0,Tier 2: Liquid Institutional (10-100 Cr/day)
RPOWER,RELIANCE POWER LTD.,INE614G01033,EQ,NORMAL,False,True,PARTIAL,2476,2016-08-22,2026-08-21,10.0,23.45,34182852.6,15501384,789118704.16,262702349.28,0.6089,0.1044,0.25,11.017,0.9829,0,0.0,97,3.92,3,0,0,0,0,Tier 2: Liquid Institutional (10-100 Cr/day)
KNACK,KNACK PACKAGING LIMITED,INE17QZ01016,EQ,NORMAL,False,False,PARTIAL,33,2026-07-08,2026-08-21,0.12,203.55,3920317.4,1677550,773973707.2,316436256.5,0.4927,0.9556,0.803,2.811,0.1,0,0.0,0,0.0,0,0,0,0,0,Tier 2: Liquid Institutional (10-100 Cr/day)
EPACKPEB,EPACK PREFAB TECHN LTD,INE0MLS01022,EQ,NORMAL,False,False,PARTIAL,220,2025-10-01,2026-08-21,0.89,234.35,2899159.2,841175,772908588.28,202160758.8,0.6423,0.4385,0.833,4.714,0.5995,0,0.0,0,0.0,0,0,0,0,0,Tier 2: Liquid Institutional (10-100 Cr/day)
GOLDBEES,NIP IND ETF GOLD BEES,INF204KB17I5,EQ,NORMAL,False,False,PARTIAL,2475,2016-08-22,2026-08-21,10.0,131.32,8333048.1,3012454,767991068.32,138027172.14,0.1582,0.168,-0.394,17.904,0.2444,0,0.0,0,0.0,0,0,0,0,0,Tier 2: Liquid Institutional (10-100 Cr/day)
WOCKPHARMA,WOCKHARDT LIMITED,INE049B01025,EQ,NORMAL,False,True,PARTIAL,2476,2016-08-22,2026-08-21,10.0,1886.3,1229972.8,732103,765787708.49,400578845.0,0.4874,0.2138,1.068,9.45,0.8427,1,0.04,3,0.12,9,1,0,0,1,Tier 2: Liquid Institutional (10-100 Cr/day)
NCC,NCC LIMITED,INE868B01028,EQ,NORMAL,False,True,PARTIAL,2476,2016-08-22,2026-08-21,10.0,149.56,7671346.4,4666386,763927576.25,523550155.8,0.4761,0.169,0.436,8.114,0.8836,0,0.0,0,0.0,10,10,0,0,0,Tier 2: Liquid Institutional (10-100 Cr/day)
PCJEWELLER,PC JEWELLER LTD,INE785M01021,EQ,NORMAL,False,False,PARTIAL,2476,2016-08-22,2026-08-21,10.0,10.22,69656153.3,26721560,762671990.55,187241783.8,0.6507,0.1308,1.017,15.58,0.9862,0,0.0,49,1.98,5,3,1,1,0,Tier 2: Liquid Institutional (10-100 Cr/day)
OFSS,ORACLE FIN SERV SOFT LTD.,INE881D01027,EQ,NORMAL,False,True,PARTIAL,2476,2016-08-22,2026-08-21,10.0,11724.0,114758.6,62732,759314531.5,206766329.45,0.3293,0.1797,1.21,25.376,0.6857,0,0.0,0,0.0,18,11,0,0,0,Tier 2: Liquid Institutional (10-100 Cr/day)
NUVAMA,NUVAMA WEALTH MANAGE LTD,INE531F01023,EQ,NORMAL,False,True,PARTIAL,721,2023-09-26,2026-08-21,2.9,1743.6,594778.3,415315,754962888.15,512452657.5,0.4573,0.5257,0.413,5.542,0.33,0,0.0,1,0.14,6,5,1,0,0,Tier 2: Liquid Institutional (10-100 Cr/day)
PARAS,PARAS DEF AND SPCE TECH L,INE045601023,EQ,NORMAL,False,False,PARTIAL,1213,2021-10-01,2026-08-21,4.89,1499.6,1154258.3,413182,747558320.02,182579280.0,0.5053,0.4997,1.538,10.253,0.6245,0,0.0,12,0.99,5,1,1,0,0,Tier 2: Liquid Institutional (10-100 Cr/day)
CPPLUS,ADITYA INFOTECH LIMITED,INE819V01029,EQ,NORMAL,False,True,PARTIAL,259,2025-08-05,2026-08-21,1.04,3475.5,411887.9,199086,746671915.08,414507870.0,0.4514,1.2415,0.738,3.865,0.2037,0,0.0,0,0.0,1,1,0,0,0,Tier 2: Liquid Institutional (10-100 Cr/day)
PIRAMALFIN,PIRAMAL FINANCE LIMITED,INE202B01038,EQ,NORMAL,False,True,PARTIAL,196,2025-11-07,2026-08-21,0.79,2180.8,397845.1,277213,743710974.57,514647196.8,0.3372,0.7024,1.002,5.622,0.1337,0,0.0,0,0.0,1,1,0,0,0,Tier 2: Liquid Institutional (10-100 Cr/day)
ABCAPITAL,ADITYA BIRLA CAPITAL LTD.,INE674K01013,EQ,NORMAL,False,True,PARTIAL,2222,2017-09-01,2026-08-21,8.97,413.0,4126507.9,2945950,739532249.35,428910211.4,0.3784,0.1341,0.287,5.871,0.8314,1,0.05,3,0.14,1,0,0,0,0,Tier 2: Liquid Institutional (10-100 Cr/day)
WAAREERTL,WAAREE RENEWABLE TECH LTD,INE299N01021,EQ,NORMAL,False,False,PARTIAL,339,2025-04-09,2026-08-21,1.37,875.3,660651.5,245455,735819051.45,237502258.0,0.4308,0.1067,1.498,9.098,0.412,0,0.0,0,0.0,0,0,0,0,0,Tier 2: Liquid Institutional (10-100 Cr/day)
DEEPAKNTR,DEEPAK NITRITE LTD,INE288B01029,EQ,NORMAL,False,True,PARTIAL,2476,2016-08-22,2026-08-21,10.0,1747.1,520482.0,293081,731269039.75,354567604.0,0.3855,0.3616,0.438,7.926,0.5853,0,0.0,0,0.0,11,10,0,0,0,Tier 2: Liquid Institutional (10-100 Cr/day)
QPOWER,QUALITY POWER ELEC EQUP L,INE0SII01026,EQ,NORMAL,False,False,PARTIAL,368,2025-02-24,2026-08-21,1.49,1305.6,959521.0,586607,730233420.59,416506173.55,0.6096,1.0177,0.423,3.798,0.4435,0,0.0,1,0.27,2,2,0,0,0,Tier 2: Liquid Institutional (10-100 Cr/day)
HEG,HEG LTD,INE545A01024,EQ,NORMAL,False,True,PARTIAL,2476,2016-08-22,2026-08-21,10.0,710.75,1936681.2,1071460,728061903.32,351550803.8,0.5457,0.462,0.89,8.666,0.9117,0,0.0,10,0.4,16,11,1,0,0,Tier 2: Liquid Institutional (10-100 Cr/day)
HAPPSTMNDS,HAPPIEST MINDS TECHNO LTD,INE419U01012,EQ,NORMAL,False,False,PARTIAL,1471,2020-09-17,2026-08-21,5.92,444.55,1073251.3,344192,726666740.51,254487072.4,0.3593,0.094,1.745,13.34,0.7792,0,0.0,0,0.0,11,11,0,0,0,Tier 2: Liquid Institutional (10-100 Cr/day)
IDBI,IDBI BANK LIMITED,INE008A01015,EQ,NORMAL,False,True,PARTIAL,2476,2016-08-22,2026-08-21,10.0,82.24,11230747.7,6634837,723562028.03,377497617.94,0.4805,0.1284,0.92,9.535,0.791,0,0.0,7,0.28,10,3,0,0,0,Tier 2: Liquid Institutional (10-100 Cr/day)
BSOFT,BIRLASOFT LIMITED,INE836A01035,EQ,NORMAL,False,True,PARTIAL,2476,2016-08-22,2026-08-21,10.0,303.75,2363065.0,1626033,715376372.71,433186451.6,0.4144,0.2268,0.268,6.943,0.7051,0,0.0,0,0.0,19,17,0,0,0,Tier 2: Liquid Institutional (10-100 Cr/day)
INDIANB,INDIAN BANK,INE562A01011,EQ,NORMAL,False,True,PARTIAL,2476,2016-08-22,2026-08-21,10.0,876.9,2220701.9,1533875,708982927.08,417068926.1,0.445,0.2372,0.579,8.523,0.8981,0,0.0,0,0.0,11,8,0,0,0,Tier 2: Liquid Institutional (10-100 Cr/day)
BHARTIHEXA,BHARTI HEXACOM LIMITED,INE343G01021,EQ,NORMAL,False,True,PARTIAL,586,2024-04-12,2026-08-21,2.36,1591.2,568207.3,253113,708901063.47,379507038.0,0.38,0.3605,0.754,6.065,0.2755,0,0.0,0,0.0,3,3,0,0,0,Tier 2: Liquid Institutional (10-100 Cr/day)
BALKRISIND,BALKRISHNA IND. LTD,INE787D01026,EQ,NORMAL,False,True,PARTIAL,2476,2016-08-22,2026-08-21,10.0,2350.8,451123.5,315202,708795821.47,518007157.8,0.3434,0.2457,0.545,10.918,0.5135,0,0.0,0,0.0,41,40,0,1,0,Tier 2: Liquid Institutional (10-100 Cr/day)
HEXT,HEXAWARE TECHNOLOGIES LTD,INE093A01041,EQ,NORMAL,False,True,PARTIAL,371,2025-02-19,2026-08-21,1.5,532.45,1060713.6,620094,706983401.33,410881537.5,0.394,-0.1668,-0.087,4.143,0.5432,0,0.0,0,0.0,3,3,0,0,0,Tier 2: Liquid Institutional (10-100 Cr/day)
PIIND,PI INDUSTRIES LTD,INE603J01030,EQ,NORMAL,False,True,PARTIAL,2476,2016-08-22,2026-08-21,10.0,2496.8,262163.9,187757,699689739.82,475151944.8,0.3046,0.1642,0.422,7.805,0.4775,0,0.0,0,0.0,22,20,0,0,0,Tier 2: Liquid Institutional (10-100 Cr/day)
EASEMYTRIP,EASY TRIP PLANNERS LTD,INE07O001026,EQ,NORMAL,False,False,PARTIAL,1345,2021-03-19,2026-08-21,5.42,6.25,41514822.1,21880872,694597777.1,360223140.9,0.53,0.1279,1.896,12.794,0.8289,0,0.0,2,0.15,7,3,1,3,0,Tier 2: Liquid Institutional (10-100 Cr/day)
IRB,IRB INFRA DEV LTD.,INE821I01022,EQ,NORMAL,False,True,PARTIAL,2476,2016-08-22,2026-08-21,10.0,18.95,47204366.4,29000080,690006731.09,334448376.92,0.4753,0.1602,0.644,7.698,0.831,0,0.0,1,0.04,25,19,1,1,0,Tier 2: Liquid Institutional (10-100 Cr/day)
BOSCHLTD,BOSCH LIMITED,INE323A01026,EQ,NORMAL,False,True,PARTIAL,2476,2016-08-22,2026-08-21,10.0,48200.0,32253.4,21881,688465347.52,443964650.4,0.2897,0.1141,0.408,8.034,0.6665,1,0.04,0,0.0,15,13,0,0,0,Tier 2: Liquid Institutional (10-100 Cr/day)
GRAPHITE,GRAPHITE INDIA LTD,INE371A01025,EQ,NORMAL,False,True,PARTIAL,2476,2016-08-22,2026-08-21,10.0,710.75,1336454.7,798778,682862071.53,363756901.2,0.4945,0.3508,0.807,7.584,0.9039,0,0.0,14,0.57,13,12,0,0,0,Tier 2: Liquid Institutional (10-100 Cr/day)
BATAINDIA,BATA INDIA LTD,INE176A01028,EQ,NORMAL,False,True,PARTIAL,2476,2016-08-22,2026-08-21,10.0,701.05,553763.5,421246,682767558.92,503066990.8,0.2749,0.061,0.481,10.434,0.7275,0,0.0,0,0.0,12,12,0,0,0,Tier 2: Liquid Institutional (10-100 Cr/day)
ARE&M,AMARA RAJA ENERGY MOB LTD,INE885A01032,EQ,NORMAL,False,True,PARTIAL,2476,2016-08-22,2026-08-21,10.0,919.75,810897.9,509575,680467753.28,406886899.9,0.3211,0.0538,0.967,12.099,0.6426,0,0.0,0,0.0,20,19,0,0,0,Tier 2: Liquid Institutional (10-100 Cr/day)
INDIACEM,THE INDIA CEMENTS LIMITED,INE383A01012,EQ,NORMAL,False,True,PARTIAL,2476,2016-08-22,2026-08-21,10.0,370.9,3637634.9,2486392,679798768.61,416401782.75,0.4378,0.2018,0.783,8.567,0.6843,0,0.0,0,0.0,8,6,0,0,0,Tier 2: Liquid Institutional (10-100 Cr/day)
CMRGREEN,CMR GREEN TECHNOLOGIES L,INE00WV01027,EQ,NORMAL,False,False,PARTIAL,52,2026-06-10,2026-08-21,0.2,212.87,2806819.5,1282846,675960759.61,283855334.42,0.3653,-0.5513,0.233,2.74,0.1813,0,0.0,0,0.0,0,0,0,0,0,Tier 2: Liquid Institutional (10-100 Cr/day)
GMDCLTD,GUJARAT MINERAL DEV CORP,INE131A01031,EQ,NORMAL,False,True,PARTIAL,2476,2016-08-22,2026-08-21,10.0,570.0,2180382.4,875881,674721079.71,113982070.5,0.4766,0.2998,0.881,9.189,0.8296,0,0.0,0,0.0,10,10,0,0,0,Tier 2: Liquid Institutional (10-100 Cr/day)
CORDELIA,WATERWAYS LEISURE TOUR L,INE0LZF01013,EQ,NORMAL,False,False,PARTIAL,38,2026-07-01,2026-08-21,0.14,978.4,822688.4,304022,670093185.9,251015764.3,0.6572,2.8177,0.389,3.494,0.1375,0,0.0,0,0.0,0,0,0,0,0,Tier 2: Liquid Institutional (10-100 Cr/day)
AFCONS,AFCONS INFRASTRUCTURE LTD,INE101I01011,EQ,NORMAL,False,True,PARTIAL,446,2024-11-04,2026-08-21,1.79,278.9,1579871.6,724340,666447946.73,294827085.6,0.3503,-0.2394,0.321,5.301,0.5182,0,0.0,0,0.0,2,2,0,0,0,Tier 2: Liquid Institutional (10-100 Cr/day)
CHENNPETRO,CHENNAI PETROLEUM CORP LT,INE178A01016,EQ,NORMAL,False,True,PARTIAL,2476,2016-08-22,2026-08-21,10.0,1393.5,1315911.8,689444,665855339.54,213402353.2,0.4901,0.2865,0.581,9.044,0.8981,0,0.0,2,0.08,11,9,0,0,0,Tier 2: Liquid Institutional (10-100 Cr/day)
PARADEEP,PARADEEP PHOSPHATES LTD,INE088F01024,EQ,NORMAL,False,True,PARTIAL,1052,2022-05-27,2026-08-21,4.24,148.48,6001161.9,3909082,663752936.07,380125228.5,0.4486,0.3914,0.802,5.669,0.5544,0,0.0,0,0.0,3,3,0,0,0,Tier 2: Liquid Institutional (10-100 Cr/day)
OBEROIRLTY,OBEROI REALTY LIMITED,INE093I01010,EQ,NORMAL,False,True,PARTIAL,2476,2016-08-22,2026-08-21,10.0,1886.0,631284.0,456456,659439512.88,372954958.75,0.3795,0.2538,0.589,7.148,0.5304,0,0.0,0,0.0,18,18,0,0,0,Tier 2: Liquid Institutional (10-100 Cr/day)
HSCL,HIMADRI SPECIALITY CHEM L,INE019C01026,EQ,NORMAL,False,True,PARTIAL,2476,2016-08-22,2026-08-21,10.0,654.4,3388193.6,1303897,656458010.66,205496121.6,0.484,0.4101,0.689,7.027,0.8535,0,0.0,0,0.0,11,11,0,0,0,Tier 2: Liquid Institutional (10-100 Cr/day)
TATACOMM,TATA COMMUNICATIONS LTD,INE151A01013,EQ,NORMAL,False,True,PARTIAL,2476,2016-08-22,2026-08-21,10.0,1655.4,541881.7,359838,653698333.02,380020337.0,0.3666,0.1906,-0.793,27.66,0.7217,0,0.0,7,0.28,12,10,0,0,0,Tier 2: Liquid Institutional (10-100 Cr/day)
TEJASNET,TEJAS NETWORKS LIMITED,INE010J01012,EQ,NORMAL,False,True,PARTIAL,2268,2017-06-27,2026-08-21,9.15,510.45,1180863.5,351338,653511314.37,152324564.0,0.5447,0.2202,0.719,7.529,0.9342,0,0.0,34,1.5,9,2,0,0,0,Tier 2: Liquid Institutional (10-100 Cr/day)
JYOTICNC,JYOTI CNC AUTOMATION LTD,INE980O01024,EQ,NORMAL,False,True,PARTIAL,645,2024-01-16,2026-08-21,2.6,988.8,770429.0,353444,648974387.78,341936371.5,0.5116,0.4514,0.592,6.488,0.5922,0,0.0,0,0.0,0,0,0,0,0,Tier 2: Liquid Institutional (10-100 Cr/day)
LIQUIDADD,DSPAMC - LIQUIDADD,INF740KA1UM0,EQ,NORMAL,False,False,PARTIAL,592,2024-04-03,2026-08-21,2.38,1141.52,592987.3,516883,637157534.25,553643434.3,0.0023,0.0554,1.384,4.208,0.0,0,0.0,0,0.0,0,0,0,0,0,Tier 2: Liquid Institutional (10-100 Cr/day)
FIVESTAR,FIVE-STAR BUS FIN LTD,INE128S01021,EQ,NORMAL,False,True,PARTIAL,932,2022-11-21,2026-08-21,3.75,520.95,989241.6,471841,632908012.63,297167400.0,0.398,0.0949,0.786,9.423,0.6143,0,0.0,0,0.0,2,2,0,0,0,Tier 2: Liquid Institutional (10-100 Cr/day)
FRACTAL,FRACTAL ANALYTICS LIMITED,INE212S01015,EQ,NORMAL,False,False,PARTIAL,127,2026-02-16,2026-08-21,0.51,846.7,704404.8,468624,630973799.35,414210013.0,0.5078,0.1268,0.082,3.175,0.2994,0,0.0,0,0.0,0,0,0,0,0,Tier 2: Liquid Institutional (10-100 Cr/day)
ANTHEM,ANTHEM BIOSCIENCES LTD,INE0CZ201020,EQ,NORMAL,False,True,PARTIAL,270,2025-07-21,2026-08-21,1.08,871.45,836586.4,355974,629431226.46,259427428.3,0.3064,0.2119,0.724,4.6,0.32,0,0.0,0,0.0,1,1,0,0,0,Tier 2: Liquid Institutional (10-100 Cr/day)
PNBHOUSING,PNB HOUSING FIN LTD.,INE572E01012,EQ,NORMAL,False,True,PARTIAL,2426,2016-11-07,2026-08-21,9.79,1170.3,882105.9,443301,627457645.99,260346406.5,0.4531,0.1499,0.462,9.429,0.9118,0,0.0,7,0.29,8,5,0,0,1,Tier 2: Liquid Institutional (10-100 Cr/day)
LTTS,L&T TECHNOLOGY SER. LTD.,INE010V01017,EQ,NORMAL,False,True,PARTIAL,2454,2016-09-23,2026-08-21,9.91,3604.6,184830.9,120235,619694185.79,347953735.8,0.3557,0.2099,0.734,12.301,0.5005,0,0.0,0,0.0,21,21,0,0,0,Tier 2: Liquid Institutional (10-100 Cr/day)
DELTACORP,DELTA CORP LIMITED,INE124G01033,EQ,NORMAL,False,False,PARTIAL,2476,2016-08-22,2026-08-21,10.0,58.62,3416059.2,1976478,616369187.42,332085539.5,0.4843,0.025,0.051,9.185,0.8727,0,0.0,9,0.36,18,13,0,0,0,Tier 2: Liquid Institutional (10-100 Cr/day)
KWIL,KWALITY WALL'S (INDIA) L,INE2KCE01013,EQ,NORMAL,False,False,PARTIAL,127,2026-02-16,2026-08-21,0.51,48.35,18597518.9,10259439,615852604.3,285025325.2,0.5822,1.157,1.608,6.798,0.2362,0,0.0,0,0.0,0,0,0,0,0,Tier 2: Liquid Institutional (10-100 Cr/day)
NIFTYBEES,NIP IND ETF NIFTY BEES,INF204KB14I2,EQ,NORMAL,False,False,PARTIAL,2476,2016-08-22,2026-08-21,10.0,276.76,2649388.6,1886253,612609899.88,322287276.87,0.1464,0.1277,-0.859,15.695,0.3634,0,0.0,0,0.0,0,0,0,0,0,Tier 2: Liquid Institutional (10-100 Cr/day)
APOLLO,APOLLO MICRO SYSTEMS LTD,INE713T01028,EQ,NORMAL,False,False,PARTIAL,2125,2018-01-22,2026-08-21,8.58,384.55,3556656.2,997590,612456972.54,24922145.5,0.5799,0.4196,1.413,8.055,0.9072,0,0.0,17,0.8,12,7,1,0,0,Tier 2: Liquid Institutional (10-100 Cr/day)
IGIL,INTL GEMOLOGICAL INST LTD,INE0Q9301021,EQ,NORMAL,False,True,PARTIAL,414,2024-12-20,2026-08-21,1.67,340.6,1450574.7,654005,612042872.44,233735819.4,0.4329,-0.1049,0.354,4.771,0.5309,0,0.0,1,0.24,3,3,0,0,0,Tier 2: Liquid Institutional (10-100 Cr/day)
CEATLTD,CEAT LIMITED,INE482A01020,EQ,NORMAL,False,True,PARTIAL,2476,2016-08-22,2026-08-21,10.0,3563.4,359005.0,187834,607929899.53,366611573.7,0.3643,0.2119,1.03,10.978,0.6898,0,0.0,0,0.0,10,10,0,0,0,Tier 2: Liquid Institutional (10-100 Cr/day)
INDIAMART,INDIAMART INTERMESH LTD,INE933S01016,EQ,NORMAL,False,True,PARTIAL,1770,2019-07-04,2026-08-21,7.13,1742.2,243384.2,159480,605308475.79,380711037.75,0.4016,0.22,0.81,11.924,0.6454,0,0.0,0,0.0,10,7,0,1,0,Tier 2: Liquid Institutional (10-100 Cr/day)
MOSCHIP,MOSCHIP TECHNOLOGIES LTD,INE935B01025,EQ,NORMAL,False,False,PARTIAL,381,2025-02-05,2026-08-21,1.54,204.89,2727115.1,1351084,605063706.53,251179677.0,0.5446,0.1657,0.813,5.098,0.4776,0,0.0,0,0.0,0,0,0,0,0,Tier 2: Liquid Institutional (10-100 Cr/day)
NAZARA,NAZARA TECHNOLOGIES LTD,INE418L01047,EQ,NORMAL,False,False,PARTIAL,1339,2021-03-30,2026-08-21,5.39,354.35,2575336.8,1311976,603948830.12,280492789.6,0.4361,0.2019,1.222,10.885,0.6965,0,0.0,1,0.07,3,0,1,2,0,Tier 2: Liquid Institutional (10-100 Cr/day)
ASTRAL,ASTRAL LIMITED,INE006I01046,EQ,NORMAL,False,True,PARTIAL,2476,2016-08-22,2026-08-21,10.0,1528.5,422188.6,307426,602747402.14,382518879.8,0.3391,0.255,0.255,9.381,0.4879,0,0.0,0,0.0,25,20,0,3,0,Tier 2: Liquid Institutional (10-100 Cr/day)
SJVN,SJVN LTD,INE002L01015,EQ,NORMAL,False,True,PARTIAL,2476,2016-08-22,2026-08-21,10.0,66.06,7012677.8,2095107,600692407.89,67175576.0,0.358,0.1514,0.703,15.017,0.588,0,0.0,0,0.0,21,20,0,0,0,Tier 2: Liquid Institutional (10-100 Cr/day)
ENGINERSIN,ENGINEERS INDIA LTD,INE510A01028,EQ,NORMAL,False,True,PARTIAL,2476,2016-08-22,2026-08-21,10.0,244.91,3761476.9,2177482,597699375.65,276197869.5,0.3977,0.1546,0.287,6.655,0.7504,0,0.0,0,0.0,24,21,0,1,0,Tier 2: Liquid Institutional (10-100 Cr/day)
GRANULES,GRANULES INDIA LIMITED,INE101D01020,EQ,NORMAL,False,True,PARTIAL,2476,2016-08-22,2026-08-21,10.0,858.15,1983995.9,1270829,595494835.21,352800514.4,0.3949,0.2708,0.146,6.67,0.5212,0,0.0,0,0.0,31,28,0,0,0,Tier 2: Liquid Institutional (10-100 Cr/day)
TITAGARH,TITAGARH RAIL SYSTEMS LTD,INE615H01020,EQ,NORMAL,False,True,PARTIAL,2476,2016-08-22,2026-08-21,10.0,843.55,1081195.1,648775,588878754.19,94870778.2,0.4937,0.329,0.608,7.967,0.8828,0,0.0,6,0.24,10,6,0,0,0,Tier 2: Liquid Institutional (10-100 Cr/day)
CROMPTON,CROMPT GREA CON ELEC LTD,INE299U01018,EQ,NORMAL,False,True,PARTIAL,2476,2016-08-22,2026-08-21,10.0,252.0,1845536.9,1330482,582523013.83,408139146.8,0.3133,0.0914,0.407,6.683,0.5501,0,0.0,0,0.0,11,10,0,0,0,Tier 2: Liquid Institutional (10-100 Cr/day)
MGL,MAHANAGAR GAS LTD.,INE002S01010,EQ,NORMAL,False,True,PARTIAL,2476,2016-08-22,2026-08-21,10.0,1114.2,544890.1,360589,582078227.09,365975742.6,0.3258,0.1177,-0.135,10.389,0.5377,0,0.0,0,0.0,21,21,0,0,0,Tier 2: Liquid Institutional (10-100 Cr/day)
IKS,INVENTURUS KNOWLEDGE SO L,INE115Q01022,EQ,NORMAL,False,True,PARTIAL,415,2024-12-19,2026-08-21,1.67,1786.2,342978.8,165781,580713113.15,262396364.65,0.4044,0.0247,0.191,7.223,0.4058,0,0.0,0,0.0,0,0,0,0,0,Tier 2: Liquid Institutional (10-100 Cr/day)
TORNTPOWER,TORRENT POWER LTD,INE813H01021,EQ,NORMAL,False,True,PARTIAL,2476,2016-08-22,2026-08-21,10.0,1247.7,999001.0,688751,576119460.59,330558009.6,0.3492,0.256,0.594,7.493,0.392,0,0.0,0,0.0,15,15,0,0,0,Tier 2: Liquid Institutional (10-100 Cr/day)
BALRAMCHIN,BALRAMPUR CHINI MILLS LTD,INE119A01028,EQ,NORMAL,False,True,PARTIAL,2476,2016-08-22,2026-08-21,10.0,729.35,2266956.0,1347107,575191127.68,310119912.0,0.4377,0.283,0.431,6.546,0.6667,0,0.0,2,0.08,22,10,0,0,0,Tier 2: Liquid Institutional (10-100 Cr/day)
CARTRADE,CARTRADE TECH LIMITED,INE290S01011,EQ,NORMAL,False,True,PARTIAL,1242,2021-08-20,2026-08-21,5.0,3072.9,372522.7,205784,573892401.95,205327126.6,0.4925,0.2649,0.807,6.995,0.7798,0,0.0,0,0.0,1,0,0,0,0,Tier 2: Liquid Institutional (10-100 Cr/day)
FORCEMOT,FORCE MOTORS LIMITED,INE451A01017,EQ,NORMAL,False,True,PARTIAL,1663,2019-08-20,2026-08-21,7.0,17770.0,83097.6,43575,571359895.88,106151008.8,0.5033,0.5244,1.673,14.485,0.5769,0,0.0,1,0.06,8,7,0,0,0,Tier 2: Liquid Institutional (10-100 Cr/day)
KEI,KEI INDUSTRIES LTD.,INE878B01027,EQ,NORMAL,False,True,PARTIAL,2476,2016-08-22,2026-08-21,10.0,5527.6,314903.7,205480,569094878.41,195457217.8,0.4286,0.4833,0.363,9.328,0.6288,0,0.0,2,0.08,16,11,0,0,0,Tier 2: Liquid Institutional (10-100 Cr/day)
AZAD,AZAD ENGINEERING LIMITED,INE02IJ01035,EQ,NORMAL,False,False,PARTIAL,658,2023-12-28,2026-08-21,2.65,2837.8,362465.8,189873,568920701.85,288744019.3,0.4661,0.6565,0.941,6.955,0.3963,0,0.0,0,0.0,0,0,0,0,0,Tier 2: Liquid Institutional (10-100 Cr/day)
JSWCEMENT,JSW CEMENT LIMITED,INE718I01012,EQ,NORMAL,False,True,PARTIAL,252,2025-08-14,2026-08-21,1.02,126.04,4196764.7,1802610,568250878.86,225969111.72,0.3031,-0.1027,0.707,4.563,0.3214,0,0.0,0,0.0,1,1,0,0,0,Tier 2: Liquid Institutional (10-100 Cr/day)
HONASA,HONASA CONSUMER LIMITED,INE0J5401028,EQ,NORMAL,False,True,PARTIAL,693,2023-11-07,2026-08-21,2.79,481.9,1529925.9,621588,568076466.77,203337022.0,0.4575,0.2334,0.848,13.935,0.6292,0,0.0,0,0.0,1,0,0,0,0,Tier 2: Liquid Institutional (10-100 Cr/day)
ABREL,ADITYA BIRLA REAL EST LTD,INE055A01016,EQ,NORMAL,False,True,PARTIAL,2476,2016-08-22,2026-08-21,10.0,1406.3,656066.2,432766,566939579.44,400849680.0,0.4563,0.1889,-2.767,61.408,0.8434,0,0.0,0,0.0,11,10,0,0,0,Tier 2: Liquid Institutional (10-100 Cr/day)
LLOYDSME,LLOYDS METALS N ENERGY L,INE281B01032,EQ,NORMAL,False,True,PARTIAL,770,2023-07-17,2026-08-21,3.1,1865.9,498703.6,363405,566851781.84,397974069.0,0.3958,0.4707,0.222,4.401,0.3305,0,0.0,0,0.0,4,3,0,0,0,Tier 2: Liquid Institutional (10-100 Cr/day)
ABFRL,ADITYA BIRLA FASHION & RT,INE647O01011,EQ,NORMAL,False,True,PARTIAL,2476,2016-08-22,2026-08-21,10.0,54.35,3072724.9,1736547,562571081.2,310036215.55,0.4268,0.0003,-5.861,155.731,0.8495,1,0.04,0,0.0,2,0,0,0,1,Tier 2: Liquid Institutional (10-100 Cr/day)
PRESTIGE,PRESTIGE ESTATE LTD,INE811K01011,EQ,NORMAL,False,True,PARTIAL,2476,2016-08-22,2026-08-21,10.0,1631.0,697454.0,467100,561383679.78,189706727.7,0.4484,0.3206,0.071,7.004,0.675,0,0.0,0,0.0,11,10,0,0,0,Tier 2: Liquid Institutional (10-100 Cr/day)
SIGNATURE,SIGNATUREGLOBAL INDIA LTD,INE903U01023,EQ,NORMAL,False,True,PARTIAL,720,2023-09-27,2026-08-21,2.9,795.3,505976.4,403328,560896613.31,421536376.8,0.3604,0.2586,-0.639,9.847,0.5572,0,0.0,0,0.0,0,0,0,0,0,Tier 2: Liquid Institutional (10-100 Cr/day)
IFCI,IFCI LTD,INE039A01010,EQ,NORMAL,False,True,PARTIAL,2476,2016-08-22,2026-08-21,10.0,80.91,13499631.1,5981919,560577657.17,123179353.6,0.5636,0.2609,1.618,9.978,0.8951,0,0.0,3,0.12,9,0,0,0,0,Tier 2: Liquid Institutional (10-100 Cr/day)
NAVINFLUOR,NAVIN FLUORINE INT. LTD,INE048G01026,EQ,NORMAL,False,True,PARTIAL,2476,2016-08-22,2026-08-21,10.0,8206.5,156664.6,99363,558486156.57,325117192.8,0.3561,0.3554,1.044,10.765,0.3971,0,0.0,0,0.0,22,21,1,0,0,Tier 2: Liquid Institutional (10-100 Cr/day)
RAYMOND,RAYMOND LTD,INE301A01014,EQ,NORMAL,False,False,PARTIAL,2476,2016-08-22,2026-08-21,10.0,643.15,668216.6,417947,556537424.3,323437654.5,0.5081,0.1965,-3.155,81.047,0.9003,0,0.0,5,0.2,10,6,0,0,0,Tier 2: Liquid Institutional (10-100 Cr/day)
GODFRYPHLP,GODFREY PHILLIPS INDIA LT,INE260B01028,EQ,NORMAL,False,True,PARTIAL,2476,2016-08-22,2026-08-21,10.0,2117.0,484500.7,244269,555746884.79,135970640.0,0.467,0.2796,1.213,11.32,0.5564,0,0.0,0,0.0,15,13,0,1,0,Tier 2: Liquid Institutional (10-100 Cr/day)
SOLARINDS,SOLAR INDUSTRIES (I) LTD,INE343H01029,EQ,NORMAL,False,True,PARTIAL,2476,2016-08-22,2026-08-21,10.0,19900.0,69501.0,32638,555660589.15,75703456.0,0.3156,0.4024,0.626,7.197,0.3427,0,0.0,0,0.0,12,11,0,0,0,Tier 2: Liquid Institutional (10-100 Cr/day)
DEVYANI,DEVYANI INTERNATIONAL LTD,INE872J01023,EQ,NORMAL,False,True,PARTIAL,1245,2021-08-16,2026-08-21,5.01,144.4,3486527.1,2037815,553851147.02,323026412.5,0.3733,0.1005,0.768,5.636,0.579,0,0.0,0,0.0,3,0,0,0,0,Tier 2: Liquid Institutional (10-100 Cr/day)
IXIGO,LE TRAVENUES TECHNOLOGY L,INE0HV901016,EQ,NORMAL,False,False,PARTIAL,542,2024-06-18,2026-08-21,2.17,170.3,2654634.0,1249654,553232874.09,233549463.05,0.5255,0.1499,0.34,7.433,0.548,0,0.0,0,0.0,0,0,0,0,0,Tier 2: Liquid Institutional (10-100 Cr/day)
MRPL,MRPL,INE103A01014,EQ,NORMAL,False,True,PARTIAL,2476,2016-08-22,2026-08-21,10.0,176.81,4455042.5,1792599,552113565.05,155094133.6,0.4748,0.1931,0.992,10.44,0.8433,0,0.0,2,0.08,12,6,0,0,0,Tier 2: Liquid Institutional (10-100 Cr/day)
OLECTRA,OLECTRA GREENTECH LIMITED,INE260D01016,EQ,NORMAL,False,True,PARTIAL,2476,2016-08-22,2026-08-21,10.0,1318.4,512450.7,196389,547668321.0,74782123.75,0.544,0.5589,0.981,6.511,0.8391,0,0.0,62,2.5,12,4,0,0,0,Tier 2: Liquid Institutional (10-100 Cr/day)
RRKABEL,R R KABEL LIMITED,INE777K01022,EQ,NORMAL,False,True,PARTIAL,725,2023-09-20,2026-08-21,2.92,2919.3,345089.0,147830,547642398.89,219005168.9,0.3776,0.3813,0.213,13.93,0.5307,0,0.0,0,0.0,6,6,0,0,0,Tier 2: Liquid Institutional (10-100 Cr/day)
SCI,SHIPPING CORP OF INDIA LT,INE109A01011,EQ,NORMAL,False,True,PARTIAL,2476,2016-08-22,2026-08-21,10.0,290.55,3934136.8,1993455,543232128.61,157502964.3,0.49,0.3156,1.274,11.42,0.7675,0,0.0,1,0.04,14,8,0,0,0,Tier 2: Liquid Institutional (10-100 Cr/day)
TIINDIA,TUBE INVEST OF INDIA LTD,INE974X01010,EQ,NORMAL,False,True,PARTIAL,2181,2017-11-02,2026-08-21,8.8,2885.8,232533.7,144130,540816949.16,280608779.25,0.3894,0.3508,0.606,6.65,0.545,0,0.0,1,0.05,18,17,0,0,0,Tier 2: Liquid Institutional (10-100 Cr/day)
OMNI,OMNITECH ENGINEERING LTD,INE0UH301010,EQ,NORMAL,False,False,PARTIAL,115,2026-03-05,2026-08-21,0.46,581.0,1188350.1,619045,540218617.1,248456072.25,0.7822,2.6097,0.622,5.204,0.2454,0,0.0,0,0.0,0,0,0,0,0,Tier 2: Liquid Institutional (10-100 Cr/day)
JPPOWER,JAIPRAKASH POWER VEN. LTD,INE351F01018,EQ,NORMAL,False,True,PARTIAL,2476,2016-08-22,2026-08-21,10.0,17.1,43425837.8,19683051,536102632.47,129004139.6,0.6239,0.3172,1.021,6.553,0.9577,0,0.0,118,4.77,9,0,0,0,0,Tier 2: Liquid Institutional (10-100 Cr/day)
VIKRAN,VIKRAN ENGINEERING LTD,INE01R501028,EQ,NORMAL,False,False,PARTIAL,240,2025-09-03,2026-08-21,0.96,63.04,5850887.0,2572621,535307986.29,200227606.16,0.5143,-0.3092,0.512,4.449,0.5482,0,0.0,0,0.0,0,0,0,0,0,Tier 2: Liquid Institutional (10-100 Cr/day)
SILVERIETF,ICICIPRAMC - ICICISILVE,INF109KC1Y56,EQ,NORMAL,False,False,PARTIAL,1131,2022-01-31,2026-08-21,4.55,242.87,2732974.9,727303,527950862.67,56589843.34,0.3243,0.3536,-1.165,17.127,0.4541,0,0.0,0,0.0,0,0,0,0,0,Tier 2: Liquid Institutional (10-100 Cr/day)
APLAPOLLO,APL APOLLO TUBES LTD,INE702C01027,EQ,NORMAL,False,True,PARTIAL,2476,2016-08-22,2026-08-21,10.0,2139.0,519724.5,377300,525025423.3,294881737.25,0.3672,0.3819,0.191,6.836,0.578,0,0.0,0,0.0,12,8,1,1,0,Tier 2: Liquid Institutional (10-100 Cr/day)
UBL,UNITED BREWERIES LTD,INE686F01025,EQ,NORMAL,False,True,PARTIAL,2476,2016-08-22,2026-08-21,10.0,1348.9,392981.3,272136,524986472.93,375683679.1,0.2725,0.0901,0.248,6.237,0.4599,0,0.0,0,0.0,11,11,0,0,0,Tier 2: Liquid Institutional (10-100 Cr/day)
FSL,FIRSTSOURCE SOLU. LTD.,INE684F01012,EQ,NORMAL,False,True,PARTIAL,2476,2016-08-22,2026-08-21,10.0,276.05,3552188.5,2235414,524366903.95,247701274.05,0.4412,0.2836,0.685,6.96,0.6986,0,0.0,0,0.0,15,9,0,0,0,Tier 2: Liquid Institutional (10-100 Cr/day)
MAHABANK,BANK OF MAHARASHTRA,INE457A01014,EQ,NORMAL,False,True,PARTIAL,2476,2016-08-22,2026-08-21,10.0,80.26,11389550.2,3857109,522007524.93,73594720.0,0.4371,0.1891,1.32,11.776,0.7789,0,0.0,1,0.04,11,6,0,0,0,Tier 2: Liquid Institutional (10-100 Cr/day)
POONAWALLA,POONAWALLA FINCORP LTD,INE511C01022,EQ,NORMAL,False,True,PARTIAL,2476,2016-08-22,2026-08-21,10.0,490.05,1765629.4,937330,519992250.6,221548787.5,0.4639,0.2666,0.355,6.394,0.9311,0,0.0,26,1.05,7,6,0,0,0,Tier 2: Liquid Institutional (10-100 Cr/day)
ITI,ITI LTD,INE248A01017,EQ,NORMAL,False,True,PARTIAL,2476,2016-08-22,2026-08-21,10.0,279.25,2216921.4,591396,519067144.0,77453405.25,0.5677,0.3819,1.699,10.611,0.6983,0,0.0,1,0.04,9,0,0,0,0,Tier 2: Liquid Institutional (10-100 Cr/day)
CHAMBLFERT,CHAMBAL FERTILIZERS LTD,INE085A01013,EQ,NORMAL,False,True,PARTIAL,2476,2016-08-22,2026-08-21,10.0,431.15,1470565.2,932465,512776664.54,247349368.45,0.3972,0.2662,0.692,7.663,0.5242,0,0.0,0,0.0,18,17,0,0,0,Tier 2: Liquid Institutional (10-100 Cr/day)
GNFC,GUJ NAR VAL FER & CHEM L,INE113A01013,EQ,NORMAL,False,False,PARTIAL,2476,2016-08-22,2026-08-21,10.0,582.8,1105009.2,667364,507604979.91,241001192.75,0.472,0.2644,0.303,7.784,0.8668,0,0.0,0,0.0,12,10,0,0,0,Tier 2: Liquid Institutional (10-100 Cr/day)
DECNGOLD,DECCAN GOLD MINES LTD.,INE945F01025,EQ,NORMAL,False,False,PARTIAL,87,2026-04-20,2026-08-21,0.34,245.67,2621435.7,1669956,507509011.73,322270156.34,0.7745,2.3859,1.332,5.547,0.1971,0,0.0,0,0.0,0,0,0,0,0,Tier 2: Liquid Institutional (10-100 Cr/day)
BLACKBUCK,BLACKBUCK LIMITED,INE0UIZ01018,EQ,NORMAL,False,False,PARTIAL,434,2024-11-22,2026-08-21,1.74,634.3,929741.1,488225,504350672.34,256953379.6,0.5029,0.6415,1.632,10.378,0.3772,0,0.0,5,1.15,0,0,0,0,0,Tier 2: Liquid Institutional (10-100 Cr/day)
ONESOURCE,ONESOURCE SPECL PHARMA L,INE013P01021,EQ,NORMAL,False,True,PARTIAL,390,2025-01-24,2026-08-21,1.57,1535.0,308248.4,185621,500806729.65,311214177.0,0.4483,0.0313,-0.332,10.263,0.4931,0,0.0,1,0.26,0,0,0,0,0,Tier 2: Liquid Institutional (10-100 Cr/day)
HBLENGINE,HBL ENGINEERING LTD,INE292B01021,EQ,NORMAL,False,True,PARTIAL,2476,2016-08-22,2026-08-21,10.0,702.55,1731801.1,850355,498990235.73,78310643.2,0.5293,0.4503,0.904,6.736,0.8629,0,0.0,0,0.0,12,12,0,0,0,Tier 2: Liquid Institutional (10-100 Cr/day)
ALKEM,ALKEM LABORATORIES LTD.,INE540L01014,EQ,NORMAL,False,True,PARTIAL,2476,2016-08-22,2026-08-21,10.0,5400.0,127466.7,84798,497394484.63,299504360.0,0.2511,0.1603,0.43,8.649,0.2831,0,0.0,0,0.0,20,20,0,0,0,Tier 2: Liquid Institutional (10-100 Cr/day)
BERGEPAINT,BERGER PAINTS (I) LTD,INE463A01038,EQ,NORMAL,False,True,PARTIAL,2476,2016-08-22,2026-08-21,10.0,524.4,1106292.4,814367,495334027.55,343242197.5,0.2804,0.134,0.216,6.804,0.4388,0,0.0,0,0.0,12,11,0,1,0,Tier 2: Liquid Institutional (10-100 Cr/day)
CESC,CESC LTD,INE486A01021,EQ,NORMAL,False,True,PARTIAL,2476,2016-08-22,2026-08-21,10.0,155.09,4964661.2,3462100,492760933.52,307391362.5,0.3273,0.155,0.124,8.005,0.6328,0,0.0,0,0.0,21,11,1,0,0,Tier 2: Liquid Institutional (10-100 Cr/day)
SWANCORP,SWAN CORP LIMITED,INE665A01038,EQ,NORMAL,False,True,PARTIAL,2476,2016-08-22,2026-08-21,10.0,303.85,1105890.1,283093,491014152.08,45906404.0,0.496,0.2788,1.237,12.645,0.6189,0,0.0,3,0.12,11,10,0,0,0,Tier 2: Liquid Institutional (10-100 Cr/day)
AARTIIND,AARTI INDUSTRIES LTD,INE769A01020,EQ,NORMAL,False,True,PARTIAL,2476,2016-08-22,2026-08-21,10.0,527.2,850627.1,543844,489208934.37,307947216.15,0.3412,0.1862,0.19,7.565,0.706,1,0.04,0,0.0,22,15,0,2,0,Tier 2: Liquid Institutional (10-100 Cr/day)
DALBHARAT,DALMIA BHARAT LIMITED,INE00R701025,EQ,NORMAL,False,True,PARTIAL,1870,2019-02-05,2026-08-21,7.54,1880.0,281987.3,214277,489205810.89,361658840.5,0.3413,0.1375,-0.323,9.572,0.6633,0,0.0,0,0.0,14,13,0,0,0,Tier 2: Liquid Institutional (10-100 Cr/day)
CCAVENUE,AVENUESAI LIMITED,INE483S01020,EQ,NORMAL,False,False,PARTIAL,2476,2016-08-22,2026-08-21,10.0,15.16,21303609.4,12361641,489055322.68,228157836.2,0.5704,0.162,-2.563,71.785,0.8854,0,0.0,2,0.08,17,7,1,2,1,Tier 2: Liquid Institutional (10-100 Cr/day)
RUBICON,RUBICON RESEARCH LIMITED,INE506V01022,EQ,NORMAL,False,False,PARTIAL,210,2025-10-16,2026-08-21,0.85,1724.7,523905.7,213015,488031754.71,194816890.8,0.458,1.3219,1.456,8.224,0.171,0,0.0,0,0.0,1,1,0,0,0,Tier 2: Liquid Institutional (10-100 Cr/day)
TATAGOLD,TATAAML-TATAGOLD,INF277KA1976,EQ,NORMAL,False,False,PARTIAL,644,2024-01-17,2026-08-21,2.59,15.41,35720242.0,9561419,487813997.2,89859903.7,0.2412,0.3333,-1.295,20.103,0.2471,0,0.0,0,0.0,0,0,0,0,0,Tier 2: Liquid Institutional (10-100 Cr/day)
SWSOLAR,STRLNG & WIL REN ENE LTD,INE00M201021,EQ,NORMAL,False,False,PARTIAL,1739,2019-08-20,2026-08-21,7.0,192.17,1419726.8,778247,485638350.02,242205080.1,0.5133,-0.0612,0.249,7.44,0.899,0,0.0,35,2.01,1,1,0,0,0,Tier 2: Liquid Institutional (10-100 Cr/day)
BLS,BLS INTL SERVS LTD,INE153T01027,EQ,NORMAL,False,True,PARTIAL,2476,2016-08-22,2026-08-21,10.0,271.29,2207331.8,1035092,480177985.16,84920926.0,0.526,0.3815,0.818,8.408,0.9021,0,0.0,4,0.16,20,16,1,2,0,Tier 2: Liquid Institutional (10-100 Cr/day)
STAR,STRIDES PHARMA SCI LTD,INE939A01011,EQ,NORMAL,False,False,PARTIAL,2476,2016-08-22,2026-08-21,10.0,986.2,844491.6,468014,480082411.38,304144867.6,0.4698,0.1215,-2.133,52.222,0.7792,0,0.0,1,0.04,12,10,0,0,0,Tier 2: Liquid Institutional (10-100 Cr/day)
RITES,RITES LIMITED,INE320J01015,EQ,NORMAL,False,True,PARTIAL,2016,2018-07-02,2026-08-21,8.14,218.08,2053326.8,821088,479464804.99,131631404.4,0.4064,0.199,0.817,10.531,0.5621,0,0.0,0,0.0,35,30,0,2,0,Tier 2: Liquid Institutional (10-100 Cr/day)
NATCOPHARM,NATCO PHARMA LTD.,INE987B01026,EQ,NORMAL,False,True,PARTIAL,2476,2016-08-22,2026-08-21,10.0,882.4,528090.8,315429,476088822.12,251217221.85,0.3407,0.0884,0.183,14.915,0.5677,0,0.0,0,0.0,37,29,0,0,0,Tier 2: Liquid Institutional (10-100 Cr/day)
SEDEMAC,SEDEMAC MECHATRONICS LTD,INE00XB01019,EQ,NORMAL,False,False,PARTIAL,111,2026-03-11,2026-08-21,0.45,3253.1,220941.5,130010,473867291.52,307804179.6,0.466,1.9614,0.814,4.565,0.0942,0,0.0,0,0.0,0,0,0,0,0,Tier 2: Liquid Institutional (10-100 Cr/day)
PHOENIXLTD,THE PHOENIX MILLS LTD,INE211B01039,EQ,NORMAL,False,True,PARTIAL,2476,2016-08-22,2026-08-21,10.0,1930.0,478459.3,318066,468477465.49,168369684.0,0.3815,0.3057,0.323,7.155,0.4813,0,0.0,0,0.0,11,9,0,1,0,Tier 2: Liquid Institutional (10-100 Cr/day)
PCBL,PCBL CHEMICAL LIMITED,INE602A01031,EQ,NORMAL,False,True,PARTIAL,2476,2016-08-22,2026-08-21,10.0,317.55,2826147.2,1666452,467955576.71,203175007.2,0.4734,0.3915,0.708,6.581,0.8178,0,0.0,2,0.08,21,12,2,0,0,Tier 2: Liquid Institutional (10-100 Cr/day)
BALUFORGE,BALU FORGE INDUSTRIES LTD,INE011E01029,EQ,NORMAL,False,False,PARTIAL,576,2024-04-29,2026-08-21,2.31,555.4,835224.6,543269,467131429.74,300706570.95,0.5831,0.4736,0.924,6.501,0.583,0,0.0,0,0.0,3,2,0,0,0,Tier 2: Liquid Institutional (10-100 Cr/day)
ACMESOLAR,ACME SOLAR HOLDINGS LTD,INE622W01025,EQ,NORMAL,False,True,PARTIAL,439,2024-11-13,2026-08-21,1.77,401.6,1676616.0,1010837,466379746.0,255018936.3,0.4569,0.369,0.425,4.547,0.3811,0,0.0,0,0.0,2,2,0,0,0,Tier 2: Liquid Institutional (10-100 Cr/day)
RAIN,RAIN INDUSTRIES LIMITED,INE855B01025,EQ,NORMAL,False,False,PARTIAL,2476,2016-08-22,2026-08-21,10.0,208.61,2537621.3,1526452,460422338.75,224137576.2,0.5048,0.2885,0.466,6.561,0.8981,0,0.0,5,0.2,17,12,0,0,0,Tier 2: Liquid Institutional (10-100 Cr/day)
ACUTAAS,ACUTAAS CHEMICALS LIMITED,INE00FF01025,EQ,NORMAL,False,True,PARTIAL,1226,2021-09-14,2026-08-21,4.93,3169.0,450093.9,268108,459432603.02,222280397.6,0.4517,0.4945,0.788,8.916,0.4215,0,0.0,0,0.0,7,4,1,0,0,Tier 2: Liquid Institutional (10-100 Cr/day)
REDINGTON,REDINGTON LIMITED,INE891D01026,EQ,NORMAL,False,True,PARTIAL,2476,2016-08-22,2026-08-21,10.0,350.55,2442691.4,1223496,457792931.2,157257372.0,0.4508,0.2915,1.132,10.649,0.6961,0,0.0,0,0.0,16,12,0,1,0,Tier 2: Liquid Institutional (10-100 Cr/day)
LALPATHLAB,DR. LAL PATH LABS LTD.,INE600L01024,EQ,NORMAL,False,True,PARTIAL,2476,2016-08-22,2026-08-21,10.0,1894.2,383405.2,261788,457611472.67,299291524.0,0.3285,0.1969,0.518,6.941,0.5771,0,0.0,0,0.0,28,27,0,1,0,Tier 2: Liquid Institutional (10-100 Cr/day)
ARSSBL,ANAND RATHI SH N STK BR L,INE549H01021,EQ,NORMAL,False,False,PARTIAL,221,2025-09-30,2026-08-21,0.89,511.7,802227.5,403177,455539221.38,214322491.25,0.4508,0.2586,0.665,5.329,0.4598,0,0.0,0,0.0,1,1,0,0,0,Tier 2: Liquid Institutional (10-100 Cr/day)
ANANTRAJ,ANANT RAJ LIMITED,INE242C01024,EQ,NORMAL,False,True,PARTIAL,2476,2016-08-22,2026-08-21,10.0,625.0,1723716.0,1079305,454033766.5,69089831.8,0.5098,0.4288,0.377,7.711,0.8239,1,0.04,4,0.16,13,12,0,0,0,Tier 2: Liquid Institutional (10-100 Cr/day)
RADICO,RADICO KHAITAN LTD,INE944F01028,EQ,NORMAL,False,True,PARTIAL,2476,2016-08-22,2026-08-21,10.0,4639.8,570062.7,319553,453280721.07,240583142.4,0.4093,0.4757,0.418,6.896,0.5063,0,0.0,1,0.04,10,10,0,0,0,Tier 2: Liquid Institutional (10-100 Cr/day)
INOXWIND,INOX WIND LIMITED,INE066P01011,EQ,NORMAL,False,True,PARTIAL,2476,2016-08-22,2026-08-21,10.0,73.6,4385051.6,1870836,452835768.68,54366836.4,0.5352,0.1831,0.969,7.725,0.9252,0,0.0,3,0.12,9,0,0,1,1,Tier 2: Liquid Institutional (10-100 Cr/day)
MOTILALOFS,MOTILAL OSWAL FIN LTD,INE338I01027,EQ,NORMAL,False,True,PARTIAL,2476,2016-08-22,2026-08-21,10.0,990.0,985967.5,567116,452319775.13,128534796.8,0.4235,0.3038,0.434,6.681,0.7104,0,0.0,0,0.0,18,16,0,1,0,Tier 2: Liquid Institutional (10-100 Cr/day)
ZAGGLE,ZAGGLE PREPA OCEAN SER L,INE07K301024,EQ,NORMAL,False,False,PARTIAL,723,2023-09-22,2026-08-21,2.91,200.12,1536856.1,829886,451916837.2,259923378.6,0.5692,0.2425,0.434,8.374,0.7241,0,0.0,2,0.28,1,0,0,0,0,Tier 2: Liquid Institutional (10-100 Cr/day)
360ONE,360 ONE WAM LIMITED,INE466L01038,EQ,NORMAL,False,True,PARTIAL,1718,2019-09-19,2026-08-21,6.92,1199.0,554970.7,266993,449937673.19,124361916.2,0.3875,0.2701,0.061,6.983,0.5148,0,0.0,2,0.12,24,19,1,1,0,Tier 2: Liquid Institutional (10-100 Cr/day)
RCF,RASHTRIYA CHEMICALS & FER,INE027A01015,EQ,NORMAL,False,False,PARTIAL,2476,2016-08-22,2026-08-21,10.0,118.16,3846478.2,2038409,444662947.75,194080632.2,0.4495,0.187,0.906,9.499,0.792,0,0.0,0,0.0,17,14,0,0,0,Tier 2: Liquid Institutional (10-100 Cr/day)
PACEDIGITK,PACE DIGITEK LIMITED,INE0S3G01027,EQ,NORMAL,False,False,PARTIAL,218,2025-10-06,2026-08-21,0.87,180.69,2211378.6,1128649,442137319.79,216573784.1,0.4306,-0.1262,0.472,4.867,0.3782,0,0.0,0,0.0,0,0,0,0,0,Tier 2: Liquid Institutional (10-100 Cr/day)
NAM-INDIA,NIPPON L I A M LTD,INE298J01013,EQ,NORMAL,False,True,PARTIAL,2179,2017-11-06,2026-08-21,8.79,1251.0,983613.3,686938,441592495.68,280925645.0,0.4058,0.2534,0.394,9.648,0.5981,0,0.0,0,0.0,18,18,0,0,0,Tier 2: Liquid Institutional (10-100 Cr/day)
SUDEEPPHRM,SUDEEP PHARMA LIMITED,INE0QPI01025,EQ,NORMAL,False,False,PARTIAL,181,2025-11-28,2026-08-21,0.73,1111.8,585521.7,168197,441050509.91,104036155.2,0.4773,0.6188,0.728,4.503,0.3154,0,0.0,0,0.0,1,1,0,0,0,Tier 2: Liquid Institutional (10-100 Cr/day)
OSWALPUMPS,OSWAL PUMPS LIMITED,INE0BYP01024,EQ,NORMAL,False,False,PARTIAL,291,2025-06-20,2026-08-21,1.17,299.6,840718.2,533386,440921469.65,244030647.3,0.4578,-0.5342,0.189,2.787,0.6683,0,0.0,0,0.0,0,0,0,0,0,Tier 2: Liquid Institutional (10-100 Cr/day)
HCC,HINDUSTAN CONSTRUCTION CO,INE549A01026,EQ,NORMAL,False,False,PARTIAL,2476,2016-08-22,2026-08-21,10.0,21.03,17290494.8,8692004,439161563.11,170660215.0,0.6117,0.1806,0.729,8.336,0.9229,0,0.0,8,0.32,11,0,0,0,3,Tier 2: Liquid Institutional (10-100 Cr/day)
SHREEJISPG,SHREEJI SHIPPING GLOBAL L,INE1B6101010,EQ,NORMAL,False,False,PARTIAL,245,2025-08-26,2026-08-21,0.99,620.55,1136998.5,772903,438635472.43,336251387.7,0.433,1.012,0.538,4.371,0.2243,0,0.0,0,0.0,1,1,0,0,0,Tier 2: Liquid Institutional (10-100 Cr/day)
HDFCSILVER,HDFCAMC - HDFCSILVER,INF179KC1DI2,EQ,NORMAL,False,False,PARTIAL,982,2022-09-07,2026-08-21,3.95,232.67,2143504.2,351763,437063216.53,29751952.02,0.362,0.4472,-0.716,14.959,0.4602,0,0.0,0,0.0,0,0,0,0,0,Tier 2: Liquid Institutional (10-100 Cr/day)
CASTROLIND,CASTROL INDIA LIMITED,INE172A01027,EQ,NORMAL,False,True,PARTIAL,2476,2016-08-22,2026-08-21,10.0,187.77,2332276.2,1292932,435729743.5,200804399.4,0.3048,0.0354,0.753,10.64,0.6298,0,0.0,0,0.0,22,21,0,1,0,Tier 2: Liquid Institutional (10-100 Cr/day)
SENCO,SENCO GOLD LIMITED,INE602W01027,EQ,NORMAL,False,False,PARTIAL,771,2023-07-14,2026-08-21,3.1,345.4,1157707.5,611043,430738833.34,222897906.3,0.4673,0.2833,0.299,10.054,0.6783,0,0.0,2,0.26,6,4,1,0,0,Tier 2: Liquid Institutional (10-100 Cr/day)
COROMANDEL,COROMANDEL INTERNTL. LTD,INE169A01031,EQ,NORMAL,False,True,PARTIAL,2476,2016-08-22,2026-08-21,10.0,1996.1,385454.9,287196,430701300.16,261717075.2,0.3066,0.2487,0.102,5.07,0.4079,0,0.0,0,0.0,19,17,0,0,0,Tier 2: Liquid Institutional (10-100 Cr/day)
GVT&D,GE VERNOVA T&D INDIA LTD,INE200A01026,EQ,NORMAL,False,True,PARTIAL,2476,2016-08-22,2026-08-21,10.0,4127.2,235449.1,89108,429153018.09,18856737.9,0.4482,0.3585,0.782,6.901,0.8721,0,0.0,12,0.48,10,6,0,0,0,Tier 2: Liquid Institutional (10-100 Cr/day)
UJJIVANSFB,UJJIVAN SMALL FINANC BANK,INE551W01018,EQ,NORMAL,False,False,PARTIAL,1663,2019-12-12,2026-08-21,6.69,72.07,9428078.8,6161845,426706793.58,246875779.5,0.4291,0.1295,0.718,10.225,0.7665,0,0.0,0,0.0,3,3,0,0,0,Tier 2: Liquid Institutional (10-100 Cr/day)
CRIZAC,CRIZAC LIMITED,INE0S4R01014,EQ,NORMAL,False,False,PARTIAL,278,2025-07-09,2026-08-21,1.12,172.84,1358368.0,302264,425296681.71,72289169.7,0.4511,-0.4237,0.782,4.972,0.5422,0,0.0,0,0.0,1,1,0,0,0,Tier 2: Liquid Institutional (10-100 Cr/day)
GUJENERGY,GUJARAT ENERGY LIMITED,INE844O01030,EQ,NORMAL,False,False,PARTIAL,2476,2016-08-22,2026-08-21,10.0,263.35,957714.4,649489,424396231.12,228109856.4,0.3213,0.1217,0.39,8.223,0.6592,0,0.0,0,0.0,12,10,1,0,0,Tier 2: Liquid Institutional (10-100 Cr/day)
LOTUSDEV,SRI LOTUS DEVLPRS N RTY L,INE0V9Q01010,BE,NORMAL,False,False,PARTIAL,258,2025-08-06,2026-08-21,1.04,164.81,2410000.0,928459,424071738.85,147269489.22,0.4368,-0.0739,0.462,4.055,0.5097,0,0.0,0,0.0,0,0,0,0,0,Tier 2: Liquid Institutional (10-100 Cr/day)
IPCALAB,IPCA LABORATORIES LTD,INE571A01038,EQ,NORMAL,False,True,PARTIAL,2476,2016-08-22,2026-08-21,10.0,1911.2,484074.3,302398,423273883.3,253749099.65,0.3164,0.2544,0.728,9.012,0.4882,0,0.0,0,0.0,16,12,1,0,0,Tier 2: Liquid Institutional (10-100 Cr/day)
IIFL,IIFL FINANCE LIMITED,INE530B01024,EQ,NORMAL,False,True,PARTIAL,2476,2016-08-22,2026-08-21,10.0,679.8,1023299.8,454331,421431483.17,153408302.5,0.5144,0.233,-1.284,34.143,0.9283,0,0.0,6,0.24,20,9,0,0,1,Tier 2: Liquid Institutional (10-100 Cr/day)
AEROFLEX,AEROFLEX INDUSTRIES LTD,INE024001021,EQ,NORMAL,False,False,PARTIAL,738,2023-08-31,2026-08-21,2.97,503.0,1830516.2,845462,421043266.53,148629085.99,0.5239,0.5195,0.904,6.937,0.4041,0,0.0,0,0.0,4,3,0,0,0,Tier 2: Liquid Institutional (10-100 Cr/day)
AFFLE,AFFLE 3I LIMITED,INE00WC01027,EQ,NORMAL,False,True,PARTIAL,1745,2019-08-08,2026-08-21,7.04,1718.7,414755.0,251302,415085480.13,271100478.8,0.4095,0.4131,0.852,6.364,0.5828,0,0.0,13,0.74,1,0,1,0,0,Tier 2: Liquid Institutional (10-100 Cr/day)
APARINDS,APAR INDUSTRIES LTD.,INE372A01015,EQ,NORMAL,False,True,PARTIAL,2476,2016-08-22,2026-08-21,10.0,16856.0,98886.8,51851,414897193.27,45891049.95,0.4286,0.4339,0.985,12.225,0.7244,0,0.0,0,0.0,11,9,0,0,0,Tier 2: Liquid Institutional (10-100 Cr/day)
SUPREMEIND,SUPREME INDUSTRIES LTD,INE195A01028,EQ,NORMAL,False,True,PARTIAL,2476,2016-08-22,2026-08-21,10.0,3642.0,132820.7,78303,414400627.73,148932154.5,0.3187,0.1811,0.419,6.241,0.4969,0,0.0,0,0.0,21,20,0,0,0,Tier 2: Liquid Institutional (10-100 Cr/day)
MEDANTA,GLOBAL HEALTH LIMITED,INE474Q01031,EQ,NORMAL,False,True,PARTIAL,941,2017-01-06,2026-08-21,9.62,1409.7,468923.2,254646,411633685.14,255761066.9,3.0703,1.9684,30.057,915.479,0.3537,0,0.0,3,0.32,2,2,0,0,0,Tier 2: Liquid Institutional (10-100 Cr/day)
ZENSARTECH,ZENSAR TECHNOLOGIES  LTD,INE520A01027,EQ,NORMAL,False,True,PARTIAL,2476,2016-08-22,2026-08-21,10.0,483.55,846847.0,355079,411384951.26,129458396.6,0.4074,0.1647,0.803,10.827,0.7996,0,0.0,0,0.0,22,20,1,0,0,Tier 2: Liquid Institutional (10-100 Cr/day)
CANFINHOME,CAN FIN HOMES LTD,INE477A01020,EQ,NORMAL,False,True,PARTIAL,2476,2016-08-22,2026-08-21,10.0,830.45,763357.7,494610,411238387.97,269272251.0,0.3864,0.1829,0.142,8.945,0.6591,0,0.0,0,0.0,16,15,1,0,0,Tier 2: Liquid Institutional (10-100 Cr/day)
MSUMI,MOTHERSON SUMI WRNG IND L,INE0FS801015,EQ,NORMAL,False,True,PARTIAL,1093,2022-03-28,2026-08-21,4.4,38.36,10186995.3,7247039,410251910.92,288819217.35,0.293,0.1032,0.528,4.501,0.4032,0,0.0,0,0.0,8,6,0,2,0,Tier 2: Liquid Institutional (10-100 Cr/day)
CUPID,CUPID LIMITED,INE509F01029,EQ,NORMAL,False,False,PARTIAL,2458,2016-09-16,2026-08-21,9.93,284.58,11203911.6,4685200,409796008.87,13927050.0,0.5139,0.6143,0.701,8.89,0.7,0,0.0,81,3.3,19,14,1,3,0,Tier 2: Liquid Institutional (10-100 Cr/day)
RCOM,RELIANCE COMMUNICATIONS L,INE330H01018,BE,NORMAL,False,False,PARTIAL,2181,2016-08-22,2026-08-21,10.0,0.8,27453427.1,7924334,408076397.75,15377049.36,0.6867,-0.2491,1.523,23.602,0.9898,0,0.0,294,13.48,3,0,0,0,0,Tier 2: Liquid Institutional (10-100 Cr/day)
LXCHEM,LAXMI ORGANIC INDUS LTD,INE576O01020,EQ,NORMAL,False,False,PARTIAL,1341,2021-03-25,2026-08-21,5.41,173.21,1454379.4,657600,408070513.34,170836970.4,0.4191,0.096,1.116,7.89,0.8192,0,0.0,3,0.22,6,6,0,0,0,Tier 2: Liquid Institutional (10-100 Cr/day)
TATAINVEST,TATA INVESTMENT CORP LTD,INE672A01026,EQ,NORMAL,False,True,PARTIAL,2476,2016-08-22,2026-08-21,10.0,647.95,906900.6,288490,407526757.35,46461640.0,0.3652,0.3219,1.883,18.612,0.4885,0,0.0,46,1.86,12,10,1,0,0,Tier 2: Liquid Institutional (10-100 Cr/day)
INOXINDIA,INOX INDIA LIMITED,INE616N01034,EQ,NORMAL,False,False,PARTIAL,662,2023-12-21,2026-08-21,2.67,1930.2,342796.6,138039,407054855.99,164081970.0,0.3749,0.3437,0.851,6.137,0.3903,0,0.0,0,0.0,2,2,0,0,0,Tier 2: Liquid Institutional (10-100 Cr/day)
INDGN,INDEGENE LIMITED,INE065X01017,EQ,NORMAL,False,True,PARTIAL,567,2024-05-13,2026-08-21,2.27,567.8,704187.9,333437,406794412.46,192696062.0,0.3543,0.0599,0.498,7.233,0.422,0,0.0,0,0.0,3,2,0,0,0,Tier 2: Liquid Institutional (10-100 Cr/day)
NLCINDIA,NLC INDIA LIMITED,INE589A01014,EQ,NORMAL,False,True,PARTIAL,2476,2016-08-22,2026-08-21,10.0,269.8,2548314.8,1161847,404874918.66,119554340.9,0.4003,0.2051,0.413,8.696,0.6737,0,0.0,0,0.0,22,17,0,0,0,Tier 2: Liquid Institutional (10-100 Cr/day)
STARHEALTH,STAR HEALTH & AL INS CO L,INE575P01011,EQ,NORMAL,False,True,PARTIAL,1207,2016-08-22,2026-08-21,10.0,578.5,756274.0,460978,403358546.32,247258250.6,0.3077,-0.0743,0.299,7.997,0.7003,2,0.17,34,2.82,0,0,0,0,0,Tier 2: Liquid Institutional (10-100 Cr/day)
JUBLINGREA,JUBILANT INGREVIA LIMITED,INE0BY001018,EQ,NORMAL,False,True,PARTIAL,1345,2021-03-19,2026-08-21,5.42,718.35,661632.0,351763,403264960.41,195636714.0,0.4429,0.2806,1.084,7.717,0.5575,0,0.0,3,0.22,11,11,0,0,0,Tier 2: Liquid Institutional (10-100 Cr/day)
EDELWEISS,EDELWEISS FIN SERV LTD,INE532F01054,EQ,NORMAL,False,False,PARTIAL,2476,2016-08-22,2026-08-21,10.0,128.68,4425303.7,2874138,401764267.28,252196304.85,0.5139,0.1868,0.172,5.918,0.9065,0,0.0,12,0.48,16,14,0,0,0,Tier 2: Liquid Institutional (10-100 Cr/day)
PRAJIND,PRAJ INDUSTRIES LTD,INE074A01025,EQ,NORMAL,False,False,PARTIAL,2476,2016-08-22,2026-08-21,10.0,344.35,1461300.7,774988,399290449.51,197436930.0,0.4587,0.2383,0.713,7.034,0.7237,0,0.0,0,0.0,12,11,0,0,0,Tier 2: Liquid Institutional (10-100 Cr/day)
IDEAFORGE,IDEAFORGE TECHNO LTD,INE349Y01013,EQ,NORMAL,False,False,PARTIAL,776,2023-07-07,2026-08-21,3.12,812.5,613224.7,228905,398521075.4,141352639.45,0.5077,-0.0259,1.311,8.992,0.7495,0,0.0,1,0.13,0,0,0,0,0,Tier 2: Liquid Institutional (10-100 Cr/day)
AVANTIFEED,AVANTI FEEDS LIMITED,INE871C01038,EQ,NORMAL,False,False,PARTIAL,2476,2016-08-22,2026-08-21,10.0,847.5,614311.0,299326,397792594.82,157990644.35,0.4617,0.2554,1.252,10.378,0.7287,0,0.0,0,0.0,13,11,1,0,0,Tier 2: Liquid Institutional (10-100 Cr/day)
CLEANMAX,CLEAN MAX ENVIRO EN SOL L,INE647U01026,EQ,NORMAL,False,False,PARTIAL,117,2026-03-02,2026-08-21,0.47,1266.9,358338.9,216063,396606131.31,226446770.4,0.5368,0.9664,0.04,3.013,0.2011,0,0.0,0,0.0,0,0,0,0,0,Tier 2: Liquid Institutional (10-100 Cr/day)
ORIENTTECH,ORIENT TECHNOLOGIES LTD,INE0PPK01015,EQ,NORMAL,False,False,PARTIAL,493,2024-08-28,2026-08-21,1.98,243.65,1066925.7,302667,395942895.61,90267373.2,0.6027,0.1141,1.33,7.756,0.6278,0,0.0,5,1.01,2,1,0,1,0,Tier 2: Liquid Institutional (10-100 Cr/day)
AMAGI,AMAGI MEDIA LABS LIMITED,INE121R01077,EQ,NORMAL,False,False,PARTIAL,145,2026-01-21,2026-08-21,0.58,599.85,848379.3,277606,393669234.04,118175493.0,0.5021,1.0761,0.836,5.26,0.2402,0,0.0,0,0.0,0,0,0,0,0,Tier 2: Liquid Institutional (10-100 Cr/day)
CREDITACC,CREDITACCESS GRAMEEN LTD,INE741K01010,EQ,NORMAL,False,True,PARTIAL,1980,2018-08-23,2026-08-21,7.99,1496.1,370039.3,153500,392283243.68,141153924.3,0.4453,0.2592,0.69,8.043,0.6832,0,0.0,7,0.35,3,1,0,0,0,Tier 2: Liquid Institutional (10-100 Cr/day)
AEGISLOG,AEGIS LOGISTICS LIMITED,INE208C01025,EQ,NORMAL,False,True,PARTIAL,2476,2016-08-22,2026-08-21,10.0,1417.9,732657.7,313557,392273034.45,99134811.0,0.4661,0.3631,0.965,7.516,0.6129,1,0.04,0,0.0,23,22,0,0,0,Tier 2: Liquid Institutional (10-100 Cr/day)
CYIENT,CYIENT LIMITED,INE136B01020,EQ,NORMAL,False,True,PARTIAL,2476,2016-08-22,2026-08-21,10.0,892.65,409783.2,244279,391586802.4,205390693.2,0.3652,0.1236,0.244,12.548,0.7857,0,0.0,0,0.0,24,19,0,0,0,Tier 2: Liquid Institutional (10-100 Cr/day)
IOB,INDIAN OVERSEAS BANK,INE565A01014,EQ,NORMAL,False,True,PARTIAL,2476,2016-08-22,2026-08-21,10.0,33.01,10536549.3,3192118,390362598.68,71656951.6,0.4452,0.1177,1.809,14.056,0.7873,0,0.0,1,0.04,8,0,0,0,0,Tier 2: Liquid Institutional (10-100 Cr/day)
DOMS,DOMS INDUSTRIES LIMITED,INE321T01012,EQ,NORMAL,False,True,PARTIAL,663,2023-12-20,2026-08-21,2.67,2206.3,178672.3,70607,389978256.53,165625284.6,0.3634,0.2591,0.679,6.243,0.3301,0,0.0,0,0.0,2,2,0,0,0,Tier 2: Liquid Institutional (10-100 Cr/day)
PROTEAN,PROTEAN EGOV TECHNO LTD,INE004A01022,EQ,NORMAL,False,False,PARTIAL,380,2025-02-06,2026-08-21,1.54,551.05,460195.4,276533,389977169.26,219743336.5,0.4596,-0.5467,0.754,16.653,0.6965,0,0.0,0,0.0,1,1,0,0,0,Tier 2: Liquid Institutional (10-100 Cr/day)
AASTHA,AASTHA SPINTEX LIMITED,INE2FMX01012,EQ,NORMAL,False,False,PARTIAL,35,2026-07-06,2026-08-21,0.13,73.03,3875476.4,977862,389242428.45,104971953.73,1.1904,-3.8844,-0.031,4.662,0.4649,0,0.0,4,11.43,0,0,0,0,0,Tier 2: Liquid Institutional (10-100 Cr/day)
PGEL,PG ELECTROPLAST LTD,INE457L01029,EQ,NORMAL,False,True,PARTIAL,2476,2016-08-22,2026-08-21,10.0,600.55,1247806.1,591880,388370350.3,25042447.5,0.603,0.5401,1.098,7.694,0.9413,0,0.0,38,1.53,11,2,1,0,0,Tier 2: Liquid Institutional (10-100 Cr/day)
GODIGIT,GO DIGIT GENERAL INS LTD,INE03JT01014,EQ,NORMAL,False,True,PARTIAL,559,2024-05-23,2026-08-21,2.25,262.9,1184766.3,435801,387620766.52,147612169.2,0.3415,-0.0111,1.033,9.122,0.3834,0,0.0,0,0.0,0,0,0,0,0,Tier 2: Liquid Institutional (10-100 Cr/day)
AADHARHFC,AADHAR HOUSING FINANCE L,INE883F01010,EQ,NORMAL,False,True,PARTIAL,565,2024-05-15,2026-08-21,2.27,462.55,913555.9,437605,387375228.29,201575484.0,0.3331,0.2065,0.656,4.435,0.2866,0,0.0,0,0.0,0,0,0,0,0,Tier 2: Liquid Institutional (10-100 Cr/day)
CUB,CITY UNION BANK LTD,INE491A01021,EQ,NORMAL,False,True,PARTIAL,2476,2016-08-22,2026-08-21,10.0,217.3,3040458.7,2037637,386330400.61,260230210.8,0.339,0.1561,-0.182,9.866,0.5487,0,0.0,0,0.0,14,11,0,3,0,Tier 2: Liquid Institutional (10-100 Cr/day)
RAMCOCEM,THE RAMCO CEMENTS LIMITED,INE331A01037,EQ,NORMAL,False,True,PARTIAL,2476,2016-08-22,2026-08-21,10.0,899.05,470719.3,331592,385414753.55,270780613.2,0.2896,0.0914,-0.037,7.913,0.4823,0,0.0,0,0.0,12,10,0,0,0,Tier 2: Liquid Institutional (10-100 Cr/day)
LATENTVIEW,LATENT VIEW ANALYTICS LTD,INE0I7C01011,EQ,NORMAL,False,True,PARTIAL,1195,2019-02-22,2026-08-21,7.49,278.1,871182.0,390488,380621196.26,155998696.25,3.0216,1.2692,33.467,1144.091,0.6444,0,0.0,9,0.75,3,0,0,0,0,Tier 2: Liquid Institutional (10-100 Cr/day)
STLTECH,STERLITE TECHNOLOGIES LTD,INE089C01029,BE,NORMAL,False,False,PARTIAL,2476,2016-08-22,2026-08-21,10.0,627.15,2072356.8,1073605,379915336.46,180367406.6,0.5062,0.3249,0.429,8.698,0.8549,0,0.0,10,0.4,10,9,0,0,0,Tier 2: Liquid Institutional (10-100 Cr/day)
NSLNISP,NMDC STEEL LIMITED,INE0NNS01018,EQ,NORMAL,False,True,PARTIAL,868,2023-02-20,2026-08-21,3.5,39.79,7593478.6,4475267,379739983.71,194000589.6,0.4237,0.154,0.933,10.928,0.534,0,0.0,1,0.12,2,0,0,0,0,Tier 2: Liquid Institutional (10-100 Cr/day)
TANLA,TANLA PLATFORMS LIMITED,INE483C01032,EQ,NORMAL,False,False,PARTIAL,2476,2016-08-22,2026-08-21,10.0,570.45,660895.2,328775,378284546.25,129853966.0,0.5064,0.4177,0.617,6.805,0.8169,0,0.0,26,1.05,20,14,0,0,0,Tier 2: Liquid Institutional (10-100 Cr/day)
EPACK,EPACK DURABLE LIMITED,INE0G5901015,EQ,NORMAL,False,False,PARTIAL,636,2024-01-30,2026-08-21,2.56,202.8,1249369.0,573333,376736550.92,167801514.25,0.5079,0.1179,0.652,4.861,0.6919,0,0.0,5,0.79,1,0,0,0,0,Tier 2: Liquid Institutional (10-100 Cr/day)
SBISILVER,SBIAMC - SBISILVER,INF200KB1217,EQ,NORMAL,False,False,PARTIAL,528,2024-07-08,2026-08-21,2.12,238.24,1766492.9,590045,375855714.05,70800267.4,0.4377,0.5556,-1.106,13.312,0.4524,0,0.0,0,0.0,0,0,0,0,0,Tier 2: Liquid Institutional (10-100 Cr/day)
WELCORP,WELSPUN CORP LIMITED,INE191B01025,EQ,NORMAL,False,True,PARTIAL,2476,2016-08-22,2026-08-21,10.0,2311.9,1103734.4,680426,373701718.32,172974682.5,0.4721,0.4481,0.284,6.46,0.7527,1,0.04,3,0.12,12,11,0,0,0,Tier 2: Liquid Institutional (10-100 Cr/day)
ROUTE,ROUTE MOBILE LIMITED,INE450U01017,EQ,NORMAL,False,False,PARTIAL,1994,2016-08-22,2026-08-21,10.0,502.3,313283.1,109628,373411820.63,123556586.65,0.3793,-0.0238,-0.166,36.127,0.8198,1,0.05,56,2.81,18,18,0,0,0,Tier 2: Liquid Institutional (10-100 Cr/day)
SENORES,SENORES PHARMACEUTICALS L,INE0RB801010,EQ,NORMAL,False,False,PARTIAL,409,2024-12-30,2026-08-21,1.64,1513.3,516854.8,263933,371722763.96,207221710.35,0.4744,0.7292,0.424,5.08,0.2299,0,0.0,0,0.0,0,0,0,0,0,Tier 2: Liquid Institutional (10-100 Cr/day)
KEC,KEC INTL. LIMITED,INE389H01022,EQ,NORMAL,False,True,PARTIAL,2476,2016-08-22,2026-08-21,10.0,435.95,670685.8,381194,369058841.06,154654412.8,0.3815,0.1908,0.261,6.91,0.6586,0,0.0,0,0.0,10,10,0,0,0,Tier 2: Liquid Institutional (10-100 Cr/day)
LIQUIDIETF,ICICIPRAMC - ICICILIQ,INF109KC1KT9,EQ,NORMAL,False,False,PARTIAL,1940,2018-09-26,2026-08-21,7.9,999.99,368647.8,177395,368641370.3,177393226.05,0.0045,0.0,-0.066,364.906,0.0099,0,0.0,33,1.7,0,0,0,0,0,Tier 2: Liquid Institutional (10-100 Cr/day)
RIIL,RELIANCE INDUSTRIAL INFRA,INE046A01015,EQ,NORMAL,False,False,PARTIAL,2476,2016-08-22,2026-08-21,10.0,786.1,486879.7,243519,368592419.12,141195504.45,0.4702,0.1703,1.743,13.407,0.7388,0,0.0,0,0.0,10,10,0,0,0,Tier 2: Liquid Institutional (10-100 Cr/day)
METROPOLIS,METROPOLIS HEALTHCARE LTD,INE112L01020,EQ,NORMAL,False,False,PARTIAL,1823,2019-04-15,2026-08-21,7.35,556.95,798550.4,482796,368201393.29,214046582.4,0.3674,0.184,0.036,9.259,0.6555,0,0.0,0,0.0,10,7,0,1,0,Tier 2: Liquid Institutional (10-100 Cr/day)
CLEAN,CLEAN SCIENCE & TECH LTD,INE227W01023,EQ,NORMAL,False,True,PARTIAL,1264,2021-07-19,2026-08-21,5.09,825.5,263580.9,126267,366696322.76,167988832.0,0.33,-0.0761,0.634,5.383,0.7534,0,0.0,0,0.0,8,8,0,0,0,Tier 2: Liquid Institutional (10-100 Cr/day)
KPIGREEN,KPI GREEN ENERGY LIMITED,INE542W01025,EQ,NORMAL,False,False,PARTIAL,1258,2021-07-27,2026-08-21,5.07,312.6,1240123.0,788377,365839923.6,218661224.25,0.5354,0.7632,0.808,4.697,0.5862,0,0.0,13,1.03,24,16,1,3,0,Tier 2: Liquid Institutional (10-100 Cr/day)
CRAMC,CANARA ROBECO AMC LIMITED,INE218I01013,EQ,NORMAL,False,False,PARTIAL,210,2025-10-16,2026-08-21,0.85,264.7,1251430.9,496675,363200751.98,128688492.5,0.4103,-0.0698,0.667,5.074,0.3803,0,0.0,0,0.0,2,2,0,0,0,Tier 2: Liquid Institutional (10-100 Cr/day)
ANANDRATHI,ANAND RATHI WEALTH LTD,INE463V01026,EQ,NORMAL,False,True,PARTIAL,1164,2021-12-14,2026-08-21,4.68,2188.0,481831.3,227260,361302545.3,149486032.0,0.2929,0.6296,1.145,9.213,0.269,0,0.0,0,0.0,13,10,0,2,0,Tier 2: Liquid Institutional (10-100 Cr/day)
UNOMINDA,UNO MINDA LIMITED,INE405E01023,EQ,NORMAL,False,True,PARTIAL,2476,2016-08-22,2026-08-21,10.0,1265.0,665591.7,450044,360855144.84,148924522.5,0.3921,0.422,0.492,7.748,0.5175,0,0.0,0,0.0,25,19,1,1,1,Tier 2: Liquid Institutional (10-100 Cr/day)
GSFC,GUJ STATE FERT & CHEM LTD,INE026A01025,EQ,NORMAL,False,False,PARTIAL,2476,2016-08-22,2026-08-21,10.0,158.23,2265797.0,1356568,359614120.38,180246920.8,0.414,0.1625,0.614,7.299,0.8093,0,0.0,0,0.0,10,10,0,0,0,Tier 2: Liquid Institutional (10-100 Cr/day)
MAPMYINDIA,C.E. INFO SYSTEMS LIMITED,INE0BV301023,EQ,NORMAL,False,True,PARTIAL,1159,2021-12-21,2026-08-21,4.67,983.9,230438.5,98667,359424816.41,153826157.0,0.4056,0.0051,1.13,10.289,0.6835,0,0.0,0,0.0,7,5,0,0,0,Tier 2: Liquid Institutional (10-100 Cr/day)
FLUOROCHEM,GUJARAT FLUOROCHEM LTD,INE09N301011,EQ,NORMAL,False,True,PARTIAL,1702,2019-10-16,2026-08-21,6.85,4621.9,127273.9,81397,359293491.36,225803928.7,0.4118,0.3612,0.287,7.432,0.6692,0,0.0,0,0.0,6,6,0,0,0,Tier 2: Liquid Institutional (10-100 Cr/day)
DEEPAKFERT,DEEPAK FERTILIZERS & PETR,INE501A01019,EQ,NORMAL,False,True,PARTIAL,2476,2016-08-22,2026-08-21,10.0,1449.2,605167.3,335614,358593399.2,157181836.8,0.4728,0.3047,0.819,7.011,0.8702,0,0.0,2,0.08,10,9,0,0,1,Tier 2: Liquid Institutional (10-100 Cr/day)
BOMDYEING,BOMBAY DYEING & MFG. CO L,INE032A01023,EQ,NORMAL,False,False,PARTIAL,2476,2016-08-22,2026-08-21,10.0,111.65,2728768.8,1555824,358557309.4,175205462.4,0.5246,0.2303,0.532,6.017,0.8808,0,0.0,23,0.93,10,7,0,0,0,Tier 2: Liquid Institutional (10-100 Cr/day)
CONCORDBIO,CONCORD BIOTECH LIMITED,INE338H01029,EQ,NORMAL,False,True,PARTIAL,747,2023-08-18,2026-08-21,3.01,1571.3,254369.4,102803,357807662.85,154996892.4,0.4314,0.2647,0.638,11.082,0.6099,0,0.0,0,0.0,4,3,0,0,0,Tier 2: Liquid Institutional (10-100 Cr/day)
JWL,JUPITER WAGONS LIMITED,INE209L01016,EQ,NORMAL,False,True,PARTIAL,2419,2016-08-22,2026-08-21,10.0,247.0,1068379.8,175406,356769024.02,6249531.4,0.5682,0.4537,1.178,8.193,0.7019,0,0.0,18,0.74,14,5,0,0,0,Tier 2: Liquid Institutional (10-100 Cr/day)
SHYAMMETL,SHYAM METALICS AND ENGY L,INE810G01011,EQ,NORMAL,False,True,PARTIAL,1281,2021-06-24,2026-08-21,5.16,984.9,592709.9,309562,355059316.43,178554345.2,0.3373,0.2462,0.303,5.708,0.4261,0,0.0,0,0.0,14,12,0,0,0,Tier 2: Liquid Institutional (10-100 Cr/day)
JMFINANCIL,JM FINANCIAL LIMITED,INE780C01023,EQ,NORMAL,False,True,PARTIAL,2476,2016-08-22,2026-08-21,10.0,128.24,3120732.7,1351608,354693873.62,125792282.05,0.4499,0.1665,0.325,6.827,0.6938,0,0.0,0,0.0,16,16,0,0,0,Tier 2: Liquid Institutional (10-100 Cr/day)
CAMPUS,CAMPUS ACTIVEWEAR LIMITED,INE278Y01022,EQ,NORMAL,False,False,PARTIAL,1066,2022-05-09,2026-08-21,4.28,228.15,1105845.3,508220,350471191.81,149378832.0,0.3464,-0.0606,0.797,9.326,0.6605,0,0.0,0,0.0,6,3,0,0,0,Tier 2: Liquid Institutional (10-100 Cr/day)
NEWGEN,NEWGEN SOFTWARE TECH LTD,INE619B01017,EQ,NORMAL,False,True,PARTIAL,2121,2018-01-29,2026-08-21,8.56,522.7,616984.6,174304,347770708.43,52525521.0,0.4704,0.2787,0.544,9.155,0.7709,0,0.0,2,0.09,10,9,0,1,0,Tier 2: Liquid Institutional (10-100 Cr/day)
KTKBANK,KARNATAKA BANK LIMITED,INE614B01018,EQ,NORMAL,False,False,PARTIAL,2476,2016-08-22,2026-08-21,10.0,328.3,2535447.8,1723646,347542177.05,211592527.12,0.3686,0.173,0.732,8.85,0.787,0,0.0,0,0.0,10,8,0,1,1,Tier 2: Liquid Institutional (10-100 Cr/day)
COHANCE,COHANCE LIFESCIENCES LTD,INE03QK01018,EQ,NORMAL,False,True,PARTIAL,1602,2020-03-09,2026-08-21,6.45,463.0,625118.7,267615,347453536.71,145031296.0,0.4661,0.1694,-2.44,74.022,0.7902,0,0.0,5,0.31,9,5,0,1,0,Tier 2: Liquid Institutional (10-100 Cr/day)
SAMBHV,SAMBHV STEEL TUBES LTD,INE12NJ01018,EQ,NORMAL,False,False,PARTIAL,283,2025-07-02,2026-08-21,1.14,129.35,2943899.8,1084679,347133520.27,116604206.32,0.4615,0.3571,0.497,5.03,0.4109,0,0.0,0,0.0,0,0,0,0,0,Tier 2: Liquid Institutional (10-100 Cr/day)
WAKEFIT,WAKEFIT INNOVATIONS LTD,INE0E7301029,EQ,NORMAL,False,False,PARTIAL,170,2025-12-15,2026-08-21,0.68,141.36,2291205.3,465777,346403296.35,68178969.56,0.5134,-0.332,1.892,11.288,0.4762,0,0.0,0,0.0,0,0,0,0,0,Tier 2: Liquid Institutional (10-100 Cr/day)
LEMONTREE,LEMON TREE HOTELS LTD,INE970X01018,EQ,NORMAL,False,True,PARTIAL,2075,2018-04-09,2026-08-21,8.37,108.33,3714087.2,2372599,343461019.93,212598187.5,0.4244,0.1399,0.295,6.933,0.8362,0,0.0,10,0.48,1,0,0,0,0,Tier 2: Liquid Institutional (10-100 Cr/day)
AVALON,AVALON TECHNOLOGIES LTD,INE0LCL01028,EQ,NORMAL,False,False,PARTIAL,832,2023-04-18,2026-08-21,3.34,2183.8,405524.6,232685,342852435.05,167807118.15,0.4933,0.6356,1.098,8.158,0.3975,0,0.0,0,0.0,0,0,0,0,0,Tier 2: Liquid Institutional (10-100 Cr/day)
VIDYAWIRES,VIDYA WIRES LIMITED,INE14UN01029,EQ,NORMAL,False,False,PARTIAL,173,2025-12-10,2026-08-21,0.7,86.27,4721739.1,1761591,341509075.48,116651273.04,0.5044,0.8353,0.383,3.235,0.2558,0,0.0,1,0.58,0,0,0,0,0,Tier 2: Liquid Institutional (10-100 Cr/day)
BAJAJHLDNG,BAJAJ HOLDINGS & INVS LTD,INE118A01012,EQ,NORMAL,False,True,PARTIAL,2476,2016-08-22,2026-08-21,10.0,11320.0,53468.3,32120,340985280.62,157106349.45,0.3153,0.2377,-0.201,12.493,0.6092,0,0.0,0,0.0,15,15,0,0,0,Tier 2: Liquid Institutional (10-100 Cr/day)
SYNGENE,SYNGENE INTERNATIONAL LTD,INE398R01022,EQ,NORMAL,False,True,PARTIAL,2476,2016-08-22,2026-08-21,10.0,407.25,579589.2,351476,338472840.32,196633068.0,0.2957,0.1103,0.327,7.06,0.5928,0,0.0,0,0.0,10,8,0,1,0,Tier 2: Liquid Institutional (10-100 Cr/day)
RBA,RESTAURANT BRAND ASIA LTD,INE07T201019,EQ,NORMAL,False,False,PARTIAL,1411,2020-12-14,2026-08-21,5.68,104.24,3070315.3,1425653,336001730.83,144834642.0,0.3964,0.0306,1.541,14.253,0.7055,0,0.0,0,0.0,0,0,0,0,0,Tier 2: Liquid Institutional (10-100 Cr/day)
EXCELSOFT,EXCELSOFT TECHNOLOGIES L,INE606N01019,EQ,NORMAL,False,False,PARTIAL,183,2025-11-26,2026-08-21,0.73,70.9,3349951.1,755460,335641208.41,62778401.15,0.5521,-0.6446,0.671,4.75,0.4704,0,0.0,0,0.0,0,0,0,0,0,Tier 2: Liquid Institutional (10-100 Cr/day)
TRITURBINE,TRIVENI TURBINE LIMITED,INE152M01016,EQ,NORMAL,False,True,PARTIAL,2476,2016-08-22,2026-08-21,10.0,574.85,730156.9,244933,331909585.27,47325114.9,0.4475,0.2551,1.134,9.966,0.6875,0,0.0,0,0.0,15,12,0,0,0,Tier 2: Liquid Institutional (10-100 Cr/day)
SILVERCASE,ZERODHAAMC - SILVERCASE,INF0R8F01091,EQ,NORMAL,False,False,PARTIAL,348,2025-03-26,2026-08-21,1.4,24.69,13605940.2,8086233,330738724.94,165907043.84,0.5034,0.7739,-0.922,8.46,0.4611,0,0.0,0,0.0,0,0,0,0,0,Tier 2: Liquid Institutional (10-100 Cr/day)
AIIL,AUTHUM INVEST & INFRA LTD,INE206F01022,EQ,NORMAL,False,True,PARTIAL,580,2024-04-23,2026-08-21,2.33,552.25,699520.2,359183,330331506.32,156475401.0,0.5297,0.613,1.021,7.763,0.3932,0,0.0,0,0.0,4,2,0,1,0,Tier 2: Liquid Institutional (10-100 Cr/day)
TBOTEK,TBO TEK LIMITED,INE673O01025,EQ,NORMAL,False,True,PARTIAL,565,2024-05-15,2026-08-21,2.27,1696.5,225321.5,96338,329765127.4,139799703.5,0.4143,0.1685,0.759,6.359,0.4745,0,0.0,0,0.0,0,0,0,0,0,Tier 2: Liquid Institutional (10-100 Cr/day)
TURTLEMINT,TURTLEMINT FINTECH SOLS L,INE0OC301013,EQ,NORMAL,False,False,PARTIAL,40,2026-06-29,2026-08-21,0.15,149.34,2338229.5,990909,328871000.73,136190532.96,0.6082,0.8123,0.647,2.493,0.2249,0,0.0,0,0.0,0,0,0,0,0,Tier 2: Liquid Institutional (10-100 Cr/day)
DISHTV,DISH TV INDIA LTD.,INE836F01026,EQ,NORMAL,False,False,PARTIAL,2476,2016-08-22,2026-08-21,10.0,2.77,14365290.2,6321528,328078466.43,170619148.4,0.5886,-0.1861,0.728,11.274,0.9832,0,0.0,38,1.53,4,1,0,0,0,Tier 2: Liquid Institutional (10-100 Cr/day)
ABDL,ALLIED BLEND N DISTILS L,INE552Z01027,EQ,NORMAL,False,True,PARTIAL,532,2024-07-02,2026-08-21,2.14,595.0,793557.9,463561,327331492.44,204520175.8,0.4094,0.3805,0.502,3.626,0.4382,0,0.0,0,0.0,2,2,0,0,0,Tier 2: Liquid Institutional (10-100 Cr/day)
VAKRANGEE,VAKRANGEE LIMITED,INE051B01021,EQ,NORMAL,False,False,PARTIAL,2476,2016-08-22,2026-08-21,10.0,5.87,6998475.0,3412264,326893272.24,133389590.5,0.5674,-0.1255,0.428,7.723,0.9907,0,0.0,125,5.05,12,9,0,1,0,Tier 2: Liquid Institutional (10-100 Cr/day)
CENTRALBK,CENTRAL BANK OF INDIA,INE483A01010,EQ,NORMAL,False,True,PARTIAL,2476,2016-08-22,2026-08-21,10.0,31.29,8216475.5,3442833,326674921.93,103869093.6,0.4607,-0.0182,1.129,12.875,0.9156,0,0.0,0,0.0,13,5,0,0,0,Tier 2: Liquid Institutional (10-100 Cr/day)
EXICOM,EXICOM TELE SYSTEMS LTD,INE777F01014,EQ,NORMAL,False,False,PARTIAL,610,2024-03-05,2026-08-21,2.46,159.87,1553171.0,418931,326370453.12,85407060.96,0.6182,0.0446,1.147,6.487,0.853,0,0.0,3,0.49,1,0,0,0,1,Tier 2: Liquid Institutional (10-100 Cr/day)
JSL,JINDAL STAINLESS LIMITED,INE220G01021,EQ,NORMAL,False,True,PARTIAL,2476,2016-08-22,2026-08-21,10.0,701.35,1122980.0,693756,326222193.75,133560101.3,0.4882,0.4566,0.561,7.792,0.8167,0,0.0,0,0.0,16,8,0,0,0,Tier 2: Liquid Institutional (10-100 Cr/day)
DAMCAPITAL,DAM CAPITAL ADVISORS LTD,INE284H01025,EQ,NORMAL,False,False,PARTIAL,410,2024-12-27,2026-08-21,1.65,144.47,1207251.8,575039,325718936.79,107022172.48,0.4814,-0.5342,0.314,4.104,0.7073,0,0.0,0,0.0,1,1,0,0,0,Tier 2: Liquid Institutional (10-100 Cr/day)
AVANTEL,AVANTEL LIMITED,INE005B01027,EQ,NORMAL,False,False,PARTIAL,512,2024-07-31,2026-08-21,2.06,160.22,2005110.8,1116449,325618767.89,162640408.84,0.5024,0.0044,0.701,5.261,0.5036,0,0.0,0,0.0,3,2,0,0,1,Tier 2: Liquid Institutional (10-100 Cr/day)
AEGISVOPAK,AEGIS VOPAK TERMINALS LTD,INE0INX01018,EQ,NORMAL,False,True,PARTIAL,305,2025-06-02,2026-08-21,1.22,276.3,1312112.4,710369,325254872.8,167939571.4,0.4686,0.2181,0.609,4.363,0.449,0,0.0,0,0.0,1,1,0,0,0,Tier 2: Liquid Institutional (10-100 Cr/day)
GREAVESCOT,GREAVES COTTON LTD.,INE224A01026,EQ,NORMAL,False,False,PARTIAL,2476,2016-08-22,2026-08-21,10.0,192.48,1803615.3,850711,324980625.92,121514313.68,0.4315,0.1266,0.759,9.258,0.6176,0,0.0,0,0.0,15,12,0,0,0,Tier 2: Liquid Institutional (10-100 Cr/day)
INOXGREEN,INOX GREEN ENERGY SER LTD,INE510W01014,EQ,NORMAL,False,False,PARTIAL,930,2022-11-23,2026-08-21,3.74,178.34,2379353.9,1443681,324642187.96,176255548.14,0.5274,0.4359,0.969,6.581,0.5256,0,0.0,2,0.22,1,0,0,0,0,Tier 2: Liquid Institutional (10-100 Cr/day)
KARURVYSYA,KARUR VYSYA BANK LTD,INE036D01028,EQ,NORMAL,False,True,PARTIAL,2476,2016-08-22,2026-08-21,10.0,335.5,3014820.5,1848560,324421242.57,161320746.4,0.3782,0.2291,0.4,7.868,0.8526,1,0.04,0,0.0,14,9,0,2,1,Tier 2: Liquid Institutional (10-100 Cr/day)
BLUESTARCO,BLUE STAR LIMITED,INE472A01039,EQ,NORMAL,False,True,PARTIAL,2476,2016-08-22,2026-08-21,10.0,1511.9,291861.2,163532,322188203.06,81604095.3,0.324,0.2372,0.507,6.559,0.4918,1,0.04,0,0.0,11,10,0,1,0,Tier 2: Liquid Institutional (10-100 Cr/day)
RAYMONDREL,RAYMOND REALTY LIMITED,INE1SY401010,EQ,NORMAL,False,False,PARTIAL,284,2025-07-01,2026-08-21,1.14,576.9,537610.3,253445,321728388.23,144370862.0,0.5602,-0.3091,1.329,9.26,0.6313,0,0.0,0,0.0,1,1,0,0,0,Tier 2: Liquid Institutional (10-100 Cr/day)
EMCURE,EMCURE PHARMACEUTICALS L,INE168P01015,EQ,NORMAL,False,True,PARTIAL,526,2024-07-10,2026-08-21,2.11,1863.0,224559.4,121992,320495450.1,172652509.0,0.3595,0.2154,0.555,5.254,0.4068,0,0.0,0,0.0,1,1,0,0,0,Tier 2: Liquid Institutional (10-100 Cr/day)
ARVIND,ARVIND LIMITED,INE034A01011,EQ,NORMAL,False,False,PARTIAL,2476,2016-08-22,2026-08-21,10.0,536.95,1833949.4,1189963,320008138.75,170221559.4,0.4931,0.2082,-1.654,51.026,0.948,0,0.0,0,0.0,10,6,0,0,0,Tier 2: Liquid Institutional (10-100 Cr/day)
INTELLECT,INTELLECT DESIGN ARENA,INE306R01017,EQ,NORMAL,False,True,PARTIAL,2476,2016-08-22,2026-08-21,10.0,691.25,562202.8,343967,318264080.65,153130716.0,0.483,0.2467,0.466,8.484,0.8421,0,0.0,16,0.65,12,5,0,0,1,Tier 2: Liquid Institutional (10-100 Cr/day)
FACT,FACT LTD,INE188A01015,EQ,NORMAL,False,True,PARTIAL,2476,2016-08-22,2026-08-21,10.0,783.3,706172.8,221687,316327742.36,32275930.05,0.5881,0.5226,1.483,9.017,0.625,0,0.0,4,0.16,10,3,0,0,0,Tier 2: Liquid Institutional (10-100 Cr/day)
GESHIP,THE GE SHPG.LTD,INE017A01032,EQ,NORMAL,False,True,PARTIAL,2476,2016-08-22,2026-08-21,10.0,1311.3,376500.3,204574,315414387.5,95926121.0,0.373,0.2041,0.498,7.034,0.6242,0,0.0,0,0.0,30,26,0,0,0,Tier 2: Liquid Institutional (10-100 Cr/day)
AGIIL,AGI INFRA LIMITED,INE976R01033,EQ,NORMAL,False,False,PARTIAL,523,2024-07-15,2026-08-21,2.1,291.25,1095933.5,492078,314910348.45,101999475.0,0.5255,0.7107,0.987,9.051,0.3051,0,0.0,0,0.0,4,1,2,0,0,Tier 2: Liquid Institutional (10-100 Cr/day)
APTUS,APTUS VALUE HSG FIN I LTD,INE852O01025,EQ,NORMAL,False,True,PARTIAL,1240,2021-08-24,2026-08-21,4.99,257.75,1030791.7,475939,314214683.94,146481245.75,0.3663,0.0059,0.761,8.084,0.5016,0,0.0,0,0.0,9,8,0,0,0,Tier 2: Liquid Institutional (10-100 Cr/day)
JINDALSAW,JINDAL SAW LIMITED,INE324A01032,EQ,NORMAL,False,True,PARTIAL,2476,2016-08-22,2026-08-21,10.0,291.65,2927080.7,1744674,313892845.19,143695405.8,0.4873,0.3693,0.401,6.254,0.7648,0,0.0,0,0.0,15,11,1,0,0,Tier 2: Liquid Institutional (10-100 Cr/day)
SANDUMA,SANDUR MANG & IRON ORES L,INE149K01016,EQ,NORMAL,False,False,PARTIAL,733,2023-09-07,2026-08-21,2.95,198.93,1630376.6,728731,313614495.9,118593031.25,0.5269,0.4144,0.874,6.881,0.4298,0,0.0,0,0.0,7,4,0,2,0,Tier 2: Liquid Institutional (10-100 Cr/day)
JKTYRE,JK TYRE & INDUSTRIES LTD,INE573A01042,EQ,NORMAL,False,True,PARTIAL,2476,2016-08-22,2026-08-21,10.0,374.7,1545398.3,885548,313554069.84,159405599.6,0.4257,0.2139,0.737,9.15,0.8192,0,0.0,0,0.0,12,12,0,0,0,Tier 2: Liquid Institutional (10-100 Cr/day)
SONATSOFTW,SONATA SOFTWARE LTD,INE269A01021,EQ,NORMAL,False,True,PARTIAL,2476,2016-08-22,2026-08-21,10.0,304.0,1045482.7,510208,313352664.07,115753395.6,0.4123,0.2543,0.801,8.802,0.7556,0,0.0,0,0.0,24,22,0,2,0,Tier 2: Liquid Institutional (10-100 Cr/day)
SHRINGARMS,SHRINGAR HOU OF MANGALS L,INE1B3L01017,EQ,NORMAL,False,False,PARTIAL,230,2025-09-17,2026-08-21,0.93,230.52,1473913.6,1045794,313245974.02,218754597.05,0.4158,0.3288,0.137,4.425,0.3627,0,0.0,0,0.0,0,0,0,0,0,Tier 2: Liquid Institutional (10-100 Cr/day)
GARUDA,GARUDA CONSTRUCT N ENG L,INE0JVO01026,EQ,NORMAL,False,False,PARTIAL,460,2024-10-15,2026-08-21,1.85,183.95,1929658.4,717051,312455775.28,109777481.24,0.6162,0.4851,1.158,6.0,0.4522,0,0.0,0,0.0,1,1,0,0,0,Tier 2: Liquid Institutional (10-100 Cr/day)
DCXINDIA,DCX SYSTEMS LIMITED,INE0KL801015,EQ,NORMAL,False,False,PARTIAL,938,2022-11-11,2026-08-21,3.78,175.49,1194691.0,584603,312438917.45,152489332.6,0.5014,-0.0277,0.784,6.793,0.6527,0,0.0,4,0.43,0,0,0,0,0,Tier 2: Liquid Institutional (10-100 Cr/day)
ASTERDM,ASTER DM QUALITY CARE LTD,INE914M01019,EQ,NORMAL,False,True,PARTIAL,2102,2018-02-26,2026-08-21,8.48,761.55,820154.7,358394,311249080.72,83886770.8,0.3898,0.2482,0.041,12.639,0.5647,0,0.0,0,0.0,6,5,0,0,0,Tier 2: Liquid Institutional (10-100 Cr/day)
TTML,TATA TELESERV(MAHARASTRA),INE517B01013,EQ,NORMAL,False,True,PARTIAL,2476,2016-08-22,2026-08-21,10.0,37.78,4449633.5,1618540,311206614.86,43911945.0,0.5843,0.3461,1.238,8.098,0.8919,0,0.0,175,7.07,3,0,0,0,0,Tier 2: Liquid Institutional (10-100 Cr/day)
WELSPUNLIV,WELSPUN LIVING LIMITED,INE192B01031,EQ,NORMAL,False,True,PARTIAL,2476,2016-08-22,2026-08-21,10.0,189.22,2780190.2,1385967,311168152.47,127458650.0,0.4741,0.1963,0.342,8.711,0.799,0,0.0,6,0.24,16,10,0,0,0,Tier 2: Liquid Institutional (10-100 Cr/day)
STALLION,STALLION IND FLUOROCHEM L,INE0RYC01010,BE,NORMAL,False,False,PARTIAL,391,2025-01-23,2026-08-21,1.57,228.25,1618860.8,890123,309958623.38,119789974.98,0.7357,0.65,0.498,3.058,0.7542,0,0.0,31,7.93,1,0,0,0,1,Tier 2: Liquid Institutional (10-100 Cr/day)
PNGJL,P N GADGIL JEWELLERS LTD,INE953R01016,EQ,NORMAL,False,False,PARTIAL,479,2024-09-17,2026-08-21,1.92,602.9,469381.3,263304,309107521.63,153440694.0,0.3901,-0.0689,0.238,5.104,0.3885,0,0.0,1,0.21,0,0,0,0,0,Tier 2: Liquid Institutional (10-100 Cr/day)
JISLJALEQS,JAIN IRRIGATION SYSTEMS,INE175A01038,EQ,NORMAL,False,False,PARTIAL,2476,2016-08-22,2026-08-21,10.0,27.86,5110139.4,3510926,308986221.29,177815838.2,0.5484,0.0382,0.217,7.758,0.9786,0,0.0,47,1.9,9,4,0,0,0,Tier 2: Liquid Institutional (10-100 Cr/day)
GICRE,GENERAL INS CORP OF INDIA,INE481Y01014,EQ,NORMAL,False,True,PARTIAL,2187,2017-10-25,2026-08-21,8.82,355.75,1066152.7,425987,307671258.41,100476517.8,0.4244,0.0647,1.196,12.58,0.8038,0,0.0,0,0.0,5,5,0,0,0,Tier 2: Liquid Institutional (10-100 Cr/day)
ZENTEC,ZEN TECHNOLOGIES LIMITED,INE251B01027,EQ,NORMAL,False,True,PARTIAL,2476,2016-08-22,2026-08-21,10.0,1926.3,466263.7,209652,303791993.09,38927265.0,0.544,0.4694,1.18,8.854,0.8519,0,0.0,17,0.69,12,11,0,0,0,Tier 2: Liquid Institutional (10-100 Cr/day)
RENUKA,SHREE RENUKA SUGARS LTD,INE087H01022,EQ,NORMAL,False,False,PARTIAL,2476,2016-08-22,2026-08-21,10.0,25.14,7687825.6,3495445,301661137.5,79957277.4,0.4943,0.1613,1.082,7.577,0.8414,0,0.0,39,1.58,4,0,0,0,0,Tier 2: Liquid Institutional (10-100 Cr/day)
YATHARTH,YATHARTH HOSP & TRA C S L,INE0JO301016,EQ,NORMAL,False,False,PARTIAL,755,2023-08-07,2026-08-21,3.04,855.15,556990.2,340332,301382726.91,192027298.45,0.3962,0.3926,0.227,4.601,0.4769,0,0.0,0,0.0,2,1,0,0,0,Tier 2: Liquid Institutional (10-100 Cr/day)
JAICORPLTD,JAI CORP LIMITED,INE070D01027,EQ,NORMAL,False,False,PARTIAL,2476,2016-08-22,2026-08-21,10.0,102.22,1974907.3,1081439,300883401.65,144401508.0,0.5533,0.1766,1.059,8.35,0.7994,0,0.0,0,0.0,12,11,0,0,0,Tier 2: Liquid Institutional (10-100 Cr/day)
BLUEJET,BLUE JET HEALTHCARE LTD,INE0KBH01020,EQ,NORMAL,False,True,PARTIAL,697,2023-11-01,2026-08-21,2.8,596.15,540842.9,321445,300404982.12,169464513.3,0.4721,0.2434,0.237,4.733,0.6761,1,0.14,2,0.29,3,2,0,0,0,Tier 2: Liquid Institutional (10-100 Cr/day)
ATLANTAELE,ATLANTA ELECTRICALS LTD,INE0Z4F01028,EQ,NORMAL,False,False,PARTIAL,222,2025-09-29,2026-08-21,0.89,1846.9,265248.7,129555,299324938.58,167516915.4,0.5715,1.0828,0.577,3.604,0.3367,0,0.0,1,0.45,0,0,0,0,0,Tier 2: Liquid Institutional (10-100 Cr/day)
MCLOUD,MAGELLANIC CLOUD LIMITED,INE613C01026,EQ,NORMAL,False,False,PARTIAL,379,2025-02-07,2026-08-21,1.53,30.27,6337560.6,1969167,298981282.0,77906697.0,0.6907,-0.3714,-0.062,9.069,0.7967,0,0.0,2,0.53,1,1,0,0,0,Tier 2: Liquid Institutional (10-100 Cr/day)
LIQUID1,KOTAKMAMC - KOTAKLIQ,INF174KA1LV5,EQ,NORMAL,False,False,PARTIAL,919,2018-09-27,2026-08-21,7.9,1119.41,277950.3,122914,297751200.98,125582462.94,16.4079,8.6663,30.18,913.193,0.3862,1,0.11,81,8.81,0,0,0,0,0,Tier 2: Liquid Institutional (10-100 Cr/day)
ALOKINDS,ALOK INDUSTRIES LIMITED,INE270A01029,EQ,NORMAL,False,False,PARTIAL,1614,2020-02-19,2026-08-21,6.5,11.57,12713715.5,6588853,295317131.21,127341052.65,0.5244,0.076,1.049,7.528,0.8099,0,0.0,111,6.88,0,0,0,0,0,Tier 2: Liquid Institutional (10-100 Cr/day)
JUBLPHARMA,JUBILANT PHARMOVA LTD,INE700A01033,EQ,NORMAL,False,True,PARTIAL,2476,2016-08-22,2026-08-21,10.0,880.35,408332.6,226811,293475433.79,154825590.0,0.416,0.1417,0.7,7.014,0.7674,0,0.0,6,0.24,11,10,0,0,0,Tier 2: Liquid Institutional (10-100 Cr/day)
JKCEMENT,JK CEMENT LIMITED,INE823G01014,EQ,NORMAL,False,True,PARTIAL,2476,2016-08-22,2026-08-21,10.0,5250.0,92823.8,65190,292988372.17,178148715.75,0.3057,0.2392,0.288,6.31,0.4663,0,0.0,0,0.0,11,10,0,0,0,Tier 2: Liquid Institutional (10-100 Cr/day)
AJANTPHARM,AJANTA PHARMA LIMITED,INE031B01049,EQ,NORMAL,False,True,PARTIAL,2476,2016-08-22,2026-08-21,10.0,3639.8,236868.0,141555,292190580.8,207492997.55,0.308,0.1506,0.288,6.113,0.5793,0,0.0,0,0.0,22,12,0,1,0,Tier 2: Liquid Institutional (10-100 Cr/day)
CASHIETF,ICICIPRAMC - CASHIETF,INF109K1A021,EQ,NORMAL,False,False,PARTIAL,352,2025-03-19,2026-08-21,1.42,1076.46,280589.4,172909,292138539.42,181232271.24,0.0022,0.0518,1.497,4.778,0.0,0,0.0,5,1.42,0,0,0,0,0,Tier 2: Liquid Institutional (10-100 Cr/day)
INTERARCH,INTERARCH BLDNG SOLTN LTD,INE00M901018,EQ,NORMAL,False,False,PARTIAL,495,2024-08-26,2026-08-21,1.98,1676.3,172845.3,84669,291518568.71,158369798.4,0.4782,0.285,0.723,5.988,0.3779,0,0.0,0,0.0,1,1,0,0,0,Tier 2: Liquid Institutional (10-100 Cr/day)
SHANTIGOLD,SHANTI GOLD INTERNATION L,INE06ZD01017,EQ,NORMAL,False,False,PARTIAL,261,2025-08-01,2026-08-21,1.05,269.58,1291961.1,449244,291502605.38,95765343.48,0.446,0.2542,0.825,6.086,0.3809,0,0.0,0,0.0,1,0,0,0,1,Tier 2: Liquid Institutional (10-100 Cr/day)
ANAWIL,ANAWIL WIRE AND ENGIN LTD,INE1J5V01013,SM,SME,False,False,PARTIAL,10,2026-08-10,2026-08-21,0.03,465.15,768560.0,383200,291371476.0,169757600.0,0.5473,8.5493,-1.578,3.973,0.05,0,0.0,1,10.0,0,0,0,0,0,Tier 2: Liquid Institutional (10-100 Cr/day)
JBMA,JBM AUTO LIMITED,INE927D01051,EQ,NORMAL,False,True,PARTIAL,2476,2016-08-22,2026-08-21,10.0,673.95,724637.6,259964,290558493.69,43596016.8,0.5189,0.4335,1.452,9.074,0.8369,0,0.0,3,0.12,12,10,2,0,0,Tier 2: Liquid Institutional (10-100 Cr/day)
VIJAYA,VIJAYA DIAGNOSTIC CEN LTD,INE043W01024,EQ,NORMAL,False,True,PARTIAL,1226,2021-09-14,2026-08-21,4.93,1504.4,356834.7,130244,290518919.91,94354582.95,0.4165,0.2675,1.125,7.905,0.5336,0,0.0,0,0.0,4,4,0,0,0,Tier 2: Liquid Institutional (10-100 Cr/day)
EMSLIMITED,EMS LIMITED,INE0OV601013,EQ,NORMAL,False,False,PARTIAL,724,2023-09-21,2026-08-21,2.92,394.35,556677.1,266879,289648345.72,140683096.4,0.5274,0.256,0.872,6.599,0.7346,0,0.0,3,0.41,3,3,0,0,0,Tier 2: Liquid Institutional (10-100 Cr/day)
CRAFTSMAN,CRAFTSMAN AUTOMATION LTD,INE00LO01017,EQ,NORMAL,False,True,PARTIAL,1341,2021-03-25,2026-08-21,5.41,10644.5,60108.1,33489,286620422.83,143798460.0,0.3685,0.444,0.791,6.183,0.4045,0,0.0,0,0.0,5,5,0,0,0,Tier 2: Liquid Institutional (10-100 Cr/day)
RATEGAIN,RATEGAIN TRAVEL TECHN LTD,INE0CLI01024,EQ,NORMAL,False,False,PARTIAL,1161,2021-12-17,2026-08-21,4.68,990.05,522550.1,308664,284075187.3,161732838.4,0.4476,0.3317,0.356,4.94,0.5375,0,0.0,0,0.0,0,0,0,0,0,Tier 2: Liquid Institutional (10-100 Cr/day)
NIVABUPA,NIVA BUPA HEALTH INS CO L,INE995S01015,EQ,NORMAL,False,True,PARTIAL,438,2024-11-14,2026-08-21,1.77,82.62,3404370.8,1251662,283969862.67,100404417.66,0.3674,0.1291,1.795,17.216,0.316,0,0.0,0,0.0,0,0,0,0,0,Tier 2: Liquid Institutional (10-100 Cr/day)
SBFC,SBFC FINANCE LIMITED,INE423Y01016,EQ,NORMAL,False,True,PARTIAL,749,2023-08-16,2026-08-21,3.01,93.93,3023841.0,1482587,283774052.99,136266651.75,0.3405,0.0636,0.891,14.478,0.3199,0,0.0,0,0.0,0,0,0,0,0,Tier 2: Liquid Institutional (10-100 Cr/day)
DIACABS,DIAMOND POWER INFRA LTD,INE989C01038,BE,NORMAL,False,False,PARTIAL,725,2023-09-18,2026-08-21,2.92,356.1,1590502.0,256310,283689202.49,31093055.18,0.4685,1.8623,0.105,3.221,0.5481,0,0.0,195,26.9,4,0,1,0,0,Tier 2: Liquid Institutional (10-100 Cr/day)
UCOBANK,UCO BANK,INE691A01018,EQ,NORMAL,False,True,PARTIAL,2476,2016-08-22,2026-08-21,10.0,25.72,8609673.7,3010342,283097074.73,52827297.5,0.429,0.0407,1.843,14.672,0.8043,0,0.0,0,0.0,10,3,0,0,0,Tier 2: Liquid Institutional (10-100 Cr/day)
AAVAS,AAVAS FINANCIERS LIMITED,INE216P01012,EQ,NORMAL,False,True,PARTIAL,1951,2018-10-08,2026-08-21,7.87,1355.3,167035.2,92653,282419303.5,162845881.0,0.362,0.1379,0.016,8.548,0.664,0,0.0,0,0.0,0,0,0,0,0,Tier 2: Liquid Institutional (10-100 Cr/day)
NH,NARAYANA HRUDAYALAYA LTD.,INE410P01011,EQ,NORMAL,False,True,PARTIAL,2476,2016-08-22,2026-08-21,10.0,1815.8,278021.5,168064,282349255.29,96381047.8,0.3174,0.2285,0.764,9.763,0.4863,0,0.0,0,0.0,7,7,0,0,0,Tier 2: Liquid Institutional (10-100 Cr/day)
DEEDEV,DEE DEVELOPMENT ENG LTD,INE841L01016,EQ,NORMAL,False,False,PARTIAL,536,2024-06-26,2026-08-21,2.15,646.1,924385.2,146881,282314988.26,46239187.5,0.533,0.4505,0.187,6.321,0.5331,0,0.0,3,0.56,1,0,0,0,0,Tier 2: Liquid Institutional (10-100 Cr/day)
THERMAX,THERMAX LTD,INE152A01029,EQ,NORMAL,False,True,PARTIAL,2476,2016-08-22,2026-08-21,10.0,3967.8,104198.8,51996,282263485.73,86845992.75,0.3363,0.2138,0.825,8.759,0.5105,0,0.0,0,0.0,10,9,0,0,0,Tier 2: Liquid Institutional (10-100 Cr/day)
KSHINTL,KSH INTERNATIONAL LIMITED,INE987S01020,EQ,NORMAL,False,False,PARTIAL,164,2025-12-23,2026-08-21,0.66,1009.25,450657.4,297452,282105239.7,181671815.6,0.5623,1.7754,0.393,3.316,0.1461,0,0.0,0,0.0,0,0,0,0,0,Tier 2: Liquid Institutional (10-100 Cr/day)
CMSINFO,CMS INFO SYSTEMS LIMITED,INE925R01014,EQ,NORMAL,False,False,PARTIAL,1151,2021-12-31,2026-08-21,4.64,247.0,774578.2,446893,280305262.91,172371024.0,0.3182,0.0586,0.016,5.962,0.5935,0,0.0,0,0.0,8,7,0,0,0,Tier 2: Liquid Institutional (10-100 Cr/day)
CANHLIFE,CANARA HSBC LIFE INS CO L,INE01TY01017,EQ,NORMAL,False,True,PARTIAL,209,2025-10-17,2026-08-21,0.84,155.24,2034286.0,821118,277190492.07,113385014.88,0.3107,0.4495,1.092,6.494,0.1253,0,0.0,0,0.0,1,1,0,0,0,Tier 2: Liquid Institutional (10-100 Cr/day)
KIMS,KRISHNA INST OF MED SCI L,INE967H01025,EQ,NORMAL,False,True,PARTIAL,1279,2021-06-28,2026-08-21,5.15,782.5,700776.1,362315,276933523.07,174644330.3,0.3131,0.3182,0.697,5.71,0.2626,0,0.0,0,0.0,1,0,1,0,0,Tier 2: Liquid Institutional (10-100 Cr/day)
HOMEFIRST,HOME FIRST FIN CO IND LTD,INE481N01025,EQ,NORMAL,False,True,PARTIAL,1466,2018-03-21,2026-08-21,8.42,1193.7,296622.3,157540,273835513.43,142415355.0,0.5181,0.6077,4.483,69.49,0.3882,0,0.0,0,0.0,4,4,0,0,0,Tier 2: Liquid Institutional (10-100 Cr/day)
SOBHA,SOBHA LIMITED,INE671H01015,EQ,NORMAL,False,True,PARTIAL,2476,2016-08-22,2026-08-21,10.0,1294.6,366438.9,204731,273372166.54,136165809.5,0.449,0.2495,0.893,8.312,0.7919,0,0.0,3,0.12,12,10,0,0,1,Tier 2: Liquid Institutional (10-100 Cr/day)
KAJARIACER,KAJARIA CERAMICS LTD,INE217B01036,EQ,NORMAL,False,True,PARTIAL,2476,2016-08-22,2026-08-21,10.0,1208.5,339458.8,220253,273367778.26,184708214.1,0.3165,0.1155,0.116,8.065,0.6011,0,0.0,0,0.0,18,14,1,0,0,Tier 2: Liquid Institutional (10-100 Cr/day)
WABAG,VA TECH WABAG LTD,INE956G01038,EQ,NORMAL,False,False,PARTIAL,2476,2016-08-22,2026-08-21,10.0,2003.3,386655.4,224697,273096584.41,98574987.5,0.4462,0.2261,0.783,8.386,0.897,1,0.04,12,0.48,10,4,0,0,0,Tier 2: Liquid Institutional (10-100 Cr/day)
EMAMILTD,EMAMI LIMITED,INE548C01032,EQ,NORMAL,False,True,PARTIAL,2476,2016-08-22,2026-08-21,10.0,402.6,568852.8,347769,270847211.09,166183347.6,0.329,0.0152,1.074,11.341,0.769,0,0.0,4,0.16,25,19,0,0,0,Tier 2: Liquid Institutional (10-100 Cr/day)
TRIDENT,TRIDENT LIMITED,INE064C01022,EQ,NORMAL,False,True,PARTIAL,2476,2016-08-22,2026-08-21,10.0,24.39,9313007.5,4606418,268329801.65,107348074.2,0.4476,0.2654,1.454,10.849,0.6916,0,0.0,8,0.32,21,19,1,0,0,Tier 2: Liquid Institutional (10-100 Cr/day)
CHOICEIN,CHOICE INTERNATIONAL LTD,INE102B01014,EQ,NORMAL,False,True,PARTIAL,1084,2022-04-08,2026-08-21,4.37,808.6,638679.3,474915,267700726.69,209001916.8,0.2844,0.5932,0.284,5.522,0.3132,0,0.0,0,0.0,5,0,0,2,0,Tier 2: Liquid Institutional (10-100 Cr/day)
PARKHOSPS,PARK MEDI WORLD LIMITED,INE119201023,EQ,NORMAL,False,False,PARTIAL,168,2025-12-17,2026-08-21,0.68,274.55,1326262.0,776790,266947057.23,167868805.54,0.4377,1.0289,0.394,3.436,0.1311,0,0.0,0,0.0,0,0,0,0,0,Tier 2: Liquid Institutional (10-100 Cr/day)
JKPAPER,JK PAPER LIMITED,INE789E01012,EQ,NORMAL,False,False,PARTIAL,2476,2016-08-22,2026-08-21,10.0,391.8,1092797.7,632084,266912848.23,129781612.8,0.4389,0.2914,0.618,7.404,0.6453,0,0.0,0,0.0,14,13,0,0,0,Tier 2: Liquid Institutional (10-100 Cr/day)
NORTHARC,NORTHERN ARC CAPITAL LTD,INE850M01015,EQ,NORMAL,False,False,PARTIAL,474,2024-09-24,2026-08-21,1.91,288.35,1057679.3,535961,266427600.84,130173879.0,0.4172,0.025,0.568,4.246,0.486,0,0.0,0,0.0,0,0,0,0,0,Tier 2: Liquid Institutional (10-100 Cr/day)
ACI,ARCHEAN CHEMICAL IND LTD,INE128X01021,EQ,NORMAL,False,False,PARTIAL,932,2022-11-21,2026-08-21,3.75,497.85,435030.1,219578,266253011.27,133879150.8,0.3675,0.0895,0.528,4.741,0.4929,0,0.0,0,0.0,6,6,0,0,0,Tier 2: Liquid Institutional (10-100 Cr/day)
EBGNG,GNG ELECTRONICS LIMITED,INE18JU01028,EQ,NORMAL,False,False,PARTIAL,263,2025-07-30,2026-08-21,1.06,606.2,659105.7,306764,265224632.43,122027380.2,0.5214,0.7096,0.49,3.637,0.3793,0,0.0,0,0.0,0,0,0,0,0,Tier 2: Liquid Institutional (10-100 Cr/day)
AYE,AYE FINANCE LIMITED,INE501X01029,EQ,NORMAL,False,False,PARTIAL,127,2026-02-16,2026-08-21,0.51,170.02,1799561.8,932574,265205694.7,134263603.62,0.6573,0.7655,0.477,3.168,0.3325,0,0.0,0,0.0,0,0,0,0,0,Tier 2: Liquid Institutional (10-100 Cr/day)
VPRPL,VISHNU PRAKASH R PUNGLI L,INE0AE001013,EQ,NORMAL,False,False,PARTIAL,735,2023-09-05,2026-08-21,2.96,32.71,1701008.3,845915,262996933.2,127689856.79,0.5573,-0.3582,0.477,6.346,0.9245,0,0.0,22,2.99,0,0,0,0,0,Tier 2: Liquid Institutional (10-100 Cr/day)
BIKAJI,BIKAJI FOODS INTERN LTD,INE00E101023,EQ,NORMAL,False,True,PARTIAL,935,2022-11-16,2026-08-21,3.76,605.75,460452.6,235282,262889822.51,140900698.8,0.3292,0.2278,1.067,9.026,0.419,0,0.0,0,0.0,4,4,0,0,0,Tier 2: Liquid Institutional (10-100 Cr/day)
MIDHANI,MISHRA DHATU NIGAM LTD,INE099Z01011,EQ,NORMAL,False,False,PARTIAL,2078,2018-04-04,2026-08-21,8.38,423.95,875746.1,427913,262547485.9,108187159.5,0.4558,0.29,1.068,10.588,0.56,0,0.0,0,0.0,14,14,0,0,0,Tier 2: Liquid Institutional (10-100 Cr/day)
SAMHI,SAMHI HOTELS LIMITED,INE08U801020,EQ,NORMAL,False,False,PARTIAL,723,2023-09-22,2026-08-21,2.91,159.56,1423241.0,1017990,262320154.89,180520844.4,0.4004,0.1165,0.633,4.818,0.4853,0,0.0,0,0.0,0,0,0,0,0,Tier 2: Liquid Institutional (10-100 Cr/day)
DCBBANK,DCB BANK LIMITED,INE503A01015,EQ,NORMAL,False,False,PARTIAL,2476,2016-08-22,2026-08-21,10.0,203.59,1885701.9,1301277,262006388.33,176319567.0,0.3734,0.1254,0.017,9.506,0.7489,0,0.0,0,0.0,10,8,0,0,0,Tier 2: Liquid Institutional (10-100 Cr/day)
SULA,SULA VINEYARDS LIMITED,INE142Q01026,EQ,NORMAL,False,False,PARTIAL,909,2022-12-22,2026-08-21,3.66,144.55,651106.1,317043,261943279.41,110192625.0,0.3583,-0.1672,1.584,13.756,0.7923,0,0.0,0,0.0,5,5,0,0,0,Tier 2: Liquid Institutional (10-100 Cr/day)
RAINBOW,RAINBOW CHILDRENS MED LTD,INE961O01016,EQ,NORMAL,False,True,PARTIAL,1104,2019-04-01,2026-08-21,7.39,1433.2,248975.0,132345,260396781.57,150722380.8,286.439,137.1763,33.121,1099.002,0.3419,0,0.0,12,1.09,5,5,0,0,0,Tier 2: Liquid Institutional (10-100 Cr/day)
CYIENTDLM,CYIENT DLM LIMITED,INE055S01018,EQ,NORMAL,False,False,PARTIAL,775,2023-07-10,2026-08-21,3.12,721.15,494513.6,222999,260011337.33,120169262.0,0.4192,0.2619,1.032,9.058,0.6869,0,0.0,0,0.0,1,0,0,0,0,Tier 2: Liquid Institutional (10-100 Cr/day)
VINCOFE,VINTAGE COFFEE N BVRGS L,INE498Q01014,EQ,NORMAL,False,False,PARTIAL,457,2024-10-18,2026-08-21,1.84,161.55,1780006.6,1337908,259553279.6,185224292.92,0.4259,0.1679,0.461,4.138,0.4466,0,0.0,0,0.0,1,1,0,0,0,Tier 2: Liquid Institutional (10-100 Cr/day)
NEULANDLAB,NEULAND LAB LTD.,INE794A01010,EQ,NORMAL,False,True,PARTIAL,2476,2016-08-22,2026-08-21,10.0,23301.0,53029.6,27780,258539387.29,57450315.4,0.5219,0.4575,1.113,8.953,0.8405,0,0.0,3,0.12,12,9,0,0,0,Tier 2: Liquid Institutional (10-100 Cr/day)
MOIL,MOIL LIMITED,INE490G01020,EQ,NORMAL,False,False,PARTIAL,2476,2016-08-22,2026-08-21,10.0,252.85,893056.9,413843,255029548.88,79149178.8,0.3995,0.1484,1.132,9.932,0.6649,0,0.0,0,0.0,26,21,0,1,0,Tier 2: Liquid Institutional (10-100 Cr/day)
MMTC,MMTC LIMITED,INE123F01029,EQ,NORMAL,False,True,PARTIAL,2476,2016-08-22,2026-08-21,10.0,65.38,4306406.4,1569388,254684731.72,68987138.22,0.5418,0.219,1.553,9.919,0.8349,0,0.0,3,0.12,9,4,0,1,0,Tier 2: Liquid Institutional (10-100 Cr/day)
EQUITASBNK,EQUITAS SMALL FIN BNK LTD,INE063P01018,EQ,NORMAL,False,False,PARTIAL,1440,2020-11-02,2026-08-21,5.8,76.6,3501004.7,2543229,254468144.85,169182997.36,0.3751,0.218,0.859,9.107,0.5612,0,0.0,0,0.0,3,2,0,0,0,Tier 2: Liquid Institutional (10-100 Cr/day)
J&KBANK,J & K BANK LTD.,INE168A01041,EQ,NORMAL,False,True,PARTIAL,2476,2016-08-22,2026-08-21,10.0,149.01,3455604.5,1913359,253558197.99,94772688.0,0.4858,0.1906,0.952,10.433,0.8837,0,0.0,2,0.08,3,3,0,0,0,Tier 2: Liquid Institutional (10-100 Cr/day)
NIACL,THE NEW INDIA ASSU CO LTD,INE470Y01017,EQ,NORMAL,False,True,PARTIAL,2174,2017-11-13,2026-08-21,8.77,184.13,1350442.2,414085,252695515.5,61553934.0,0.4657,0.0271,1.367,12.965,0.7908,0,0.0,1,0.05,9,8,0,0,0,Tier 2: Liquid Institutional (10-100 Cr/day)
MANYAVAR,VEDANT FASHIONS LIMITED,INE825V01034,EQ,NORMAL,False,False,PARTIAL,1119,2022-02-16,2026-08-21,4.51,544.15,293246.9,147427,252469964.91,136724403.2,0.328,-0.0684,0.74,7.691,0.7705,0,0.0,0,0.0,4,4,0,0,0,Tier 2: Liquid Institutional (10-100 Cr/day)
EMIL,ELECTRONICS MART IND LTD,INE02YR01019,EQ,NORMAL,False,False,PARTIAL,959,2016-08-22,2026-08-21,10.0,186.71,1780131.5,628253,251883694.07,85935951.15,0.8402,0.6767,17.89,456.887,0.6475,0,0.0,1,0.1,0,0,0,0,0,Tier 2: Liquid Institutional (10-100 Cr/day)
VIPIND,VIP INDUSTRIES LTD,INE054A01027,EQ,NORMAL,False,False,PARTIAL,2476,2016-08-22,2026-08-21,10.0,308.35,579483.2,326617,249829496.74,133079349.0,0.4031,0.1674,0.969,8.438,0.6808,0,0.0,0,0.0,15,11,0,0,0,Tier 2: Liquid Institutional (10-100 Cr/day)
LINDEINDIA,LINDE INDIA LIMITED,INE473A01011,EQ,NORMAL,False,True,PARTIAL,2476,2016-08-22,2026-08-21,10.0,6672.0,86328.9,38406,249335367.73,93360874.2,0.3983,0.3689,0.806,15.808,0.4773,0,0.0,0,0.0,10,10,0,0,0,Tier 2: Liquid Institutional (10-100 Cr/day)
WHIRLPOOL,WHIRLPOOL OF INDIA LTD,INE716A01013,EQ,NORMAL,False,True,PARTIAL,2476,2016-08-22,2026-08-21,10.0,768.5,170560.2,79735,249109171.26,130663450.25,0.3204,0.0335,-0.237,11.616,0.719,0,0.0,1,0.04,10,9,0,0,0,Tier 2: Liquid Institutional (10-100 Cr/day)
LIQUIDPLUS,MIRAEAMC - LIQUIDPLUS,INF769K01MY5,EQ,NORMAL,False,False,PARTIAL,439,2024-11-13,2026-08-21,1.77,1100.08,230808.5,105045,247876863.78,112248214.28,0.0023,0.0541,1.446,4.361,0.0,0,0.0,3,0.68,0,0,0,0,0,Tier 2: Liquid Institutional (10-100 Cr/day)
MAMATA,MAMATA MACHINERY LIMITED,INE0TO701015,EQ,NORMAL,False,False,PARTIAL,410,2024-12-27,2026-08-21,1.65,420.35,528944.4,156816,245012831.0,62165284.0,0.5126,-0.1212,1.328,9.883,0.525,0,0.0,1,0.24,2,2,0,0,0,Tier 2: Liquid Institutional (10-100 Cr/day)
MBEL,M AND B ENGINEERING LTD,INE08N601015,EQ,NORMAL,False,False,PARTIAL,258,2025-08-06,2026-08-21,1.04,273.75,600943.7,183041,243704283.57,60518087.5,0.5376,-0.2488,0.289,6.842,0.5596,0,0.0,0,0.0,0,0,0,0,0,Tier 2: Liquid Institutional (10-100 Cr/day)
RAJESHEXPO,RAJESH EXPORTS LTD,INE343B01030,BZ,NORMAL,False,False,PARTIAL,2476,2016-08-22,2026-08-21,10.0,79.18,538217.9,286324,243275886.56,129419451.2,0.3612,-0.1087,0.875,9.963,0.9196,0,0.0,18,0.73,9,8,0,0,0,Tier 2: Liquid Institutional (10-100 Cr/day)
CORONA,CORONA REMEDIES LIMITED,INE02ZQ01018,EQ,NORMAL,False,False,PARTIAL,170,2025-12-15,2026-08-21,0.68,2142.6,161192.2,31968,242621408.83,54638612.6,0.3266,0.6479,-0.121,3.584,0.1003,0,0.0,0,0.0,1,1,0,0,0,Tier 2: Liquid Institutional (10-100 Cr/day)
VENKEYS,VENKY S (INDIA) LIMITED,INE398A01010,EQ,NORMAL,False,False,PARTIAL,2476,2016-08-22,2026-08-21,10.0,1507.4,117254.4,50192,241573715.13,89190281.8,0.4831,0.2381,1.613,12.366,0.8644,0,0.0,4,0.16,9,9,0,0,0,Tier 2: Liquid Institutional (10-100 Cr/day)
BANKBEES,NIP IND ETF BANK BEES,INF204KB15I9,EQ,NORMAL,False,False,PARTIAL,2476,2016-08-22,2026-08-21,10.0,597.76,569939.1,464179,241164109.44,192246650.85,0.2065,0.1351,-0.452,16.501,0.4765,0,0.0,0,0.0,0,0,0,0,0,Tier 2: Liquid Institutional (10-100 Cr/day)
STYLEBAAZA,BAAZAR STYLE RETAIL LTD,INE01FR01028,EQ,NORMAL,False,False,PARTIAL,486,2024-09-06,2026-08-21,1.95,417.65,721484.5,298241,240374392.51,88556744.35,0.5835,0.1883,1.097,6.928,0.5546,0,0.0,7,1.44,0,0,0,0,0,Tier 2: Liquid Institutional (10-100 Cr/day)
SHAILY,SHAILY ENG PLASTICS LTD,INE151G01028,EQ,NORMAL,False,False,PARTIAL,1088,2022-04-04,2026-08-21,4.38,3321.0,136086.1,67532,240324758.2,60159236.1,0.4944,0.6089,0.946,7.522,0.5679,0,0.0,0,0.0,5,2,1,0,0,Tier 2: Liquid Institutional (10-100 Cr/day)
BECTORFOOD,MRS BECTORS FOOD SPE LTD,INE495P01020,EQ,NORMAL,False,False,PARTIAL,1428,2016-09-16,2026-08-21,9.93,254.83,1575283.3,683035,240288290.37,110131056.0,0.5703,0.0383,-14.483,413.205,0.9977,12,0.84,12,0.84,13,10,1,0,0,Tier 2: Liquid Institutional (10-100 Cr/day)
LIQUIDBETF,BFAM - LIQUIDBETF,INF0QA701854,EQ,NORMAL,False,False,PARTIAL,551,2024-06-03,2026-08-21,2.21,1095.78,227351.1,182675,239957210.73,196927215.12,0.0284,0.0423,0.439,269.973,0.0296,0,0.0,14,2.54,0,0,0,0,0,Tier 2: Liquid Institutional (10-100 Cr/day)
SAPPHIRE,SAPPHIRE FOODS INDIA LTD,INE806T01020,EQ,NORMAL,False,True,PARTIAL,1181,2021-11-18,2026-08-21,4.76,242.34,918727.5,458184,239859707.94,121812187.0,0.3721,0.0684,0.796,8.231,0.6058,0,0.0,0,0.0,1,0,1,0,0,Tier 2: Liquid Institutional (10-100 Cr/day)
SPARC,SUN PHARMA ADV.RES.CO.LTD,INE232I01014,EQ,NORMAL,False,False,PARTIAL,2476,2016-08-22,2026-08-21,10.0,196.71,1117774.9,470203,239471131.49,100859456.25,0.4865,0.0537,1.035,9.684,0.8396,0,0.0,12,0.48,6,0,0,0,0,Tier 2: Liquid Institutional (10-100 Cr/day)
MARSONS,MARSONS LIMITED,INE415B01044,EQ,NORMAL,False,False,PARTIAL,109,2026-03-13,2026-08-21,0.44,119.56,1841364.5,1522590,239315102.98,203144136.02,0.5901,-0.1725,0.436,3.46,0.4016,0,0.0,0,0.0,0,0,0,0,0,Tier 2: Liquid Institutional (10-100 Cr/day)
RAYMONDLSL,RAYMOND LIFESTYLE LIMITED,INE02ID01020,EQ,NORMAL,False,False,PARTIAL,487,2024-09-05,2026-08-21,1.96,726.95,197715.1,121371,239187696.68,145483875.4,0.4624,-0.6054,0.811,5.838,0.7541,0,0.0,3,0.62,1,1,0,0,0,Tier 2: Liquid Institutional (10-100 Cr/day)
SUPRIYA,SUPRIYA LIFESCIENCE LTD,INE07RO01027,EQ,NORMAL,False,False,PARTIAL,1154,2021-12-28,2026-08-21,4.65,805.45,471803.3,231949,235661737.42,110098471.6,0.4824,0.2726,0.897,8.952,0.6915,0,0.0,0,0.0,4,4,0,0,0,Tier 2: Liquid Institutional (10-100 Cr/day)
IRMENERGY,IRM ENERGY LIMITED,INE07U701015,EQ,NORMAL,False,False,PARTIAL,701,2023-10-26,2026-08-21,2.82,286.15,687903.7,93794,235590881.01,32050652.0,0.4729,-0.0733,2.064,13.999,0.7087,0,0.0,0,0.0,2,2,0,0,0,Tier 2: Liquid Institutional (10-100 Cr/day)
TIMEX,TIMEX GROUP INDIA LTD.,INE064A01026,EQ,NORMAL,False,False,PARTIAL,87,2026-04-20,2026-08-21,0.34,599.95,496486.0,332325,235326946.78,142286928.1,0.4992,1.9499,0.847,4.862,0.0936,0,0.0,0,0.0,0,0,0,0,0,Tier 2: Liquid Institutional (10-100 Cr/day)
SHAKTIPUMP,SHAKTI PUMPS (I) LTD,INE908D01010,EQ,NORMAL,False,False,PARTIAL,2476,2016-08-22,2026-08-21,10.0,503.55,981130.5,386533,234451347.4,46179394.0,0.5135,0.4421,1.156,8.883,0.863,1,0.04,22,0.89,12,10,0,1,0,Tier 2: Liquid Institutional (10-100 Cr/day)
UTIAMC,UTI ASSET MNGMT CO LTD,INE094J01016,EQ,NORMAL,False,True,PARTIAL,1455,2020-10-12,2026-08-21,5.86,893.05,261379.6,151754,234382099.95,138498060.4,0.3468,0.1685,0.79,8.134,0.4895,0,0.0,0,0.0,7,7,0,0,0,Tier 2: Liquid Institutional (10-100 Cr/day)
BORORENEW,BOROSIL RENEWABLES LTD,INE666D01022,EQ,NORMAL,False,False,PARTIAL,2042,2018-05-25,2026-08-21,8.24,549.4,547018.6,285782,234186864.37,108570677.25,0.5229,0.3882,1.178,9.617,0.7847,0,0.0,29,1.42,6,2,0,1,0,Tier 2: Liquid Institutional (10-100 Cr/day)
JSFB,JANA SMALL FIN BANK LTD,INE953L01027,EQ,NORMAL,False,False,PARTIAL,625,2024-02-14,2026-08-21,2.52,582.35,480263.9,243791,233992143.04,111900366.6,0.471,0.2927,1.708,11.958,0.5357,0,0.0,0,0.0,1,0,0,0,0,Tier 2: Liquid Institutional (10-100 Cr/day)
PROSTARM,PROSTARM INFO SYSTEMS LTD,INE0BX301013,EQ,NORMAL,False,False,PARTIAL,304,2025-06-03,2026-08-21,1.22,138.72,1282714.2,382778,233716607.12,58017728.35,0.5603,0.2326,1.163,7.007,0.5183,0,0.0,0,0.0,0,0,0,0,0,Tier 2: Liquid Institutional (10-100 Cr/day)
FINCABLES,FINOLEX CABLES LTD,INE235A01022,EQ,NORMAL,False,True,PARTIAL,2476,2016-08-22,2026-08-21,10.0,1260.5,289268.1,137633,232309120.46,80821556.1,0.3753,0.178,0.743,8.348,0.7686,0,0.0,1,0.04,10,10,0,0,0,Tier 2: Liquid Institutional (10-100 Cr/day)
MARKSANS,MARKSANS PHARMA LIMITED,INE750C01026,EQ,NORMAL,False,False,PARTIAL,2476,2016-08-22,2026-08-21,10.0,321.3,2400058.6,1397864,231142457.15,103198705.5,0.508,0.3364,1.126,8.578,0.817,0,0.0,6,0.24,12,11,0,0,0,Tier 2: Liquid Institutional (10-100 Cr/day)
NFL,NATIONAL FERT. LTD,INE870D01012,EQ,NORMAL,False,False,PARTIAL,2476,2016-08-22,2026-08-21,10.0,70.3,2722614.1,992082,231098756.69,59896505.2,0.4612,0.1783,1.033,9.504,0.8125,0,0.0,0,0.0,13,8,0,0,0,Tier 2: Liquid Institutional (10-100 Cr/day)
DBL,DILIP BUILDCON LIMITED,INE917M01012,EQ,NORMAL,False,False,PARTIAL,2476,2016-08-22,2026-08-21,10.0,414.6,538149.1,266653,230242587.75,117735379.95,0.4797,0.1698,0.779,9.039,0.8654,0,0.0,3,0.12,9,9,0,0,0,Tier 2: Liquid Institutional (10-100 Cr/day)
ATUL,ATUL LTD,INE100A01010,EQ,NORMAL,False,True,PARTIAL,2476,2016-08-22,2026-08-21,10.0,6509.5,36648.4,23303,229401443.33,145644601.2,0.2831,0.1538,-0.014,8.34,0.5227,0,0.0,0,0.0,13,12,0,0,0,Tier 2: Liquid Institutional (10-100 Cr/day)
IOLCP,IOL CHEM AND PHARMA LTD,INE485C01029,EQ,NORMAL,False,False,PARTIAL,2476,2016-08-22,2026-08-21,10.0,169.52,2581387.1,1124880,229048090.03,75618010.0,0.5141,0.3131,1.025,9.913,0.7,0,0.0,10,0.4,17,8,1,0,0,Tier 2: Liquid Institutional (10-100 Cr/day)
PTCIL,PTC INDUSTRIES LIMITED,INE596F01018,EQ,NORMAL,False,True,PARTIAL,795,2023-06-09,2026-08-21,3.2,20629.0,16721.4,10586,228984542.71,144818974.0,0.4946,0.7239,1.494,11.349,0.4168,0,0.0,2,0.25,0,0,0,0,0,Tier 2: Liquid Institutional (10-100 Cr/day)
ABLBL,ADITYA BIRLA LIFES BRAN L,INE14LE01019,EQ,NORMAL,False,True,PARTIAL,290,2025-06-23,2026-08-21,1.16,86.12,1875420.3,1039349,228644098.52,125820537.55,0.3483,-0.4721,0.639,5.283,0.4786,0,0.0,0,0.0,1,1,0,0,0,Tier 2: Liquid Institutional (10-100 Cr/day)
LLOYDSENT,LLOYDS ENTERPRISES LTD,INE080I01025,EQ,NORMAL,False,False,PARTIAL,458,2024-10-17,2026-08-21,1.84,77.59,3494121.6,2353532,228447323.08,138282052.02,0.5614,0.3546,0.652,3.876,0.5544,0,0.0,0,0.0,4,3,0,0,1,Tier 2: Liquid Institutional (10-100 Cr/day)
AGARWALEYE,DR AGARWALS HEALTH CARE L,INE943P01029,EQ,NORMAL,False,False,PARTIAL,382,2025-02-04,2026-08-21,1.54,500.2,505683.4,159450,228341360.3,71624114.35,0.3017,0.1905,0.051,3.789,0.2631,0,0.0,0,0.0,0,0,0,0,0,Tier 2: Liquid Institutional (10-100 Cr/day)
SUNDARMFIN,SUNDARAM FINANCE LTD,INE660A01013,EQ,NORMAL,False,True,PARTIAL,2476,2016-08-22,2026-08-21,10.0,4534.5,71989.0,36977,227920302.04,78585090.6,0.3113,0.1697,0.98,8.233,0.451,0,0.0,0,0.0,21,19,0,0,0,Tier 2: Liquid Institutional (10-100 Cr/day)
GODREJIND,GODREJ INDUSTRIES LTD,INE233A01035,EQ,NORMAL,False,True,PARTIAL,2476,2016-08-22,2026-08-21,10.0,1230.0,343861.9,199829,227647677.52,122132807.5,0.3332,0.1635,1.761,16.284,0.659,0,0.0,0,0.0,8,3,0,0,0,Tier 2: Liquid Institutional (10-100 Cr/day)
ELLEN,ELLENBARRIE INDUS GASES L,INE236E01022,EQ,NORMAL,False,False,PARTIAL,284,2025-07-01,2026-08-21,1.14,328.5,561309.2,253912,227002618.36,82198923.2,0.4908,-0.3148,0.768,4.438,0.7057,0,0.0,0,0.0,0,0,0,0,0,Tier 2: Liquid Institutional (10-100 Cr/day)
POWERICA,POWERICA LIMITED,INE921L01032,EQ,NORMAL,False,False,PARTIAL,97,2026-04-02,2026-08-21,0.39,518.3,442030.5,318596,226757157.39,170321421.6,0.4786,0.8603,0.186,2.467,0.2326,0,0.0,0,0.0,0,0,0,0,0,Tier 2: Liquid Institutional (10-100 Cr/day)
AKUMS,AKUMS DRUGS AND PHARMA L,INE09XN01023,EQ,NORMAL,False,False,PARTIAL,508,2024-08-06,2026-08-21,2.04,750.0,361917.8,185136,226408033.32,103837606.5,0.4051,0.0516,0.463,5.5,0.6303,0,0.0,5,0.98,1,1,0,0,0,Tier 2: Liquid Institutional (10-100 Cr/day)
TEXRAIL,TEXMACO RAIL & ENG. LTD.,INE621L01012,EQ,NORMAL,False,False,PARTIAL,2476,2016-08-22,2026-08-21,10.0,104.57,1970004.1,995656,226319708.25,60878407.5,0.5035,0.1314,0.86,8.623,0.8837,0,0.0,0,0.0,12,10,0,0,2,Tier 2: Liquid Institutional (10-100 Cr/day)
CELLO,CELLO WORLD LIMITED,INE0LMW01024,EQ,NORMAL,False,False,PARTIAL,694,2023-11-06,2026-08-21,2.79,361.45,354019.9,167294,225880000.11,103018473.5,0.3156,-0.2358,1.028,9.248,0.6564,0,0.0,0,0.0,3,3,0,0,0,Tier 2: Liquid Institutional (10-100 Cr/day)
SUMICHEM,SUMITOMO CHEM INDIA LTD,INE258G01013,EQ,NORMAL,False,True,PARTIAL,1632,2020-01-27,2026-08-21,6.57,534.65,526702.1,315432,225554171.6,132128685.75,0.367,0.2183,0.538,9.564,0.4412,0,0.0,1,0.06,8,8,0,0,0,Tier 2: Liquid Institutional (10-100 Cr/day)
ABBOTINDIA,ABBOTT INDIA LIMITED,INE358A01014,EQ,NORMAL,False,True,PARTIAL,2476,2016-08-22,2026-08-21,10.0,26230.0,11967.8,8829,225355525.08,170404175.0,0.251,0.2073,0.892,8.451,0.3287,1,0.04,0,0.0,10,10,0,0,0,Tier 2: Liquid Institutional (10-100 Cr/day)
GPIL,GODAWARI POW & ISP LTD,INE177H01039,EQ,NORMAL,False,True,PARTIAL,2476,2016-08-22,2026-08-21,10.0,245.09,2783240.9,1735820,224471195.28,98743701.0,0.5344,0.6005,0.574,6.554,0.8595,0,0.0,18,0.73,17,7,2,1,0,Tier 2: Liquid Institutional (10-100 Cr/day)
THELEELA,LEELA PALACES HOTEL LTD,INE0AQ201015,EQ,NORMAL,False,True,PARTIAL,305,2025-06-02,2026-08-21,1.22,561.7,505795.5,269768,223897115.61,115041895.95,0.3062,0.2572,0.663,4.363,0.1628,0,0.0,0,0.0,0,0,0,0,0,Tier 2: Liquid Institutional (10-100 Cr/day)
MASTEK,MASTEK LTD,INE759A01021,EQ,NORMAL,False,False,PARTIAL,2476,2016-08-22,2026-08-21,10.0,1705.2,193369.8,90943,223812994.76,117306799.4,0.4669,0.3691,0.941,8.241,0.7165,0,0.0,0,0.0,21,19,0,0,0,Tier 2: Liquid Institutional (10-100 Cr/day)
SKYGOLD,SKY GOLD AND DIAMONDS LTD,INE01IU01018,EQ,NORMAL,False,False,PARTIAL,898,2023-01-06,2026-08-21,3.62,803.5,887428.9,451264,223482390.79,99336114.45,0.594,1.1787,0.899,7.423,0.4703,0,0.0,26,2.9,3,2,0,1,0,Tier 2: Liquid Institutional (10-100 Cr/day)
ITBEES,NIP IND ETF IT,INF204KB15V2,EQ,NORMAL,False,False,PARTIAL,1527,2020-07-01,2026-08-21,6.14,33.87,6234598.0,3940582,223005944.55,137395021.4,0.2159,0.1617,-0.001,5.453,0.4215,0,0.0,0,0.0,0,0,0,0,0,Tier 2: Liquid Institutional (10-100 Cr/day)
ANURAS,ANUPAM RASAYAN INDIA LTD,INE930P01018,EQ,NORMAL,False,True,PARTIAL,1342,2021-03-24,2026-08-21,5.41,1243.7,239081.0,136728,222637774.25,116457463.2,0.301,0.2063,0.757,8.028,0.485,0,0.0,0,0.0,12,9,0,0,0,Tier 2: Liquid Institutional (10-100 Cr/day)
AARTIPHARM,AARTI PHARMALABS LIMITED,INE0LRU01027,EQ,NORMAL,False,False,PARTIAL,901,2017-06-22,2026-08-21,9.16,816.8,341493.9,199732,221647331.76,117332783.1,14.6543,8.0638,29.856,894.245,0.3865,0,0.0,9,1.0,5,5,0,0,0,Tier 2: Liquid Institutional (10-100 Cr/day)
SANSERA,SANSERA ENGINEERING LTD,INE953O01021,EQ,NORMAL,False,False,PARTIAL,1218,2021-09-24,2026-08-21,4.91,3876.9,153439.1,94520,220917747.52,105311790.8,0.3248,0.3744,0.816,7.175,0.4025,0,0.0,0,0.0,4,4,0,0,0,Tier 2: Liquid Institutional (10-100 Cr/day)
TARIL,TRANS & RECTI. LTD,INE763I01026,EQ,NORMAL,False,True,PARTIAL,2476,2016-08-22,2026-08-21,10.0,298.65,1356312.8,447018,220756610.59,11030370.0,0.5964,0.4724,1.145,8.079,0.8918,0,0.0,9,0.36,12,5,1,1,0,Tier 2: Liquid Institutional (10-100 Cr/day)
RKFORGE,RAMKRISHNA FORGINGS LTD,INE399G01023,EQ,NORMAL,False,True,PARTIAL,2476,2016-08-22,2026-08-21,10.0,737.05,513809.7,292675,220351561.06,65445902.0,0.4338,0.316,0.463,6.634,0.8398,0,0.0,0,0.0,22,17,1,0,0,Tier 2: Liquid Institutional (10-100 Cr/day)
JTLIND,JTL INDUSTRIES LIMITED,INE391J01032,EQ,NORMAL,False,False,PARTIAL,1157,2021-12-23,2026-08-21,4.66,79.52,2507058.2,1206059,220014115.01,101959920.0,0.4946,0.1905,0.478,9.963,0.698,0,0.0,0,0.0,5,3,1,1,0,Tier 2: Liquid Institutional (10-100 Cr/day)
HDIL,HOUSING DEV & INFRA LTD,INE191I01012,BZ,NORMAL,False,False,PARTIAL,2142,2016-08-22,2026-08-21,10.0,1.54,3905422.1,477011,217350077.66,2089604.3,0.5375,-0.3411,-0.049,5.178,0.9871,0,0.0,254,11.86,5,0,0,0,0,Tier 2: Liquid Institutional (10-100 Cr/day)
MSTCLTD,MSTC LIMITED,INE255X01014,EQ,NORMAL,False,False,PARTIAL,1834,2019-03-29,2026-08-21,7.4,701.45,505996.2,254322,217318623.97,92295457.7,0.5529,0.3996,1.011,8.24,0.6696,0,0.0,7,0.38,16,15,0,0,0,Tier 2: Liquid Institutional (10-100 Cr/day)
ARKADE,ARKADE DEVELOPERS LIMITED,INE0QRL01017,EQ,NORMAL,False,False,PARTIAL,474,2024-09-24,2026-08-21,1.91,130.98,1324910.1,670565,217122517.08,98813000.0,0.4126,-0.0411,0.259,4.236,0.5459,0,0.0,0,0.0,1,1,0,0,0,Tier 2: Liquid Institutional (10-100 Cr/day)
TRUALT,TRUALT BIOENERGY LIMITED,INE0MWH01014,EQ,NORMAL,False,False,PARTIAL,219,2025-10-03,2026-08-21,0.88,446.15,457563.8,228428,215196833.3,99250014.5,0.4345,-0.108,0.622,4.903,0.398,0,0.0,0,0.0,0,0,0,0,0,Tier 2: Liquid Institutional (10-100 Cr/day)
WEWORK,WEWORK INDIA MANAGEMENT L,INE085001019,EQ,NORMAL,False,False,PARTIAL,214,2025-10-10,2026-08-21,0.86,682.9,346415.9,144729,214693529.5,88189501.0,0.3998,0.1753,1.866,14.395,0.3415,0,0.0,0,0.0,0,0,0,0,0,Tier 2: Liquid Institutional (10-100 Cr/day)
TIMETECHNO,TIME TECHNOPLAST LTD.,INE508G01029,EQ,NORMAL,False,False,PARTIAL,2476,2016-08-22,2026-08-21,10.0,187.48,2271924.6,1444490,214131499.58,74031526.5,0.4816,0.2745,0.759,6.307,0.8939,0,0.0,0,0.0,11,10,0,1,0,Tier 2: Liquid Institutional (10-100 Cr/day)
ASTRAMICRO,ASTRA MICROWAVE LTD,INE386C01029,EQ,NORMAL,False,False,PARTIAL,2476,2016-08-22,2026-08-21,10.0,1662.2,524357.1,299604,213664378.52,81800464.0,0.443,0.3676,0.619,7.384,0.6672,0,0.0,0,0.0,9,9,0,0,0,Tier 2: Liquid Institutional (10-100 Cr/day)
LIQUID,MIRAEAMC - LIQUID,INF769K01KS1,EQ,NORMAL,False,False,PARTIAL,760,2023-07-31,2026-08-21,3.06,999.99,212325.5,148013,212323434.23,148011519.87,0.0,0.0,0.0,32.503,0.0,0,0.0,0,0.0,0,0,0,0,0,Tier 2: Liquid Institutional (10-100 Cr/day)
BBTC,BOMBAY BURMAH TRADING COR,INE050A01025,EQ,NORMAL,False,True,PARTIAL,2476,2016-08-22,2026-08-21,10.0,1427.4,151494.9,70248,212102502.77,88131186.0,0.4173,0.1926,1.374,13.137,0.7024,0,0.0,0,0.0,11,11,0,0,0,Tier 2: Liquid Institutional (10-100 Cr/day)
CEMPRO,CEMINDIA PROJECTS LIMITED,INE686A01026,EQ,NORMAL,False,True,PARTIAL,2476,2016-08-22,2026-08-21,10.0,1276.4,698108.3,390552,211927109.83,52945978.8,0.4828,0.3356,0.692,7.89,0.8768,0,0.0,1,0.04,10,10,0,0,0,Tier 2: Liquid Institutional (10-100 Cr/day)
MOREPENLAB,MOREPEN LAB. LTD,INE083A01026,EQ,NORMAL,False,False,PARTIAL,2476,2016-08-22,2026-08-21,10.0,96.01,4102078.3,1745914,211486236.48,59738024.13,0.5743,0.3161,1.448,9.487,0.8211,0,0.0,5,0.2,10,1,0,0,0,Tier 2: Liquid Institutional (10-100 Cr/day)
RATNAVEER,RATNAVEER PRECISION ENG L,INE05CZ01011,EQ,NORMAL,False,False,PARTIAL,731,2023-09-11,2026-08-21,2.94,267.04,1204095.9,403542,211449698.82,61024431.6,0.5056,0.3759,0.834,5.733,0.5298,0,0.0,14,1.92,1,0,0,0,0,Tier 2: Liquid Institutional (10-100 Cr/day)
GANDHAR,GANDHAR OIL REFINE IND L,INE717W01049,EQ,NORMAL,False,False,PARTIAL,677,2023-11-30,2026-08-21,2.72,250.43,939774.2,288308,209597624.77,52515319.66,0.4151,0.0155,1.161,10.535,0.6229,0,0.0,0,0.0,5,4,0,0,0,Tier 2: Liquid Institutional (10-100 Cr/day)
GPPL,GUJARAT PIPAVAV PORT LTD,INE517F01014,EQ,NORMAL,False,False,PARTIAL,2476,2016-08-22,2026-08-21,10.0,163.54,1373388.8,672469,209548976.51,74771138.85,0.3532,0.0569,0.476,7.147,0.754,0,0.0,0,0.0,19,19,0,0,0,Tier 2: Liquid Institutional (10-100 Cr/day)
UNIMECH,UNIMECH AEROSPACE N MFG L,INE0U3I01011,EQ,NORMAL,False,False,PARTIAL,408,2024-12-31,2026-08-21,1.64,1491.4,174171.6,78855,208181860.65,78259470.6,0.4872,0.1665,0.726,4.084,0.5153,0,0.0,1,0.25,0,0,0,0,0,Tier 2: Liquid Institutional (10-100 Cr/day)
ABSLAMC,ADIT BIRL SUN LIF AMC LTD,INE404A01024,EQ,NORMAL,False,True,PARTIAL,1207,2021-10-11,2026-08-21,4.86,1008.4,290395.4,195079,207606004.91,126916194.3,0.3136,0.1254,0.317,6.997,0.5579,0,0.0,0,0.0,7,7,0,0,0,Tier 2: Liquid Institutional (10-100 Cr/day)
AWFIS,AWFIS SPACE SOLUTIONS LTD,INE108V01019,EQ,NORMAL,False,False,PARTIAL,554,2024-05-30,2026-08-21,2.23,268.2,387413.8,228675,207353269.8,113647688.0,0.4723,-0.0957,0.501,5.359,0.7437,0,0.0,0,0.0,0,0,0,0,0,Tier 2: Liquid Institutional (10-100 Cr/day)
GMRP&UI,GMR POW AND URBAN INFRA L,INE0CU601026,EQ,NORMAL,False,False,PARTIAL,1096,2022-03-23,2026-08-21,4.41,96.58,2827810.8,1597657,206744645.44,133369247.2,0.5297,0.3112,0.605,4.494,0.6809,0,0.0,18,1.64,3,0,0,0,0,Tier 2: Liquid Institutional (10-100 Cr/day)
TVSSCS,TVS SUPPLY CHAIN SOL L,INE395N01027,EQ,NORMAL,False,False,PARTIAL,744,2023-08-23,2026-08-21,3.0,121.44,1249004.4,618636,205873441.11,94880452.16,0.3883,-0.0963,0.748,6.287,0.6292,0,0.0,0,0.0,0,0,0,0,0,Tier 2: Liquid Institutional (10-100 Cr/day)
KSCL,KAVERI SEED CO. LTD.,INE455I01029,EQ,NORMAL,False,False,PARTIAL,2476,2016-08-22,2026-08-21,10.0,760.1,343091.8,175156,205091883.62,112182691.5,0.3828,0.1441,0.65,7.826,0.5757,0,0.0,0,0.0,22,9,0,0,0,Tier 2: Liquid Institutional (10-100 Cr/day)
GUJALKALI,GUJARAT ALKALIES & CHEM,INE186A01019,EQ,NORMAL,False,False,PARTIAL,2476,2016-08-22,2026-08-21,10.0,684.25,332701.8,79499,205087897.44,44717821.15,0.4149,0.16,1.054,10.817,0.7932,0,0.0,0,0.0,10,10,0,0,0,Tier 2: Liquid Institutional (10-100 Cr/day)
PTC,PTC INDIA LIMITED,INE877F01012,EQ,NORMAL,False,False,PARTIAL,2476,2016-08-22,2026-08-21,10.0,156.56,1683136.7,1190820,203956574.58,124692289.8,0.3824,0.1455,0.079,8.113,0.7441,0,0.0,5,0.2,15,15,0,0,0,Tier 2: Liquid Institutional (10-100 Cr/day)
LTFOODS,LT FOODS LIMITED,INE818H01020,EQ,NORMAL,False,True,PARTIAL,2476,2016-08-22,2026-08-21,10.0,427.6,1497949.3,834155,203837736.69,98137609.1,0.4831,0.385,0.848,8.125,0.8647,0,0.0,0,0.0,24,20,0,0,0,Tier 2: Liquid Institutional (10-100 Cr/day)
YATRA,YATRA ONLINE LIMITED,INE0JR601024,EQ,NORMAL,False,False,PARTIAL,719,2023-09-28,2026-08-21,2.9,116.93,1476475.9,485907,203457051.4,59341417.2,0.5031,0.0711,1.141,10.976,0.6342,0,0.0,0,0.0,0,0,0,0,0,Tier 2: Liquid Institutional (10-100 Cr/day)
MOTISONS,MOTISONS JEWELLERS LTD,INE0FRK01020,EQ,NORMAL,False,False,PARTIAL,660,2023-12-26,2026-08-21,2.65,17.0,11234713.1,2772103,202942044.83,48262456.0,0.561,0.3419,1.508,8.588,0.6642,0,0.0,6,0.91,2,0,1,0,0,Tier 2: Liquid Institutional (10-100 Cr/day)
TRAVELFOOD,TRAVEL FOOD SERVICES LTD,INE103V01028,EQ,NORMAL,False,True,PARTIAL,275,2025-07-14,2026-08-21,1.1,1307.2,169606.1,63790,202173379.99,83603174.0,0.3252,0.2322,0.834,5.813,0.2485,0,0.0,0,0.0,0,0,0,0,0,Tier 2: Liquid Institutional (10-100 Cr/day)
NOCIL,NOCIL LIMITED,INE163A01018,EQ,NORMAL,False,False,PARTIAL,2476,2016-08-22,2026-08-21,10.0,167.02,1162995.7,667112,201347586.89,112568531.25,0.4236,0.1849,0.323,6.467,0.7683,0,0.0,0,0.0,11,10,0,0,0,Tier 2: Liquid Institutional (10-100 Cr/day)
SETL,STANDARD ENGNG TCNLGY LTD,INE0M4D01010,EQ,NORMAL,False,False,PARTIAL,399,2025-01-13,2026-08-21,1.6,297.75,1107391.8,328552,201225919.48,51702031.69,0.5221,0.5131,1.275,7.809,0.4703,0,0.0,0,0.0,0,0,0,0,0,Tier 2: Liquid Institutional (10-100 Cr/day)
KIRLOSENG,KIRLOSKAR OIL ENG LTD,INE146L01010,EQ,NORMAL,False,True,PARTIAL,2476,2016-08-22,2026-08-21,10.0,2100.8,275370.8,124251,201155372.11,30535829.1,0.4097,0.2859,1.175,9.404,0.8069,0,0.0,0,0.0,19,18,0,0,0,Tier 2: Liquid Institutional (10-100 Cr/day)
MODEFENCE,MOTILALAMC - MODEFENCE,INF247L01DJ0,EQ,NORMAL,False,False,PARTIAL,494,2024-08-27,2026-08-21,1.98,108.1,2263913.1,1680578,201149515.33,152682305.76,0.2793,0.212,0.184,4.272,0.2777,0,0.0,0,0.0,0,0,0,0,0,Tier 2: Liquid Institutional (10-100 Cr/day)
AEROPLANE,AMIR CHAND JAG KUM (E) L,INE05TO01019,EQ,NORMAL,False,False,PARTIAL,97,2026-04-02,2026-08-21,0.39,175.82,1338557.8,672952,200359695.08,101586804.48,0.5426,0.0849,-0.175,4.457,0.3475,0,0.0,2,2.06,0,0,0,0,0,Tier 2: Liquid Institutional (10-100 Cr/day)
RPTECH,RASHI PERIPHERALS LIMITED,INE0J1F01024,EQ,NORMAL,False,False,PARTIAL,625,2024-02-14,2026-08-21,2.52,876.9,414210.1,159996,199975591.65,57943012.2,0.4208,0.4925,0.918,6.898,0.4319,0,0.0,0,0.0,3,3,0,0,0,Tier 2: Liquid Institutional (10-100 Cr/day)
GRAVITA,GRAVITA INDIA LIMITED,INE024L01027,EQ,NORMAL,False,True,PARTIAL,2476,2016-08-22,2026-08-21,10.0,1821.7,311765.9,183726,199322381.0,56782093.5,0.508,0.5516,0.904,6.962,0.838,0,0.0,0,0.0,14,9,0,0,0,Tier 2: Liquid Institutional (10-100 Cr/day)
ACE,ACTION CONST EQUIP LTD,INE731H01025,EQ,NORMAL,False,True,PARTIAL,2476,2016-08-22,2026-08-21,10.0,1182.2,477859.7,270474,198881294.6,92975015.0,0.5058,0.4633,0.998,8.318,0.8369,1,0.04,1,0.04,12,9,0,0,0,Tier 2: Liquid Institutional (10-100 Cr/day)
TDPOWERSYS,TD POWER SYSTEMS LTD.,INE419M01035,EQ,NORMAL,False,False,PARTIAL,2476,2016-08-22,2026-08-21,10.0,767.4,1096176.1,607392,198657749.21,21927542.0,0.4773,0.4836,0.876,8.36,0.7038,0,0.0,0,0.0,17,16,1,0,0,Tier 2: Liquid Institutional (10-100 Cr/day)
DENTA,DENTA WATER N INFRA SOL L,INE0R4L01018,EQ,NORMAL,False,False,PARTIAL,387,2025-01-29,2026-08-21,1.56,286.4,565558.8,211834,198576407.21,66362035.2,0.5412,0.0294,0.805,5.412,0.52,0,0.0,0,0.0,1,1,0,0,0,Tier 2: Liquid Institutional (10-100 Cr/day)
KROSS,KROSS LIMITED,INE0O6601022,EQ,NORMAL,False,False,PARTIAL,480,2024-09-16,2026-08-21,1.93,206.84,952716.4,261729,198571067.36,47969691.12,0.5014,0.0033,0.949,5.958,0.4048,0,0.0,0,0.0,0,0,0,0,0,Tier 2: Liquid Institutional (10-100 Cr/day)
GRWRHITECH,GARWARE HI-TECH FILMS LTD,INE291A01017,EQ,NORMAL,False,False,PARTIAL,1128,2022-02-03,2026-08-21,4.54,7123.5,64425.0,41418,198438828.35,95247242.8,0.5478,0.6235,0.815,7.741,0.545,0,0.0,3,0.27,7,4,0,0,0,Tier 2: Liquid Institutional (10-100 Cr/day)
KPRMILL,KPR MILL LTD.,INE930H01031,EQ,NORMAL,False,True,PARTIAL,2476,2016-08-22,2026-08-21,10.0,1151.6,317650.1,177566,198163814.53,82568002.0,0.3789,0.3059,0.885,9.45,0.6175,0,0.0,0,0.0,22,16,1,0,0,Tier 2: Liquid Institutional (10-100 Cr/day)
POCL,PONDY OXIDES & CHEM LTD,INE063E01061,EQ,NORMAL,False,False,PARTIAL,972,2018-01-04,2026-08-21,8.63,502.45,553240.4,281820,198021827.23,69219958.5,28.3233,14.8693,31.038,965.913,0.7674,0,0.0,27,2.78,5,3,2,0,0,Tier 2: Liquid Institutional (10-100 Cr/day)
UTKARSHBNK,UTKARSH SMALL FIN BANK L,INE735W01017,EQ,NORMAL,False,False,PARTIAL,766,2023-07-21,2026-08-21,3.09,14.43,6133248.5,3110309,197311247.36,87031820.35,0.4287,-0.3035,0.119,12.149,0.8416,0,0.0,0,0.0,2,1,0,0,1,Tier 2: Liquid Institutional (10-100 Cr/day)
ENDURANCE,ENDURANCE TECHNO. LTD.,INE913H01037,EQ,NORMAL,False,True,PARTIAL,2438,2016-10-19,2026-08-21,9.84,3029.5,132322.1,67718,195659393.36,98114287.7,0.3331,0.2139,0.128,9.079,0.6273,0,0.0,0,0.0,10,10,0,0,0,Tier 2: Liquid Institutional (10-100 Cr/day)
RELIGARE,RELIGARE ENTER. LTD.,INE621H01010,EQ,NORMAL,False,False,PARTIAL,2476,2016-08-22,2026-08-21,10.0,231.6,1217635.5,685878,194612172.15,92112861.15,0.5214,0.1227,0.87,7.586,0.939,0,0.0,28,1.13,9,0,0,0,0,Tier 2: Liquid Institutional (10-100 Cr/day)
BALAMINES,BALAJI AMINES LIMITED,INE050E01027,EQ,NORMAL,False,False,PARTIAL,2476,2016-08-22,2026-08-21,10.0,2078.2,119876.3,50147,193013880.3,76672037.95,0.4868,0.3168,0.953,7.995,0.8036,0,0.0,0,0.0,11,11,0,0,0,Tier 2: Liquid Institutional (10-100 Cr/day)
SCHAEFFLER,SCHAEFFLER INDIA LIMITED,INE513A01022,EQ,NORMAL,False,True,PARTIAL,2476,2016-08-22,2026-08-21,10.0,4017.9,76370.2,48090,192890266.78,89790511.2,0.2857,0.2042,0.897,8.509,0.4735,0,0.0,0,0.0,11,10,1,0,0,Tier 2: Liquid Institutional (10-100 Cr/day)
INDIGOPNTS,INDIGO PAINTS LIMITED,INE09VQ01012,EQ,NORMAL,False,False,PARTIAL,1397,2018-07-24,2026-08-21,8.08,1151.8,121042.5,51098,191929029.91,70448925.0,1.0169,0.2613,32.331,1150.201,0.772,2,0.14,11,0.79,5,4,0,0,0,Tier 2: Liquid Institutional (10-100 Cr/day)
EIDPARRY,EID PARRY INDIA LTD,INE126A01031,EQ,NORMAL,False,True,PARTIAL,2476,2016-08-22,2026-08-21,10.0,797.3,378170.4,223921,190437107.8,106966360.05,0.3849,0.1904,0.99,9.545,0.7205,0,0.0,0,0.0,16,9,0,0,0,Tier 2: Liquid Institutional (10-100 Cr/day)
BAJAJHIND,BAJAJ HINDUSTHAN SUGAR LT,INE306A01021,EQ,NORMAL,False,False,PARTIAL,2476,2016-08-22,2026-08-21,10.0,23.13,8773084.7,4543198,190265800.35,62903005.0,0.5327,0.1661,1.065,7.592,0.8716,0,0.0,39,1.58,9,0,0,0,0,Tier 2: Liquid Institutional (10-100 Cr/day)
BLSE,BLS E-SERVICES LIMITED,INE0NLT01010,EQ,NORMAL,False,False,PARTIAL,631,2024-02-06,2026-08-21,2.54,320.9,706471.2,282234,189406450.51,58152807.85,0.4584,0.05,1.269,8.037,0.6781,1,0.16,0,0.0,3,2,0,0,0,Tier 2: Liquid Institutional (10-100 Cr/day)
KMEW,KNOWLEDGE MARINE & EN W L,INE0CJD01029,EQ,NORMAL,False,False,PARTIAL,438,2024-11-14,2026-08-21,1.77,2725.6,121668.8,68172,188991435.99,98957513.8,0.5618,0.7031,0.517,4.695,0.4473,0,0.0,0,0.0,1,0,1,0,0,Tier 2: Liquid Institutional (10-100 Cr/day)
SGMART,SG MART LIMITED,INE385F01024,EQ,NORMAL,False,False,PARTIAL,233,2025-09-12,2026-08-21,0.94,820.35,354445.9,186880,188055320.17,79063188.75,0.4079,0.9833,0.949,5.361,0.1731,0,0.0,0,0.0,0,0,0,0,0,Tier 2: Liquid Institutional (10-100 Cr/day)
LAXMIDENTL,LAXMI DENTAL LIMITED,INE0WO601020,EQ,NORMAL,False,False,PARTIAL,394,2025-01-20,2026-08-21,1.58,198.14,484192.4,127599,187692053.91,36568967.3,0.5272,-0.5203,1.795,11.424,0.7126,0,0.0,0,0.0,0,0,0,0,0,Tier 2: Liquid Institutional (10-100 Cr/day)
INA,INSOLATION ENERGY LIMITED,INE0LGX01024,EQ,NORMAL,False,False,PARTIAL,113,2026-03-09,2026-08-21,0.45,93.79,1540985.2,662770,187608263.79,76768649.1,0.6371,0.1286,0.298,3.544,0.4035,0,0.0,0,0.0,0,0,0,0,0,Tier 2: Liquid Institutional (10-100 Cr/day)
VIYASH,VIYASH SCIENTIFIC LIMITED,INE807F01027,EQ,NORMAL,False,False,PARTIAL,2476,2016-08-22,2026-08-21,10.0,275.95,1269967.1,627199,187533648.55,81768937.25,0.5096,0.2357,0.739,6.86,0.8076,0,0.0,1,0.04,5,3,0,0,0,Tier 2: Liquid Institutional (10-100 Cr/day)
TFCILTD,TOURISM FINANCE CORP. OF,INE305A01023,EQ,NORMAL,False,False,PARTIAL,2476,2016-08-22,2026-08-21,10.0,130.99,5281456.7,2151140,186550565.25,40772757.5,0.5043,0.3955,0.546,10.253,0.8355,0,0.0,7,0.28,12,10,1,0,0,Tier 2: Liquid Institutional (10-100 Cr/day)
DBREALTY,VALOR ESTATE LIMITED,INE879I01012,EQ,NORMAL,False,False,PARTIAL,2444,2016-08-22,2026-08-21,10.0,106.08,1348405.0,539904,186075100.17,25234268.5,0.6129,0.2598,0.396,8.78,0.9546,0,0.0,83,3.4,9,0,0,0,0,Tier 2: Liquid Institutional (10-100 Cr/day)
NIITLTD,NIIT LIMITED,INE161A01038,EQ,NORMAL,False,False,PARTIAL,2476,2016-08-22,2026-08-21,10.0,93.62,1132570.0,571159,185228876.31,74827233.6,0.558,0.1897,-3.092,95.819,0.923,0,0.0,0,0.0,12,9,0,0,0,Tier 2: Liquid Institutional (10-100 Cr/day)
GMMPFAUDLR,GMM PFAUDLER LIMITED,INE541A01023,EQ,NORMAL,False,False,PARTIAL,2098,2018-03-05,2026-08-21,8.46,1022.35,133680.7,67797,184915062.38,88326170.75,0.3988,0.2538,1.309,13.571,0.6585,0,0.0,5,0.24,26,25,0,1,0,Tier 2: Liquid Institutional (10-100 Cr/day)
BRIGADE,BRIGADE ENTER. LTD,INE791I01019,EQ,NORMAL,False,True,PARTIAL,2476,2016-08-22,2026-08-21,10.0,639.3,406470.6,234051,184504973.64,70185409.0,0.3897,0.278,0.465,7.45,0.618,1,0.04,0,0.0,12,10,0,2,0,Tier 2: Liquid Institutional (10-100 Cr/day)
GKENERGY,GK ENERGY LIMITED,INE1AG301022,EQ,NORMAL,False,False,PARTIAL,223,2025-09-26,2026-08-21,0.9,123.3,1175750.1,684308,184298579.64,93829630.75,0.5409,-0.205,0.528,2.882,0.6134,0,0.0,0,0.0,0,0,0,0,0,Tier 2: Liquid Institutional (10-100 Cr/day)
BFUTILITIE,BF UTILITIES LIMITED,INE243D01012,EQ,NORMAL,False,False,PARTIAL,2476,2016-08-22,2026-08-21,10.0,523.85,409227.1,220202,183627396.52,80495767.5,0.51,0.1149,1.133,8.449,0.7814,0,0.0,3,0.12,9,0,0,0,0,Tier 2: Liquid Institutional (10-100 Cr/day)
IPL,INDIA PESTICIDES LIMITED,INE0D6701023,EQ,NORMAL,False,False,PARTIAL,1274,2021-07-05,2026-08-21,5.13,140.27,647793.4,200842,181423920.68,43693399.65,0.4107,-0.0933,0.609,10.252,0.6946,0,0.0,0,0.0,4,4,0,0,0,Tier 2: Liquid Institutional (10-100 Cr/day)
SUNTECK,SUNTECK REALTY LIMITED,INE805D01034,EQ,NORMAL,False,False,PARTIAL,2476,2016-08-22,2026-08-21,10.0,296.35,464588.3,232655,181406263.24,82225284.0,0.4177,0.1809,0.378,9.003,0.7181,0,0.0,0,0.0,11,10,1,0,0,Tier 2: Liquid Institutional (10-100 Cr/day)
CGCL,CAPRI GLOBAL CAPITAL LTD,INE180C01042,EQ,NORMAL,False,True,PARTIAL,2476,2016-08-22,2026-08-21,10.0,224.03,1324392.8,537076,181248254.42,52974150.8,0.4744,0.4474,1.632,12.185,0.489,0,0.0,0,0.0,13,9,1,1,1,Tier 2: Liquid Institutional (10-100 Cr/day)
ASHOKA,ASHOKA BUILDCON LTD,INE442H01029,EQ,NORMAL,False,False,PARTIAL,2476,2016-08-22,2026-08-21,10.0,114.22,1294309.4,762510,179943989.12,85987873.84,0.4429,0.1122,0.49,8.351,0.8021,0,0.0,0,0.0,11,3,0,1,0,Tier 2: Liquid Institutional (10-100 Cr/day)
METROBRAND,METRO BRANDS LIMITED,INE317I01021,EQ,NORMAL,False,False,PARTIAL,1158,2021-12-22,2026-08-21,4.66,912.5,199012.3,91884,179610783.36,91800571.5,0.3426,0.1913,1.733,13.304,0.3523,0,0.0,0,0.0,11,9,0,0,0,Tier 2: Liquid Institutional (10-100 Cr/day)
ELECON,ELECON ENG. CO. LTD,INE205B01031,EQ,NORMAL,False,True,PARTIAL,2476,2016-08-22,2026-08-21,10.0,451.55,904846.1,465090,178960660.49,72527430.3,0.532,0.4221,0.693,6.837,0.8454,0,0.0,0,0.0,14,12,1,0,0,Tier 2: Liquid Institutional (10-100 Cr/day)
SILVER,BIRLASLAMC - SILVER,INF209KB19F6,EQ,NORMAL,False,False,PARTIAL,1128,2022-02-03,2026-08-21,4.54,242.87,874239.3,181155,178799022.77,14301745.56,0.3344,0.3572,-0.969,15.818,0.4512,0,0.0,0,0.0,0,0,0,0,0,Tier 2: Liquid Institutional (10-100 Cr/day)
AETHER,AETHER INDUSTRIES LIMITED,INE0BWX01014,EQ,NORMAL,False,False,PARTIAL,1047,2022-06-03,2026-08-21,4.22,1626.6,184275.3,77104,178711166.14,67110954.8,0.3265,0.2315,0.834,7.287,0.3732,0,0.0,0,0.0,0,0,0,0,0,Tier 2: Liquid Institutional (10-100 Cr/day)
NEPHROPLUS,NEPHROCARE HEALTH SERV L,INE428V01029,EQ,NORMAL,False,False,PARTIAL,168,2025-12-17,2026-08-21,0.68,694.1,326517.4,127387,178527091.11,76279727.7,0.4347,0.6777,0.623,3.95,0.1739,0,0.0,0,0.0,0,0,0,0,0,Tier 2: Liquid Institutional (10-100 Cr/day)
KNRCON,KNR CONSTRU LTD.,INE634I01029,EQ,NORMAL,False,False,PARTIAL,2476,2016-08-22,2026-08-21,10.0,127.0,837255.0,384130,178089004.5,71228110.1,0.3708,0.129,0.821,6.558,0.7324,0,0.0,0,0.0,14,9,0,1,0,Tier 2: Liquid Institutional (10-100 Cr/day)
SHRIRAMPPS,SHRIRAM PROPERTIES LTD,INE217L01019,EQ,NORMAL,False,False,PARTIAL,1160,2021-12-20,2026-08-21,4.67,77.91,1726681.3,810089,177904036.06,70625470.4,0.4536,0.0487,0.483,6.627,0.5779,0,0.0,0,0.0,0,0,0,0,0,Tier 2: Liquid Institutional (10-100 Cr/day)
CHOLAHLDNG,CHOLAMANDALAM FIN HOL LTD,INE149A01033,EQ,NORMAL,False,True,PARTIAL,2206,2017-09-25,2026-08-21,8.9,1561.8,161054.2,90706,177792834.92,71280153.6,0.3328,0.1663,0.611,8.607,0.6883,0,0.0,0,0.0,11,11,0,0,0,Tier 2: Liquid Institutional (10-100 Cr/day)
SHILPAMED,SHILPA MEDICARE LTD,INE790G01031,EQ,NORMAL,False,False,PARTIAL,2476,2016-08-22,2026-08-21,10.0,814.95,647903.4,237946,176872535.94,57852849.6,0.4508,0.2083,0.884,7.086,0.7293,0,0.0,10,0.4,14,7,0,1,0,Tier 2: Liquid Institutional (10-100 Cr/day)
TRIVENI,TRIVENI ENGG. & INDS. LTD,INE256C01024,EQ,NORMAL,False,False,PARTIAL,2476,2016-08-22,2026-08-21,10.0,295.28,846631.4,508562,176507840.79,84743795.45,0.5038,0.3027,-0.42,17.916,0.7176,0,0.0,7,0.28,15,11,0,0,0,Tier 2: Liquid Institutional (10-100 Cr/day)
UTLSOLAR,FUJIYAMA POWER SYSTEMS L,INE12UR01024,EQ,NORMAL,False,False,PARTIAL,187,2025-11-20,2026-08-21,0.75,477.4,668615.9,334450,176304783.07,89617116.05,0.4655,1.2319,0.345,3.367,0.223,0,0.0,2,1.07,0,0,0,0,0,Tier 2: Liquid Institutional (10-100 Cr/day)
PFIZER,PFIZER LTD,INE182A01018,EQ,NORMAL,False,True,PARTIAL,2476,2016-08-22,2026-08-21,10.0,4978.2,39859.5,19916,176035655.67,78546304.2,0.2527,0.1292,1.343,12.931,0.4359,0,0.0,0,0.0,12,12,0,0,0,Tier 2: Liquid Institutional (10-100 Cr/day)
NUVOCO,NUVOCO VISTAS CORP LTD,INE118D01016,EQ,NORMAL,False,True,PARTIAL,1241,2021-08-23,2026-08-21,4.99,322.05,464285.6,214370,175814074.9,76709945.35,0.3202,-0.051,0.538,7.191,0.5333,0,0.0,0,0.0,0,0,0,0,0,Tier 2: Liquid Institutional (10-100 Cr/day)
TEGA,TEGA INDUSTRIES LIMITED,INE011K01018,EQ,NORMAL,False,True,PARTIAL,1165,2021-12-13,2026-08-21,4.69,1743.2,147167.9,66404,175611757.62,70082628.0,0.379,0.2611,0.353,5.759,0.4493,0,0.0,0,0.0,3,3,0,0,0,Tier 2: Liquid Institutional (10-100 Cr/day)
KPIL,KALPATARU PROJECT INT LTD,INE220B01022,EQ,NORMAL,False,True,PARTIAL,2476,2016-08-22,2026-08-21,10.0,1404.5,265334.1,149392,174725752.34,79751573.0,0.3566,0.2386,0.384,8.445,0.6761,0,0.0,0,0.0,12,11,0,0,0,Tier 2: Liquid Institutional (10-100 Cr/day)
ECLERX,ECLERX SERVICES LTD,INE738I01010,EQ,NORMAL,False,True,PARTIAL,2476,2016-08-22,2026-08-21,10.0,1815.7,202746.2,103604,174426663.46,71927100.0,0.4009,0.2062,1.037,10.573,0.7885,0,0.0,1,0.04,20,10,0,2,0,Tier 2: Liquid Institutional (10-100 Cr/day)
KRBL,KRBL LIMITED,INE001B01026,EQ,NORMAL,False,False,PARTIAL,2476,2016-08-22,2026-08-21,10.0,406.95,540476.2,293531,174407222.28,93444293.6,0.4604,0.1505,0.049,10.732,0.8528,0,0.0,7,0.28,13,9,0,0,0,Tier 2: Liquid Institutional (10-100 Cr/day)
KIRIINDUS,KIRI INDUSTRIES LIMITED,INE415I01015,EQ,NORMAL,False,False,PARTIAL,2476,2016-08-22,2026-08-21,10.0,477.9,355791.9,156181,174166378.18,64836112.5,0.5005,0.1539,1.364,10.774,0.7009,0,0.0,3,0.12,9,2,0,0,0,Tier 2: Liquid Institutional (10-100 Cr/day)
APLLTD,ALEMBIC PHARMA LTD,INE901L01018,EQ,NORMAL,False,False,PARTIAL,2476,2016-08-22,2026-08-21,10.0,821.75,207943.9,98566,173252310.71,72489950.4,0.3239,0.0767,0.835,13.551,0.5841,0,0.0,0,0.0,10,10,0,0,0,Tier 2: Liquid Institutional (10-100 Cr/day)
COCKERILL,JOHN COCKERILL INDIA LTD.,INE515A01019,EQ,NORMAL,False,False,PARTIAL,87,2026-04-20,2026-08-21,0.34,8213.5,19877.6,7307,172724512.52,62062004.5,0.7121,1.5839,0.982,7.959,0.2387,0,0.0,0,0.0,0,0,0,0,0,Tier 2: Liquid Institutional (10-100 Cr/day)
JAMNAAUTO,JAMNA AUTO IND LTD,INE039C01032,EQ,NORMAL,False,False,PARTIAL,2476,2016-08-22,2026-08-21,10.0,121.41,1787991.1,1024662,172703690.93,79705896.25,0.4277,0.1946,0.631,6.421,0.7821,0,0.0,0,0.0,22,20,1,0,0,Tier 2: Liquid Institutional (10-100 Cr/day)
KALAMANDIR,SAI SILKS (KALAMANDIR) L,INE438K01021,EQ,NORMAL,False,False,PARTIAL,720,2023-09-27,2026-08-21,2.9,86.29,973843.3,493064,172628885.85,72620481.92,0.4362,-0.2714,0.793,7.176,0.72,0,0.0,0,0.0,3,3,0,0,0,Tier 2: Liquid Institutional (10-100 Cr/day)
MINDACORP,MINDA CORPORATION LTD,INE842C01021,EQ,NORMAL,False,True,PARTIAL,2476,2016-08-22,2026-08-21,10.0,727.85,653169.1,338609,172070823.89,76893254.4,0.4426,0.2826,1.121,9.104,0.7563,0,0.0,0,0.0,20,20,0,0,0,Tier 2: Liquid Institutional (10-100 Cr/day)
PNGSREVA,PNGS REVA DIAMOND JEWEL L,INE1RDG01013,EQ,NORMAL,False,False,PARTIAL,116,2026-03-04,2026-08-21,0.47,555.8,386011.4,171974,171406284.48,69137571.7,0.5548,0.8088,0.648,6.19,0.2039,0,0.0,0,0.0,0,0,0,0,0,Tier 2: Liquid Institutional (10-100 Cr/day)
SAREGAMA,SAREGAMA INDIA LIMITED,INE979A01025,EQ,NORMAL,False,True,PARTIAL,2476,2016-08-22,2026-08-21,10.0,506.55,761910.3,258843,171299991.93,51772327.2,0.4832,0.4296,1.31,10.838,0.7928,0,0.0,1,0.04,16,10,1,0,0,Tier 2: Liquid Institutional (10-100 Cr/day)
TIMKEN,TIMKEN INDIA LTD.,INE325A01013,EQ,NORMAL,False,True,PARTIAL,2476,2016-08-22,2026-08-21,10.0,3134.1,69924.2,35056,171144896.6,64542528.4,0.3531,0.2348,1.385,12.486,0.5182,0,0.0,0,0.0,10,10,0,0,0,Tier 2: Liquid Institutional (10-100 Cr/day)
CPSEETF,CPSE ETF,INF457M01133,EQ,NORMAL,False,False,PARTIAL,2476,2016-08-22,2026-08-21,10.0,94.27,4691657.0,1499722,171010847.12,60054534.0,0.2137,0.1656,-0.569,11.516,0.5645,0,0.0,0,0.0,0,0,0,0,0,Tier 2: Liquid Institutional (10-100 Cr/day)
UNIECOM,UNICOMMERCE ESOLUTIONS L,INE00U401027,EQ,NORMAL,False,False,PARTIAL,503,2024-08-13,2026-08-21,2.02,87.47,1072689.4,431586,170549250.35,51945941.0,0.4821,-0.3265,1.536,10.864,0.6739,0,0.0,0,0.0,0,0,0,0,0,Tier 2: Liquid Institutional (10-100 Cr/day)
ASKAUTOLTD,ASK AUTOMOTIVE LIMITED,INE491J01022,EQ,NORMAL,False,False,PARTIAL,687,2023-11-15,2026-08-21,2.77,621.15,397165.4,204041,169879984.78,83222524.0,0.3748,0.3248,0.56,6.265,0.3361,0,0.0,1,0.15,3,3,0,0,0,Tier 2: Liquid Institutional (10-100 Cr/day)
NAVA,NAVA LIMITED,INE725A01030,EQ,NORMAL,False,True,PARTIAL,2476,2016-08-22,2026-08-21,10.0,558.95,1136672.4,542864,169805559.86,75676150.8,0.4781,0.3315,0.931,8.921,0.8159,0,0.0,0,0.0,20,12,1,1,0,Tier 2: Liquid Institutional (10-100 Cr/day)
GSPCROP,GSP CROP SCIENCE LIMITED,INE713R01022,EQ,NORMAL,False,False,PARTIAL,102,2026-03-24,2026-08-21,0.41,594.0,390990.2,246804,169388416.72,122390753.4,0.4703,1.3849,1.464,8.923,0.1588,0,0.0,0,0.0,0,0,0,0,0,Tier 2: Liquid Institutional (10-100 Cr/day)
QUESS,QUESS CORP LIMITED,INE615P01015,EQ,NORMAL,False,False,PARTIAL,2476,2016-08-22,2026-08-21,10.0,335.85,323512.0,167960,168981343.98,84346457.0,0.4221,0.0426,-2.684,58.759,0.8692,0,0.0,6,0.24,20,11,0,0,0,Tier 2: Liquid Institutional (10-100 Cr/day)
INDIASHLTR,INDIA SHELTER FIN CORP L,INE922K01024,EQ,NORMAL,False,False,PARTIAL,663,2023-12-20,2026-08-21,2.67,675.25,231954.6,120027,168029812.21,93254469.0,0.3287,0.1354,0.51,5.047,0.3587,0,0.0,0,0.0,2,2,0,0,0,Tier 2: Liquid Institutional (10-100 Cr/day)
HONAUT,HONEYWELL AUTOMATION IND,INE671A01010,EQ,NORMAL,False,True,PARTIAL,2476,2016-08-22,2026-08-21,10.0,36700.0,4519.2,2737,167874228.54,96053020.0,0.3013,0.1785,1.069,18.337,0.551,0,0.0,0,0.0,10,10,0,0,0,Tier 2: Liquid Institutional (10-100 Cr/day)
RALLIS,RALLIS INDIA LTD,INE613A01020,EQ,NORMAL,False,False,PARTIAL,2476,2016-08-22,2026-08-21,10.0,212.18,632226.1,337816,167309662.2,83400235.5,0.3487,0.0586,0.584,10.77,0.4897,0,0.0,0,0.0,10,10,0,0,0,Tier 2: Liquid Institutional (10-100 Cr/day)
KIRLPNU,KIRLOSKAR PNEUMATIC COM L,INE811A01038,EQ,NORMAL,False,False,PARTIAL,826,2023-04-26,2026-08-21,3.32,748.8,275018.9,169904,167205901.18,95487964.8,0.4378,0.3674,0.768,8.469,0.4462,0,0.0,0,0.0,8,7,1,0,0,Tier 2: Liquid Institutional (10-100 Cr/day)
NETWORK18,NETWORK18 MEDIA & INV LTD,INE870H01013,EQ,NORMAL,False,False,PARTIAL,2476,2016-08-22,2026-08-21,10.0,29.86,2703311.6,1240826,167155219.2,69078030.0,0.4978,0.0881,0.973,7.853,0.7898,0,0.0,2,0.08,3,0,0,0,0,Tier 2: Liquid Institutional (10-100 Cr/day)
SAATVIKGL,SAATVIK GREEN ENERGY LTD,INE13B501022,EQ,NORMAL,False,False,PARTIAL,223,2025-09-26,2026-08-21,0.9,418.95,361485.3,154436,166941586.61,61910641.2,0.4455,0.04,0.834,4.966,0.3952,0,0.0,0,0.0,0,0,0,0,0,Tier 2: Liquid Institutional (10-100 Cr/day)
USHAMART,USHA MARTIN LTD.,INE228A01035,EQ,NORMAL,False,True,PARTIAL,2476,2016-08-22,2026-08-21,10.0,481.3,1144163.7,644289,165956426.32,71890351.75,0.5322,0.4919,1.079,8.23,0.7403,0,0.0,1,0.04,12,5,0,0,0,Tier 2: Liquid Institutional (10-100 Cr/day)
SGFIN,SG FINSERVE LIMITED,INE618R01015,EQ,NORMAL,False,False,PARTIAL,259,2025-08-05,2026-08-21,1.04,687.15,317419.7,154979,164813602.94,70718295.0,0.4164,0.6186,0.84,5.125,0.2481,0,0.0,0,0.0,0,0,0,0,0,Tier 2: Liquid Institutional (10-100 Cr/day)
HEMIPROP,HEMISPHERE PROP IND LTD,INE0AJG01018,EQ,NORMAL,False,False,PARTIAL,1447,2020-10-22,2026-08-21,5.83,130.58,1168651.0,622472,164743898.69,83346037.75,0.4617,0.1661,0.726,10.051,0.5903,0,0.0,9,0.62,5,0,0,0,0,Tier 2: Liquid Institutional (10-100 Cr/day)
GOKEX,GOKALDAS EXPORTS LTD.,INE887G01027,EQ,NORMAL,False,False,PARTIAL,2476,2016-08-22,2026-08-21,10.0,797.6,357723.2,178643,162994591.18,51957127.25,0.5521,0.3859,1.011,9.19,0.7926,0,0.0,4,0.16,9,1,0,0,0,Tier 2: Liquid Institutional (10-100 Cr/day)
LLOYDSENGG,LLOYDS ENGG WORK LIMITED,INE093R01011,EQ,NORMAL,False,False,PARTIAL,2476,2016-08-22,2026-08-21,10.0,90.05,3804044.8,1781837,162754159.24,7749364.7,0.7188,0.6663,0.397,4.774,0.9178,0,0.0,227,9.17,13,5,0,0,2,Tier 2: Liquid Institutional (10-100 Cr/day)
RTNPOWER,RATTANINDIA POWER LIMITED,INE399K01017,EQ,NORMAL,False,False,PARTIAL,2476,2016-08-22,2026-08-21,10.0,7.89,17806382.7,7177211,162217643.91,36224560.2,0.5607,0.1305,1.238,7.802,0.9038,0,0.0,109,4.4,8,0,0,0,0,Tier 2: Liquid Institutional (10-100 Cr/day)
VGUARD,V-GUARD IND LTD.,INE951I01027,EQ,NORMAL,False,False,PARTIAL,2476,2016-08-22,2026-08-21,10.0,332.0,655445.6,391972,161565113.7,96160368.15,0.2959,0.144,0.397,6.832,0.4452,0,0.0,0,0.0,12,10,1,1,0,Tier 2: Liquid Institutional (10-100 Cr/day)
GLAXO,GLAXOSMITHKLINE PHARMA LT,INE159A01016,EQ,NORMAL,False,True,PARTIAL,2476,2016-08-22,2026-08-21,10.0,2902.2,79606.0,42152,161423321.64,65722979.2,0.2709,0.1009,1.157,14.629,0.3932,0,0.0,0,0.0,12,11,0,1,0,Tier 2: Liquid Institutional (10-100 Cr/day)
JNKINDIA,JNK INDIA LIMITED,INE0OAF01028,EQ,NORMAL,False,False,PARTIAL,575,2024-04-30,2026-08-21,2.31,454.35,341767.6,74445,160875115.36,27707397.9,0.5346,-0.0464,1.018,6.509,0.7691,0,0.0,0,0.0,3,2,0,0,0,Tier 2: Liquid Institutional (10-100 Cr/day)
SUBEXLTD,SUBEX LTD,INE754A01055,EQ,NORMAL,False,False,PARTIAL,2363,2016-08-22,2026-08-21,10.0,18.66,5115117.5,2600362,160869427.85,44181419.17,0.5717,0.195,1.387,12.166,0.9079,0,0.0,22,0.93,5,2,0,0,0,Tier 2: Liquid Institutional (10-100 Cr/day)
MIDWESTLTD,MIDWEST LIMITED,INE0XAD01024,EQ,NORMAL,False,False,PARTIAL,205,2025-10-24,2026-08-21,0.82,1141.0,119496.8,45225,160228558.19,57628434.5,0.5245,0.1354,0.72,3.74,0.3988,0,0.0,0,0.0,0,0,0,0,0,Tier 2: Liquid Institutional (10-100 Cr/day)
AIAENG,AIA ENGINEERING LIMITED,INE212H01026,EQ,NORMAL,False,True,PARTIAL,2476,2016-08-22,2026-08-21,10.0,4348.9,60059.1,38137,159766210.48,87732600.6,0.2943,0.1723,0.562,6.205,0.3731,0,0.0,0,0.0,11,10,0,0,0,Tier 2: Liquid Institutional (10-100 Cr/day)
ROLEXRINGS,ROLEX RINGS LIMITED,INE645S01024,EQ,NORMAL,False,False,PARTIAL,1250,2021-08-09,2026-08-21,5.03,183.37,1031697.5,309730,158664403.94,50844096.0,0.3758,0.1605,1.212,8.757,0.621,0,0.0,0,0.0,3,0,1,0,0,Tier 2: Liquid Institutional (10-100 Cr/day)
BCG,BRIGHTCOM GROUP LIMITED,INE425B01027,EQ,NORMAL,False,False,PARTIAL,2235,2016-08-22,2026-08-21,10.0,9.15,7912490.5,2994877,158240075.73,22395788.25,0.7475,0.3109,4.907,100.917,0.9417,0,0.0,279,12.48,11,4,0,2,0,Tier 2: Liquid Institutional (10-100 Cr/day)
JYOTHYLAB,JYOTHY LABS LIMITED,INE668F01031,EQ,NORMAL,False,False,PARTIAL,2476,2016-08-22,2026-08-21,10.0,204.95,583461.2,324145,157590073.33,64056603.6,0.3354,0.0924,1.113,13.293,0.6735,0,0.0,0,0.0,12,10,0,1,0,Tier 2: Liquid Institutional (10-100 Cr/day)
CAPLIPOINT,CAPLIN POINT LAB LTD.,INE475E01026,EQ,NORMAL,False,True,PARTIAL,2476,2016-08-22,2026-08-21,10.0,2560.8,161595.3,74977,156183872.21,62301084.8,0.4539,0.3404,1.103,10.008,0.7455,0,0.0,0,0.0,19,17,0,0,0,Tier 2: Liquid Institutional (10-100 Cr/day)
DREDGECORP,DREDGING CORP OF INDIA,INE506A01018,EQ,NORMAL,False,False,PARTIAL,2476,2016-08-22,2026-08-21,10.0,1116.5,260879.7,105491,155323644.12,47208376.15,0.5137,0.2295,1.43,9.764,0.8584,0,0.0,3,0.12,11,3,0,0,0,Tier 2: Liquid Institutional (10-100 Cr/day)
ECOSMOBLTY,ECOS (INDIA) MOB & HOSP L,INE06HJ01020,BE,NORMAL,False,False,PARTIAL,488,2024-09-04,2026-08-21,1.96,109.82,466213.0,166865,154916167.89,38342140.9,0.5736,-0.5607,1.308,8.857,0.8223,0,0.0,0,0.0,2,2,0,0,0,Tier 2: Liquid Institutional (10-100 Cr/day)
IONEXCHANG,ION EXCHANGE (INDIA) LTD,INE570A01022,EQ,NORMAL,False,False,PARTIAL,1115,2022-02-22,2026-08-21,4.49,368.65,334451.0,212049,154575122.21,89049535.75,0.42,0.2408,0.7,6.567,0.5667,0,0.0,0,0.0,5,4,1,0,0,Tier 2: Liquid Institutional (10-100 Cr/day)
GOCOLORS,GO FASHION INDIA LTD,INE0BJS01011,EQ,NORMAL,False,False,PARTIAL,1174,2021-11-30,2026-08-21,4.72,344.8,213151.7,58998,154036958.36,53231698.7,0.38,-0.2057,0.748,9.56,0.8309,0,0.0,0,0.0,4,0,0,0,0,Tier 2: Liquid Institutional (10-100 Cr/day)
CSBBANK,CSB BANK LIMITED,INE679A01013,EQ,NORMAL,False,False,PARTIAL,1669,2019-12-04,2026-08-21,6.71,322.9,491817.6,268033,153868948.12,79492829.6,0.3885,0.0862,0.331,7.361,0.6677,0,0.0,0,0.0,5,0,0,0,0,Tier 2: Liquid Institutional (10-100 Cr/day)
BAJAJELEC,BAJAJ ELECT.LTD,INE193E01025,EQ,NORMAL,False,False,PARTIAL,2476,2016-08-22,2026-08-21,10.0,351.65,345965.9,157579,153816149.86,68174298.9,0.3933,0.1478,2.53,32.569,0.7306,0,0.0,0,0.0,10,8,0,0,1,Tier 2: Liquid Institutional (10-100 Cr/day)
ORKLAINDIA,ORKLA INDIA LIMITED,INE16NZ01023,EQ,NORMAL,False,False,PARTIAL,197,2025-11-06,2026-08-21,0.79,552.2,235006.9,84405,153704824.87,50872341.75,0.2661,-0.2944,0.402,3.509,0.2469,0,0.0,0,0.0,0,0,0,0,0,Tier 2: Liquid Institutional (10-100 Cr/day)
SETFGOLD,SBI-ETF GOLD,INF200KA16D8,EQ,NORMAL,False,False,PARTIAL,2475,2016-08-22,2026-08-21,10.0,135.64,1800986.1,682500,153197108.01,29096716.55,0.158,0.1695,-0.427,18.762,0.2476,1,0.04,0,0.0,0,0,0,0,0,Tier 2: Liquid Institutional (10-100 Cr/day)
CCL,CCL PRODUCTS (I) LTD,INE421D01022,EQ,NORMAL,False,True,PARTIAL,2476,2016-08-22,2026-08-21,10.0,1082.3,278216.5,131065,152281211.0,59884761.05,0.3418,0.1969,0.829,9.961,0.5863,0,0.0,0,0.0,18,17,0,0,0,Tier 2: Liquid Institutional (10-100 Cr/day)
ELGIEQUIP,ELGI EQUIPMENTS LTD,INE285A01027,EQ,NORMAL,False,True,PARTIAL,2476,2016-08-22,2026-08-21,10.0,634.35,369479.1,147403,152247495.79,46958695.4,0.4124,0.2768,1.189,9.776,0.6944,0,0.0,0,0.0,12,10,0,1,0,Tier 2: Liquid Institutional (10-100 Cr/day)
VARROC,VARROC ENGINEERING LTD.,INE665L01035,EQ,NORMAL,False,False,PARTIAL,2012,2018-07-06,2026-08-21,8.13,814.95,320658.1,149124,151924242.18,63125699.7,0.4459,0.0686,0.505,10.784,0.8917,0,0.0,1,0.05,5,4,0,0,0,Tier 2: Liquid Institutional (10-100 Cr/day)
PNCINFRA,PNC INFRATECH LTD.,INE195J01029,EQ,NORMAL,False,False,PARTIAL,2476,2016-08-22,2026-08-21,10.0,206.76,531355.9,280398,151846240.48,68153088.5,0.3885,0.1331,0.172,9.789,0.7129,0,0.0,0,0.0,11,10,0,0,0,Tier 2: Liquid Institutional (10-100 Cr/day)
JARO,JARO INS OF TEC MG N RE L,INE00YJ01010,EQ,NORMAL,False,False,PARTIAL,221,2025-09-30,2026-08-21,0.89,443.1,281718.7,119131,151661326.75,60199758.9,0.5551,-0.4432,1.158,7.312,0.508,0,0.0,0,0.0,2,2,0,0,0,Tier 2: Liquid Institutional (10-100 Cr/day)
TI,TILAKNAGAR INDUSTRIES LTD,INE133E01013,EQ,NORMAL,False,False,PARTIAL,2476,2016-08-22,2026-08-21,10.0,575.65,584799.2,238654,150581564.36,11084860.25,0.4935,0.484,1.062,8.128,0.5178,0,0.0,8,0.32,11,4,0,0,0,Tier 2: Liquid Institutional (10-100 Cr/day)
PICCADIL,PICCADILY AGRO INDUSTRI L,INE546C01010,EQ,NORMAL,False,False,PARTIAL,283,2025-07-02,2026-08-21,1.14,709.8,234936.4,112268,150181081.59,67320008.7,0.4226,0.2333,0.482,6.762,0.3187,0,0.0,0,0.0,0,0,0,0,0,Tier 2: Liquid Institutional (10-100 Cr/day)
GOLDIETF,ICICI PRUDENTIAL GOLD ETF,INF109KC1NT3,EQ,NORMAL,False,False,PARTIAL,2475,2016-08-22,2026-08-21,10.0,135.99,1535487.3,260893,149464249.21,11946086.44,0.1625,0.1695,-0.23,14.763,0.2598,0,0.0,0,0.0,0,0,0,0,0,Tier 2: Liquid Institutional (10-100 Cr/day)
FUSION,FUSION FINANCE LIMITED,INE139R01012,EQ,NORMAL,False,False,PARTIAL,937,2016-08-22,2026-08-21,10.0,200.12,513027.7,313882,149359706.46,89613884.1,49.7908,25.8023,30.493,931.859,0.8028,0,0.0,1,0.11,1,0,0,0,1,Tier 2: Liquid Institutional (10-100 Cr/day)
AARTIDRUGS,AARTI DRUGS LTD.,INE767A01016,EQ,NORMAL,False,False,PARTIAL,2476,2016-08-22,2026-08-21,10.0,417.4,292540.7,115673,149251313.86,44134190.55,0.3856,0.1965,1.373,12.753,0.6866,1,0.04,1,0.04,17,10,0,1,0,Tier 2: Liquid Institutional (10-100 Cr/day)
INDIAGLYCO,INDIA GLYCOLS LTD,INE560A01023,EQ,NORMAL,False,False,PARTIAL,2476,2016-08-22,2026-08-21,10.0,1146.5,460495.3,228140,149142048.05,73224032.0,0.4955,0.4415,1.062,9.259,0.705,0,0.0,2,0.08,13,10,1,0,0,Tier 2: Liquid Institutional (10-100 Cr/day)
HINDOILEXP,HINDUSTAN OIL EXPLORATION,INE345A01011,EQ,NORMAL,False,False,PARTIAL,2476,2016-08-22,2026-08-21,10.0,156.2,980265.0,561879,149113224.5,73848873.0,0.4851,0.234,0.414,6.792,0.8023,0,0.0,2,0.08,9,0,0,0,0,Tier 2: Liquid Institutional (10-100 Cr/day)
NIBE,NIBE LIMITED,INE149O01018,EQ,NORMAL,False,False,PARTIAL,379,2025-02-07,2026-08-21,1.53,1490.8,106111.1,52472,149104771.99,63632783.3,0.5514,0.106,0.484,3.599,0.5726,0,0.0,7,1.85,1,1,0,0,0,Tier 2: Liquid Institutional (10-100 Cr/day)
CHEMPLASTS,CHEMPLAST SANMAR LIMITED,INE488A01050,EQ,NORMAL,False,False,PARTIAL,1240,2021-08-24,2026-08-21,4.99,176.89,320706.2,136670,148993065.24,54170100.0,0.4156,-0.1402,0.985,7.495,0.7861,0,0.0,0,0.0,0,0,0,0,0,Tier 2: Liquid Institutional (10-100 Cr/day)
GROWWSLVR,GROWWAMC - GROWWSLVR,INF666M01OF4,EQ,NORMAL,False,False,PARTIAL,311,2025-05-23,2026-08-21,1.25,23.82,6620671.7,2980493,148990345.84,58695687.68,0.5526,0.8785,-0.666,7.369,0.4465,0,0.0,0,0.0,0,0,0,0,0,Tier 2: Liquid Institutional (10-100 Cr/day)
FINEORG,FINE ORGANIC IND. LTD.,INE686Y01026,EQ,NORMAL,False,False,PARTIAL,2016,2018-07-02,2026-08-21,8.14,5159.9,40146.1,19886,147546596.9,74960640.0,0.366,0.2957,1.034,10.477,0.5132,0,0.0,0,0.0,10,10,0,0,0,Tier 2: Liquid Institutional (10-100 Cr/day)
POLYPLEX,POLYPLEX CORPORATION LTD,INE633B01018,EQ,NORMAL,False,False,PARTIAL,2476,2016-08-22,2026-08-21,10.0,1194.1,120783.5,68492,146769043.62,62275582.2,0.3866,0.2195,0.728,10.219,0.7334,0,0.0,0,0.0,27,27,0,0,0,Tier 2: Liquid Institutional (10-100 Cr/day)
CRISIL,CRISIL LTD,INE007A01025,EQ,NORMAL,False,True,PARTIAL,2476,2016-08-22,2026-08-21,10.0,4514.5,43417.1,25771,146149534.33,72063202.0,0.3034,0.1226,0.901,8.73,0.5341,0,0.0,0,0.0,40,40,0,0,0,Tier 2: Liquid Institutional (10-100 Cr/day)
CIEINDIA,CIE AUTOMOTIVE INDIA LTD,INE536H01010,EQ,NORMAL,False,True,PARTIAL,2476,2016-08-22,2026-08-21,10.0,401.05,437260.7,193652,145894832.65,54969386.4,0.3692,0.1484,0.67,8.354,0.794,0,0.0,9,0.36,10,5,0,0,0,Tier 2: Liquid Institutional (10-100 Cr/day)
SAIPARENT,SAI PARENTERALS LIMITED,INE0H9F01037,EQ,NORMAL,False,False,PARTIAL,97,2026-04-02,2026-08-21,0.39,540.85,276388.5,170762,145837636.49,89685291.2,0.3642,0.8203,1.077,5.307,0.1727,0,0.0,0,0.0,0,0,0,0,0,Tier 2: Liquid Institutional (10-100 Cr/day)
BAJAJCON,BAJAJ CONSUMER CARE LTD,INE933K01021,EQ,NORMAL,False,False,PARTIAL,2476,2016-08-22,2026-08-21,10.0,478.35,561466.6,288771,145764521.96,60114172.5,0.3615,0.0827,1.504,16.8,0.7666,0,0.0,0,0.0,16,10,0,0,0,Tier 2: Liquid Institutional (10-100 Cr/day)
ROSSARI,ROSSARI BIOTECH LIMITED,INE02A801020,EQ,NORMAL,False,False,PARTIAL,1511,2020-07-23,2026-08-21,6.08,501.75,176016.2,64060,145603224.68,53916627.55,0.3286,-0.0121,1.197,10.153,0.7591,1,0.07,0,0.0,7,6,0,0,0,Tier 2: Liquid Institutional (10-100 Cr/day)
IKIO,IKIO TECHNOLOGIES LIMITED,INE0LOJ01019,EQ,NORMAL,False,False,PARTIAL,790,2023-06-16,2026-08-21,3.18,191.66,503924.0,134660,145091362.51,32326011.9,0.4452,-0.1419,1.856,14.045,0.7681,0,0.0,0,0.0,2,1,0,0,0,Tier 2: Liquid Institutional (10-100 Cr/day)
PRINCEPIPE,PRINCE PIPES FITTINGS LTD,INE689W01016,EQ,NORMAL,False,False,PARTIAL,1652,2019-12-30,2026-08-21,6.64,283.3,330788.3,175853,144977242.31,76803692.7,0.4023,0.1608,0.763,9.95,0.7602,0,0.0,5,0.3,9,7,0,0,0,Tier 2: Liquid Institutional (10-100 Cr/day)
SHAREINDIA,SHARE IND. SECURITIES LTD,INE932X01026,EQ,NORMAL,False,False,PARTIAL,1469,2020-09-21,2026-08-21,5.91,174.13,664885.8,328790,144676166.88,66224073.75,0.4438,0.4519,1.603,11.547,0.7062,0,0.0,0,0.0,22,20,1,0,1,Tier 2: Liquid Institutional (10-100 Cr/day)
JKLAKSHMI,JK LAKSHMI CEMENT LTD,INE786A01032,EQ,NORMAL,False,False,PARTIAL,2476,2016-08-22,2026-08-21,10.0,559.45,253082.2,137021,144554077.33,75219757.2,0.3453,0.0857,0.541,8.84,0.6555,0,0.0,0,0.0,13,12,0,0,0,Tier 2: Liquid Institutional (10-100 Cr/day)
GABRIEL,GABRIEL INDIA LTD,INE524A01029,EQ,NORMAL,False,True,PARTIAL,2476,2016-08-22,2026-08-21,10.0,1420.6,398930.6,223507,143925345.63,44689945.3,0.4346,0.3488,1.015,8.63,0.7975,0,0.0,1,0.04,21,19,0,0,0,Tier 2: Liquid Institutional (10-100 Cr/day)
VENUSPIPES,VENUS PIPES & TUBES LTD,INE0JA001018,EQ,NORMAL,False,False,PARTIAL,1055,2022-05-24,2026-08-21,4.24,1556.6,116457.7,71313,143377895.41,90068385.0,0.3948,0.4315,0.36,6.928,0.6321,0,0.0,0,0.0,7,7,0,0,0,Tier 2: Liquid Institutional (10-100 Cr/day)
CAPACITE,CAPACITE INFRAPROJECT LTD,INE264T01014,EQ,NORMAL,False,False,PARTIAL,2206,2017-09-25,2026-08-21,8.9,214.54,530037.7,229190,143108771.08,49253813.1,0.4733,0.058,0.379,7.586,0.8294,0,0.0,0,0.0,6,2,0,0,0,Tier 2: Liquid Institutional (10-100 Cr/day)
AVL,ADITYA VISION LIMITED,INE679V01027,EQ,NORMAL,False,False,PARTIAL,444,2024-11-06,2026-08-21,1.79,601.35,284439.2,148079,142862400.91,73625331.0,0.3912,0.2492,0.657,7.333,0.36,0,0.0,0,0.0,1,1,0,0,0,Tier 2: Liquid Institutional (10-100 Cr/day)
SIGACHI,SIGACHI INDUSTRIES LTD,INE0D0K01022,EQ,NORMAL,False,False,PARTIAL,1184,2021-11-15,2026-08-21,4.76,30.05,3478811.9,1479783,142759982.36,59394095.0,0.4922,-0.0275,0.924,9.345,0.8151,0,0.0,22,1.86,6,4,1,0,0,Tier 2: Liquid Institutional (10-100 Cr/day)
MEDIASSIST,MEDI ASSIST HEALTH SER L,INE456Z01021,EQ,NORMAL,False,False,PARTIAL,640,2024-01-23,2026-08-21,2.58,360.75,281442.4,158045,142724249.87,77867474.85,0.3926,-0.023,0.537,4.279,0.5717,0,0.0,0,0.0,1,1,0,0,0,Tier 2: Liquid Institutional (10-100 Cr/day)
SHILCTECH,SHILCHAR TECHNOLOGIES LTD,INE024F01011,EQ,NORMAL,False,False,PARTIAL,185,2025-11-24,2026-08-21,0.74,3883.1,35154.7,25595,142686146.72,102159648.0,0.5907,0.0715,0.306,7.753,0.301,0,0.0,0,0.0,1,1,0,0,0,Tier 2: Liquid Institutional (10-100 Cr/day)
BLUEDART,BLUE DART EXPRESS LTD,INE233B01017,EQ,NORMAL,False,True,PARTIAL,2476,2016-08-22,2026-08-21,10.0,5083.0,24807.9,11071,142487254.81,60536956.2,0.3091,0.0397,1.317,11.823,0.6684,1,0.04,0,0.0,9,9,0,0,0,Tier 2: Liquid Institutional (10-100 Cr/day)
SJS,SJS ENTERPRISES LIMITED,INE284S01014,EQ,NORMAL,False,False,PARTIAL,1184,2021-11-15,2026-08-21,4.76,2497.4,154112.3,96812,142298693.61,82438785.0,0.4053,0.4196,0.717,6.0,0.3724,0,0.0,0,0.0,3,3,0,0,0,Tier 2: Liquid Institutional (10-100 Cr/day)
VOLTAMP,VOLTAMP TRANSFORMERS LTD,INE540H01012,EQ,NORMAL,False,False,PARTIAL,2476,2016-08-22,2026-08-21,10.0,10869.5,27285.2,14382,142018936.19,25307440.5,0.4141,0.3528,0.385,10.345,0.5781,0,0.0,0,0.0,11,10,0,0,0,Tier 2: Liquid Institutional (10-100 Cr/day)
TECHNOE,TECHNO ELEC & ENG CO. LTD,INE285K01026,EQ,NORMAL,False,True,PARTIAL,1904,2018-12-18,2026-08-21,7.67,987.45,173140.0,99617,141866183.09,40947716.0,0.4318,0.2691,0.584,9.386,0.4983,0,0.0,0,0.0,12,7,0,0,0,Tier 2: Liquid Institutional (10-100 Cr/day)
HDFCSML250,HDFCAMC - HDFCSML250,INF179KC1FB2,EQ,NORMAL,False,False,PARTIAL,867,2023-02-21,2026-08-21,3.5,185.39,865195.0,589798,141588725.05,99612268.2,0.1736,0.2144,-0.476,4.495,0.259,0,0.0,0,0.0,0,0,0,0,0,Tier 2: Liquid Institutional (10-100 Cr/day)
RTNINDIA,RATTANINDIA ENT LIMITED,INE834M01019,EQ,NORMAL,False,False,PARTIAL,2451,2016-08-22,2026-08-21,10.0,30.45,2691930.7,1120344,141340580.95,29807181.25,0.5684,0.3796,0.866,6.694,0.8884,0,0.0,147,6.0,8,0,0,0,0,Tier 2: Liquid Institutional (10-100 Cr/day)
LIQUIDETF,DSP LIQUID ETF,INF740KA1EU7,EQ,NORMAL,False,False,PARTIAL,2086,2018-03-20,2026-08-21,8.42,1000.0,141139.6,41047,141138742.86,41046589.53,0.0001,-0.0,0.03,2.839,0.0,0,0.0,27,1.29,0,0,0,0,0,Tier 2: Liquid Institutional (10-100 Cr/day)
ASTRAZEN,ASTRAZENECA PHARMA IND LT,INE203A01020,EQ,NORMAL,False,False,PARTIAL,2476,2016-08-22,2026-08-21,10.0,7415.5,31560.1,11503,140409064.07,40407571.6,0.3665,0.2601,1.298,14.9,0.4726,0,0.0,0,0.0,10,8,0,0,0,Tier 2: Liquid Institutional (10-100 Cr/day)
GENUSPOWER,GENUS POWER INFRASTRU LTD,INE955D01029,EQ,NORMAL,False,False,PARTIAL,2476,2016-08-22,2026-08-21,10.0,337.95,764394.7,410570,140403274.33,35067145.2,0.4977,0.3219,0.781,6.289,0.8481,0,0.0,2,0.08,12,11,0,0,0,Tier 2: Liquid Institutional (10-100 Cr/day)
ARIS,ARISINFRA SOLUTIONS LTD,INE0H9P01028,EQ,NORMAL,False,False,PARTIAL,288,2025-06-25,2026-08-21,1.16,143.41,1052029.5,669802,140111558.38,88656784.84,0.5113,-0.0425,0.523,5.286,0.5248,0,0.0,0,0.0,0,0,0,0,0,Tier 2: Liquid Institutional (10-100 Cr/day)
PARAGMILK,PARAG MILK FOODS LTD.,INE883N01014,EQ,NORMAL,False,False,PARTIAL,2476,2016-08-22,2026-08-21,10.0,225.5,726084.5,409072,139619202.55,68095998.81,0.4594,0.07,0.645,8.596,0.8538,0,0.0,0,0.0,10,7,0,0,0,Tier 2: Liquid Institutional (10-100 Cr/day)
SCHNEIDER,SCHNEIDER ELECTRIC INFRA,INE839M01018,EQ,NORMAL,False,True,PARTIAL,2476,2016-08-22,2026-08-21,10.0,1217.3,498145.3,214487,139454978.6,52395915.0,0.4746,0.3354,1.253,8.512,0.6397,0,0.0,11,0.44,9,0,0,0,0,Tier 2: Liquid Institutional (10-100 Cr/day)
CARBORUNIV,CARBORUNDUM UNIVERSAL LTD,INE120A01034,EQ,NORMAL,False,True,PARTIAL,2476,2016-08-22,2026-08-21,10.0,1169.8,184622.7,107160,139039553.4,71385606.95,0.3308,0.2018,0.435,7.028,0.5844,0,0.0,0,0.0,19,19,0,0,0,Tier 2: Liquid Institutional (10-100 Cr/day)
RHETAN,RHETAN TMT LIMITED,INE0KKN01029,EQ,NORMAL,False,False,PARTIAL,223,2025-09-26,2026-08-21,0.9,24.22,5219787.5,2870388,138933650.25,74104285.15,0.5144,0.2872,-2.712,19.583,0.3777,0,0.0,0,0.0,0,0,0,0,0,Tier 2: Liquid Institutional (10-100 Cr/day)
VTL,VARDHMAN TEXTILES LIMITED,INE825A01020,EQ,NORMAL,False,True,PARTIAL,2476,2016-08-22,2026-08-21,10.0,602.9,363149.2,165192,138505063.72,56163607.2,0.344,0.1719,0.803,9.568,0.5899,1,0.04,0,0.0,13,8,1,0,0,Tier 2: Liquid Institutional (10-100 Cr/day)
SOLARWORLD,SOLARWORLD ENERGY SOL LTD,INE0TY101024,EQ,NORMAL,False,False,PARTIAL,221,2025-09-30,2026-08-21,0.89,149.96,568101.2,228149,138458594.87,47414733.96,0.5137,-0.7506,1.291,7.859,0.5788,0,0.0,0,0.0,0,0,0,0,0,Tier 2: Liquid Institutional (10-100 Cr/day)
MEDPLUS,MEDPLUS HEALTH SERV LTD,INE804L01022,EQ,NORMAL,False,False,PARTIAL,1920,2016-08-22,2026-08-21,10.0,689.55,160462.4,56179,137963443.94,50839471.8,0.3468,-0.0912,-5.59,146.512,0.8158,0,0.0,0,0.0,0,0,0,0,0,Tier 2: Liquid Institutional (10-100 Cr/day)
CHALET,CHALET HOTELS LIMITED,INE427F01016,EQ,NORMAL,False,True,PARTIAL,1868,2019-02-07,2026-08-21,7.53,861.95,291419.2,145128,137829048.99,64938387.15,0.3987,0.2247,0.888,10.297,0.7306,0,0.0,0,0.0,3,1,0,0,0,Tier 2: Liquid Institutional (10-100 Cr/day)
ORIENTCEM,ORIENT CEMENT LTD.,INE876N01018,EQ,NORMAL,False,False,PARTIAL,2476,2016-08-22,2026-08-21,10.0,131.52,700189.7,366976,137820336.15,52329413.25,0.424,0.0629,0.455,7.871,0.8407,0,0.0,0,0.0,14,14,0,0,0,Tier 2: Liquid Institutional (10-100 Cr/day)
ALKYLAMINE,ALKYL AMINES CHEM. LTD,INE150B01039,EQ,NORMAL,False,False,PARTIAL,2476,2016-08-22,2026-08-21,10.0,2052.7,74640.3,35035,137483377.03,55991561.5,0.4102,0.3635,1.555,11.302,0.7336,0,0.0,0,0.0,13,12,1,0,0,Tier 2: Liquid Institutional (10-100 Cr/day)
THYROCARE,THYROCARE TECH LTD,INE594H01019,EQ,NORMAL,False,False,PARTIAL,2476,2016-08-22,2026-08-21,10.0,565.55,426502.9,164119,137103232.55,37897889.4,0.3687,0.1787,1.407,13.13,0.71,0,0.0,0,0.0,17,15,0,1,0,Tier 2: Liquid Institutional (10-100 Cr/day)
SUDARSCHEM,SUDARSHAN CHEMICAL INDS L,INE659A01023,EQ,NORMAL,False,False,PARTIAL,2476,2016-08-22,2026-08-21,10.0,1215.1,207607.0,105117,136857548.1,57255076.45,0.408,0.1989,0.965,10.898,0.5321,0,0.0,3,0.12,14,13,0,0,0,Tier 2: Liquid Institutional (10-100 Cr/day)
MTNL,MAHANAGAR TELEPHONE NIGAM,INE153A01019,EQ,NORMAL,False,False,PARTIAL,2476,2016-08-22,2026-08-21,10.0,26.82,3916237.6,1526505,136587972.28,32303538.0,0.5872,0.1914,1.377,8.303,0.838,0,0.0,29,1.17,9,0,0,0,0,Tier 2: Liquid Institutional (10-100 Cr/day)
SARDAEN,SARDA ENERGY & MIN LTD,INE385C01021,EQ,NORMAL,False,True,PARTIAL,2476,2016-08-22,2026-08-21,10.0,510.6,845756.3,470378,135853204.37,40097276.0,0.4852,0.4792,0.478,7.061,0.8344,0,0.0,0,0.0,12,10,1,0,0,Tier 2: Liquid Institutional (10-100 Cr/day)
BAJEL,BAJEL PROJECTS LIMITED,INE0KQN01018,EQ,NORMAL,False,False,PARTIAL,664,2023-12-19,2026-08-21,2.67,191.78,656946.9,236366,135605597.37,51973900.3,0.532,0.1411,1.353,8.737,0.5723,0,0.0,13,1.96,1,1,0,0,0,Tier 2: Liquid Institutional (10-100 Cr/day)
RHIM,RHI MAGNESITA INDIA LTD,INE743M01012,EQ,NORMAL,False,True,PARTIAL,2476,2016-08-22,2026-08-21,10.0,375.25,285340.0,107864,135299889.25,39900631.5,0.4058,0.2168,0.638,8.951,0.6191,0,0.0,0,0.0,10,10,0,0,0,Tier 2: Liquid Institutional (10-100 Cr/day)
GODREJAGRO,GODREJ AGROVET LIMITED,INE850D01014,EQ,NORMAL,False,False,PARTIAL,2192,2017-10-16,2026-08-21,8.85,574.55,224719.3,114443,135286692.75,63332289.9,0.307,0.0425,0.888,12.263,0.6142,0,0.0,0,0.0,9,9,0,0,0,Tier 2: Liquid Institutional (10-100 Cr/day)
EPIGRAL,EPIGRAL LIMITED,INE071N01016,EQ,NORMAL,False,False,PARTIAL,1243,2021-08-18,2026-08-21,5.01,1126.0,101813.4,56114,134716920.79,67969683.75,0.4814,0.3202,1.094,6.483,0.6543,0,0.0,9,0.72,9,6,0,0,0,Tier 2: Liquid Institutional (10-100 Cr/day)
EIHOTEL,EIH LIMITED,INE230A01023,EQ,NORMAL,False,True,PARTIAL,2476,2016-08-22,2026-08-21,10.0,302.75,604595.0,303369,134143356.56,54907734.75,0.3897,0.1749,1.11,11.893,0.7455,0,0.0,0,0.0,11,7,0,0,1,Tier 2: Liquid Institutional (10-100 Cr/day)
KPEL,K.P. ENERGY LIMITED,INE127T01021,EQ,NORMAL,False,False,PARTIAL,438,2024-11-14,2026-08-21,1.77,259.3,331559.9,219568,134041862.95,85420475.4,0.4938,-0.2969,0.875,6.05,0.6314,0,0.0,0,0.0,5,5,0,0,0,Tier 2: Liquid Institutional (10-100 Cr/day)
VENTIVE,VENTIVE HOSPITALITY LTD,INE781S01027,EQ,NORMAL,False,False,PARTIAL,409,2024-12-30,2026-08-21,1.64,564.15,187495.0,81562,133825041.93,55969205.4,0.3517,-0.0758,0.575,5.626,0.3352,0,0.0,0,0.0,0,0,0,0,0,Tier 2: Liquid Institutional (10-100 Cr/day)
FEDFINA,FEDBANK FINANCIAL SER L,INE007N01010,EQ,NORMAL,False,False,PARTIAL,677,2023-11-30,2026-08-21,2.72,156.84,973648.0,567419,133487784.88,72362872.92,0.3435,0.1001,0.645,6.215,0.4414,0,0.0,0,0.0,1,0,0,0,0,Tier 2: Liquid Institutional (10-100 Cr/day)
GOLDCASE,ZERODHAAMC - GOLDCASE,INF0R8F01042,EQ,NORMAL,False,False,PARTIAL,613,2024-03-01,2026-08-21,2.47,25.01,6176728.6,2392540,133431005.16,35843513.94,0.227,0.3995,-0.778,14.014,0.2428,0,0.0,0,0.0,0,0,0,0,0,Tier 2: Liquid Institutional (10-100 Cr/day)
POLYMED,POLY MEDICURE LIMITED,INE205C01021,EQ,NORMAL,False,True,PARTIAL,2476,2016-08-22,2026-08-21,10.0,1719.4,104483.9,48617,133406718.25,39001334.75,0.4111,0.3038,1.101,8.584,0.6193,0,0.0,0,0.0,16,13,0,1,0,Tier 2: Liquid Institutional (10-100 Cr/day)
CEIGALL,CEIGALL INDIA LIMITED,INE0AG901020,EQ,NORMAL,False,False,PARTIAL,506,2024-08-08,2026-08-21,2.03,314.35,408747.0,231739,133218180.55,68551266.65,0.3294,-0.0496,0.511,3.822,0.44,0,0.0,0,0.0,1,1,0,0,0,Tier 2: Liquid Institutional (10-100 Cr/day)
GRMOVER,GRM OVERSEAS LIMITED,INE192H01020,EQ,NORMAL,False,False,PARTIAL,982,2022-09-07,2026-08-21,3.95,86.71,1173831.9,596784,133057347.6,46626116.2,0.499,-0.03,0.263,10.22,0.755,0,0.0,0,0.0,4,0,0,1,0,Tier 2: Liquid Institutional (10-100 Cr/day)
AWHCL,ANTONY WASTE HDG CELL LTD,INE01BK01022,EQ,NORMAL,False,False,PARTIAL,1398,2021-01-01,2026-08-21,5.63,383.85,283786.1,104659,132689520.34,43347107.8,0.4567,0.0911,1.397,10.386,0.5735,0,0.0,0,0.0,1,1,0,0,0,Tier 2: Liquid Institutional (10-100 Cr/day)
SANSTAR,SANSTAR LIMITED,INE08NE01025,EQ,NORMAL,False,False,PARTIAL,515,2024-07-26,2026-08-21,2.07,105.75,1119959.6,358630,131861215.33,34939163.64,0.4152,0.0441,0.415,4.683,0.501,0,0.0,0,0.0,0,0,0,0,0,Tier 2: Liquid Institutional (10-100 Cr/day)
HEXAGON,HEXAGON NUTRITION LIMITED,INE0JUI01012,BE,NORMAL,False,False,PARTIAL,50,2026-06-12,2026-08-21,0.19,70.21,2034609.5,832383,131770421.59,49547458.62,0.7313,1.9309,1.832,8.023,0.1851,0,0.0,2,4.0,0,0,0,0,0,Tier 2: Liquid Institutional (10-100 Cr/day)
PRICOLLTD,PRICOL LIMITED,INE726V01018,EQ,NORMAL,False,False,PARTIAL,2359,2017-02-10,2026-08-21,9.52,797.2,598304.4,310939,131707890.92,67449190.2,0.4784,0.3391,0.713,7.175,0.8255,0,0.0,2,0.08,4,3,0,0,1,Tier 2: Liquid Institutional (10-100 Cr/day)
ZFCVINDIA,ZF COM VE CTR SYS IND LTD,INE342J01019,EQ,NORMAL,False,True,PARTIAL,2476,2016-08-22,2026-08-21,10.0,2662.0,73133.3,30636,131689717.76,45107048.0,0.2986,0.14,1.438,14.805,0.4429,1,0.04,0,0.0,11,10,0,1,0,Tier 2: Liquid Institutional (10-100 Cr/day)
IIFLCAPS,IIFL CAPITAL SERVICES LTD,INE489L01022,EQ,NORMAL,False,False,PARTIAL,1718,2019-09-20,2026-08-21,6.92,335.65,883382.4,498188,131375730.75,58524238.2,0.5427,0.5385,0.599,7.221,0.6071,0,0.0,18,1.05,12,7,0,0,0,Tier 2: Liquid Institutional (10-100 Cr/day)
ELECTCAST,ELECTROSTEEL CASTINGS LTD,INE086A01029,EQ,NORMAL,False,False,PARTIAL,2476,2016-08-22,2026-08-21,10.0,73.87,1516825.1,797669,131360147.29,26604374.5,0.4959,0.2409,0.87,7.284,0.7981,0,0.0,0,0.0,11,11,0,0,0,Tier 2: Liquid Institutional (10-100 Cr/day)
JSLL,JEENA SIKHO LIFECARE LTD,INE0J5801029,EQ,NORMAL,False,False,PARTIAL,1066,2022-04-19,2026-08-21,4.34,505.35,329127.6,118761,131236417.72,23014305.0,0.5845,0.9406,1.125,8.484,0.4126,0,0.0,27,2.53,1,1,0,0,0,Tier 2: Liquid Institutional (10-100 Cr/day)
HDFCGOLD,HDFC GOLD ETF,INF179KC1981,EQ,NORMAL,False,False,PARTIAL,2475,2016-08-22,2026-08-21,10.0,135.62,1474021.7,452592,131211092.65,20564850.0,0.1544,0.1684,-0.297,19.632,0.2475,0,0.0,0,0.0,0,0,0,0,0,Tier 2: Liquid Institutional (10-100 Cr/day)
DREAMFOLKS,DREAMFOLKS SERVICES LTD,INE0JS101016,EQ,NORMAL,False,False,PARTIAL,983,2022-09-06,2026-08-21,3.96,68.92,328647.3,158850,131153478.3,54693361.8,0.4281,-0.3966,0.381,9.424,0.93,0,0.0,6,0.61,2,2,0,0,0,Tier 2: Liquid Institutional (10-100 Cr/day)
FABTECH,FABTECH TECHNOLOGIES LTD,INE0HF201011,EQ,NORMAL,False,False,PARTIAL,217,2025-10-07,2026-08-21,0.87,146.82,656962.7,206992,131112574.57,32040406.85,0.496,-0.1331,1.166,7.91,0.4757,0,0.0,1,0.46,1,1,0,0,0,Tier 2: Liquid Institutional (10-100 Cr/day)
FINOPB,FINO PAYMENTS BANK LTD,INE02NC01014,EQ,NORMAL,False,False,PARTIAL,1185,2021-11-12,2026-08-21,4.77,145.93,535623.5,156987,130849330.06,40698087.6,0.5157,-0.1491,1.004,11.559,0.7932,0,0.0,0,0.0,0,0,0,0,0,Tier 2: Liquid Institutional (10-100 Cr/day)
KPL,KWALITY PHARMACEUTICALS L,INE552U01010,EQ,NORMAL,False,False,PARTIAL,87,2026-04-20,2026-08-21,0.34,3361.1,49606.4,23878,130728615.07,56774871.0,0.6278,2.258,1.392,7.928,0.0963,0,0.0,0,0.0,0,0,0,0,0,Tier 2: Liquid Institutional (10-100 Cr/day)
MARINE,MARINE ELECTRICAL (I) LTD,INE01JE01028,EQ,NORMAL,False,False,PARTIAL,1579,2016-08-29,2026-08-21,9.98,375.65,568733.1,310870,130668175.0,36189756.72,0.6436,0.389,-8.605,220.952,0.9886,1,0.06,99,6.27,6,3,1,0,0,Tier 2: Liquid Institutional (10-100 Cr/day)
EUREKAFORB,EUREKA FORBES LIMITED,INE0KCE01017,EQ,NORMAL,False,False,PARTIAL,483,2024-09-11,2026-08-21,1.94,415.0,238393.3,167550,130659405.66,89078742.8,0.3427,-0.0454,0.468,4.768,0.3643,0,0.0,0,0.0,0,0,0,0,0,Tier 2: Liquid Institutional (10-100 Cr/day)
ORIANA,ORIANA POWER LIMITED,INE0OUT01019,SM,SME,False,False,PARTIAL,751,2023-08-11,2026-08-21,3.03,1192.05,84883.9,60300,130316350.92,96146100.0,0.6245,0.6369,0.609,3.818,0.645,0,0.0,22,2.93,0,0,0,0,0,Tier 2: Liquid Institutional (10-100 Cr/day)
BIRLACORPN,BIRLA CORPORATION LTD,INE340A01012,EQ,NORMAL,False,False,PARTIAL,2476,2016-08-22,2026-08-21,10.0,889.25,133966.9,82962,130244866.25,78933920.0,0.376,0.0971,0.753,10.668,0.6997,0,0.0,1,0.04,10,10,0,0,0,Tier 2: Liquid Institutional (10-100 Cr/day)
HIKAL,HIKAL LIMITED,INE475B01022,EQ,NORMAL,False,False,PARTIAL,2476,2016-08-22,2026-08-21,10.0,215.61,492308.1,223292,130087454.16,54282166.6,0.4422,0.1634,0.462,8.24,0.7929,0,0.0,2,0.08,22,19,0,1,0,Tier 2: Liquid Institutional (10-100 Cr/day)
ALLCARGO,ALLCARGO LOGISTICS LTD,INE418H01029,EQ,NORMAL,False,False,PARTIAL,2476,2016-08-22,2026-08-21,10.0,12.17,2804630.3,1344588,130026729.31,54929120.4,0.4709,-0.0125,-3.701,99.743,0.9397,0,0.0,0,0.0,13,9,0,1,0,Tier 2: Liquid Institutional (10-100 Cr/day)
ARVINDFASN,ARVIND FASHIONS LIMITED,INE955V01021,EQ,NORMAL,False,False,PARTIAL,1848,2019-03-08,2026-08-21,7.46,448.35,358732.8,198462,129828973.02,68826360.15,0.4484,0.059,0.39,8.481,0.8931,0,0.0,18,0.97,10,4,0,0,2,Tier 2: Liquid Institutional (10-100 Cr/day)
GHCL,GHCL LIMITED,INE539A01019,EQ,NORMAL,False,False,PARTIAL,2476,2016-08-22,2026-08-21,10.0,442.4,323984.1,190616,129768465.58,69070170.0,0.3859,0.1271,0.39,7.799,0.7937,0,0.0,0,0.0,14,11,0,0,0,Tier 2: Liquid Institutional (10-100 Cr/day)
PATELENG,PATEL ENGINEERING LTD.,INE244B01030,EQ,NORMAL,False,False,PARTIAL,2476,2016-08-22,2026-08-21,10.0,28.17,3190727.5,1042840,129524141.4,33263146.95,0.5687,0.1223,0.892,7.442,0.9294,0,0.0,24,0.97,3,0,0,0,3,Tier 2: Liquid Institutional (10-100 Cr/day)
FINPIPE,FINOLEX INDUSTRIES LTD,INE183A01024,EQ,NORMAL,False,False,PARTIAL,2476,2016-08-22,2026-08-21,10.0,160.44,681304.4,387945,129509318.73,61930878.3,0.3425,0.1152,0.215,10.214,0.581,0,0.0,0,0.0,10,9,1,0,0,Tier 2: Liquid Institutional (10-100 Cr/day)
RICOAUTO,RICO AUTO INDUSTRIES LTD,INE209B01025,EQ,NORMAL,False,False,PARTIAL,2476,2016-08-22,2026-08-21,10.0,129.95,1356290.8,545211,129407829.17,32475767.38,0.5234,0.2086,0.887,7.378,0.8427,0,0.0,0,0.0,12,12,0,0,0,Tier 2: Liquid Institutional (10-100 Cr/day)
PRAKASH,PRAKASH INDUSTRIES LTD,INE603A01013,EQ,NORMAL,False,False,PARTIAL,2473,2016-08-22,2026-08-21,10.0,128.6,1098184.9,678759,128046822.74,65701442.95,0.5344,0.2368,0.387,6.415,0.9239,0,0.0,6,0.24,11,3,0,0,0,Tier 2: Liquid Institutional (10-100 Cr/day)
DHAMPURSUG,DHAMPUR SUGAR MILLS LTD.,INE041A01016,EQ,NORMAL,False,False,PARTIAL,2476,2016-08-22,2026-08-21,10.0,185.23,592745.7,374607,127826572.05,72958183.55,0.4978,0.1731,0.635,7.878,0.8061,0,0.0,7,0.28,19,10,0,0,0,Tier 2: Liquid Institutional (10-100 Cr/day)
EMUDHRA,EMUDHRA LIMITED,INE01QM01018,EQ,NORMAL,False,False,PARTIAL,1049,2022-06-01,2026-08-21,4.22,540.85,230421.2,114445,127719327.88,63407617.0,0.4123,0.2617,1.088,11.463,0.6223,0,0.0,0,0.0,5,5,0,0,0,Tier 2: Liquid Institutional (10-100 Cr/day)
ALIVUS,ALIVUS LIFE SCIENCES LTD,INE03Q201024,EQ,NORMAL,False,False,PARTIAL,1259,2018-04-06,2026-08-21,8.38,1350.9,162347.7,87350,127403392.86,65750326.05,0.3728,0.252,4.252,72.861,0.5105,0,0.0,7,0.56,6,5,0,0,0,Tier 2: Liquid Institutional (10-100 Cr/day)
TIRUMALCHM,THIRUMALAI CHEMICALS LTD,INE338A01024,EQ,NORMAL,False,False,PARTIAL,2476,2016-08-22,2026-08-21,10.0,154.09,786758.9,424014,127282289.23,71966324.2,0.5316,0.2859,0.739,7.748,0.8663,0,0.0,1,0.04,9,7,1,0,0,Tier 2: Liquid Institutional (10-100 Cr/day)
XTRANET,XTRANET TECHNOLOGIES LTD,INE0NG701011,EQ,NORMAL,False,False,PARTIAL,17,2026-07-30,2026-08-21,0.06,167.03,840021.2,782615,126297573.59,132348022.65,0.8632,4.4177,0.33,2.984,0.08,0,0.0,2,11.76,0,0,0,0,0,Tier 2: Liquid Institutional (10-100 Cr/day)
JGCHEM,J.G.CHEMICALS LIMITED,INE0MB501011,EQ,NORMAL,False,False,PARTIAL,605,2024-03-13,2026-08-21,2.44,621.85,316097.1,126631,125481738.46,44270887.5,0.5359,0.6453,1.585,9.103,0.4171,0,0.0,0,0.0,2,1,0,0,0,Tier 2: Liquid Institutional (10-100 Cr/day)
LUXIND,LUX INDUSTRIES LIMITED,INE150G01020,EQ,NORMAL,False,False,PARTIAL,2476,2016-08-22,2026-08-21,10.0,1203.4,73099.5,44989,125400952.01,64110427.2,0.3871,0.1401,1.125,12.326,0.8183,0,0.0,0,0.0,12,10,0,0,0,Tier 2: Liquid Institutional (10-100 Cr/day)
STOVEKRAFT,STOVE KRAFT LIMITED,INE00IN01015,EQ,NORMAL,False,False,PARTIAL,1374,2021-02-05,2026-08-21,5.54,775.45,205067.7,111623,125379774.31,67609538.5,0.4432,0.1988,0.615,7.949,0.6763,0,0.0,0,0.0,2,2,0,0,0,Tier 2: Liquid Institutional (10-100 Cr/day)
BLISSGVS,BLISS GVS PHARMA LTD,INE416D01022,BE,NORMAL,False,False,PARTIAL,2476,2016-08-22,2026-08-21,10.0,579.1,736504.0,311590,125107405.98,41847007.05,0.4779,0.2636,0.188,12.891,0.6898,0,0.0,1,0.04,12,12,0,0,0,Tier 2: Liquid Institutional (10-100 Cr/day)
MANORAMA,MANORAMA INDUSTRIES LTD,INE00VM01036,EQ,NORMAL,False,False,PARTIAL,1027,2022-07-01,2026-08-21,4.14,1927.3,106177.4,54260,124787793.53,38669547.0,0.4723,0.6616,0.293,6.629,0.3713,0,0.0,0,0.0,5,3,1,0,0,Tier 2: Liquid Institutional (10-100 Cr/day)
REGAAL,REGAAL RESOURCES LIMITED,INE0MHO01029,EQ,NORMAL,False,False,PARTIAL,249,2025-08-20,2026-08-21,1.0,95.96,1338030.9,381974,124321427.94,29273181.97,0.5422,-0.1778,1.323,9.291,0.554,0,0.0,0,0.0,0,0,0,0,0,Tier 2: Liquid Institutional (10-100 Cr/day)
ICIL,INDO COUNT INDUSTRIES LTD,INE483B01026,EQ,NORMAL,False,False,PARTIAL,2476,2016-08-22,2026-08-21,10.0,443.55,618350.1,316832,124271998.42,60322580.7,0.5634,0.243,1.054,7.342,0.8892,0,0.0,5,0.2,13,12,0,0,0,Tier 2: Liquid Institutional (10-100 Cr/day)
SURYAROSNI,SURYA ROSHNI LTD,INE335A01020,EQ,NORMAL,False,False,PARTIAL,2476,2016-08-22,2026-08-21,10.0,219.8,791289.7,467376,124255005.56,63023198.0,0.4877,0.2816,0.833,7.452,0.8745,0,0.0,3,0.12,18,16,1,1,0,Tier 2: Liquid Institutional (10-100 Cr/day)
RELAXO,RELAXO FOOT LTD.,INE131B01039,EQ,NORMAL,False,False,PARTIAL,2476,2016-08-22,2026-08-21,10.0,376.6,193609.4,85223,124214410.34,56574825.0,0.2971,0.0926,1.293,15.734,0.8344,0,0.0,0,0.0,12,9,0,1,0,Tier 2: Liquid Institutional (10-100 Cr/day)
JAYNECOIND,JAYASWAL NECO INDUSTR LTD,INE854B01010,EQ,NORMAL,False,False,PARTIAL,2432,2016-08-22,2026-08-21,10.0,99.89,2081187.1,135636,123821523.77,2635803.45,0.5641,0.4292,0.07,12.428,0.8449,0,0.0,65,2.67,9,0,0,0,0,Tier 2: Liquid Institutional (10-100 Cr/day)
DWARKESH,DWARIKESH SUGAR IND LTD,INE366A01041,EQ,NORMAL,False,False,PARTIAL,2450,2016-08-22,2026-08-21,10.0,53.63,2048588.9,1079881,123759425.72,53555850.0,0.5123,0.2059,0.975,7.907,0.8261,0,0.0,5,0.2,14,8,0,0,0,Tier 2: Liquid Institutional (10-100 Cr/day)
GRINFRA,G R INFRAPROJECTS LIMITED,INE201P01022,EQ,NORMAL,False,False,PARTIAL,1264,2021-07-19,2026-08-21,5.09,870.35,91732.0,30737,123698600.93,39167667.35,0.3228,-0.0874,0.744,6.963,0.6312,0,0.0,0,0.0,3,3,0,0,0,Tier 2: Liquid Institutional (10-100 Cr/day)
GILLETTE,GILLETTE INDIA LTD,INE322A01010,EQ,NORMAL,False,True,PARTIAL,2476,2016-08-22,2026-08-21,10.0,7498.5,16773.0,6898,123666471.08,39895745.4,0.2202,0.0697,1.319,11.603,0.4828,0,0.0,0,0.0,19,19,0,0,0,Tier 2: Liquid Institutional (10-100 Cr/day)
SBC,SBC EXPORTS LIMITED,INE04AK01028,EQ,NORMAL,False,False,PARTIAL,1179,2021-11-23,2026-08-21,4.74,40.1,6173282.4,4759322,123558297.22,61676199.76,0.4661,0.7592,1.197,8.99,0.5314,0,0.0,24,2.04,7,2,1,3,0,Tier 2: Liquid Institutional (10-100 Cr/day)
ERIS,ERIS LIFESCIENCES LIMITED,INE406M01024,EQ,NORMAL,False,True,PARTIAL,2266,2017-06-29,2026-08-21,9.14,1328.2,137889.6,61528,123403953.79,50503205.5,0.311,0.1365,0.726,7.311,0.5616,0,0.0,0,0.0,15,6,0,0,0,Tier 2: Liquid Institutional (10-100 Cr/day)
BEPL,BHANSALI ENG. POLYMERS LT,INE922A01025,EQ,NORMAL,False,False,PARTIAL,2476,2016-08-22,2026-08-21,10.0,125.82,1505645.0,693914,123351975.73,51043380.75,0.5142,0.353,0.971,8.161,0.8806,0,0.0,3,0.12,26,25,0,1,0,Tier 2: Liquid Institutional (10-100 Cr/day)
LAXMIINDIA,LAXMI INDIA FINANCE LTD,INE06WU01026,EQ,NORMAL,False,False,PARTIAL,259,2025-08-05,2026-08-21,1.04,128.76,849539.1,212064,123208041.89,22544235.2,0.6358,0.1563,1.104,5.846,0.5926,0,0.0,0,0.0,0,0,0,0,0,Tier 2: Liquid Institutional (10-100 Cr/day)
GENSOL,GENSOL ENGINEERING LTD,INE06H201014,BZ,NORMAL,False,False,PARTIAL,639,2023-07-03,2026-08-21,3.13,17.56,225302.6,113836,122626362.36,59323412.65,0.5531,-1.1262,-0.029,4.601,0.9875,0,0.0,108,16.9,1,0,0,1,0,Tier 2: Liquid Institutional (10-100 Cr/day)
FCL,FINEOTEX CHEMICAL LIMITED,INE045J01034,EQ,NORMAL,False,False,PARTIAL,2476,2016-08-22,2026-08-21,10.0,47.43,6527535.4,3061730,122608506.23,45447866.2,0.5522,0.4396,1.134,7.735,0.8645,0,0.0,4,0.16,20,12,1,1,0,Tier 2: Liquid Institutional (10-100 Cr/day)
PLATIND,PLATINUM INDUSTRIES LTD,INE0PT501018,EQ,NORMAL,False,False,PARTIAL,610,2024-03-05,2026-08-21,2.46,215.2,412967.0,171159,122573249.17,43907302.9,0.5176,0.1208,0.588,4.58,0.6272,0,0.0,1,0.16,1,0,0,0,0,Tier 2: Liquid Institutional (10-100 Cr/day)
SHARDACROP,SHARDA CROPCHEM LTD.,INE221J01015,EQ,NORMAL,False,False,PARTIAL,2476,2016-08-22,2026-08-21,10.0,760.9,193990.7,81775,122557971.98,33020713.05,0.4631,0.1817,0.839,10.197,0.8164,1,0.04,5,0.2,24,19,0,0,0,Tier 2: Liquid Institutional (10-100 Cr/day)
SKFINDIA,SKF INDIA LTD,INE640A01023,EQ,NORMAL,False,False,PARTIAL,2476,2016-08-22,2026-08-21,10.0,1596.5,38573.4,20914,121978367.1,60428821.5,0.3272,0.0762,-6.997,212.346,0.7957,0,0.0,0,0.0,13,10,0,0,0,Tier 2: Liquid Institutional (10-100 Cr/day)
3MINDIA,3M INDIA LIMITED,INE470A01017,EQ,NORMAL,False,True,PARTIAL,2476,2016-08-22,2026-08-21,10.0,33640.0,4713.6,2660,121945011.15,66297555.4,0.3006,0.1391,1.267,12.355,0.4264,0,0.0,0,0.0,11,5,0,0,0,Tier 2: Liquid Institutional (10-100 Cr/day)
ENTERO,ENTERO HEALTHCARE SOLU L,INE010601016,EQ,NORMAL,False,False,PARTIAL,623,2024-02-16,2026-08-21,2.51,1423.6,101780.6,65431,121846934.56,79792980.0,0.4081,0.1685,0.995,8.315,0.3874,0,0.0,0,0.0,0,0,0,0,0,Tier 2: Liquid Institutional (10-100 Cr/day)
SPANDANA,SPANDANA SPHOORTY FIN LTD,INE572J01011,EQ,NORMAL,False,False,PARTIAL,1740,2019-08-19,2026-08-21,7.01,241.3,251261.4,118624,121833990.86,59155448.0,0.5124,-0.0531,1.05,11.614,0.8646,0,0.0,7,0.4,1,0,0,0,1,Tier 2: Liquid Institutional (10-100 Cr/day)
KANSAINER,KANSAI NEROLAC PAINTS LTD,INE531A01024,EQ,NORMAL,False,False,PARTIAL,2476,2016-08-22,2026-08-21,10.0,205.85,404752.1,262270,121351795.77,77763040.4,0.2933,0.0253,0.296,12.848,0.6434,1,0.04,0,0.0,13,12,0,1,0,Tier 2: Liquid Institutional (10-100 Cr/day)
SILVERBETA,UTIAMC-SILVERBETA,INF789F1AYK6,EQ,NORMAL,False,False,PARTIAL,830,2023-04-20,2026-08-21,3.34,234.81,647506.3,220200,121323655.39,19883120.64,0.3743,0.3836,-1.042,14.903,0.4569,0,0.0,0,0.0,0,0,0,0,0,Tier 2: Liquid Institutional (10-100 Cr/day)
EPL,EPL LIMITED,INE255A01020,EQ,NORMAL,False,False,PARTIAL,2476,2016-08-22,2026-08-21,10.0,265.61,577387.8,279766,119946057.64,51616640.95,0.3714,0.1593,0.611,8.499,0.5066,0,0.0,0,0.0,18,16,0,1,0,Tier 2: Liquid Institutional (10-100 Cr/day)
SANOFI,SANOFI INDIA LIMITED,INE058A01010,EQ,NORMAL,False,False,PARTIAL,2476,2016-08-22,2026-08-21,10.0,3352.8,18561.8,12097,119635376.51,72933828.2,0.2457,0.0061,-4.439,113.921,0.6925,0,0.0,0,0.0,17,15,0,0,0,Tier 2: Liquid Institutional (10-100 Cr/day)
TATVA,TATVA CHIN PHARM CHEM LTD,INE0GK401011,EQ,NORMAL,False,False,PARTIAL,1257,2021-07-29,2026-08-21,5.06,1616.4,75117.9,31557,119416035.84,41332708.8,0.404,0.0082,1.297,11.566,0.7787,0,0.0,0,0.0,8,4,0,0,0,Tier 2: Liquid Institutional (10-100 Cr/day)
DIGITIDE,DIGITIDE SOLUTIONS LTD,INE0U4701011,EQ,NORMAL,False,False,PARTIAL,298,2025-06-11,2026-08-21,1.19,97.01,823984.7,281929,118774236.58,34499472.28,0.5346,-0.602,1.179,7.148,0.7281,0,0.0,0,0.0,0,0,0,0,0,Tier 2: Liquid Institutional (10-100 Cr/day)
PARKHOTELS,PARKHOTELS,INE988S01028,EQ,NORMAL,False,False,PARTIAL,627,2024-02-12,2026-08-21,2.52,115.61,685072.0,370739,118390726.29,56118762.43,0.3975,-0.1492,0.414,4.277,0.5752,0,0.0,0,0.0,1,1,0,0,0,Tier 2: Liquid Institutional (10-100 Cr/day)
MOL,MEGHMANI ORGANICS LIMITED,INE0CT101020,EQ,NORMAL,False,False,PARTIAL,1243,2021-08-18,2026-08-21,5.01,60.26,1268554.4,779406,118137182.25,67445730.0,0.4472,0.0181,1.302,8.823,0.7414,0,0.0,3,0.24,3,3,0,0,0,Tier 2: Liquid Institutional (10-100 Cr/day)
ITDC,INDIA TOUR. DEV. CO. LTD.,INE353K01014,EQ,NORMAL,False,False,PARTIAL,2388,2016-12-30,2026-08-21,9.64,684.3,209558.2,37889,117922576.65,15454522.25,0.5587,0.2741,1.881,11.427,0.8459,0,0.0,1,0.04,11,6,0,0,0,Tier 2: Liquid Institutional (10-100 Cr/day)
DCMSHRIRAM,DCM SHRIRAM LIMITED,INE499A01024,EQ,NORMAL,False,True,PARTIAL,2476,2016-08-22,2026-08-21,10.0,1082.1,165002.1,80388,117619302.44,51642741.9,0.4439,0.2596,0.5,9.177,0.6871,0,0.0,0,0.0,27,27,0,0,0,Tier 2: Liquid Institutional (10-100 Cr/day)
IVALUE,IVALUE INFOSOLUTIONS LTD,INE056801025,EQ,NORMAL,False,False,PARTIAL,224,2025-09-25,2026-08-21,0.9,286.8,418940.1,181576,116747805.91,46551547.65,0.4245,0.1096,-0.096,3.596,0.3494,0,0.0,0,0.0,0,0,0,0,0,Tier 2: Liquid Institutional (10-100 Cr/day)
ROSSTECH,ROSSELL TECHSYS LIMITED,INE0OJW01016,EQ,NORMAL,False,False,PARTIAL,424,2024-12-09,2026-08-21,1.7,1074.2,146921.3,58191,116089420.6,38854234.65,0.5861,0.5868,0.959,6.699,0.5575,1,0.24,12,2.83,1,1,0,0,0,Tier 2: Liquid Institutional (10-100 Cr/day)
HERITGFOOD,HERITAGE FOODS LTD,INE978A01027,EQ,NORMAL,False,False,PARTIAL,2476,2016-08-22,2026-08-21,10.0,380.85,341132.4,171034,116088801.17,40577970.6,0.4098,0.1601,0.723,8.595,0.8155,0,0.0,3,0.12,13,11,1,0,1,Tier 2: Liquid Institutional (10-100 Cr/day)
VMART,VMART RETAIL LTD,INE665J01013,EQ,NORMAL,False,False,PARTIAL,2476,2016-08-22,2026-08-21,10.0,838.85,192388.0,81827,116005164.62,48678418.8,0.4098,0.2754,1.082,11.32,0.6386,0,0.0,0,0.0,12,6,0,1,0,Tier 2: Liquid Institutional (10-100 Cr/day)
SMARTWORKS,SMARTWORKS COWORKING SP L,INE0NAZ01010,EQ,NORMAL,False,False,PARTIAL,272,2025-07-17,2026-08-21,1.1,523.25,249358.1,84284,115706497.27,41413652.8,0.3497,0.2114,0.082,3.38,0.3861,0,0.0,0,0.0,0,0,0,0,0,Tier 2: Liquid Institutional (10-100 Cr/day)
AJAXENGG,AJAX ENGINEERING LIMITED,INE274Y01021,EQ,NORMAL,False,False,PARTIAL,373,2025-02-17,2026-08-21,1.51,565.65,187198.6,85697,115521050.83,50616673.8,0.3802,0.037,0.394,5.525,0.4556,0,0.0,0,0.0,0,0,0,0,0,Tier 2: Liquid Institutional (10-100 Cr/day)
COFFEEDAY,COFFEE DAY ENTERPRISE LTD,INE335K01011,BE,NORMAL,False,False,PARTIAL,2141,2016-08-22,2026-08-21,10.0,29.08,1964553.6,665487,115462065.24,39635574.0,0.6349,-0.0599,3.951,64.64,0.9584,1,0.05,121,5.65,1,0,0,0,0,Tier 2: Liquid Institutional (10-100 Cr/day)
JINDRILL,JINDAL DRILLING IND. LTD,INE742C01031,EQ,NORMAL,False,False,PARTIAL,2476,2016-08-22,2026-08-21,10.0,642.75,224126.4,49339,115290098.75,12291697.2,0.5102,0.255,1.118,9.11,0.8119,0,0.0,2,0.08,10,10,0,0,0,Tier 2: Liquid Institutional (10-100 Cr/day)
EFCIL,EFC (I) LIMITED,INE886D01026,EQ,NORMAL,False,False,PARTIAL,249,2025-08-20,2026-08-21,1.0,191.61,478069.5,320249,115170502.16,72717466.05,0.4124,-0.5116,0.12,3.559,0.496,0,0.0,0,0.0,1,0,0,0,1,Tier 2: Liquid Institutional (10-100 Cr/day)
WESTLIFE,WESTLIFE FOODWORLD LTD,INE274F01020,EQ,NORMAL,False,False,PARTIAL,1739,2019-08-20,2026-08-21,7.0,588.15,194306.9,102933,115067598.87,60747071.1,0.3676,0.1694,0.812,6.999,0.5785,0,0.0,0,0.0,3,3,0,0,0,Tier 2: Liquid Institutional (10-100 Cr/day)
ADVAIT,ADVAIT ENRGY TRANSITION L,INE0ALI01010,EQ,NORMAL,False,False,PARTIAL,146,2026-01-20,2026-08-21,0.58,2086.0,57562.5,45471,114716055.15,86613822.0,0.5507,0.852,0.752,3.458,0.1585,0,0.0,0,0.0,0,0,0,0,0,Tier 2: Liquid Institutional (10-100 Cr/day)
LANDMARK,LANDMARK CARS LIMITED,INE559R01029,EQ,NORMAL,False,False,PARTIAL,908,2022-12-23,2026-08-21,3.66,504.95,199373.1,80016,114618799.47,47428659.0,0.4229,0.1149,0.876,6.634,0.5953,0,0.0,0,0.0,4,3,0,0,0,Tier 2: Liquid Institutional (10-100 Cr/day)
DCAL,DISHMAN CARBO AMCIS LTD,INE385W01011,EQ,NORMAL,False,False,PARTIAL,2208,2017-09-21,2026-08-21,8.91,173.54,632577.6,331501,114617007.67,58191724.8,0.5407,0.0643,0.49,7.772,0.8758,0,0.0,19,0.86,1,1,0,0,0,Tier 2: Liquid Institutional (10-100 Cr/day)
SCILAL,SHIPPING CORP OF ILA LTD,INE0PB301013,EQ,NORMAL,False,False,PARTIAL,601,2024-03-19,2026-08-21,2.42,39.81,1651378.5,641324,114446096.81,33582813.16,0.4548,0.0543,1.82,12.729,0.6618,0,0.0,8,1.33,3,2,0,0,0,Tier 2: Liquid Institutional (10-100 Cr/day)
RSL,RAJPUTANA STAINLESS LTD,INE313L01016,EQ,NORMAL,False,False,PARTIAL,105,2026-03-19,2026-08-21,0.42,164.85,881219.9,514538,114174389.27,69966586.48,0.3351,0.9704,1.479,8.66,0.1188,0,0.0,0,0.0,0,0,0,0,0,Tier 2: Liquid Institutional (10-100 Cr/day)
SHANKARA,SHANKARA BLDG PRODUCT LTD,INE274V01019,EQ,NORMAL,False,False,PARTIAL,2324,2017-04-05,2026-08-21,9.38,143.29,159899.9,70551,113904079.29,41610172.45,0.5612,0.0332,-3.311,96.077,0.956,1,0.04,20,0.86,11,8,0,0,0,Tier 2: Liquid Institutional (10-100 Cr/day)
RAMBHAJO,ADVIT JEWELS LIMITED,INE1SJO01012,EQ,NORMAL,False,False,PARTIAL,38,2026-07-01,2026-08-21,0.14,177.41,600215.8,296930,113549621.0,58759477.7,0.4673,0.0277,0.159,2.324,0.1881,0,0.0,0,0.0,0,0,0,0,0,Tier 2: Liquid Institutional (10-100 Cr/day)
UFBL,UNITED FOODBRANDS LIMITED,INE382M01027,BE,NORMAL,False,False,PARTIAL,1334,2021-04-07,2026-08-21,5.37,822.6,167306.8,82024,113299145.7,49960573.2,0.4777,0.1739,1.82,12.374,0.9091,0,0.0,1,0.07,0,0,0,0,0,Tier 2: Liquid Institutional (10-100 Cr/day)
SKIPPER,SKIPPER LIMITED,INE439E01022,EQ,NORMAL,False,False,PARTIAL,2476,2016-08-22,2026-08-21,10.0,554.0,380933.1,162475,113259643.18,16840546.8,0.5467,0.2779,1.191,9.344,0.9376,0,0.0,0,0.0,10,9,0,0,1,Tier 2: Liquid Institutional (10-100 Cr/day)
BASF,BASF INDIA LTD,INE373A01013,EQ,NORMAL,False,False,PARTIAL,2476,2016-08-22,2026-08-21,10.0,3902.7,39720.2,18393,112655058.72,46227748.2,0.3776,0.199,1.577,13.428,0.6493,0,0.0,0,0.0,10,10,0,0,0,Tier 2: Liquid Institutional (10-100 Cr/day)
BAYERCROP,BAYER CROPSCIENCE LTD,INE462A01022,EQ,NORMAL,False,True,PARTIAL,2476,2016-08-22,2026-08-21,10.0,4071.5,22257.0,13323,112591808.04,62608938.0,0.2673,0.0363,0.471,9.491,0.4184,0,0.0,0,0.0,18,17,0,0,0,Tier 2: Liquid Institutional (10-100 Cr/day)
PAISALO,PAISALO DIGITAL LIMITED,INE420C01059,EQ,NORMAL,False,False,PARTIAL,2476,2016-08-22,2026-08-21,10.0,69.79,2527557.5,837330,112295967.27,23919598.0,0.521,0.3332,1.398,13.426,0.6909,0,0.0,25,1.01,12,10,1,1,0,Tier 2: Liquid Institutional (10-100 Cr/day)
GOLDIAM,GOLDIAM INTERNATIONAL LTD,INE025B01025,EQ,NORMAL,False,False,PARTIAL,2476,2016-08-22,2026-08-21,10.0,360.35,706307.7,327427,112270354.31,20624991.2,0.5453,0.499,1.365,9.472,0.5506,0,0.0,0,0.0,27,19,1,1,0,Tier 2: Liquid Institutional (10-100 Cr/day)
HGINFRA,H.G.INFRA ENGINEERING LTD,INE926X01010,EQ,NORMAL,False,False,PARTIAL,2094,2018-03-09,2026-08-21,8.45,511.9,161930.5,80855,112209089.32,53444211.8,0.4504,0.1782,0.748,8.061,0.7634,0,0.0,0,0.0,8,8,0,0,0,Tier 2: Liquid Institutional (10-100 Cr/day)
VIMTALABS,VIMTA LABS LIMITED,INE579C01029,EQ,NORMAL,False,False,PARTIAL,2476,2016-08-22,2026-08-21,10.0,629.65,314850.8,97758,111960287.97,13292690.4,0.5438,0.4095,1.135,9.595,0.8318,0,0.0,1,0.04,12,9,0,1,0,Tier 2: Liquid Institutional (10-100 Cr/day)
WEBELSOLAR,WEBSOL ENERGY SYSTEM LTD,INE855C01023,EQ,NORMAL,False,False,PARTIAL,2476,2016-08-22,2026-08-21,10.0,82.8,2829784.9,1420190,111739930.66,14347560.0,0.6317,0.5069,0.795,5.612,0.929,1,0.04,82,3.31,10,0,1,0,0,Tier 2: Liquid Institutional (10-100 Cr/day)
ADVENZYMES,ADVANCED ENZYME TECH LTD,INE837H01020,EQ,NORMAL,False,False,PARTIAL,2476,2016-08-22,2026-08-21,10.0,300.0,337596.2,161566,110707832.83,48677356.6,0.4088,0.092,1.101,10.188,0.7885,1,0.04,0,0.0,15,13,1,0,0,Tier 2: Liquid Institutional (10-100 Cr/day)
THANGAMAYL,THANGAMAYIL JEWELLERY LTD,INE085J01014,EQ,NORMAL,False,False,PARTIAL,2476,2016-08-22,2026-08-21,10.0,5487.5,61370.1,21478,110490285.32,9847569.6,0.4931,0.4909,1.03,8.566,0.6765,0,0.0,5,0.2,18,14,0,1,1,Tier 2: Liquid Institutional (10-100 Cr/day)
ETHOSLTD,ETHOS LIMITED,INE04TZ01018,EQ,NORMAL,False,False,PARTIAL,1051,2022-05-30,2026-08-21,4.23,2840.5,54561.3,30495,110434476.14,62611456.2,0.3815,0.375,0.986,8.093,0.4131,0,0.0,0,0.0,4,0,0,0,1,Tier 2: Liquid Institutional (10-100 Cr/day)
PRUDENT,PRUDENT CORP ADV SER LTD,INE00F201020,EQ,NORMAL,False,False,PARTIAL,1057,2022-05-20,2026-08-21,4.25,3353.5,65248.9,31191,110247905.25,51922693.6,0.47,0.5365,0.336,7.55,0.5402,0,0.0,0,0.0,5,5,0,0,0,Tier 2: Liquid Institutional (10-100 Cr/day)
SETFNIF50,SBI-ETF NIFTY 50,INF200KA1FS1,EQ,NORMAL,False,False,PARTIAL,2476,2016-08-22,2026-08-21,10.0,261.56,525708.8,229619,110024209.91,37720455.48,0.1503,0.1229,-0.758,16.149,0.342,1,0.04,0,0.0,0,0,0,0,0,Tier 2: Liquid Institutional (10-100 Cr/day)
KIRLOSBROS,KIRLOSKAR BROTHERS LTD,INE732A01036,EQ,NORMAL,False,False,PARTIAL,2476,2016-08-22,2026-08-21,10.0,1906.2,118102.0,54449,109925110.71,18950066.1,0.4939,0.3809,0.777,7.064,0.7998,0,0.0,0,0.0,11,11,0,0,0,Tier 2: Liquid Institutional (10-100 Cr/day)
MAHSEAMLES,MAHARASHTRA SEAMLESS LTD,INE271B01025,EQ,NORMAL,False,False,PARTIAL,2476,2016-08-22,2026-08-21,10.0,634.15,262657.7,150518,109672569.0,46767685.5,0.3547,0.2422,0.266,7.544,0.6538,0,0.0,0,0.0,11,10,0,1,0,Tier 2: Liquid Institutional (10-100 Cr/day)
GLOBUSSPR,GLOBUS SPIRITS LTD,INE615I01010,EQ,NORMAL,False,False,PARTIAL,2476,2016-08-22,2026-08-21,10.0,906.4,190772.9,94747,109206833.25,49535708.0,0.5062,0.3715,0.879,8.84,0.6894,0,0.0,8,0.32,11,6,0,0,0,Tier 2: Liquid Institutional (10-100 Cr/day)
POWERMECH,POWER MECH PROJECTS LTD.,INE211R01019,EQ,NORMAL,False,False,PARTIAL,2476,2016-08-22,2026-08-21,10.0,2502.4,87798.2,50868,109087558.99,33813608.0,0.4369,0.3303,1.216,10.198,0.7123,0,0.0,0,0.0,11,8,0,1,0,Tier 2: Liquid Institutional (10-100 Cr/day)
TMB,TAMILNAD MERCA BANK LTD,INE668A01016,EQ,NORMAL,False,False,PARTIAL,976,2022-09-15,2026-08-21,3.93,878.55,189409.2,97052,108958742.61,45482210.65,0.277,0.1783,1.893,18.429,0.3186,0,0.0,0,0.0,5,5,0,0,0,Tier 2: Liquid Institutional (10-100 Cr/day)
EUROPRATIK,EURO PRATIK SALES LIMITED,INE198501012,EQ,NORMAL,False,False,PARTIAL,226,2025-09-23,2026-08-21,0.91,263.15,404575.5,201160,108427302.5,53308262.8,0.4991,0.1889,0.005,5.904,0.4496,0,0.0,0,0.0,1,1,0,0,0,Tier 2: Liquid Institutional (10-100 Cr/day)
HAPPYFORGE,HAPPY FORGINGS LIMITED,INE330T01021,EQ,NORMAL,False,False,PARTIAL,659,2023-12-27,2026-08-21,2.65,2211.8,96240.0,41281,107731856.78,44696281.5,0.3085,0.3396,0.741,5.28,0.4083,0,0.0,0,0.0,4,3,0,0,0,Tier 2: Liquid Institutional (10-100 Cr/day)
GCSL,GRETEX CORPORATE SERVICES,INE199P01028,EQ,NORMAL,False,False,PARTIAL,238,2025-09-04,2026-08-21,0.96,488.9,250656.7,49176,107263132.8,14581490.0,0.5449,0.6071,0.334,8.103,0.3051,0,0.0,9,3.78,1,1,0,0,0,Tier 2: Liquid Institutional (10-100 Cr/day)
INDOFARM,INDO FARM EQUIPMENT LTD,INE622H01018,EQ,NORMAL,False,False,PARTIAL,403,2025-01-07,2026-08-21,1.62,141.76,505296.0,196126,106892091.03,33120612.96,0.5414,-0.268,0.811,5.544,0.5999,0,0.0,9,2.23,0,0,0,0,0,Tier 2: Liquid Institutional (10-100 Cr/day)
APTECHT,APTECH LIMITED,INE266F01018,BE,NORMAL,False,False,PARTIAL,2476,2016-08-22,2026-08-21,10.0,92.51,605190.5,310631,106839706.13,53372914.2,0.5285,0.1354,1.378,9.186,0.8287,0,0.0,0,0.0,15,10,0,1,0,Tier 2: Liquid Institutional (10-100 Cr/day)
ZYDUSWELL,ZYDUS WELLNESS LIMITED,INE768C01028,EQ,NORMAL,False,True,PARTIAL,2476,2016-08-22,2026-08-21,10.0,490.8,268500.2,107598,105673302.07,35953697.0,0.2884,0.1475,1.122,8.669,0.4222,0,0.0,0,0.0,13,10,1,0,0,Tier 2: Liquid Institutional (10-100 Cr/day)
METALIETF,ICICIPRAMC - METALIETF,INF109KC19W1,EQ,NORMAL,False,False,PARTIAL,499,2024-08-20,2026-08-21,2.0,13.23,9500868.9,5850035,105656388.07,59084043.12,0.2288,0.2096,-0.487,5.354,0.2324,0,0.0,0,0.0,0,0,0,0,0,Tier 2: Liquid Institutional (10-100 Cr/day)
DCW,DCW LTD,INE500A01029,EQ,NORMAL,False,False,PARTIAL,2476,2016-08-22,2026-08-21,10.0,44.73,1937866.4,831213,105199361.9,34421945.9,0.532,0.1819,0.899,6.462,0.8638,0,0.0,0,0.0,14,5,0,0,0,Tier 2: Liquid Institutional (10-100 Cr/day)
SBCL,SHIVALIK BIMETAL CON. LTD,INE386D01027,EQ,NORMAL,False,False,PARTIAL,1281,2021-06-24,2026-08-21,5.16,993.25,185111.4,94108,104873779.24,44231418.0,0.5124,0.6238,1.153,7.348,0.4751,0,0.0,2,0.16,11,10,0,1,0,Tier 2: Liquid Institutional (10-100 Cr/day)
THOMASCOOK,THOMAS COOK (INDIA) LTD,INE332A01027,EQ,NORMAL,False,False,PARTIAL,2475,2016-08-22,2026-08-21,10.0,113.17,837681.6,459543,104842978.94,49083856.8,0.4762,0.0899,-0.542,25.011,0.8976,0,0.0,10,0.4,9,7,0,0,0,Tier 2: Liquid Institutional (10-100 Cr/day)
HARIOMPIPE,HARIOM PIPE INDUSTRIES L,INE00EV01017,EQ,NORMAL,False,False,PARTIAL,1081,2022-04-13,2026-08-21,4.36,348.5,248097.9,122478,104443094.08,51535286.5,0.4762,0.2073,0.985,7.206,0.689,0,0.0,2,0.19,2,2,0,0,0,Tier 2: Liquid Institutional (10-100 Cr/day)
REPCOHOME,REPCO HOME FINANCE LTD,INE612J01015,EQ,NORMAL,False,False,PARTIAL,2476,2016-08-22,2026-08-21,10.0,359.05,275864.6,166535,104305152.26,59919882.0,0.4446,0.0128,0.647,9.456,0.8979,0,0.0,5,0.2,12,12,0,0,0,Tier 2: Liquid Institutional (10-100 Cr/day)
SILVER1,KOTAKMAMC - KOTAKSILVE,INF174KA1ZD3,EQ,NORMAL,False,False,PARTIAL,913,2022-12-14,2026-08-21,3.69,23.66,5067200.3,859730,103551383.08,7287585.0,0.3865,0.4203,-0.505,20.532,0.4574,0,0.0,0,0.0,0,0,0,0,0,Tier 2: Liquid Institutional (10-100 Cr/day)
AGI,AGI GREENPAC LIMITED,INE415A01038,EQ,NORMAL,False,False,PARTIAL,2476,2016-08-22,2026-08-21,10.0,753.6,252651.6,135900,103383695.05,41753064.2,0.5318,0.2585,-2.548,75.569,0.9193,0,0.0,3,0.12,11,10,0,0,0,Tier 2: Liquid Institutional (10-100 Cr/day)
QLINE,Q-LINE BIOTECH LIMITED,INE1G2W01011,SM,SME,False,False,PARTIAL,60,2026-05-29,2026-08-21,0.23,549.75,202206.7,126000,102881485.33,64045800.0,0.4356,0.7209,0.492,3.18,0.1538,0,0.0,0,0.0,0,0,0,0,0,Tier 2: Liquid Institutional (10-100 Cr/day)
RNBDENIMS,R&B DENIMS LIMITED,INE012Q01039,EQ,NORMAL,False,False,PARTIAL,239,2025-09-04,2026-08-21,0.96,7.73,1994693.7,236103,102465890.47,4520470.5,0.5301,-1.4371,0.208,2.548,0.8836,0,0.0,34,14.23,2,0,1,1,0,Tier 2: Liquid Institutional (10-100 Cr/day)
APEX,APEX FROZEN FOODS LIMITED,INE346W01013,EQ,NORMAL,False,False,PARTIAL,2221,2017-09-04,2026-08-21,8.96,399.6,297065.3,106730,102267391.6,29943056.0,0.5347,0.2112,1.312,10.571,0.8389,0,0.0,14,0.63,9,8,0,0,0,Tier 2: Liquid Institutional (10-100 Cr/day)
KIOCL,KIOCL LIMITED,INE880L01014,EQ,NORMAL,False,False,PARTIAL,2319,2016-11-29,2026-08-21,9.72,388.1,273118.2,54774,102119483.1,12993617.7,0.5869,0.561,1.038,7.929,0.9037,2,0.09,74,3.19,13,9,0,0,0,Tier 2: Liquid Institutional (10-100 Cr/day)
GKSL,GUJARAT KIDNEY N SUP SP L,INE0V0W01025,EQ,NORMAL,False,False,PARTIAL,160,2025-12-30,2026-08-21,0.64,152.97,880789.4,371649,102085670.44,44105737.5,0.3224,0.6548,1.263,7.529,0.133,0,0.0,0,0.0,0,0,0,0,0,Tier 2: Liquid Institutional (10-100 Cr/day)
CENTURYPLY,CENTURY PLYBOARDS (I) LTD,INE348B01021,EQ,NORMAL,False,False,PARTIAL,2476,2016-08-22,2026-08-21,10.0,762.4,252338.0,153586,102011828.84,55837906.4,0.3611,0.1942,0.533,6.629,0.7162,0,0.0,0,0.0,11,9,0,0,0,Tier 2: Liquid Institutional (10-100 Cr/day)
STUDDS,STUDDS ACCESSORIES LTD,INE00Q601028,EQ,NORMAL,False,False,PARTIAL,196,2025-11-07,2026-08-21,0.79,450.15,191446.7,41021,101801092.73,19838361.65,0.3381,-0.2283,3.521,31.595,0.2681,0,0.0,0,0.0,0,0,0,0,0,Tier 2: Liquid Institutional (10-100 Cr/day)
SMLMAH,SML MAHINDRA LIMITED,INE294B01019,EQ,NORMAL,False,False,PARTIAL,2476,2016-08-22,2026-08-21,10.0,5324.0,57744.6,24451,101261117.31,21417852.95,0.4787,0.2506,1.792,12.477,0.7937,0,0.0,2,0.08,11,6,0,0,0,Tier 2: Liquid Institutional (10-100 Cr/day)
SOLARA,SOLARA ACTIVE PHA SCI LTD,INE624Z01016,EQ,NORMAL,False,False,PARTIAL,2019,2018-06-27,2026-08-21,8.15,616.9,167257.9,83642,101026307.27,45578993.6,0.5216,0.2571,0.501,8.69,0.8355,0,0.0,12,0.59,9,4,0,0,1,Tier 2: Liquid Institutional (10-100 Cr/day)
BAJAJHCARE,BAJAJ HEALTHCARE LIMITED,INE411U01027,EQ,NORMAL,False,False,PARTIAL,1191,2017-04-12,2026-08-21,9.36,322.0,228619.9,92300,100878507.19,34510011.2,17.2022,8.0157,34.367,1184.073,0.6139,4,0.34,7,0.59,4,4,0,0,0,Tier 2: Liquid Institutional (10-100 Cr/day)
NEOGEN,NEOGEN CHEMICALS LIMITED,INE136S01016,EQ,NORMAL,False,False,PARTIAL,1810,2019-05-08,2026-08-21,7.29,2230.1,77602.1,34837,100465635.75,44325477.35,0.4605,0.4011,1.328,8.762,0.5842,0,0.0,1,0.06,10,8,0,0,0,Tier 2: Liquid Institutional (10-100 Cr/day)
GAEL,GUJARAT AMBUJA EXPORTS LT,INE036B01030,EQ,NORMAL,False,False,PARTIAL,2476,2016-08-22,2026-08-21,10.0,177.46,889987.0,491952,100364875.18,43595213.9,0.4668,0.3307,0.533,6.221,0.7074,0,0.0,0,0.0,14,9,1,1,0,Tier 2: Liquid Institutional (10-100 Cr/day)
BANCOINDIA,BANCO PRODUCTS (I) LTD,INE213C01025,EQ,NORMAL,False,False,PARTIAL,2476,2016-08-22,2026-08-21,10.0,623.7,372611.3,179955,99855589.5,25424247.95,0.4606,0.2859,0.432,14.357,0.7852,0,0.0,0,0.0,19,16,0,1,0,Tier 3: Mid-Market Tradable (1-10 Cr/day)
TARSONS,TARSONS PRODUCTS LIMITED,INE144Z01023,EQ,NORMAL,False,False,PARTIAL,1176,2021-11-26,2026-08-21,4.73,344.95,214407.3,71206,99691848.19,32411452.5,0.4181,-0.0998,1.453,11.144,0.8089,0,0.0,0,0.0,3,1,0,0,0,Tier 3: Mid-Market Tradable (1-10 Cr/day)
PFOCUS,PRIME FOCUS LIMITED,INE367G01038,EQ,NORMAL,False,True,PARTIAL,2476,2016-08-22,2026-08-21,10.0,296.95,515477.3,58739,99511673.58,4760299.7,0.5967,0.3263,1.196,8.861,0.8644,0,0.0,20,0.81,6,0,0,0,0,Tier 3: Mid-Market Tradable (1-10 Cr/day)
FCONSUMER,FUTURE CONSUMER LIMITED,INE220J01025,BZ,NORMAL,False,False,PARTIAL,2034,2016-08-22,2026-08-17,9.98,0.24,6856156.7,3483517,99374012.03,35822134.85,0.6017,-0.3786,0.345,5.504,0.9969,0,0.0,144,7.08,2,0,0,0,0,Tier 3: Mid-Market Tradable (1-10 Cr/day)
CARERATING,CARE RATINGS LIMITED,INE752H01013,EQ,NORMAL,False,False,PARTIAL,2476,2016-08-22,2026-08-21,10.0,1674.4,123313.6,58448,99170199.02,52788581.1,0.3844,0.1082,0.434,16.499,0.8421,0,0.0,0,0.0,30,29,0,0,0,Tier 3: Mid-Market Tradable (1-10 Cr/day)
PGHH,P&G HYGIENE & HEALTH CARE,INE179A01014,EQ,NORMAL,False,False,PARTIAL,2476,2016-08-22,2026-08-21,10.0,8189.0,8016.0,4865,98988263.88,59565461.25,0.2104,0.0401,0.565,10.116,0.5556,0,0.0,0,0.0,19,19,0,0,0,Tier 3: Mid-Market Tradable (1-10 Cr/day)
SUNDRMFAST,SUNDRAM FASTENERS LTD,INE387A01021,EQ,NORMAL,False,False,PARTIAL,2476,2016-08-22,2026-08-21,10.0,1228.0,135600.8,78410,98872818.08,56643747.2,0.3097,0.1976,0.344,7.481,0.6257,0,0.0,0,0.0,19,19,0,0,0,Tier 3: Mid-Market Tradable (1-10 Cr/day)
DYCL,DYNAMIC CABLES LIMITED,INE600Y01019,EQ,NORMAL,False,False,PARTIAL,1009,2022-07-27,2026-08-21,4.07,458.8,305421.6,127456,98816967.48,34005840.0,0.5677,0.6334,1.188,8.618,0.5456,0,0.0,3,0.3,6,5,0,1,0,Tier 3: Mid-Market Tradable (1-10 Cr/day)
PRSMJOHNSN,PRISM JOHNSON LIMITED,INE010A01011,EQ,NORMAL,False,False,PARTIAL,2476,2016-08-22,2026-08-21,10.0,107.97,689770.4,251901,98781711.51,28384876.8,0.4243,0.0883,0.604,8.423,0.8147,0,0.0,0,0.0,4,2,0,0,0,Tier 3: Mid-Market Tradable (1-10 Cr/day)
ASHAPURMIN,ASHAPURA MINECHEM LTD,INE348A01023,EQ,NORMAL,False,False,PARTIAL,2476,2016-08-22,2026-08-21,10.0,590.25,323347.0,151276,98642061.54,17781411.75,0.5621,0.3791,0.543,5.62,0.8531,0,0.0,32,1.29,11,2,0,0,0,Tier 3: Mid-Market Tradable (1-10 Cr/day)
JLHL,JUPITER LIFE LINE HOSP L,INE682M01020,EQ,NORMAL,False,False,PARTIAL,726,2023-09-18,2026-08-21,2.92,309.75,388718.8,148675,98013081.69,40558540.0,0.2834,0.1668,-0.041,6.179,0.2935,0,0.0,0,0.0,4,3,1,0,0,Tier 3: Mid-Market Tradable (1-10 Cr/day)
TARC,TARC LIMITED,INE0EK901012,EQ,NORMAL,False,False,PARTIAL,1415,2018-03-05,2026-08-21,8.46,124.07,999781.8,604498,97952901.31,57351675.3,185.7497,78.839,37.523,1409.985,0.6107,0,0.0,13,0.92,2,0,0,0,0,Tier 3: Mid-Market Tradable (1-10 Cr/day)
ARFIN,ARFIN INDIA LIMITED,INE784R01023,EQ,NORMAL,False,False,PARTIAL,269,2025-07-22,2026-08-21,1.08,85.62,1188961.7,967460,97919901.23,68966872.52,0.4069,0.837,0.332,5.66,0.1789,0,0.0,0,0.0,1,1,0,0,0,Tier 3: Mid-Market Tradable (1-10 Cr/day)
JUNIPER,JUNIPER HOTELS LIMITED,INE696F01016,EQ,NORMAL,False,False,PARTIAL,615,2024-02-28,2026-08-21,2.48,210.08,282529.0,126963,97876380.35,37266540.3,0.3974,-0.1874,0.568,5.126,0.6364,0,0.0,0,0.0,1,0,0,0,0,Tier 3: Mid-Market Tradable (1-10 Cr/day)
RAMASTEEL,RAMA STEEL TUBES LIMITED,INE230R01035,BE,PCA,False,False,PARTIAL,2476,2016-08-22,2026-08-21,10.0,4.01,10981338.4,5049150,97286670.13,20750737.5,0.6117,0.2852,0.582,7.998,0.9474,0,0.0,184,7.43,12,1,1,2,0,Tier 3: Mid-Market Tradable (1-10 Cr/day)
VAIBHAVGBL,VAIBHAV GLOBAL LIMITED,INE884A01027,EQ,NORMAL,False,False,PARTIAL,2476,2016-08-22,2026-08-21,10.0,226.05,301379.2,143625,97119401.97,45953743.5,0.4204,0.2178,0.596,10.564,0.8241,0,0.0,0,0.0,33,30,1,0,0,Tier 3: Mid-Market Tradable (1-10 Cr/day)
DATAMATICS,DATAMATICS GLOBAL SER LTD,INE365B01017,EQ,NORMAL,False,False,PARTIAL,2476,2016-08-22,2026-08-21,10.0,819.25,279109.1,114660,97051200.4,35211777.9,0.5378,0.3895,1.061,8.258,0.8114,0,0.0,2,0.08,12,10,0,0,0,Tier 3: Mid-Market Tradable (1-10 Cr/day)
HARSHA,HARSHA ENGINEERS INT LTD,INE0JUS01029,EQ,NORMAL,False,False,PARTIAL,969,2022-09-26,2026-08-21,3.9,437.6,216752.7,79094,96982087.6,32928874.65,0.357,0.035,1.279,9.921,0.4758,0,0.0,0,0.0,5,4,0,0,0,Tier 3: Mid-Market Tradable (1-10 Cr/day)
PSUBNKBEES,NIP IND ETF PSU BANK BEES,INF204KB16I7,EQ,NORMAL,False,False,PARTIAL,2476,2016-08-22,2026-08-21,10.0,95.82,1485644.0,653064,96782625.87,18085795.91,0.3088,0.1519,0.18,7.634,0.7353,0,0.0,0,0.0,0,0,0,0,0,Tier 3: Mid-Market Tradable (1-10 Cr/day)
KRYSTAL,KRYSTAL INTEGRATED SER L,INE0QN801017,EQ,NORMAL,False,False,PARTIAL,599,2024-03-21,2026-08-21,2.42,657.95,131114.6,34613,96762187.01,21697452.0,0.4637,0.0706,1.648,13.871,0.5825,0,0.0,0,0.0,2,2,0,0,0,Tier 3: Mid-Market Tradable (1-10 Cr/day)
MANINFRA,MAN INFRA LTD,INE949H01023,EQ,NORMAL,False,False,PARTIAL,2476,2016-08-22,2026-08-21,10.0,108.67,1081903.2,548152,96596755.53,37835909.43,0.4597,0.2245,0.825,7.66,0.793,0,0.0,0,0.0,24,16,0,1,0,Tier 3: Mid-Market Tradable (1-10 Cr/day)
STYL,SESHAASAI TECHNOLOGIES L,INE04VU01023,EQ,NORMAL,False,False,PARTIAL,221,2025-09-30,2026-08-21,0.89,392.55,283690.1,133636,96249287.27,40540552.0,0.4533,0.0479,0.326,3.861,0.5035,0,0.0,0,0.0,1,1,0,0,0,Tier 3: Mid-Market Tradable (1-10 Cr/day)
CAMLINFINE,CAMLIN FINE SCIENCES LTD,INE052I01032,EQ,NORMAL,False,False,PARTIAL,2476,2016-08-22,2026-08-21,10.0,109.45,741801.8,386144,96156905.79,47034451.8,0.5246,0.1569,0.836,6.922,0.7678,0,0.0,7,0.28,9,0,0,0,1,Tier 3: Mid-Market Tradable (1-10 Cr/day)
ASAHIINDIA,ASAHI INDIA GLASS LIMITED,INE439A01020,EQ,NORMAL,False,True,PARTIAL,2476,2016-08-22,2026-08-21,10.0,965.75,162162.7,62230,95927891.89,28873924.8,0.3863,0.2384,0.663,8.064,0.6761,0,0.0,0,0.0,10,9,0,0,0,Tier 3: Mid-Market Tradable (1-10 Cr/day)
KAMOPAINTS,KAMDHENU VENTURES LIMITED,INE0BTI01037,EQ,NORMAL,False,False,PARTIAL,1098,2016-08-22,2026-08-21,10.0,4.45,2781465.4,545962,95860554.45,5313625.6,180.7896,86.7612,33.029,1092.952,0.9376,1,0.09,187,17.03,2,0,1,1,0,Tier 3: Mid-Market Tradable (1-10 Cr/day)
PREMEXPLN,PREMIER EXPLOSIVES LTD,INE863B01029,EQ,NORMAL,False,False,PARTIAL,2476,2016-08-22,2026-08-21,10.0,665.15,240996.3,73088,95061445.77,4491933.0,0.5299,0.3693,1.174,8.61,0.8903,0,0.0,17,0.69,11,7,1,0,0,Tier 3: Mid-Market Tradable (1-10 Cr/day)
CONFIPET,CONFIDENCE PETRO IND LTD.,INE552D01024,EQ,NORMAL,False,False,PARTIAL,1785,2019-06-13,2026-08-21,7.19,74.8,1337695.2,666852,94931480.82,41245439.0,0.5547,0.241,1.107,9.134,0.7486,0,0.0,0,0.0,8,6,0,0,0,Tier 3: Mid-Market Tradable (1-10 Cr/day)
SIKA,SIKA INTERPLANT SYSTEMS L,INE438E01032,EQ,NORMAL,False,False,PARTIAL,87,2026-04-20,2026-08-21,0.34,1002.7,82563.6,23212,94853316.76,23956634.8,0.574,0.2939,0.15,7.471,0.2376,0,0.0,0,0.0,1,1,0,0,0,Tier 3: Mid-Market Tradable (1-10 Cr/day)
CARRARO,CARRARO INDIA LIMITED,INE0V7W01012,EQ,NORMAL,False,False,PARTIAL,409,2024-12-30,2026-08-21,1.64,531.4,191672.8,93161,94806482.64,45885206.4,0.5301,0.0304,-0.135,12.302,0.6161,0,0.0,0,0.0,1,1,0,0,0,Tier 3: Mid-Market Tradable (1-10 Cr/day)
REFEX,REFEX INDUSTRIES LIMITED,INE056I01025,EQ,NORMAL,False,False,PARTIAL,2450,2016-08-22,2026-08-21,10.0,293.95,792557.4,356390,94638332.93,13678902.75,0.6224,0.6717,1.051,6.73,0.7566,0,0.0,116,4.73,14,6,1,0,1,Tier 3: Mid-Market Tradable (1-10 Cr/day)
UDS,UPDATER SERVICES LIMITED,INE851I01011,EQ,NORMAL,False,False,PARTIAL,716,2023-10-04,2026-08-21,2.88,215.67,324496.5,208776,94539049.56,53687249.2,0.4167,-0.011,0.677,5.834,0.7054,0,0.0,0,0.0,1,1,0,0,0,Tier 3: Mid-Market Tradable (1-10 Cr/day)
BUILDPRO,SHANKARA BUILDPRO LIMITED,INE24OJ01011,EQ,NORMAL,False,False,PARTIAL,152,2026-01-09,2026-08-21,0.61,1256.4,86774.1,48439,94398639.75,46838359.2,0.6069,0.9063,1.064,4.926,0.1956,0,0.0,0,0.0,1,1,0,0,0,Tier 3: Mid-Market Tradable (1-10 Cr/day)
RAMCOSYS,RAMCO SYSTEMS LTD.,INE246B01019,EQ,NORMAL,False,False,PARTIAL,2476,2016-08-22,2026-08-21,10.0,543.65,196858.3,62721,94279262.13,21061341.0,0.5301,0.1455,1.404,9.7,0.8786,0,0.0,10,0.4,3,0,0,0,0,Tier 3: Mid-Market Tradable (1-10 Cr/day)
ALLTIME,ALL TIME PLASTICS LIMITED,INE0GV601021,EQ,NORMAL,False,False,PARTIAL,252,2025-08-14,2026-08-21,1.02,203.02,335699.2,72898,94223805.98,17382978.36,0.4669,-0.2271,0.775,5.346,0.4287,0,0.0,0,0.0,0,0,0,0,0,Tier 3: Mid-Market Tradable (1-10 Cr/day)
REDTAPE,REDTAPE LIMITED,INE0LXT01019,EQ,NORMAL,False,False,PARTIAL,751,2023-08-11,2026-08-21,3.03,122.88,646276.0,360972,94041318.59,54554500.0,0.4101,0.0815,0.745,7.52,0.5462,0,0.0,0,0.0,4,3,0,1,0,Tier 3: Mid-Market Tradable (1-10 Cr/day)
SKFINDUS,SKF IND (INDUSTRIAL) LTD,INE2J8701016,EQ,NORMAL,False,False,PARTIAL,176,2025-12-05,2026-08-21,0.71,2758.3,36971.1,20822,93909401.69,51681379.9,0.3505,0.1063,0.766,4.28,0.2509,0,0.0,0,0.0,2,2,0,0,0,Tier 3: Mid-Market Tradable (1-10 Cr/day)
GMBREW,G M BREWERIES LTD,INE075D01018,EQ,NORMAL,False,False,PARTIAL,2476,2016-08-22,2026-08-21,10.0,887.25,131186.4,42894,93726437.51,20568396.3,0.4375,0.1743,1.692,13.912,0.7427,0,0.0,0,0.0,12,10,0,2,0,Tier 3: Mid-Market Tradable (1-10 Cr/day)
NELCO,NELCO LTD,INE045B01015,EQ,NORMAL,False,False,PARTIAL,2476,2016-08-22,2026-08-21,10.0,906.7,184293.9,80239,93503315.74,34535319.0,0.5029,0.3606,1.203,8.296,0.6625,0,0.0,10,0.4,10,8,0,0,0,Tier 3: Mid-Market Tradable (1-10 Cr/day)
SEIL,SHANTI EDU INITIATIVES L,INE440T01028,EQ,NORMAL,False,False,PARTIAL,87,2026-04-20,2026-08-21,0.34,205.84,450108.0,334598,93264546.75,71388847.32,0.4542,0.5228,1.022,5.132,0.173,0,0.0,0,0.0,0,0,0,0,0,Tier 3: Mid-Market Tradable (1-10 Cr/day)
UFLEX,UFLEX LIMITED,INE516A01017,EQ,NORMAL,False,False,PARTIAL,2476,2016-08-22,2026-08-21,10.0,614.6,207182.6,101208,93214908.59,41100871.25,0.399,0.1781,0.978,12.156,0.7526,0,0.0,0,0.0,10,10,0,0,0,Tier 3: Mid-Market Tradable (1-10 Cr/day)
DEEPINDS,DEEP INDUSTRIES LIMITED,INE0FHS01024,EQ,NORMAL,False,False,PARTIAL,1322,2021-04-27,2026-08-21,5.32,688.05,309542.6,177484,92998401.73,44736092.8,0.5258,0.8328,1.152,7.265,0.4596,0,0.0,9,0.68,11,6,1,0,0,Tier 3: Mid-Market Tradable (1-10 Cr/day)
GALLANTT,GALLANTT ISPAT LIMITED,INE297H01019,EQ,NORMAL,False,True,PARTIAL,2381,2016-08-22,2026-08-21,10.0,584.4,193925.5,37592,92994658.94,2918392.5,0.5287,0.4112,1.23,9.224,0.6876,0,0.0,12,0.5,10,4,0,0,0,Tier 3: Mid-Market Tradable (1-10 Cr/day)
GREENPANEL,GREENPANEL INDUSTRIES LTD,INE08ZM01014,EQ,NORMAL,False,False,PARTIAL,1698,2019-10-23,2026-08-21,6.83,160.97,306950.6,192002,92843694.74,56184975.0,0.435,0.2984,0.815,6.992,0.7355,0,0.0,12,0.71,8,5,0,0,0,Tier 3: Mid-Market Tradable (1-10 Cr/day)
MANINDS,MAN INDUSTRIES (I) LTD.,INE993A01026,EQ,NORMAL,False,False,PARTIAL,2476,2016-08-22,2026-08-21,10.0,715.4,422569.3,197812,92390730.37,25262213.1,0.5321,0.3973,0.921,7.725,0.8012,0,0.0,1,0.04,14,8,0,0,0,Tier 3: Mid-Market Tradable (1-10 Cr/day)
KOLTEPATIL,KOLTE PATIL DEV. LTD.,INE094I01018,EQ,NORMAL,False,False,PARTIAL,2476,2016-08-22,2026-08-21,10.0,468.55,301134.4,142159,92300357.28,40553600.2,0.4799,0.2517,1.186,9.959,0.7115,0,0.0,0,0.0,8,8,0,0,0,Tier 3: Mid-Market Tradable (1-10 Cr/day)
KITEX,KITEX GARMENTS LTD,INE602G01020,EQ,NORMAL,False,False,PARTIAL,2476,2016-08-22,2026-08-21,10.0,124.95,879765.1,367306,91867190.49,23805369.0,0.51,0.1404,0.766,10.667,0.8065,0,0.0,16,0.65,14,11,0,2,0,Tier 3: Mid-Market Tradable (1-10 Cr/day)
VINATIORGA,VINATI ORGANICS LTD,INE410B01037,EQ,NORMAL,False,False,PARTIAL,2476,2016-08-22,2026-08-21,10.0,1329.4,63987.3,36580,91839801.33,50039715.05,0.3257,0.2093,0.874,9.706,0.4839,0,0.0,0,0.0,12,10,1,0,0,Tier 3: Mid-Market Tradable (1-10 Cr/day)
CERA,CERA SANITARYWARE LTD,INE739E01017,EQ,NORMAL,False,False,PARTIAL,2476,2016-08-22,2026-08-21,10.0,5865.5,16685.1,9274,91811019.29,42210792.6,0.3177,0.1414,0.811,8.023,0.5658,0,0.0,0,0.0,11,10,0,0,0,Tier 3: Mid-Market Tradable (1-10 Cr/day)
ISGEC,ISGEC HEAVY ENG LTD,INE858B01029,EQ,NORMAL,False,False,PARTIAL,1316,2021-05-05,2026-08-21,5.3,755.1,106698.8,60610,91687839.67,48060708.0,0.4317,0.1451,0.683,8.452,0.5687,0,0.0,0,0.0,7,5,0,0,0,Tier 3: Mid-Market Tradable (1-10 Cr/day)
CARYSIL,CARYSIL LIMITED,INE482D01024,EQ,NORMAL,False,False,PARTIAL,1389,2021-01-14,2026-08-21,5.6,1155.4,123182.2,77317,91686674.39,56159383.0,0.4846,0.4345,1.038,7.045,0.5532,0,0.0,3,0.22,7,7,0,0,0,Tier 3: Mid-Market Tradable (1-10 Cr/day)
CEWATER,CONCORD ENVIRO SYSTEMS L,INE037Z01029,EQ,NORMAL,False,False,PARTIAL,410,2024-12-27,2026-08-21,1.65,260.0,168016.8,67176,91405789.26,26585709.3,0.5437,-0.5641,0.135,7.133,0.7083,0,0.0,0,0.0,0,0,0,0,0,Tier 3: Mid-Market Tradable (1-10 Cr/day)
QUICKHEAL,QUICK HEAL TECH LTD,INE306L01010,BE,NORMAL,False,False,PARTIAL,2476,2016-08-22,2026-08-21,10.0,142.87,344166.1,145857,91133561.52,33292627.25,0.491,0.0644,1.26,9.965,0.8453,0,0.0,0,0.0,12,8,0,0,0,Tier 3: Mid-Market Tradable (1-10 Cr/day)
JASH,JASH ENGINEERING LIMITED,INE039O01029,EQ,NORMAL,False,False,PARTIAL,2236,2016-08-22,2026-08-21,10.0,472.5,1267744.6,74905,90986979.06,9044684.0,0.5383,0.4262,-0.918,27.084,0.751,0,0.0,70,3.13,10,7,1,0,0,Tier 3: Mid-Market Tradable (1-10 Cr/day)
BANSALWIRE,BANSAL WIRE INDUSTRIES L,INE0B9K01025,EQ,NORMAL,False,False,PARTIAL,526,2024-07-10,2026-08-21,2.11,322.3,250308.4,94033,90800652.37,32941943.05,0.3794,0.0312,0.613,4.374,0.5393,0,0.0,0,0.0,0,0,0,0,0,Tier 3: Mid-Market Tradable (1-10 Cr/day)
JUNIORBEES,NIP IND ETF JUNIOR BEES,INF732E01045,EQ,NORMAL,False,False,PARTIAL,2476,2016-08-22,2026-08-21,10.0,800.27,155706.9,90464,90667154.77,35457757.86,0.1697,0.1419,-0.834,9.143,0.3868,0,0.0,0,0.0,0,0,0,0,0,Tier 3: Mid-Market Tradable (1-10 Cr/day)
KIRLFER,KIRLOSKAR FERROUS IND LTD,INE884B01025,EQ,NORMAL,False,False,PARTIAL,87,2026-04-20,2026-08-21,0.34,441.2,194984.1,67946,90263180.09,30195920.0,0.3104,0.1414,0.641,3.786,0.1363,0,0.0,0,0.0,9,8,0,0,0,Tier 3: Mid-Market Tradable (1-10 Cr/day)
SYMPHONY,SYMPHONY LIMITED,INE225D01027,EQ,NORMAL,False,False,PARTIAL,2476,2016-08-22,2026-08-21,10.0,612.5,78968.3,37826,90115886.38,39495850.7,0.3502,-0.0046,0.505,16.076,0.7197,0,0.0,0,0.0,37,33,0,1,0,Tier 3: Mid-Market Tradable (1-10 Cr/day)
BHARATSE,BHARAT SEATS LIMITED,INE415D01024,EQ,NORMAL,False,False,PARTIAL,350,2025-03-24,2026-08-21,1.41,228.19,442991.9,136889,90072295.64,22539219.82,0.5955,0.8902,1.294,7.599,0.4236,0,0.0,0,0.0,2,2,0,0,0,Tier 3: Mid-Market Tradable (1-10 Cr/day)
INNOVACAP,INNOVA CAPTAB LIMITED,INE0DUT01020,EQ,NORMAL,False,False,PARTIAL,657,2023-12-29,2026-08-21,2.64,1088.5,130330.9,53837,89635864.66,40653045.0,0.3957,0.3456,0.793,5.687,0.48,0,0.0,0,0.0,1,1,0,0,0,Tier 3: Mid-Market Tradable (1-10 Cr/day)
UNIPARTS,UNIPARTS INDIA LIMITED,INE244O01017,EQ,NORMAL,False,False,PARTIAL,917,2022-12-12,2026-08-21,3.69,815.3,164889.2,86394,88702879.62,43133013.0,0.3381,0.1701,0.698,8.846,0.5739,0,0.0,0,0.0,10,10,0,0,0,Tier 3: Mid-Market Tradable (1-10 Cr/day)
ALPEXSOLAR,ALPEX SOLAR LIMITED,INE0R4701017,SM,SME,False,False,PARTIAL,624,2024-02-15,2026-08-21,2.51,815.8,117164.9,76400,88601214.9,64516900.0,0.6114,0.5319,0.582,5.065,0.5255,0,0.0,12,1.92,0,0,0,0,0,Tier 3: Mid-Market Tradable (1-10 Cr/day)
SUVEN,SUVEN LIFE SCIENCES LTD,INE495B01038,EQ,NORMAL,False,False,PARTIAL,2476,2016-08-22,2026-08-21,10.0,373.15,615676.7,296832,87908555.44,35780062.5,0.5908,0.4014,-5.964,174.727,0.9502,0,0.0,60,2.42,13,3,0,0,1,Tier 3: Mid-Market Tradable (1-10 Cr/day)
GEMAROMA,GEM AROMATICS LIMITED,INE06XZ01023,EQ,NORMAL,False,False,PARTIAL,245,2025-08-26,2026-08-21,0.99,175.79,395821.9,173099,87442260.18,30772360.98,0.5219,-0.4821,1.198,7.815,0.578,0,0.0,0,0.0,0,0,0,0,0,Tier 3: Mid-Market Tradable (1-10 Cr/day)
MUTHOOTMF,MUTHOOT MICROFIN LIMITED,INE046W01019,EQ,NORMAL,False,False,PARTIAL,660,2023-12-26,2026-08-21,2.65,210.87,430333.3,213888,87437591.21,39497622.72,0.3896,-0.0142,0.929,7.718,0.5451,0,0.0,0,0.0,0,0,0,0,0,Tier 3: Mid-Market Tradable (1-10 Cr/day)
ASHIKAG,ASHIKA GLOBAL SEC LTD,INE094B01013,BE,NORMAL,False,False,PARTIAL,87,2026-04-20,2026-08-21,0.34,436.3,205232.0,133349,87268373.56,50348441.7,0.4166,0.471,1.83,11.127,0.1609,0,0.0,0,0.0,0,0,0,0,0,Tier 3: Mid-Market Tradable (1-10 Cr/day)
RPSGVENT,RPSG VENTURES LIMITED,INE425Y01011,EQ,NORMAL,False,False,PARTIAL,1867,2019-02-08,2026-08-21,7.53,866.25,114955.6,38021,87232173.84,20633231.1,0.4948,0.1942,1.24,9.624,0.8224,0,0.0,1,0.05,6,0,0,0,0,Tier 3: Mid-Market Tradable (1-10 Cr/day)
63MOONS,63 MOONS TECHNOLOGIES LTD,INE111B01023,EQ,NORMAL,False,False,PARTIAL,2476,2016-08-22,2026-08-21,10.0,795.5,288031.8,122968,86249823.23,21260956.5,0.5734,0.3961,1.2,7.623,0.7689,0,0.0,64,2.58,10,8,0,0,0,Tier 3: Mid-Market Tradable (1-10 Cr/day)
APOLLOPIPE,APOLLO PIPES LIMITED,INE126J01016,EQ,NORMAL,False,False,PARTIAL,1685,2019-11-11,2026-08-21,6.78,601.55,201251.5,70311,86218930.64,30161847.4,0.4362,0.3271,1.736,13.832,0.6736,0,0.0,0,0.0,8,5,0,1,0,Tier 3: Mid-Market Tradable (1-10 Cr/day)
STANLEY,STANLEY LIFESTYLES LTD,INE01A001028,EQ,NORMAL,False,False,PARTIAL,534,2024-06-28,2026-08-21,2.15,137.89,250922.7,94012,86216137.31,24394885.6,0.4169,-0.499,1.533,11.29,0.7963,0,0.0,0,0.0,0,0,0,0,0,Tier 3: Mid-Market Tradable (1-10 Cr/day)
STYLAMIND,STYLAM INDUSTRIES LIMITED,INE239C01020,EQ,NORMAL,False,False,PARTIAL,1255,2021-08-02,2026-08-21,5.05,3601.7,45399.5,27107,85609638.11,45777132.0,0.4139,0.2929,0.625,7.943,0.4356,0,0.0,0,0.0,5,1,0,0,0,Tier 3: Mid-Market Tradable (1-10 Cr/day)
LUMAXTECH,LUMAX AUTO TECH LTD,INE872H01027,EQ,NORMAL,False,False,PARTIAL,2476,2016-08-22,2026-08-21,10.0,1988.8,162911.0,84968,84660017.31,17844255.0,0.4817,0.4368,0.561,7.495,0.7708,0,0.0,0,0.0,12,11,1,0,0,Tier 3: Mid-Market Tradable (1-10 Cr/day)
JKIL,JKUMAR INFR.LTD.,INE576I01022,EQ,NORMAL,False,False,PARTIAL,2473,2016-08-22,2026-08-21,10.0,506.3,260115.7,147552,84644570.67,42618376.95,0.454,0.2256,0.136,9.493,0.8137,0,0.0,3,0.12,11,10,0,0,0,Tier 3: Mid-Market Tradable (1-10 Cr/day)
GOPAL,GOPAL SNACKS LIMITED,INE0L9R01028,EQ,NORMAL,False,False,PARTIAL,604,2024-03-14,2026-08-21,2.44,282.3,234340.4,129881,84589875.48,40097178.2,0.3642,-0.0388,0.37,5.228,0.5103,0,0.0,0,0.0,5,5,0,0,0,Tier 3: Mid-Market Tradable (1-10 Cr/day)
SEPC,SEPC LIMITED,INE964H01014,EQ,NORMAL,False,False,PARTIAL,2476,2016-08-22,2026-08-21,10.0,5.79,5626853.1,670989,84264169.07,6298616.8,0.6164,0.0524,1.146,7.711,0.9484,0,0.0,43,1.74,12,0,0,0,4,Tier 3: Mid-Market Tradable (1-10 Cr/day)
GVPIL,GE POWER INDIA LIMITED,INE878A01011,EQ,NORMAL,False,False,PARTIAL,2476,2016-08-22,2026-08-21,10.0,667.35,244798.6,73682,83927881.35,22525634.25,0.4724,0.1186,1.086,12.43,0.9017,0,0.0,5,0.2,9,6,0,0,0,Tier 3: Mid-Market Tradable (1-10 Cr/day)
INNOVISION,INNOVISION LIMITED,INE0ADB01012,EQ,NORMAL,False,False,PARTIAL,103,2026-03-23,2026-08-21,0.41,264.55,242500.0,28940,83862822.9,8950722.3,0.3426,-0.797,0.179,9.321,0.2977,0,0.0,0,0.0,0,0,0,0,0,Tier 3: Mid-Market Tradable (1-10 Cr/day)
WELENT,WELSPUN ENTERPRISES LTD.,INE625G01013,EQ,NORMAL,False,False,PARTIAL,2476,2016-08-22,2026-08-21,10.0,631.45,402933.9,228430,83840028.5,42695777.0,0.4672,0.3529,0.448,6.77,0.8247,1,0.04,2,0.08,14,11,0,0,0,Tier 3: Mid-Market Tradable (1-10 Cr/day)
GRINDWELL,GRINDWELL NORTON LIMITED,INE536A01023,EQ,NORMAL,False,False,PARTIAL,2476,2016-08-22,2026-08-21,10.0,2059.8,54838.2,27176,83699069.47,36479162.15,0.3148,0.235,0.839,9.475,0.5415,0,0.0,0,0.0,10,10,0,0,0,Tier 3: Mid-Market Tradable (1-10 Cr/day)
DODLA,DODLA DAIRY LIMITED,INE021O01019,EQ,NORMAL,False,False,PARTIAL,1279,2021-06-28,2026-08-21,5.15,1138.4,102006.8,34013,83667607.63,32302814.25,0.3612,0.1867,1.77,14.976,0.3528,0,0.0,0,0.0,7,3,0,0,0,Tier 3: Mid-Market Tradable (1-10 Cr/day)
HLEGLAS,HLE GLASCOAT LIMITED,INE461D01028,EQ,NORMAL,False,False,PARTIAL,1363,2021-02-22,2026-08-21,5.49,319.0,155510.5,64830,83511823.23,34143467.4,0.4847,0.0804,0.794,10.999,0.8468,0,0.0,1,0.07,6,5,1,0,0,Tier 3: Mid-Market Tradable (1-10 Cr/day)
ASTEC,ASTEC LIFESCIENCES LTD,INE563J01010,EQ,NORMAL,False,False,PARTIAL,2476,2016-08-22,2026-08-21,10.0,601.85,93935.3,22693,83341995.56,21515327.7,0.4629,0.1423,1.655,12.843,0.7681,0,0.0,0,0.0,9,7,0,0,1,Tier 3: Mid-Market Tradable (1-10 Cr/day)
SURAJEST,SURAJ ESTATE DEVELOPERS L,INE843S01025,EQ,NORMAL,False,False,PARTIAL,660,2023-12-26,2026-08-21,2.65,195.46,228150.0,118796,83130014.83,40428104.64,0.4931,-0.0847,0.487,8.609,0.7857,0,0.0,1,0.15,1,1,0,0,0,Tier 3: Mid-Market Tradable (1-10 Cr/day)
ORIENTELEC,ORIENT ELECTRIC LIMITED,INE142Z01019,EQ,NORMAL,False,False,PARTIAL,2051,2018-05-14,2026-08-21,8.27,185.08,361856.8,196527,83117264.4,43879102.32,0.3702,0.1017,1.155,11.151,0.6059,0,0.0,0,0.0,17,17,0,0,0,Tier 3: Mid-Market Tradable (1-10 Cr/day)
ROTO,ROTO PUMPS LIMITED,INE535D01037,EQ,NORMAL,False,False,PARTIAL,1139,2016-08-22,2026-08-21,10.0,65.58,1136711.8,399232,83092027.61,25810522.5,0.5033,0.0977,-3.836,83.569,0.6031,3,0.26,49,4.3,8,4,1,2,0,Tier 3: Mid-Market Tradable (1-10 Cr/day)
EVEREADY,EVEREADY INDS. IND.  LTD.,INE128A01029,EQ,NORMAL,False,False,PARTIAL,2476,2016-08-22,2026-08-21,10.0,348.95,307475.4,134784,82905393.02,36175356.0,0.4043,0.1091,0.69,8.811,0.9209,0,0.0,11,0.44,11,4,0,0,0,Tier 3: Mid-Market Tradable (1-10 Cr/day)
TRACXN,TRACXN TECHNOLOGIES LTD,INE0HMF01019,EQ,NORMAL,False,False,PARTIAL,952,2022-10-20,2026-08-21,3.84,28.05,949807.1,358141,82852822.65,26365806.0,0.4531,-0.217,0.902,7.946,0.7848,0,0.0,0,0.0,1,0,0,0,0,Tier 3: Mid-Market Tradable (1-10 Cr/day)
WSTCSTPAPR,WEST COAST PAPER MILLS LT,INE976A01021,EQ,NORMAL,False,False,PARTIAL,2476,2016-08-22,2026-08-21,10.0,637.25,214075.4,128457,82558662.44,41152936.5,0.4331,0.285,0.569,6.643,0.7345,0,0.0,0,0.0,10,10,0,0,0,Tier 3: Mid-Market Tradable (1-10 Cr/day)
SERVOTECH,SERVOTECH REN POW SYS LTD,INE782X01033,EQ,NORMAL,False,False,PARTIAL,1233,2021-09-02,2026-08-21,4.97,82.45,908442.3,543252,82478518.64,37255791.48,0.5566,0.8609,0.486,4.174,0.7081,0,0.0,61,4.95,10,5,2,0,0,Tier 3: Mid-Market Tradable (1-10 Cr/day)
CEINSYS,CEINSYS TECH LIMITED,INE016Q01014,EQ,NORMAL,False,False,PARTIAL,124,2026-02-19,2026-08-21,0.5,758.65,85961.0,56656,82361893.53,55834180.5,0.5429,-0.4447,1.297,6.478,0.391,0,0.0,0,0.0,0,0,0,0,0,Tier 3: Mid-Market Tradable (1-10 Cr/day)
KSB,KSB LIMITED,INE999A01023,EQ,NORMAL,False,False,PARTIAL,2476,2016-08-22,2026-08-21,10.0,801.85,174600.9,78985,81846229.38,24128245.5,0.344,0.2473,0.549,10.103,0.5678,0,0.0,0,0.0,11,10,1,0,0,Tier 3: Mid-Market Tradable (1-10 Cr/day)
ASIANTILES,ASIAN GRANITO IND. LTD.,INE022I01019,EQ,NORMAL,False,False,PARTIAL,2476,2016-08-22,2026-08-21,10.0,47.41,1035255.7,350962,81761004.97,35241460.3,0.4655,0.0014,0.491,8.32,0.9105,0,0.0,0,0.0,14,7,0,0,2,Tier 3: Mid-Market Tradable (1-10 Cr/day)
TEAMLEASE,TEAMLEASE SERVICES LTD.,INE985S01024,EQ,NORMAL,False,False,PARTIAL,2476,2016-08-22,2026-08-21,10.0,1245.2,32785.2,16967,81602812.01,41547497.95,0.3548,0.0791,0.455,8.594,0.7933,0,0.0,0,0.0,3,0,0,0,0,Tier 3: Mid-Market Tradable (1-10 Cr/day)
HATHWAY,HATHWAY CABLE & DATACOM,INE982F01036,EQ,NORMAL,False,False,PARTIAL,2476,2016-08-22,2026-08-21,10.0,10.68,3724995.4,1577529,81292481.18,28648723.56,0.5016,0.0151,1.566,12.018,0.8363,0,0.0,8,0.32,0,0,0,0,0,Tier 3: Mid-Market Tradable (1-10 Cr/day)
FERMENTA,FERMENTA BIOTECH LTD.,INE225B01021,EQ,NORMAL,False,False,PARTIAL,87,2026-04-20,2026-08-21,0.34,478.35,191166.8,69736,81181451.35,25431852.3,0.593,1.3666,0.563,5.943,0.1972,0,0.0,0,0.0,1,1,0,0,0,Tier 3: Mid-Market Tradable (1-10 Cr/day)
HERANBA,HERANBA INDUSTRIES LTD,INE694N01015,EQ,NORMAL,False,False,PARTIAL,1355,2021-03-05,2026-08-21,5.46,164.88,145593.6,62520,81157802.89,23380750.25,0.4082,-0.2138,0.494,10.696,0.8136,1,0.07,19,1.4,7,5,0,0,0,Tier 3: Mid-Market Tradable (1-10 Cr/day)
ICICIB22,ICICIPRAMC - BHARATIWIN,INF109KB15Y7,EQ,NORMAL,False,False,PARTIAL,2163,2017-11-28,2026-08-21,8.73,115.28,1701392.4,391156,81111959.13,22247077.35,0.1891,0.1495,-1.079,13.234,0.4442,0,0.0,0,0.0,0,0,0,0,0,Tier 3: Mid-Market Tradable (1-10 Cr/day)
SBILIQETF,SBIAMC - SBILIQETF,INF200KB1969,EQ,NORMAL,False,False,PARTIAL,251,2025-08-13,2026-08-21,1.02,1052.94,78514.1,19579,81083826.23,20310197.88,0.0074,0.051,-0.719,103.606,0.0049,0,0.0,7,2.79,0,0,0,0,0,Tier 3: Mid-Market Tradable (1-10 Cr/day)
PRIVISCL,PRIVI SPECIALITY CHE LTD,INE959A01019,EQ,NORMAL,False,False,PARTIAL,2476,2016-08-22,2026-08-21,10.0,3479.7,39303315.1,84526,80588900.85,20014000.0,1176.802,376.5449,49.689,2470.995,0.6667,0,0.0,907,36.63,15,10,0,0,0,Tier 3: Mid-Market Tradable (1-10 Cr/day)
HITECH,HI-TECH PIPES LIMITED,INE106T01025,EQ,NORMAL,False,False,PARTIAL,2056,2018-05-07,2026-08-21,8.29,81.37,842821.0,478525,80585743.79,28226747.0,0.5189,0.216,0.724,7.375,0.8456,0,0.0,2,0.1,10,7,1,0,0,Tier 3: Mid-Market Tradable (1-10 Cr/day)
WALCHANNAG,WALCHANDNAGAR INDUSTRIES,INE711A01022,EQ,NORMAL,False,False,PARTIAL,2466,2016-08-22,2026-08-21,10.0,227.09,476403.5,205182,80203295.98,22924228.8,0.5395,0.1828,0.791,5.403,0.9079,1,0.04,67,2.72,0,0,0,0,0,Tier 3: Mid-Market Tradable (1-10 Cr/day)
KENNAMET,KENNAMETAL INDIA LIMITED,INE717A01029,EQ,NORMAL,False,False,PARTIAL,87,2026-04-20,2026-08-21,0.34,4044.7,24311.5,9924,79884355.66,27979504.0,0.4655,1.5633,1.022,4.284,0.1233,0,0.0,0,0.0,9,4,0,0,0,Tier 3: Mid-Market Tradable (1-10 Cr/day)
FISCHER,FISCHER MEDICAL VENTURE L,INE771F01041,EQ,NORMAL,False,False,PARTIAL,277,2025-07-10,2026-08-21,1.11,38.14,1538720.7,1032896,79221098.52,46565804.24,1.0104,-1.3887,-9.713,136.377,0.9598,0,0.0,6,2.17,2,1,1,0,0,Tier 3: Mid-Market Tradable (1-10 Cr/day)
CHEMCON,CHEMCON SPECIAL CHEM LTD,INE03YM01018,BE,NORMAL,False,False,PARTIAL,1461,2020-10-01,2026-08-21,5.89,185.48,203768.4,66359,79069649.87,17890583.6,0.4011,-0.1187,0.923,11.065,0.7847,0,0.0,1,0.07,4,2,0,0,0,Tier 3: Mid-Market Tradable (1-10 Cr/day)
SANOFICONR,SANOFI CONS HEALTHC IND L,INE0UOS01011,EQ,NORMAL,False,False,PARTIAL,481,2024-09-13,2026-08-21,1.94,4222.1,16439.5,5194,78910460.93,24618780.9,0.2981,-0.0354,2.412,17.531,0.2978,0,0.0,1,0.21,2,2,0,0,0,Tier 3: Mid-Market Tradable (1-10 Cr/day)
TTKPRESTIG,TTK PRESTIGE LTD,INE690A01028,EQ,NORMAL,False,False,PARTIAL,2476,2016-08-22,2026-08-21,10.0,591.65,112607.6,46230,78860530.56,30570496.0,0.3207,0.0876,1.316,12.442,0.6344,0,0.0,0,0.0,17,13,1,1,0,Tier 3: Mid-Market Tradable (1-10 Cr/day)
KESORAMIND,KESORAM INDUSTRIES LTD,INE087A01019,BE,PCA,False,False,PARTIAL,2476,2016-08-22,2026-08-21,10.0,11.5,1048881.9,489608,78846503.56,30096215.0,0.5812,0.0965,-6.621,189.063,0.9871,1,0.04,114,4.6,9,0,0,0,1,Tier 3: Mid-Market Tradable (1-10 Cr/day)
SAFARI,SAFARI IND (INDIA) LTD,INE429E01023,EQ,NORMAL,False,False,PARTIAL,1724,2019-09-12,2026-08-21,6.94,1496.8,57125.0,30124,78829387.1,32701319.8,0.396,0.3226,0.612,10.067,0.5335,0,0.0,0,0.0,12,9,0,1,0,Tier 3: Mid-Market Tradable (1-10 Cr/day)
PSPPROJECT,PSP PROJECTS LIMITED,INE488V01015,EQ,NORMAL,False,False,PARTIAL,2288,2017-05-29,2026-08-21,9.23,911.95,125926.4,62063,78665357.57,37469653.2,0.3635,0.2333,0.369,9.479,0.5335,0,0.0,1,0.04,7,7,0,0,0,Tier 3: Mid-Market Tradable (1-10 Cr/day)
MUFIN,MUFIN GREEN FINANCE LTD,INE08KJ01020,EQ,NORMAL,False,False,PARTIAL,694,2023-11-06,2026-08-21,2.79,139.49,680709.7,267931,78637437.0,28565532.31,0.4821,0.1266,1.287,8.77,0.76,0,0.0,14,2.02,0,0,0,0,0,Tier 3: Mid-Market Tradable (1-10 Cr/day)
ADVANCE,ADVANCE AGROLIFE LIMITED,INE1B0W01010,EQ,NORMAL,False,False,PARTIAL,216,2025-10-08,2026-08-21,0.87,119.2,624266.9,300498,78288243.21,33770993.52,0.5311,0.2496,1.153,7.799,0.4243,0,0.0,0,0.0,0,0,0,0,0,Tier 3: Mid-Market Tradable (1-10 Cr/day)
FIEMIND,FIEM INDUSTRIES LIMITED,INE737H01014,EQ,NORMAL,False,False,PARTIAL,2476,2016-08-22,2026-08-21,10.0,2198.8,92353.5,47144,78250853.31,33747510.0,0.4225,0.234,1.088,10.468,0.8394,0,0.0,0,0.0,14,13,0,1,0,Tier 3: Mid-Market Tradable (1-10 Cr/day)
SHRIPISTON,SPR AUTO TECHNOLOGIES LTD,INE526E01018,EQ,NORMAL,False,False,PARTIAL,2403,2016-08-22,2026-08-21,10.0,4600.1,35940.1,1330,77856860.68,726820.8,0.4033,0.253,0.301,4.153,0.8337,0,0.0,48,2.0,21,17,0,1,0,Tier 3: Mid-Market Tradable (1-10 Cr/day)
IMFA,INDIAN METALS & FERRO,INE919H01018,EQ,NORMAL,False,False,PARTIAL,2476,2016-08-22,2026-08-21,10.0,1383.8,147882.3,86036,77707387.87,30638645.55,0.4952,0.4102,0.551,7.081,0.8722,0,0.0,5,0.2,21,19,0,1,0,Tier 3: Mid-Market Tradable (1-10 Cr/day)
GODAVARIB,GODAVARI BIOREFINERIES L,INE497S01012,EQ,NORMAL,False,False,PARTIAL,450,2024-10-30,2026-08-21,1.81,244.25,260993.1,107910,77257497.93,28243732.05,0.5473,-0.0453,1.326,8.613,0.6253,1,0.22,12,2.67,0,0,0,0,0,Tier 3: Mid-Market Tradable (1-10 Cr/day)
RISHABH,RISHABH INSTRUMENTS LTD,INE0N2P01017,EQ,NORMAL,False,False,PARTIAL,731,2023-09-11,2026-08-21,2.94,669.3,163905.6,69910,77210999.04,27780674.83,0.4898,0.2598,1.101,9.311,0.6686,0,0.0,1,0.14,1,1,0,0,0,Tier 3: Mid-Market Tradable (1-10 Cr/day)
FDC,FDC LIMITED,INE258B01022,EQ,NORMAL,False,False,PARTIAL,2476,2016-08-22,2026-08-21,10.0,348.6,218239.0,96904,77160272.26,32339465.2,0.3277,0.1153,0.759,7.17,0.5089,0,0.0,0,0.0,17,4,0,0,0,Tier 3: Mid-Market Tradable (1-10 Cr/day)
KRSNAA,KRSNAA DIAGNOSTICS LTD,INE08LI01020,EQ,NORMAL,False,False,PARTIAL,1245,2021-08-16,2026-08-21,5.01,561.65,111334.3,67870,77086354.11,43997160.0,0.3688,-0.0466,0.459,6.142,0.6349,0,0.0,0,0.0,6,4,0,0,0,Tier 3: Mid-Market Tradable (1-10 Cr/day)
SINDHUTRAD,SINDHU TRADE LINKS LTD,INE325D01025,EQ,NORMAL,False,False,PARTIAL,788,2023-06-20,2026-08-21,3.17,23.68,2718956.9,954650,76964426.05,21277637.92,0.623,0.1897,1.111,9.512,0.6819,0,0.0,0,0.0,2,0,0,0,0,Tier 3: Mid-Market Tradable (1-10 Cr/day)
PENIND,PENNAR INDUSTRIES LTD,INE932A01024,EQ,NORMAL,False,False,PARTIAL,2476,2016-08-22,2026-08-21,10.0,158.8,793057.7,419194,76914386.81,25607008.9,0.51,0.2591,0.73,7.167,0.8387,0,0.0,0,0.0,9,0,0,0,0,Tier 3: Mid-Market Tradable (1-10 Cr/day)
SANGHVIMOV,SANGHVI MOVERS LTD,INE989A01032,EQ,NORMAL,False,False,PARTIAL,2476,2016-08-22,2026-08-21,10.0,479.35,281920.0,156583,76608148.78,18935448.0,0.5256,0.2801,0.648,6.385,0.8343,0,0.0,2,0.08,12,6,1,0,0,Tier 3: Mid-Market Tradable (1-10 Cr/day)
SAKSOFT,SAKSOFT LIMITED,INE667G01023,EQ,NORMAL,False,False,PARTIAL,2476,2016-08-22,2026-08-21,10.0,163.52,655661.9,203813,76549483.61,18025758.75,0.5214,0.36,1.342,9.625,0.6824,0,0.0,0,0.0,21,18,1,1,0,Tier 3: Mid-Market Tradable (1-10 Cr/day)
GENESYS,GENESYS INTL CORPN LTD,INE727B01026,EQ,NORMAL,False,False,PARTIAL,2476,2016-08-22,2026-08-21,10.0,179.35,175181.0,45448,76439045.42,10594886.4,0.6105,0.2965,0.597,7.52,0.9407,0,0.0,31,1.25,10,4,0,0,1,Tier 3: Mid-Market Tradable (1-10 Cr/day)
MAHLOG,MAHINDRA LOGISTIC LIMITED,INE766P01016,EQ,NORMAL,False,False,PARTIAL,2175,2017-11-10,2026-08-21,8.78,401.15,172441.6,90118,76261257.62,37806801.75,0.3832,0.065,0.484,7.178,0.6968,0,0.0,0,0.0,10,9,0,0,1,Tier 3: Mid-Market Tradable (1-10 Cr/day)
DLINKINDIA,D-LINK INDIA LTD,INE250K01012,EQ,NORMAL,False,False,PARTIAL,2476,2016-08-22,2026-08-21,10.0,435.75,326577.6,141805,76212697.48,29741106.25,0.4896,0.2779,1.013,8.347,0.6438,0,0.0,0,0.0,13,13,0,0,0,Tier 3: Mid-Market Tradable (1-10 Cr/day)
GATEWAY,GATEWAY DISTRIPARKS LTD,INE079J01017,EQ,NORMAL,False,False,PARTIAL,1097,2022-03-22,2026-08-21,4.42,53.6,982237.7,680314,76092122.64,51106879.2,0.3118,-0.0206,0.411,4.79,0.5955,0,0.0,0,0.0,12,9,0,0,0,Tier 3: Mid-Market Tradable (1-10 Cr/day)
BESTAGRO,BEST AGROLIFE LIMITED,INE052T01021,EQ,NORMAL,False,False,PARTIAL,1188,2021-02-22,2026-08-21,5.49,18.24,1635250.6,694495,76075816.29,31854026.25,0.6055,0.0622,-0.326,20.015,0.8921,0,0.0,26,2.19,7,4,1,1,0,Tier 3: Mid-Market Tradable (1-10 Cr/day)
NIITMTS,NIIT LEARNING SYSTEMS LTD,INE342G01023,EQ,NORMAL,False,False,PARTIAL,754,2023-08-08,2026-08-21,3.04,228.8,205154.8,123671,75954104.58,48644448.78,0.3986,-0.0939,0.821,9.685,0.6348,0,0.0,0,0.0,4,4,0,0,0,Tier 3: Mid-Market Tradable (1-10 Cr/day)
DIFFNKG,DIFFUSION ENGINEERS LTD,INE184O01015,EQ,NORMAL,False,False,PARTIAL,467,2024-10-04,2026-08-21,1.88,401.45,222779.9,98400,75873643.13,30811336.0,0.5478,0.5153,0.963,8.011,0.5165,0,0.0,18,3.85,1,1,0,0,0,Tier 3: Mid-Market Tradable (1-10 Cr/day)
RUPA,RUPA & COMPANY LTD,INE895B01021,EQ,NORMAL,False,False,PARTIAL,2476,2016-08-22,2026-08-21,10.0,153.53,217032.7,89481,75840665.91,22514636.25,0.4323,0.0286,1.308,11.951,0.8064,0,0.0,0,0.0,9,9,0,0,0,Tier 3: Mid-Market Tradable (1-10 Cr/day)
SCODATUBES,SCODA TUBES LIMITED,INE090501011,EQ,NORMAL,False,False,PARTIAL,303,2025-06-04,2026-08-21,1.21,128.84,439199.6,219308,75661095.74,32739682.4,0.4826,0.0045,0.773,4.683,0.451,0,0.0,1,0.33,0,0,0,0,0,Tier 3: Mid-Market Tradable (1-10 Cr/day)
ATULAUTO,ATUL AUTO LIMITED,INE951D01028,EQ,NORMAL,False,False,PARTIAL,2476,2016-08-22,2026-08-21,10.0,483.05,183433.6,63605,75492304.75,20578297.95,0.427,0.104,1.27,11.247,0.7611,0,0.0,0,0.0,13,8,0,0,0,Tier 3: Mid-Market Tradable (1-10 Cr/day)
MAHLIFE,MAHINDRA LIFESPACE DEVLTD,INE813A01018,EQ,NORMAL,False,False,PARTIAL,2476,2016-08-22,2026-08-21,10.0,379.8,241410.7,137163,75254047.17,34878328.65,0.3515,0.16,0.767,8.809,0.7285,0,0.0,0,0.0,11,8,0,1,2,Tier 3: Mid-Market Tradable (1-10 Cr/day)
MID150BEES,NIP IND ETF MIDCAP 150,INF204KB1V68,EQ,NORMAL,False,False,PARTIAL,1868,2019-02-04,2026-08-21,7.54,242.3,444107.8,211426,74832984.03,24392219.44,0.2106,0.2106,-0.286,30.417,0.3843,0,0.0,8,0.43,0,0,0,0,0,Tier 3: Mid-Market Tradable (1-10 Cr/day)
FILATEX,FILATEX INDIA LTD,INE816B01035,EQ,NORMAL,False,False,PARTIAL,2476,2016-08-22,2026-08-21,10.0,83.06,1758827.2,854500,74831082.55,28307397.0,0.5205,0.3889,0.85,8.123,0.7395,0,0.0,1,0.04,18,5,2,0,0,Tier 3: Mid-Market Tradable (1-10 Cr/day)
KALPATARU,KALPATARU LIMITED,INE227J01012,EQ,NORMAL,False,False,PARTIAL,284,2025-07-01,2026-08-21,1.14,283.45,201298.5,54822,74701984.19,18129731.4,0.3761,-0.3073,1.009,6.619,0.402,0,0.0,0,0.0,0,0,0,0,0,Tier 3: Mid-Market Tradable (1-10 Cr/day)
VRLLOG,VRL LOGISTICS LIMITED,INE366I01010,EQ,NORMAL,False,False,PARTIAL,2476,2016-08-22,2026-08-21,10.0,288.75,187172.7,99437,74601576.13,37006083.4,0.3969,0.0824,-2.356,70.096,0.7112,0,0.0,0,0.0,13,11,0,1,0,Tier 3: Mid-Market Tradable (1-10 Cr/day)
GOODLUCK,GOODLUCK INDIA LIMITED,INE127I01024,EQ,NORMAL,False,False,PARTIAL,2476,2016-08-22,2026-08-21,10.0,490.9,443140.4,206199,74254205.34,16695856.0,0.503,0.3821,0.82,9.416,0.8344,0,0.0,4,0.16,18,11,0,1,0,Tier 3: Mid-Market Tradable (1-10 Cr/day)
BBL,BHARAT BIJLEE LTD,INE464A01036,EQ,NORMAL,False,False,PARTIAL,2476,2016-08-22,2026-08-21,10.0,2389.7,46693.7,25460,73801706.9,27145774.6,0.4249,0.2754,0.944,9.235,0.7418,0,0.0,1,0.04,13,9,1,0,0,Tier 3: Mid-Market Tradable (1-10 Cr/day)
PANACEABIO,PANACEA BIOTEC LTD,INE922B01023,EQ,NORMAL,False,False,PARTIAL,2476,2016-08-22,2026-08-21,10.0,411.1,280048.4,96253,73786537.5,18826687.1,0.568,0.3189,1.639,9.993,0.7552,0,0.0,10,0.4,10,0,0,0,0,Tier 3: Mid-Market Tradable (1-10 Cr/day)
SUNFLAG,SUNFLAG IRON AND STEEL CO,INE947A01014,EQ,NORMAL,False,False,PARTIAL,2476,2016-08-22,2026-08-21,10.0,353.85,584899.0,280338,73654683.81,31028868.85,0.526,0.3881,0.775,7.276,0.7711,0,0.0,0,0.0,10,3,0,0,0,Tier 3: Mid-Market Tradable (1-10 Cr/day)
JSWDULUX,JSW DULUX LIMITED,INE133A01011,EQ,NORMAL,False,True,PARTIAL,2476,2016-08-22,2026-08-21,10.0,3118.8,26439.0,10488,73589614.86,23928011.0,0.2671,0.1008,0.62,12.291,0.3992,0,0.0,0,0.0,17,16,0,0,0,Tier 3: Mid-Market Tradable (1-10 Cr/day)
SMALLCAP,MIRAEAMC - SMALLCAP,INF769K01LC3,EQ,NORMAL,False,False,PARTIAL,614,2024-02-29,2026-08-21,2.48,48.82,1640293.0,1235992,73542649.46,55626619.14,0.2032,0.0557,-0.472,4.482,0.3057,0,0.0,0,0.0,0,0,0,0,0,Tier 3: Mid-Market Tradable (1-10 Cr/day)
SPLPETRO,SUPREME PETROCHEM LIMITED,INE663A01033,EQ,NORMAL,False,True,PARTIAL,1055,2022-05-24,2026-08-21,4.24,697.8,115024.5,60027,73435892.68,33560198.8,0.4344,0.0625,-4.808,102.107,0.5964,0,0.0,2,0.19,10,9,1,0,0,Tier 3: Mid-Market Tradable (1-10 Cr/day)
MON100,MOTILAL OS NASDAQ100 ETF,INF247L01AP3,EQ,NORMAL,False,False,PARTIAL,2475,2016-08-22,2026-08-21,10.0,330.51,508476.9,362210,73234411.74,40750987.17,0.2283,0.2707,-0.435,8.476,0.3659,0,0.0,120,4.85,0,0,0,0,0,Tier 3: Mid-Market Tradable (1-10 Cr/day)
GUJTHEM,GUJARAT THEMIS BIOSYN LTD,INE942C01045,EQ,NORMAL,False,False,PARTIAL,367,2025-02-25,2026-08-21,1.48,381.2,200312.5,94765,72954610.02,33751531.8,0.5275,0.4449,0.933,5.997,0.5171,0,0.0,0,0.0,1,1,0,0,0,Tier 3: Mid-Market Tradable (1-10 Cr/day)
PGHL,PROCTER & GAMBLE HEALTH L,INE199A01012,EQ,NORMAL,False,False,PARTIAL,2476,2016-08-22,2026-08-21,10.0,5828.5,20345.5,10936,72927392.4,43431948.0,0.3243,0.2623,1.802,17.642,0.47,0,0.0,0,0.0,14,14,0,0,0,Tier 3: Mid-Market Tradable (1-10 Cr/day)
STLNETWORK,STL NETWORKS LIMITED,INE1VXE01018,EQ,NORMAL,False,False,PARTIAL,239,2025-09-04,2026-08-21,0.96,25.85,2779653.4,1257603,72815534.72,28294104.12,0.573,0.3407,1.629,10.684,0.5182,0,0.0,0,0.0,0,0,0,0,0,Tier 3: Mid-Market Tradable (1-10 Cr/day)
SFL,SHEELA FOAM LIMITED,INE916U01025,EQ,NORMAL,False,False,PARTIAL,2403,2016-12-09,2026-08-21,9.7,664.95,88709.0,33368,72652780.85,30726761.45,0.3099,0.074,1.176,10.615,0.7642,1,0.04,0,0.0,5,1,0,1,0,Tier 3: Mid-Market Tradable (1-10 Cr/day)
SILVERAXIS,AXISAMC-SILVERAXIS,INF846K011K1,EQ,NORMAL,False,False,PARTIAL,968,2022-09-27,2026-08-21,3.9,241.78,352397.1,43999,72365134.71,3820855.68,0.3488,0.4492,-1.136,16.124,0.4622,0,0.0,0,0.0,0,0,0,0,0,Tier 3: Mid-Market Tradable (1-10 Cr/day)
MONARCH,MONARCH NETWORTH CAP LTD,INE903D01011,EQ,NORMAL,False,False,PARTIAL,1147,2022-01-06,2026-08-21,4.62,385.45,282491.5,120455,72347533.49,32052096.0,0.4922,0.4698,0.298,6.873,0.5209,0,0.0,0,0.0,7,5,0,1,0,Tier 3: Mid-Market Tradable (1-10 Cr/day)
TRU,TRUCAP FINANCE LIMITED,INE615R01029,EQ,NORMAL,False,False,PARTIAL,1031,2022-05-10,2026-08-21,4.28,4.17,1286151.8,341549,72263498.51,12780561.6,0.5924,-0.5781,1.008,7.683,0.962,1,0.1,124,12.03,3,3,0,0,0,Tier 3: Mid-Market Tradable (1-10 Cr/day)
GAUDIUMIVF,GAUDIUM IVF N WOMEN H L,INE0P8B01020,BE,PCA,False,False,PARTIAL,118,2026-02-27,2026-08-21,0.48,111.41,721610.9,238205,72214742.95,25711160.84,0.6755,0.9311,0.379,4.624,0.2956,0,0.0,34,28.81,0,0,0,0,0,Tier 3: Mid-Market Tradable (1-10 Cr/day)
ELITECON,ELITECON INTERNATIONAL L,INE669R01026,EQ,NORMAL,False,False,PARTIAL,87,2026-04-20,2026-08-21,0.34,15.7,2922339.6,1626949,72187546.3,36789276.2,0.6168,-2.9235,1.985,11.014,0.6599,0,0.0,0,0.0,0,0,0,0,0,Tier 3: Mid-Market Tradable (1-10 Cr/day)
ALGOQUANT,ALGOQUANT FINTECH LIMITED,INE598D01035,EQ,NORMAL,False,False,PARTIAL,155,2026-01-06,2026-08-21,0.62,65.0,1208499.9,1065741,72027724.54,64422152.8,0.3381,-0.0446,0.269,4.97,0.2806,0,0.0,0,0.0,0,0,0,0,0,Tier 3: Mid-Market Tradable (1-10 Cr/day)
MASTERTR,MASTER TRUST LIMITED,INE677D01037,EQ,NORMAL,False,False,PARTIAL,440,2024-11-12,2026-08-21,1.77,84.99,658687.6,162120,71544781.05,17712592.38,0.5796,-0.2483,0.455,8.456,0.6989,0,0.0,0,0.0,0,0,0,0,0,Tier 3: Mid-Market Tradable (1-10 Cr/day)
STARCEMENT,STAR CEMENT LIMITED,INE460H01021,EQ,NORMAL,False,False,PARTIAL,2274,2017-06-16,2026-08-21,9.18,194.62,432976.8,176327,71374954.46,23463254.08,0.338,0.1009,1.013,7.866,0.5559,0,0.0,0,0.0,13,4,0,0,0,Tier 3: Mid-Market Tradable (1-10 Cr/day)
SDBL,SOM DIST & BREW LTD,INE480C01038,EQ,NORMAL,False,False,PARTIAL,2476,2016-08-22,2026-08-21,10.0,73.74,940904.9,492918,71082002.67,21268422.0,0.5112,0.214,0.86,7.824,0.8512,0,0.0,9,0.36,15,5,2,0,2,Tier 3: Mid-Market Tradable (1-10 Cr/day)
HIMATSEIDE,HIMATSINGKA SEIDE LTD,INE049A01027,EQ,NORMAL,False,False,PARTIAL,2476,2016-08-22,2026-08-21,10.0,72.12,470900.1,234471,70933597.89,35718059.4,0.4856,-0.0147,0.585,6.993,0.8905,0,0.0,0,0.0,9,9,0,0,0,Tier 3: Mid-Market Tradable (1-10 Cr/day)
MOGOLD,MOTILALAMC - MOGOLD,INF247L01FY4,EQ,NORMAL,False,False,PARTIAL,262,2025-07-31,2026-08-21,1.06,157.05,544482.1,100080,70845893.65,13783535.7,0.3019,0.4969,-0.302,7.719,0.2326,0,0.0,0,0.0,0,0,0,0,0,Tier 3: Mid-Market Tradable (1-10 Cr/day)
BBOX,BLACK BOX LIMITED,INE676A01027,EQ,NORMAL,False,False,PARTIAL,2476,2016-08-22,2026-08-21,10.0,775.65,175329.4,43905,70743357.58,4316598.75,0.5459,0.5458,1.33,8.534,0.7496,1,0.04,23,0.93,13,1,1,0,0,Tier 3: Mid-Market Tradable (1-10 Cr/day)
TIPSMUSIC,TIPS MUSIC LIMITED,INE716B01029,EQ,NORMAL,False,False,PARTIAL,2474,2016-08-22,2026-08-21,10.0,650.95,244048.0,106750,70740459.13,9441838.5,0.5109,0.6019,1.243,9.78,0.6515,0,0.0,18,0.73,23,17,1,0,0,Tier 3: Mid-Market Tradable (1-10 Cr/day)
NIFTYIETF,ICICI PRUD NIFTY ETF,INF109K012R6,EQ,NORMAL,False,False,PARTIAL,2476,2016-08-22,2026-08-21,10.0,275.34,329071.3,149754,70697601.15,26565633.2,0.1536,0.1284,-1.139,24.154,0.373,0,0.0,0,0.0,0,0,0,0,0,Tier 3: Mid-Market Tradable (1-10 Cr/day)
EKC,EVEREST KANTO CYLINDERLTD,INE184H01027,EQ,NORMAL,False,False,PARTIAL,2476,2016-08-22,2026-08-21,10.0,111.38,648499.9,296195,70643396.78,27119904.9,0.5672,0.332,0.882,7.003,0.8667,0,0.0,31,1.25,10,5,0,0,0,Tier 3: Mid-Market Tradable (1-10 Cr/day)
RATNAMANI,RATNAMANI MET & TUB LTD.,INE703B01027,EQ,NORMAL,False,False,PARTIAL,2476,2016-08-22,2026-08-21,10.0,2354.4,39587.6,18467,70438138.28,30020364.0,0.3175,0.2386,1.409,15.175,0.4957,0,0.0,0,0.0,12,10,0,1,0,Tier 3: Mid-Market Tradable (1-10 Cr/day)
ONMOBILE,ONMOBILE GLOBAL LTD.,INE809I01019,BE,PCA,False,False,PARTIAL,2476,2016-08-22,2026-08-21,10.0,56.99,746279.0,360465,70397101.5,24500524.95,0.5478,0.0823,1.072,8.345,0.8865,0,0.0,17,0.69,9,7,0,0,0,Tier 3: Mid-Market Tradable (1-10 Cr/day)
GANECOS,GANESHA ECOSPHERE LIMITED,INE845D01014,EQ,NORMAL,False,False,PARTIAL,2476,2016-08-22,2026-08-21,10.0,1082.1,73202.2,28134,70171350.7,17407552.05,0.4205,0.2539,0.619,9.391,0.7208,0,0.0,0,0.0,11,11,0,0,0,Tier 3: Mid-Market Tradable (1-10 Cr/day)
ORISSAMINE,ORISSA MIN DEV CO LTD,INE725E01024,EQ,NORMAL,False,False,PARTIAL,2476,2016-08-22,2026-08-21,10.0,4617.5,18715.2,8376,69978369.7,22921505.1,0.5107,0.2018,1.98,13.234,0.7883,0,0.0,8,0.32,10,2,0,0,0,Tier 3: Mid-Market Tradable (1-10 Cr/day)
JINDALPOLY,JINDAL POLY FILMS LIMITED,INE197D01010,EQ,NORMAL,False,False,PARTIAL,2476,2016-08-22,2026-08-21,10.0,637.6,108036.6,44902,69966015.32,22819696.35,0.4617,0.1458,1.275,10.331,0.7213,0,0.0,3,0.12,11,10,0,0,0,Tier 3: Mid-Market Tradable (1-10 Cr/day)
GTLINFRA,GTL INFRA.LTD,INE221H01019,EQ,NORMAL,False,False,PARTIAL,2476,2016-08-22,2026-08-21,10.0,1.23,38467097.1,13116571,69544632.45,21768267.4,0.7398,0.2107,0.602,6.439,0.9742,0,0.0,201,8.12,0,0,0,0,0,Tier 3: Mid-Market Tradable (1-10 Cr/day)
FEDDERSHOL,FEDDERS HOLDING LTD.,INE417D01020,EQ,NORMAL,False,False,PARTIAL,87,2026-04-20,2026-08-21,0.34,40.26,1606671.1,498381,69479216.52,19276666.06,0.4382,0.4014,0.603,4.447,0.2306,0,0.0,0,0.0,0,0,0,0,0,Tier 3: Mid-Market Tradable (1-10 Cr/day)
ABAN,ABAN OFFSHORE LTD.,INE421A01028,BE,NORMAL,False,False,PARTIAL,2426,2016-08-22,2026-08-21,10.0,16.71,447604.6,128294,69267850.27,5662980.75,0.5097,-0.1427,1.216,8.578,0.953,1,0.04,70,2.89,4,0,0,0,0,Tier 3: Mid-Market Tradable (1-10 Cr/day)
BALMLAWRIE,BALMER LAWRIE & CO LTD,INE164A01016,EQ,NORMAL,False,False,PARTIAL,2476,2016-08-22,2026-08-21,10.0,174.64,392905.6,166264,69127159.11,23738232.0,0.346,0.1019,0.782,12.642,0.6359,0,0.0,0,0.0,13,11,0,2,0,Tier 3: Mid-Market Tradable (1-10 Cr/day)
KELLTONTEC,KELLTON TECH SOL LTD,INE164B01030,EQ,NORMAL,False,False,PARTIAL,2451,2016-08-22,2026-08-21,10.0,13.56,3714712.1,1659630,69109820.37,20599758.1,0.6686,0.2074,4.883,124.969,0.9425,1,0.04,33,1.35,5,1,1,1,0,Tier 3: Mid-Market Tradable (1-10 Cr/day)
AEROENTER,AEROFLEX ENTERPRISES LTD,INE065D01027,EQ,NORMAL,False,False,PARTIAL,932,2022-11-21,2026-08-21,3.75,140.07,641319.2,381037,68981577.82,37583968.8,0.5129,0.3602,0.895,6.048,0.561,0,0.0,0,0.0,7,5,0,0,0,Tier 3: Mid-Market Tradable (1-10 Cr/day)
NAVKARCORP,NAVKAR CORPORATION LTD.,INE278M01019,EQ,NORMAL,False,False,PARTIAL,2476,2016-08-22,2026-08-21,10.0,97.04,845113.9,374243,68875729.24,24168593.75,0.5627,0.0811,1.015,8.05,0.9386,0,0.0,3,0.12,9,0,0,0,0,Tier 3: Mid-Market Tradable (1-10 Cr/day)
GALAPREC,GALA PRECISION ENG LTD,INE0RE001014,EQ,NORMAL,False,False,PARTIAL,485,2024-09-09,2026-08-21,1.95,1089.3,69330.5,31398,68867198.98,28264374.25,0.5486,0.3349,1.511,9.132,0.5003,0,0.0,0,0.0,0,0,0,0,0,Tier 3: Mid-Market Tradable (1-10 Cr/day)
ESAFSFB,ESAF SMALL FINANCE BANK L,INE818W01011,BE,NORMAL,False,False,PARTIAL,690,2023-11-10,2026-08-21,2.78,43.94,1372797.2,673476,68512660.08,24423390.0,0.3883,-0.0908,0.898,11.919,0.7475,0,0.0,0,0.0,2,1,0,0,0,Tier 3: Mid-Market Tradable (1-10 Cr/day)
MAXESTATES,MAX ESTATES LIMITED,INE03EI01018,EQ,NORMAL,False,False,PARTIAL,699,2023-10-30,2026-08-21,2.81,494.85,152925.6,101752,68126188.62,42816140.8,0.4496,0.3011,0.874,6.629,0.5488,0,0.0,1,0.14,1,0,0,0,0,Tier 3: Mid-Market Tradable (1-10 Cr/day)
IFBIND,IFB INDUSTRIES LTD,INE559A01017,EQ,NORMAL,False,False,PARTIAL,2476,2016-08-22,2026-08-21,10.0,1393.2,61671.6,26670,68050522.32,26117935.6,0.4741,0.2407,0.771,8.715,0.8417,0,0.0,0,0.0,8,0,0,0,0,Tier 3: Mid-Market Tradable (1-10 Cr/day)
FLAIR,FLAIR WRITING INDUST LTD,INE00Y201027,EQ,NORMAL,False,False,PARTIAL,676,2023-12-01,2026-08-21,2.72,248.8,208899.6,100265,67915429.05,29116254.6,0.3713,-0.1532,0.23,5.529,0.5623,0,0.0,0,0.0,4,3,0,0,0,Tier 3: Mid-Market Tradable (1-10 Cr/day)
BOROLTD,BOROSIL LIMITED,INE02PY01013,EQ,NORMAL,False,False,PARTIAL,1512,2020-07-22,2026-08-21,6.08,254.18,307562.3,146297,67740628.55,32187859.2,0.4966,0.253,4.995,81.824,0.5692,0,0.0,6,0.4,3,1,0,0,0,Tier 3: Mid-Market Tradable (1-10 Cr/day)
SHK,S H KELKAR AND CO. LTD.,INE500L01026,EQ,NORMAL,False,False,PARTIAL,2476,2016-08-22,2026-08-21,10.0,157.47,412509.4,185097,67740292.7,30139259.5,0.4382,0.0296,1.004,9.119,0.8577,0,0.0,0,0.0,14,10,0,0,0,Tier 3: Mid-Market Tradable (1-10 Cr/day)
AFSL,ABANS FINANCIAL SRVCS LTD,INE00ZE01026,EQ,NORMAL,False,False,PARTIAL,908,2022-12-23,2026-08-21,3.66,201.34,200750.0,66391,67625980.93,17477544.96,0.416,0.0636,0.451,16.015,0.7175,0,0.0,5,0.55,2,0,0,0,0,Tier 3: Mid-Market Tradable (1-10 Cr/day)
MICEL,MIC ELECTRONICS LTD,INE287C01037,BE,NORMAL,False,False,PARTIAL,1087,2021-12-20,2026-08-21,4.67,36.24,1143506.7,353521,67594860.47,17944820.8,0.5621,0.3625,0.684,4.11,0.7259,0,0.0,91,8.37,3,0,0,0,0,Tier 3: Mid-Market Tradable (1-10 Cr/day)
BCLIND,BCL INDUSTRIES LIMITED,INE412G01024,EQ,NORMAL,False,False,PARTIAL,1355,2021-03-04,2026-08-21,5.46,36.5,1515814.0,806508,67545729.75,31390922.0,0.5049,0.3192,1.043,8.141,0.6912,0,0.0,3,0.22,7,6,1,0,0,Tier 3: Mid-Market Tradable (1-10 Cr/day)
ANUP,THE ANUP ENGINEERING LTD,INE294Z01018,EQ,NORMAL,False,False,PARTIAL,1852,2019-03-01,2026-08-21,7.47,1808.9,61973.4,34650,67350842.38,28616091.0,0.4763,0.3896,0.534,7.225,0.6357,0,0.0,7,0.38,9,8,0,1,0,Tier 3: Mid-Market Tradable (1-10 Cr/day)
OPTIEMUS,OPTIEMUS INFRACOM LTD,INE350C01017,EQ,NORMAL,False,False,PARTIAL,2237,2017-08-08,2026-08-21,9.03,540.2,181052.2,100672,67294996.3,26383156.8,0.5849,0.4225,0.549,5.271,0.9533,0,0.0,125,5.59,9,1,0,0,0,Tier 3: Mid-Market Tradable (1-10 Cr/day)
PIXTRANS,PIX TRANSMISSIONS LIMITED,INE751B01018,EQ,NORMAL,False,False,PARTIAL,1178,2016-09-06,2026-08-21,9.95,1809.1,42199.3,15304,67198946.1,18849512.0,0.4421,0.2296,0.796,12.858,0.5336,8,0.68,54,4.58,6,5,0,0,0,Tier 3: Mid-Market Tradable (1-10 Cr/day)
SURYODAY,SURYODAY SMALL FIN BK LTD,INE428Q01011,EQ,NORMAL,False,False,PARTIAL,1757,2016-08-22,2026-08-21,10.0,158.84,419492.6,177880,67148504.21,24502323.0,6.5649,2.384,41.45,1730.636,0.7929,0,0.0,40,2.28,5,1,0,0,0,Tier 3: Mid-Market Tradable (1-10 Cr/day)
HPL,HPL ELECTRIC & POWER LTD,INE495S01016,EQ,NORMAL,False,False,PARTIAL,2447,2016-10-04,2026-08-21,9.88,317.45,293859.1,135716,67132259.53,16706772.5,0.5265,0.189,0.963,8.629,0.9008,0,0.0,3,0.12,9,9,0,0,0,Tier 3: Mid-Market Tradable (1-10 Cr/day)
VERANDA,VERANDA LEARNING SOL LTD,INE0IQ001011,EQ,NORMAL,False,False,PARTIAL,1083,2022-04-11,2026-08-21,4.36,259.25,282623.7,153038,66983688.94,36451724.64,0.5674,0.3148,1.331,7.821,0.6433,0,0.0,10,0.92,0,0,0,0,0,Tier 3: Mid-Market Tradable (1-10 Cr/day)
PHARMABEES,NIPPONAMC - NETFPHARMA,INF204KC1089,EQ,NORMAL,False,False,PARTIAL,1272,2021-07-07,2026-08-21,5.12,27.08,3212791.3,2485593,66452352.11,50022682.8,0.149,0.1351,0.047,4.095,0.211,0,0.0,0,0.0,0,0,0,0,0,Tier 3: Mid-Market Tradable (1-10 Cr/day)
GALAXYSURF,GALAXY SURFACTANTS LTD,INE600K01018,EQ,NORMAL,False,False,PARTIAL,2113,2018-02-08,2026-08-21,8.53,2333.0,29865.6,14713,66419312.27,34100102.4,0.309,0.0847,1.3,12.11,0.5691,0,0.0,0,0.0,13,13,0,0,0,Tier 3: Mid-Market Tradable (1-10 Cr/day)
SHOPERSTOP,SHOPPERS STOP LIMITED,INE498B01024,EQ,NORMAL,False,False,PARTIAL,2476,2016-08-22,2026-08-21,10.0,421.3,157045.4,59421,65958054.53,25446272.8,0.3939,0.0938,1.395,13.68,0.7991,0,0.0,0,0.0,8,3,0,0,1,Tier 3: Mid-Market Tradable (1-10 Cr/day)
WELSPLSOL,WELSPUN SPECIALTY SOL L,INE731F01037,EQ,NORMAL,False,False,PARTIAL,87,2026-04-20,2026-08-21,0.34,51.38,1259573.5,420664,65758244.11,20017499.97,0.4997,1.0816,0.558,4.265,0.2113,0,0.0,0,0.0,0,0,0,0,0,Tier 3: Mid-Market Tradable (1-10 Cr/day)
GICHSGFIN,GIC HOUSING FINANCE LTD,INE289B01019,EQ,NORMAL,False,False,PARTIAL,2476,2016-08-22,2026-08-21,10.0,137.68,342626.0,145512,65637696.3,30067287.55,0.4109,0.0062,0.939,10.007,0.9116,0,0.0,0,0.0,10,10,0,0,0,Tier 3: Mid-Market Tradable (1-10 Cr/day)
MVGJL,MANOJ VAIBHAV GEM N JEW L,INE0KNT01012,EQ,NORMAL,False,False,PARTIAL,717,2023-10-03,2026-08-21,2.88,149.6,259284.6,112147,65533153.78,26128357.41,0.5018,-0.0046,0.896,8.218,0.6473,0,0.0,0,0.0,0,0,0,0,0,Tier 3: Mid-Market Tradable (1-10 Cr/day)
ALEMBICLTD,ALEMBIC LIMITED,INE426A01027,EQ,NORMAL,False,False,PARTIAL,2476,2016-08-22,2026-08-21,10.0,92.73,745905.3,319282,65489270.04,22705046.3,0.4343,0.1861,0.72,10.609,0.585,0,0.0,0,0.0,12,10,0,0,0,Tier 3: Mid-Market Tradable (1-10 Cr/day)
COSMOFIRST,COSMO FIRST LIMITED,INE757A01017,EQ,NORMAL,False,False,PARTIAL,2476,2016-08-22,2026-08-21,10.0,922.95,111394.0,63293,65429497.78,30662128.75,0.4434,0.2444,0.819,7.891,0.6642,0,0.0,0,0.0,17,11,0,1,0,Tier 3: Mid-Market Tradable (1-10 Cr/day)
SALASAR,SALASAR TECHNO ENGG. LTD.,INE170V01027,EQ,NORMAL,False,False,PARTIAL,2248,2017-07-25,2026-08-21,9.07,5.94,7475760.2,4166900,64933887.29,22058256.0,0.5432,0.2378,0.829,7.896,0.8339,0,0.0,21,0.93,13,9,1,2,0,Tier 3: Mid-Market Tradable (1-10 Cr/day)
SPIC,SPIC LTD,INE147A01011,EQ,NORMAL,False,False,PARTIAL,2476,2016-08-22,2026-08-21,10.0,68.16,985455.9,495027,64744064.15,26570894.84,0.5116,0.2448,1.037,8.342,0.8127,0,0.0,0,0.0,10,3,0,0,0,Tier 3: Mid-Market Tradable (1-10 Cr/day)
JINDWORLD,JINDAL WORLDWIDE LTD,INE247D01039,EQ,NORMAL,False,False,PARTIAL,2474,2016-08-22,2026-08-21,10.0,35.33,1783466.8,779705,64725028.74,16185243.75,0.5563,0.4007,1.68,11.174,0.8526,0,0.0,9,0.36,14,9,2,1,0,Tier 3: Mid-Market Tradable (1-10 Cr/day)
GOACARBON,GOA CARBON LIMITED,INE426D01013,EQ,NORMAL,False,False,PARTIAL,2476,2016-08-22,2026-08-21,10.0,350.7,133571.4,43671,64599131.26,17675013.6,0.5514,0.2886,1.231,8.872,0.9068,0,0.0,31,1.25,11,8,0,0,0,Tier 3: Mid-Market Tradable (1-10 Cr/day)
RACLGEAR,RACL GEARTECH LIMITED,INE704B01017,EQ,NORMAL,False,False,PARTIAL,431,2024-11-27,2026-08-21,1.73,1512.0,52851.5,13217,64487679.88,13656531.2,0.5404,0.481,1.261,7.18,0.2786,0,0.0,0,0.0,1,1,0,0,0,Tier 3: Mid-Market Tradable (1-10 Cr/day)
TBZ,TRIB BHIMJI ZAVERI LTD,INE760L01018,EQ,NORMAL,False,False,PARTIAL,2476,2016-08-22,2026-08-21,10.0,279.5,464081.4,183870,64458686.99,17800781.28,0.5248,0.2772,0.92,8.178,0.886,0,0.0,2,0.08,11,8,0,0,0,Tier 3: Mid-Market Tradable (1-10 Cr/day)
MAITHANALL,MAITHAN ALLOYS LTD,INE683C01011,EQ,NORMAL,False,False,PARTIAL,2476,2016-08-22,2026-08-21,10.0,977.1,73200.3,39661,64432529.59,31593589.5,0.456,0.2244,1.064,9.025,0.6907,0,0.0,0,0.0,12,12,0,0,0,Tier 3: Mid-Market Tradable (1-10 Cr/day)
RAJOOENG,RAJOO ENGINEERS LIMITED,INE535F01024,BE,NORMAL,False,False,PARTIAL,307,2025-05-29,2026-08-21,1.23,50.36,801687.3,491837,64405094.84,36205681.07,0.4841,-0.6807,0.346,6.906,0.6743,0,0.0,3,0.98,1,1,0,0,0,Tier 3: Mid-Market Tradable (1-10 Cr/day)
SUPRAJIT,SUPRAJIT ENGINEERING LTD,INE399C01030,EQ,NORMAL,False,False,PARTIAL,2476,2016-08-22,2026-08-21,10.0,505.4,185466.4,92354,64157202.08,29528128.3,0.3693,0.1645,0.67,7.443,0.6792,0,0.0,0,0.0,23,20,0,0,0,Tier 3: Mid-Market Tradable (1-10 Cr/day)
ORCHPHARMA,ORCHID PHARMA LIMITED,INE191A01027,EQ,NORMAL,False,False,PARTIAL,1439,2020-11-03,2026-08-21,5.8,1002.05,71110.2,25144,63861205.42,15561724.75,0.4875,0.823,0.416,5.169,0.8935,0,0.0,134,9.31,6,0,0,0,0,Tier 3: Mid-Market Tradable (1-10 Cr/day)
MIRZAINT,MIRZA INTERNATIONAL LIMIT,INE771A01026,EQ,NORMAL,False,False,PARTIAL,2476,2016-08-22,2026-08-21,10.0,31.3,945118.2,394056,63814892.94,17989342.4,0.5684,0.1496,-3.046,90.18,0.8845,0,0.0,10,0.4,6,5,0,0,0,Tier 3: Mid-Market Tradable (1-10 Cr/day)
RADHIKAJWE,RADHIKA JEWELTECH LIMITED,INE583V01021,EQ,NORMAL,False,False,PARTIAL,1016,2022-07-18,2026-08-21,4.09,67.56,884312.2,324064,63693024.11,21672761.25,0.5579,0.3341,1.409,8.086,0.6641,0,0.0,2,0.2,5,2,1,0,0,Tier 3: Mid-Market Tradable (1-10 Cr/day)
LIQGRWBEES,NIPPONAMC - LIQGRWBEES,INF204KC1FU1,EQ,NORMAL,False,False,PARTIAL,266,2025-07-25,2026-08-21,1.07,1052.73,61572.2,46849,63500339.89,47489425.83,0.0019,0.0478,1.212,3.182,0.0,0,0.0,0,0.0,0,0,0,0,0,Tier 3: Mid-Market Tradable (1-10 Cr/day)
UGROCAP,UGRO CAPITAL LIMITED,INE583D01011,EQ,NORMAL,False,False,PARTIAL,1248,2021-08-11,2026-08-21,5.03,88.74,330012.3,187307,63413443.61,37948924.65,0.4141,0.0335,0.556,6.712,0.7423,0,0.0,0,0.0,5,0,0,0,1,Tier 3: Mid-Market Tradable (1-10 Cr/day)
SNOWMAN,SNOWMAN LOGISTICS LTD.,INE734N01019,EQ,NORMAL,False,False,PARTIAL,2476,2016-08-22,2026-08-21,10.0,37.84,1127852.7,491991,63361800.86,21762504.0,0.4609,0.0416,0.844,8.626,0.6607,0,0.0,0,0.0,13,4,0,0,0,Tier 3: Mid-Market Tradable (1-10 Cr/day)
LMW,LMW LIMITED,INE269B01029,EQ,NORMAL,False,False,PARTIAL,2476,2016-08-22,2026-08-21,10.0,19849.0,7353.3,4500,63266070.57,38519309.85,0.3217,0.2185,0.473,7.901,0.7698,0,0.0,0,0.0,11,10,0,0,0,Tier 3: Mid-Market Tradable (1-10 Cr/day)
DALMIASUG,DALMIA BHARAT SUG IN LTD,INE495A01022,EQ,NORMAL,False,False,PARTIAL,2476,2016-08-22,2026-08-21,10.0,497.95,230160.1,121650,62912119.81,27091996.8,0.5058,0.2794,1.078,9.09,0.7964,0,0.0,9,0.36,18,14,0,0,0,Tier 3: Mid-Market Tradable (1-10 Cr/day)
GOLD1,KOTAK GOLD ETF,INF174KA1HJ8,EQ,NORMAL,False,False,PARTIAL,2475,2016-08-22,2026-08-21,10.0,132.87,768569.4,282860,62862050.97,12050859.0,0.1606,0.1732,-0.248,18.462,0.2414,0,0.0,0,0.0,0,0,0,0,0,Tier 3: Mid-Market Tradable (1-10 Cr/day)
DANISH,DANISH POWER LIMITED,INE0YU901016,SM,SME,False,False,PARTIAL,450,2024-10-29,2026-08-21,1.81,783.65,72171.3,40350,62565089.67,36185880.0,0.5928,0.3241,0.66,5.122,0.552,0,0.0,3,0.67,0,0,0,0,0,Tier 3: Mid-Market Tradable (1-10 Cr/day)
MHRIL,MAHINDRA HOLIDAYS LTD,INE998I01010,EQ,NORMAL,False,False,PARTIAL,2476,2016-08-22,2026-08-21,10.0,221.79,248292.4,118206,62531474.11,29355726.0,0.35,0.069,0.722,9.606,0.7132,0,0.0,0,0.0,5,2,0,2,0,Tier 3: Mid-Market Tradable (1-10 Cr/day)
RPEL,RAGHAV PRODUCTIVITY ENH L,INE912T01018,EQ,NORMAL,False,False,PARTIAL,506,2024-08-08,2026-08-21,2.03,1689.8,74438.4,39968,62282944.35,28511210.2,0.5085,0.7441,0.87,5.374,0.4631,0,0.0,0,0.0,3,2,0,1,0,Tier 3: Mid-Market Tradable (1-10 Cr/day)
DEN,DEN NETWORKS LTD,INE947J01015,EQ,NORMAL,False,False,PARTIAL,2476,2016-08-22,2026-08-21,10.0,28.17,1176259.7,471934,62266730.72,21225249.0,0.4703,-0.0071,1.075,8.528,0.8352,0,0.0,14,0.57,4,0,0,0,0,Tier 3: Mid-Market Tradable (1-10 Cr/day)
KERNEX,KERNEX MICROSYS(I) LTD,INE202H01019,EQ,NORMAL,False,False,PARTIAL,2418,2016-08-22,2026-08-21,10.0,1934.5,59866.5,13272,62119770.91,1282277.4,0.5195,0.5446,0.127,2.563,0.8244,1,0.04,97,4.01,9,0,0,0,0,Tier 3: Mid-Market Tradable (1-10 Cr/day)
JYOTISTRUC,JYOTI STRUCTURES LTD,INE197A01024,EQ,NORMAL,False,False,PARTIAL,2144,2016-08-22,2026-08-21,10.0,10.57,3300133.8,384264,62114122.41,3997532.55,0.6325,0.1947,-1.695,36.785,0.9395,0,0.0,344,16.04,14,0,0,0,2,Tier 3: Mid-Market Tradable (1-10 Cr/day)
SANATHAN,SANATHAN TEXTILES LIMITED,INE0JPD01013,EQ,NORMAL,False,False,PARTIAL,410,2024-12-27,2026-08-21,1.65,465.6,152223.5,50795,62036129.63,22188885.15,0.3699,0.1794,0.622,4.333,0.3396,0,0.0,0,0.0,0,0,0,0,0,Tier 3: Mid-Market Tradable (1-10 Cr/day)
VOEPL,VIRTUOSO OPTOELECTRONIC L,INE0I0T01010,EQ,NORMAL,False,False,PARTIAL,38,2026-07-01,2026-08-21,0.14,488.05,126153.4,90119,61849333.2,43476160.4,0.499,0.8981,0.522,2.517,0.0844,0,0.0,0,0.0,0,0,0,0,0,Tier 3: Mid-Market Tradable (1-10 Cr/day)
PNBGILTS,PNB GILTS LIMITED,INE859A01011,EQ,NORMAL,False,False,PARTIAL,2476,2016-08-22,2026-08-21,10.0,79.65,792471.0,297541,61832604.47,16900712.8,0.4238,0.1968,1.699,14.921,0.6456,0,0.0,1,0.04,11,11,0,0,0,Tier 3: Mid-Market Tradable (1-10 Cr/day)
GIPCL,GUJ IND POW CO. LTD,INE162A01010,EQ,NORMAL,False,False,PARTIAL,2476,2016-08-22,2026-08-21,10.0,172.64,441411.2,202002,61709105.37,20887564.69,0.375,0.1361,0.651,9.369,0.6821,0,0.0,0,0.0,9,9,0,0,0,Tier 3: Mid-Market Tradable (1-10 Cr/day)
PSB,PUNJAB & SIND BANK,INE608A01012,EQ,NORMAL,False,False,PARTIAL,2476,2016-08-22,2026-08-21,10.0,23.46,1630076.0,467886,61596373.87,10066395.95,0.45,0.0164,1.129,11.579,0.8493,0,0.0,5,0.2,10,5,0,0,0,Tier 3: Mid-Market Tradable (1-10 Cr/day)
GREENPLY,GREENPLY INDUSTRIES LTD,INE461C01038,EQ,NORMAL,False,False,PARTIAL,2476,2016-08-22,2026-08-21,10.0,293.5,282877.5,124417,61096513.01,25199928.0,0.3963,0.0864,0.804,8.364,0.8027,0,0.0,3,0.12,11,10,0,0,0,Tier 3: Mid-Market Tradable (1-10 Cr/day)
SRM,SRM CONTRACTORS LIMITED,INE0R6Z01013,EQ,NORMAL,False,False,PARTIAL,592,2024-04-03,2026-08-21,2.38,467.85,145725.9,76445,60790279.66,32555050.5,0.491,0.4286,0.93,6.303,0.4107,0,0.0,0,0.0,1,0,0,0,0,Tier 3: Mid-Market Tradable (1-10 Cr/day)
MUFTI,CREDO BRANDS MARKETING L,INE220Q01020,EQ,NORMAL,False,False,PARTIAL,659,2023-12-27,2026-08-21,2.65,76.85,315316.2,163118,60516950.01,23053437.74,0.4579,-0.4326,0.824,12.337,0.7948,0,0.0,0,0.0,2,2,0,0,0,Tier 3: Mid-Market Tradable (1-10 Cr/day)
GULFOILLUB,GULF OIL LUB. IND. LTD.,INE635Q01029,EQ,NORMAL,False,False,PARTIAL,2476,2016-08-22,2026-08-21,10.0,1139.9,67116.0,30154,60339029.22,20303816.4,0.3339,0.1061,0.918,9.648,0.6426,0,0.0,0,0.0,19,18,0,0,0,Tier 3: Mid-Market Tradable (1-10 Cr/day)
DYNAMATECH,DYNAMATIC TECHNOLOGIES,INE221B01012,EQ,NORMAL,False,False,PARTIAL,2476,2016-08-22,2026-08-21,10.0,11588.0,12699.4,5816,60245454.94,12668191.35,0.4525,0.239,1.268,10.324,0.8664,0,0.0,3,0.12,14,8,0,0,0,Tier 3: Mid-Market Tradable (1-10 Cr/day)
PRECWIRE,PRECISION WIRES INDIA LTD,INE372C01037,EQ,NORMAL,False,False,PARTIAL,2476,2016-08-22,2026-08-21,10.0,438.5,480701.9,207866,60086337.83,9969909.25,0.5082,0.4771,1.173,8.631,0.7958,0,0.0,1,0.04,31,27,1,1,0,Tier 3: Mid-Market Tradable (1-10 Cr/day)
VASCONEQ,VASCON ENGINEERS LTD,INE893I01013,EQ,NORMAL,False,False,PARTIAL,2476,2016-08-22,2026-08-21,10.0,31.84,1206448.7,550175,59953184.02,17625206.25,0.5656,0.1541,0.657,6.249,0.8826,0,0.0,3,0.12,1,1,0,0,0,Tier 3: Mid-Market Tradable (1-10 Cr/day)
PURVA,PURAVANKARA LIMITED,INE323I01011,EQ,NORMAL,False,False,PARTIAL,2476,2016-08-22,2026-08-21,10.0,219.36,382191.1,148277,59712449.09,18939580.0,0.5281,0.2955,0.852,7.047,0.8224,0,0.0,3,0.12,6,6,0,0,0,Tier 3: Mid-Market Tradable (1-10 Cr/day)
GSLSU,GLOBAL SURFACES LIMITED,INE0JSX01015,EQ,NORMAL,False,False,PARTIAL,846,2023-03-23,2026-08-21,3.41,33.05,323607.5,133128,59006631.36,20093288.8,0.5453,-0.3443,1.103,6.585,0.9236,0,0.0,2,0.24,0,0,0,0,0,Tier 3: Mid-Market Tradable (1-10 Cr/day)
KOPRAN,KOPRAN LTD,INE082A01010,BE,NORMAL,False,False,PARTIAL,2476,2016-08-22,2026-08-21,10.0,196.09,368515.4,180774,58936888.59,23185144.8,0.5248,0.2738,0.767,6.982,0.8347,0,0.0,3,0.12,12,7,0,0,0,Tier 3: Mid-Market Tradable (1-10 Cr/day)
SUBROS,SUBROS LIMITED,INE287B01021,EQ,NORMAL,False,False,PARTIAL,2476,2016-08-22,2026-08-21,10.0,733.15,113936.3,45285,58858490.27,16237703.55,0.4646,0.3058,1.397,10.259,0.7081,0,0.0,0,0.0,9,9,0,0,0,Tier 3: Mid-Market Tradable (1-10 Cr/day)
HEIDELBERG,HEIDELBERGCEMENT (I) LTD,INE578A01017,EQ,NORMAL,False,False,PARTIAL,2476,2016-08-22,2026-08-21,10.0,158.98,306497.6,173352,58543289.49,31528084.9,0.3165,0.0681,0.634,12.067,0.501,0,0.0,0,0.0,12,11,0,0,0,Tier 3: Mid-Market Tradable (1-10 Cr/day)
NRBBEARING,NRB BEARING LIMITED,INE349A01021,EQ,NORMAL,False,False,PARTIAL,2476,2016-08-22,2026-08-21,10.0,486.1,283825.5,135566,58417615.14,24889659.9,0.4301,0.2352,0.563,9.303,0.7656,0,0.0,0,0.0,17,14,0,0,0,Tier 3: Mid-Market Tradable (1-10 Cr/day)
BLUSPRING,BLUSPRING ENTERPRISES LTD,INE0U4101014,EQ,NORMAL,False,False,PARTIAL,298,2025-06-11,2026-08-21,1.19,128.98,668420.8,267090,58216966.98,19222061.67,0.578,0.5199,1.347,7.102,0.529,0,0.0,2,0.67,0,0,0,0,0,Tier 3: Mid-Market Tradable (1-10 Cr/day)
TAJGVK,TAJ GVK HOTELS & RESORTS,INE586B01026,EQ,NORMAL,False,False,PARTIAL,2476,2016-08-22,2026-08-21,10.0,350.4,215252.5,96891,57952433.52,19703304.6,0.4577,0.2,1.253,10.622,0.6591,0,0.0,0,0.0,10,6,0,0,0,Tier 3: Mid-Market Tradable (1-10 Cr/day)
SILVERADD,DSPAMC - DSPSILVETF,INF740KA1RE3,EQ,NORMAL,False,False,PARTIAL,989,2022-08-25,2026-08-21,3.99,234.72,330417.5,36192,57910827.89,3013353.25,0.3529,0.4301,-0.964,14.86,0.4538,0,0.0,0,0.0,0,0,0,0,0,Tier 3: Mid-Market Tradable (1-10 Cr/day)
PATELRMART,PATEL RETAIL LIMITED,INE0R8B01010,EQ,NORMAL,False,False,PARTIAL,245,2025-08-26,2026-08-21,0.99,234.11,256996.6,112134,57762654.57,22164839.7,0.4811,-0.1,1.276,11.084,0.4744,0,0.0,0,0.0,0,0,0,0,0,Tier 3: Mid-Market Tradable (1-10 Cr/day)
PAKKA,PAKKA LIMITED,INE551D01018,EQ,NORMAL,False,False,PARTIAL,774,2023-07-11,2026-08-21,3.11,84.52,252184.1,137901,57687043.3,27921642.9,0.5678,0.03,1.09,9.389,0.8185,0,0.0,0,0.0,1,1,0,0,0,Tier 3: Mid-Market Tradable (1-10 Cr/day)
AHCL,ANLON HEALTHCARE LIMITED,INE0Y8W01025,EQ,NORMAL,False,False,PARTIAL,240,2025-09-03,2026-08-21,0.96,14.28,4260887.0,1951010,57658236.72,26273675.4,0.486,0.583,0.923,8.493,0.3582,0,0.0,0,0.0,2,0,1,1,0,Tier 3: Mid-Market Tradable (1-10 Cr/day)
BANKNIFTY1,KOTAKMAMC-KOTAKBKETF,INF174KA1ZB7,EQ,NORMAL,False,False,PARTIAL,2476,2016-08-22,2026-08-21,10.0,59.86,1616486.4,545480,57597077.94,20140621.4,0.2123,0.1363,-0.485,17.893,0.4838,0,0.0,0,0.0,0,0,0,0,0,Tier 3: Mid-Market Tradable (1-10 Cr/day)
V2RETAIL,V2 RETAIL LIMITED,INE945H01021,EQ,NORMAL,False,False,PARTIAL,2476,2016-08-22,2026-08-21,10.0,219.73,1054015.5,538180,57394870.77,12590424.0,0.522,0.4966,0.57,7.119,0.936,0,0.0,64,2.58,10,0,1,0,0,Tier 3: Mid-Market Tradable (1-10 Cr/day)
AXISCADES,AXISCADES TECH LTD,INE555B01013,EQ,NORMAL,False,False,PARTIAL,2476,2016-08-22,2026-08-21,10.0,1597.5,145008.8,83718,57371630.56,17094450.6,0.5604,0.3586,0.704,6.158,0.8807,0,0.0,38,1.53,0,0,0,0,0,Tier 3: Mid-Market Tradable (1-10 Cr/day)
POKARNA,POKARNA LIMITED,INE637C01025,EQ,NORMAL,False,False,PARTIAL,2476,2016-08-22,2026-08-21,10.0,897.7,101985.5,50891,57346120.41,19733762.7,0.5377,0.3231,0.823,8.894,0.8465,0,0.0,15,0.61,12,11,1,0,0,Tier 3: Mid-Market Tradable (1-10 Cr/day)
MIIL,MEGHNA INFRACON INFRA L,INE898Q01015,EQ,NORMAL,False,False,PARTIAL,5,2026-08-17,2026-08-21,0.01,704.6,81366.2,76476,57195912.63,54137360.4,0.3227,2.0494,0.539,1.192,0.0097,0,0.0,0,0.0,0,0,0,0,0,Tier 3: Mid-Market Tradable (1-10 Cr/day)
ZUARI,ZUARI AGRO CHEMICALS LTD,INE840M01016,EQ,NORMAL,False,False,PARTIAL,2476,2016-08-22,2026-08-21,10.0,225.04,240362.3,99247,57131489.61,19011796.65,0.5202,0.1607,1.271,9.589,0.9286,0,0.0,3,0.12,3,1,0,0,1,Tier 3: Mid-Market Tradable (1-10 Cr/day)
ADVENTHTL,ADVENT HOTELS INTERNATI L,INE28GN01010,EQ,NORMAL,False,False,PARTIAL,192,2025-11-13,2026-08-21,0.77,133.2,304971.3,149819,57064788.97,25706990.4,0.609,-1.0082,1.125,6.471,0.6321,0,0.0,2,1.04,0,0,0,0,0,Tier 3: Mid-Market Tradable (1-10 Cr/day)
MOSILVER,MOTILALAMC - MOSILVER,INF247L01FZ1,EQ,NORMAL,False,False,PARTIAL,251,2025-08-14,2026-08-21,1.02,240.01,277227.6,86614,56936242.77,19335626.64,0.5714,0.9158,-1.083,8.421,0.4726,0,0.0,1,0.4,0,0,0,0,0,Tier 3: Mid-Market Tradable (1-10 Cr/day)
HCG,HEALTHCARE GLOB. ENT. LTD,INE075I01017,EQ,NORMAL,False,False,PARTIAL,2476,2016-08-22,2026-08-21,10.0,725.95,164009.8,91332,56884319.83,25872094.8,0.3533,0.1862,0.583,9.473,0.8041,0,0.0,0,0.0,7,0,0,0,1,Tier 3: Mid-Market Tradable (1-10 Cr/day)
OMAXE,OMAXE LIMITED,INE800H01010,EQ,NORMAL,False,False,PARTIAL,2476,2016-08-22,2026-08-21,10.0,102.55,451564.2,233166,56833613.22,26587425.62,0.4196,0.0415,1.001,15.457,0.8178,0,0.0,24,0.97,10,4,0,0,0,Tier 3: Mid-Market Tradable (1-10 Cr/day)
RSYSTEMS,R SYS INTERNATIONAL LTD,INE411H01032,EQ,NORMAL,False,False,PARTIAL,2476,2016-08-22,2026-08-21,10.0,239.25,186246.3,50312,56790390.56,8939999.0,0.464,0.2565,1.564,12.716,0.6172,0,0.0,0,0.0,17,10,0,0,0,Tier 3: Mid-Market Tradable (1-10 Cr/day)
SYNCOMF,SYNCOM FORMU (I) LTD,INE312C01025,EQ,NORMAL,False,False,PARTIAL,933,2022-11-18,2026-08-21,3.76,16.14,3610551.3,1817950,56754850.8,23812038.96,0.5071,0.3102,1.909,10.705,0.6152,0,0.0,0,0.0,2,0,0,0,0,Tier 3: Mid-Market Tradable (1-10 Cr/day)
BODALCHEM,BODAL CHEMICALS LTD,INE338D01028,BE,NORMAL,False,False,PARTIAL,2476,2016-08-22,2026-08-21,10.0,78.97,578328.0,309449,56438146.31,28618153.2,0.4419,0.0627,1.043,8.576,0.8023,1,0.04,0,0.0,10,7,0,0,0,Tier 3: Mid-Market Tradable (1-10 Cr/day)
VLEGOV,VL E GOV AND IT SOL LTD,INE03HW01020,BE,PCA,False,False,PARTIAL,751,2023-08-14,2026-08-21,3.02,9.72,704968.6,275442,56031285.36,10454148.6,0.6059,-0.1936,1.079,6.913,0.955,1,0.13,107,14.25,0,0,0,0,0,Tier 3: Mid-Market Tradable (1-10 Cr/day)
KLBRENG-B,KILBURN ENGINEERING LTD.,INE338F01015,EQ,NORMAL,False,False,PARTIAL,87,2026-04-20,2026-08-21,0.34,397.4,130906.7,58742,55746457.51,25930002.0,0.3348,-0.7312,1.671,11.509,0.3456,0,0.0,0,0.0,0,0,0,0,0,Tier 3: Mid-Market Tradable (1-10 Cr/day)
NESCO,NESCO LTD.,INE317F01035,EQ,NORMAL,False,False,PARTIAL,2476,2016-08-22,2026-08-21,10.0,1035.8,76147.8,44311,55666636.41,28980633.1,0.316,0.1669,0.49,10.633,0.4994,0,0.0,0,0.0,12,10,1,0,0,Tier 3: Mid-Market Tradable (1-10 Cr/day)
AVADHSUGAR,AVADH SUG & ENERGY LTD,INE349W01017,EQ,NORMAL,False,False,PARTIAL,2245,2017-07-28,2026-08-21,9.07,834.8,117217.2,59240,55652071.01,22537124.55,0.5648,0.2358,-0.366,22.613,0.9276,0,0.0,15,0.67,12,9,0,1,0,Tier 3: Mid-Market Tradable (1-10 Cr/day)
VADILALIND,VADILAL INDUSTRIES LTD,INE694D01016,EQ,NORMAL,False,False,PARTIAL,2476,2016-08-22,2026-08-21,10.0,7417.5,30765.2,13708,55388900.21,22170178.95,0.448,0.354,0.837,10.378,0.6407,0,0.0,0,0.0,14,10,0,0,0,Tier 3: Mid-Market Tradable (1-10 Cr/day)
TNPL,TAMILNADU NEWSPRT & PAPER,INE107A01015,EQ,NORMAL,False,False,PARTIAL,2476,2016-08-22,2026-08-21,10.0,141.11,258969.2,139215,55260995.61,28645918.0,0.381,-0.0136,0.513,6.981,0.8209,0,0.0,0,0.0,11,11,0,0,0,Tier 3: Mid-Market Tradable (1-10 Cr/day)
UNITECH,UNITECH LTD,INE694A01020,EQ,NORMAL,False,False,PARTIAL,2419,2016-08-22,2026-08-21,10.0,4.03,8666678.9,3301377,55048882.18,12729948.92,0.5897,0.1502,0.105,10.774,0.969,0,0.0,293,12.11,7,0,0,0,0,Tier 3: Mid-Market Tradable (1-10 Cr/day)
GEOJITFSL,GEOJIT FINANCIAL SER L,INE007B01023,EQ,NORMAL,False,False,PARTIAL,2476,2016-08-22,2026-08-21,10.0,80.72,673595.1,318683,54810414.8,19828587.5,0.4536,0.1717,0.835,9.247,0.8902,0,0.0,0,0.0,12,11,0,0,1,Tier 3: Mid-Market Tradable (1-10 Cr/day)
ANTELOPUS,ANTELOPUS SELAN ENRGY LTD,INE818A01017,EQ,NORMAL,False,False,PARTIAL,2476,2016-08-22,2026-08-21,10.0,800.1,153271.3,65744,54807017.85,16973887.2,0.507,0.2643,1.153,10.065,0.7653,0,0.0,2,0.08,14,6,0,0,0,Tier 3: Mid-Market Tradable (1-10 Cr/day)
SANDHAR,SANDHAR TECHNOLOGIES LTD,INE278H01035,EQ,NORMAL,False,False,PARTIAL,2080,2018-04-02,2026-08-21,8.39,667.75,122331.3,52037,54684088.86,17206653.65,0.3887,0.1631,0.702,6.981,0.702,0,0.0,0,0.0,14,10,0,0,0,Tier 3: Mid-Market Tradable (1-10 Cr/day)
TVSELECT,TVS ELECTRONICS LTD,INE236G01019,EQ,NORMAL,False,False,PARTIAL,2476,2016-08-22,2026-08-21,10.0,441.6,173423.2,54199,54638088.58,13714047.75,0.5626,0.3134,1.869,10.843,0.9116,0,0.0,27,1.09,7,7,0,0,0,Tier 3: Mid-Market Tradable (1-10 Cr/day)
DIAMONDYD,PRATAAP SNACKS LIMITED,INE393P01035,EQ,NORMAL,False,False,PARTIAL,2199,2017-10-05,2026-08-21,8.88,1179.3,53871.0,14361,54137384.91,12075170.4,0.3548,0.0613,1.712,13.136,0.6878,0,0.0,0,0.0,8,8,0,0,0,Tier 3: Mid-Market Tradable (1-10 Cr/day)
SATIN,SATIN CREDIT NET LTD,INE836B01017,EQ,NORMAL,False,False,PARTIAL,2476,2016-08-22,2026-08-21,10.0,224.16,269410.3,137149,54048889.38,23129118.75,0.4622,0.0052,0.573,7.157,0.9248,0,0.0,10,0.4,5,0,0,0,1,Tier 3: Mid-Market Tradable (1-10 Cr/day)
DIVGIITTS,DIVGI TORQTRANSFER SYST L,INE753U01022,EQ,NORMAL,False,False,PARTIAL,853,2023-03-14,2026-08-21,3.44,1217.9,63492.0,24095,53896527.77,18212629.05,0.4013,0.2863,0.874,8.524,0.626,0,0.0,0,0.0,4,3,0,0,0,Tier 3: Mid-Market Tradable (1-10 Cr/day)
VSTIND,VST INDUSTRIES LTD,INE710A01016,EQ,NORMAL,False,False,PARTIAL,2476,2016-08-22,2026-08-21,10.0,212.69,170179.5,61760,53624101.67,18617265.65,0.2935,0.0583,1.014,20.12,0.5843,1,0.04,0,0.0,11,10,0,1,0,Tier 3: Mid-Market Tradable (1-10 Cr/day)
IGARASHI,IGARASHI MOTORS INDIA LTD,INE188B01013,EQ,NORMAL,False,False,PARTIAL,2476,2016-08-22,2026-08-21,10.0,444.1,119177.2,45406,53400358.0,20171479.9,0.4752,0.0759,1.344,10.665,0.8423,0,0.0,1,0.04,12,9,0,1,0,Tier 3: Mid-Market Tradable (1-10 Cr/day)
NUCLEUS,NUCLEUS SOFTWARE EXPORTS,INE096B01018,EQ,NORMAL,False,False,PARTIAL,2476,2016-08-22,2026-08-21,10.0,740.4,86685.7,31224,53375872.45,18722522.5,0.4518,0.2356,1.678,12.95,0.6862,0,0.0,2,0.08,16,11,0,0,0,Tier 3: Mid-Market Tradable (1-10 Cr/day)
INDRAMEDCO,INDRAPRASTHA MEDICAL CORP,INE681B01017,EQ,NORMAL,False,False,PARTIAL,2476,2016-08-22,2026-08-21,10.0,369.7,284370.8,131926,52855561.8,10980768.2,0.4163,0.2785,1.518,11.916,0.5749,0,0.0,4,0.16,9,7,0,0,0,Tier 3: Mid-Market Tradable (1-10 Cr/day)
NILKAMAL,NILKAMAL LIMITED,INE310A01015,EQ,NORMAL,False,False,PARTIAL,2476,2016-08-22,2026-08-21,10.0,2053.6,30725.0,9297,52779303.69,15404688.0,0.325,0.1042,1.435,11.585,0.6404,0,0.0,0,0.0,15,15,0,0,0,Tier 3: Mid-Market Tradable (1-10 Cr/day)
LIKHITHA,LIKHITHA INFRASTRUC LTD,INE060901027,EQ,NORMAL,False,False,PARTIAL,1452,2020-10-15,2026-08-21,5.85,210.3,225655.5,117781,52717606.53,26370900.0,0.5167,0.2175,-1.367,46.441,0.7227,0,0.0,1,0.07,8,5,1,0,0,Tier 3: Mid-Market Tradable (1-10 Cr/day)
ORIENTPPR,ORIENT PAPER AND INDS LTD,INE592A01026,EQ,NORMAL,False,False,PARTIAL,2476,2016-08-22,2026-08-21,10.0,17.13,1305113.7,697865,52621867.71,23496631.9,0.5024,0.0496,-0.735,31.321,0.8787,0,0.0,1,0.04,13,11,0,0,1,Tier 3: Mid-Market Tradable (1-10 Cr/day)
NDTV,NDTV LTD,INE155G01029,EQ,NORMAL,False,False,PARTIAL,2476,2016-08-22,2026-08-21,10.0,75.49,276555.3,75377,52620347.23,6985507.1,0.534,0.132,1.48,11.242,0.8914,0,0.0,36,1.45,7,0,0,0,1,Tier 3: Mid-Market Tradable (1-10 Cr/day)
AXITA,AXITA COTTON LIMITED,INE02EZ01022,EQ,NORMAL,False,False,PARTIAL,1035,2022-06-21,2026-08-21,4.17,7.67,3127174.4,1660819,52541178.31,20091188.16,0.4428,0.0514,-0.102,13.625,0.8255,0,0.0,14,1.35,9,4,1,3,0,Tier 3: Mid-Market Tradable (1-10 Cr/day)
SPENCERS,SPENCER S RETAIL LIMITED,INE020801028,EQ,NORMAL,False,False,PARTIAL,1867,2019-02-08,2026-08-21,7.53,30.4,567050.9,226453,52489192.79,17260370.5,0.5182,-0.0812,0.843,7.776,0.8549,0,0.0,0,0.0,7,0,0,0,1,Tier 3: Mid-Market Tradable (1-10 Cr/day)
ARIHANTCAP,ARIHANT CAPITAL MKTS LTD,INE420B01036,EQ,NORMAL,False,False,PARTIAL,1288,2021-06-15,2026-08-21,5.18,75.95,629992.1,259542,52489016.1,17211099.51,0.5415,0.3602,1.31,8.651,0.6384,0,0.0,3,0.23,7,6,1,0,0,Tier 3: Mid-Market Tradable (1-10 Cr/day)
GPTHEALTH,GPT HEALTHCARE LIMITED,INE486R01017,EQ,NORMAL,False,False,PARTIAL,614,2024-02-29,2026-08-21,2.48,150.64,309063.6,146360,52477768.58,22440475.24,0.3565,-0.0551,0.767,7.744,0.4255,0,0.0,0,0.0,6,6,0,0,0,Tier 3: Mid-Market Tradable (1-10 Cr/day)
PGIL,PEARL GLOBAL IND LIMITED,INE940H01022,EQ,NORMAL,False,False,PARTIAL,2476,2016-08-22,2026-08-21,10.0,2386.1,62335.2,21234,52366429.03,3394220.8,0.5278,0.4542,1.18,8.976,0.5604,0,0.0,2,0.08,17,13,1,0,0,Tier 3: Mid-Market Tradable (1-10 Cr/day)
GNA,GNA AXLES LIMITED,INE934S01014,EQ,NORMAL,False,False,PARTIAL,2453,2016-09-26,2026-08-21,9.9,562.85,188381.0,80438,52321255.99,20248041.45,0.4408,0.2512,0.919,7.891,0.7602,0,0.0,0,0.0,12,8,0,1,0,Tier 3: Mid-Market Tradable (1-10 Cr/day)
GREENPOWER,ORIENT GREEN POWER CO LTD,INE999K01014,EQ,NORMAL,False,False,PARTIAL,2476,2016-08-22,2026-08-21,10.0,9.48,3963896.5,1887814,52220101.58,11800872.85,0.5318,0.1415,0.848,5.75,0.921,0,0.0,153,6.18,10,0,0,0,2,Tier 3: Mid-Market Tradable (1-10 Cr/day)
DHANUKA,DHANUKA AGRITECH LTD,INE435G01025,EQ,NORMAL,False,False,PARTIAL,2476,2016-08-22,2026-08-21,10.0,980.3,55859.0,27856,52054501.95,22621177.05,0.3502,0.0935,0.818,10.913,0.6837,0,0.0,0,0.0,20,13,0,0,0,Tier 3: Mid-Market Tradable (1-10 Cr/day)
ZEEMEDIA,ZEE MEDIA CORPORATION LTD,INE966H01019,EQ,NORMAL,False,False,PARTIAL,2476,2016-08-22,2026-08-21,10.0,9.38,3402802.1,1285416,51889330.03,19314564.5,0.5385,0.0469,0.663,6.769,0.9395,0,0.0,37,1.49,1,0,0,0,0,Tier 3: Mid-Market Tradable (1-10 Cr/day)
KSL,KALYANI STEELS LIMITED,INE907A01026,EQ,NORMAL,False,False,PARTIAL,2476,2016-08-22,2026-08-21,10.0,881.15,110529.2,56879,51810737.31,24121872.0,0.4052,0.1647,0.681,8.518,0.7837,0,0.0,0,0.0,10,10,0,0,0,Tier 3: Mid-Market Tradable (1-10 Cr/day)
SETFNIFBK,SBI-ETF NIFTY BANK,INF200KA1580,EQ,NORMAL,False,False,PARTIAL,2476,2016-08-22,2026-08-21,10.0,593.21,129623.5,41205,51723385.25,15905825.79,0.2029,0.1333,-0.413,13.44,0.4754,1,0.04,2,0.08,0,0,0,0,0,Tier 3: Mid-Market Tradable (1-10 Cr/day)
TINNARUBR,TINNA RUBBER AND INFR LTD,INE015C01016,EQ,NORMAL,False,False,PARTIAL,335,2025-04-17,2026-08-21,1.34,1034.9,54075.3,21715,51554846.56,18576139.0,0.4543,0.1097,1.859,11.822,0.4952,0,0.0,0,0.0,1,1,0,0,0,Tier 3: Mid-Market Tradable (1-10 Cr/day)
MEIL,MANGAL ELECTRICAL IND L,INE0PKD01011,EQ,NORMAL,False,False,PARTIAL,244,2025-08-28,2026-08-21,0.98,259.55,122748.0,55550,51554620.43,17503092.0,0.4267,-0.66,0.858,6.698,0.625,0,0.0,1,0.41,0,0,0,0,0,Tier 3: Mid-Market Tradable (1-10 Cr/day)
SIYSIL,SIYARAM SILK MILLS LTD,INE076B01028,EQ,NORMAL,False,False,PARTIAL,2476,2016-08-22,2026-08-21,10.0,606.35,98689.3,45931,51546876.38,19310493.25,0.4536,0.197,0.553,8.076,0.8764,0,0.0,0,0.0,30,24,1,2,0,Tier 3: Mid-Market Tradable (1-10 Cr/day)
SHALBY,SHALBY LIMITED,INE597J01018,EQ,NORMAL,False,False,PARTIAL,2150,2017-12-15,2026-08-21,8.68,152.96,278182.1,121407,51431401.07,19840639.8,0.4457,0.0455,0.724,7.003,0.8405,1,0.05,0,0.0,7,6,0,0,0,Tier 3: Mid-Market Tradable (1-10 Cr/day)
HATSUN,HATSUN AGRO PRODUCT LTD.,INE473B01035,EQ,NORMAL,False,False,PARTIAL,2476,2016-08-22,2026-08-21,10.0,984.7,57912.3,20575,51294706.14,16266201.6,0.3455,0.199,1.271,17.837,0.5499,0,0.0,0,0.0,23,14,0,1,1,Tier 3: Mid-Market Tradable (1-10 Cr/day)
AGL,ALLCARGO GLOBAL LIMITED,INE1YPB01014,EQ,NORMAL,False,False,PARTIAL,36,2026-07-03,2026-08-21,0.13,13.12,3736729.4,2678802,51131135.03,34289211.84,0.6299,-3.1396,0.928,3.311,0.4167,0,0.0,6,16.67,0,0,0,0,0,Tier 3: Mid-Market Tradable (1-10 Cr/day)
OMPOWER,OM POWER TRANSMISSION LTD,INE25E901019,EQ,NORMAL,False,False,PARTIAL,88,2026-04-17,2026-08-21,0.34,163.09,278935.7,168011,51021144.01,30067248.56,0.3511,-0.4324,0.634,6.0,0.2161,0,0.0,0,0.0,0,0,0,0,0,Tier 3: Mid-Market Tradable (1-10 Cr/day)
NOVARTIND,NOVARTIS INDIA LIMITED,INE234A01025,EQ,NORMAL,False,False,PARTIAL,87,2026-04-20,2026-08-21,0.34,1418.9,34955.6,17622,50813277.43,25751445.3,0.5244,1.1744,0.626,4.502,0.1684,0,0.0,0,0.0,3,3,0,0,0,Tier 3: Mid-Market Tradable (1-10 Cr/day)
LGBBROSLTD,LG BALAKRISHNAN & BROS,INE337A01034,EQ,NORMAL,False,False,PARTIAL,2476,2016-08-22,2026-08-21,10.0,1609.0,71917.7,30100,50792123.35,22394352.0,0.4187,0.2842,1.253,9.958,0.7684,0,0.0,0,0.0,12,10,0,1,0,Tier 3: Mid-Market Tradable (1-10 Cr/day)
HUBTOWN,HUBTOWN LIMITED,INE703H01016,EQ,NORMAL,False,False,PARTIAL,2476,2016-08-22,2026-08-21,10.0,194.54,306309.1,118128,50754713.13,7603796.4,0.5582,0.2303,0.533,4.946,0.9562,0,0.0,47,1.9,9,0,0,0,0,Tier 3: Mid-Market Tradable (1-10 Cr/day)
KRONOX,KRONOX LAB SCIENCES LTD,INE0ATZ01017,EQ,NORMAL,False,False,PARTIAL,547,2024-06-10,2026-08-21,2.2,215.18,283991.5,105488,50663823.11,16430202.88,0.4784,0.2498,1.53,10.104,0.5617,0,0.0,0,0.0,2,2,0,0,0,Tier 3: Mid-Market Tradable (1-10 Cr/day)
AURIONPRO,AURIONPRO SOLN LTD,INE132H01018,EQ,NORMAL,False,False,PARTIAL,2476,2016-08-22,2026-08-21,10.0,695.55,128713.1,63052,50586672.49,12825622.4,0.5376,0.3856,1.119,7.714,0.8886,0,0.0,5,0.2,18,11,0,1,0,Tier 3: Mid-Market Tradable (1-10 Cr/day)
C2C,C2C ADVANCED SYSTEMS LTD,INE0U7V01015,SM,SME,False,False,PARTIAL,427,2024-12-03,2026-08-21,1.71,229.95,96614.8,52350,50017339.07,25914900.0,0.6761,-0.1705,0.311,6.58,0.7723,0,0.0,87,20.37,0,0,0,0,0,Tier 3: Mid-Market Tradable (1-10 Cr/day)
STYRENIX,STYRENIX PERFORMANCE LTD,INE189B01011,EQ,NORMAL,False,False,PARTIAL,2476,2016-08-22,2026-08-21,10.0,2081.6,34256.6,17377,49774763.99,20377760.0,0.3916,0.2077,0.223,15.724,0.6685,0,0.0,2,0.08,14,14,0,0,0,Tier 3: Mid-Market Tradable (1-10 Cr/day)
DDEVPLSTIK,DDEV PLASTIKS IND LTD,INE0HR601026,EQ,NORMAL,False,False,PARTIAL,397,2025-01-15,2026-08-21,1.6,277.85,175462.7,109795,49635573.95,30087070.65,0.4914,0.161,0.845,7.03,0.4601,0,0.0,0,0.0,2,2,0,0,0,Tier 3: Mid-Market Tradable (1-10 Cr/day)
ELIN,ELIN ELECTRONICS LIMITED,INE050401020,EQ,NORMAL,False,False,PARTIAL,903,2022-12-30,2026-08-21,3.64,100.62,283552.6,159025,49626801.9,24896932.0,0.47,-0.1187,0.625,5.275,0.645,0,0.0,8,0.89,2,1,0,0,0,Tier 3: Mid-Market Tradable (1-10 Cr/day)
KCP,KCP LTD,INE805C01028,EQ,NORMAL,False,False,PARTIAL,2476,2016-08-22,2026-08-21,10.0,163.83,338552.9,173300,49578754.62,20465102.32,0.4274,0.1487,0.663,8.165,0.7669,0,0.0,0,0.0,11,11,0,0,0,Tier 3: Mid-Market Tradable (1-10 Cr/day)
WCIL,WESTERN CARRIERS (IND) L,INE0CJF01024,EQ,NORMAL,False,False,PARTIAL,474,2024-09-24,2026-08-21,1.91,86.7,408721.4,207974,49533169.03,22229955.92,0.3932,-0.2477,0.521,4.351,0.5728,0,0.0,0,0.0,0,0,0,0,0,Tier 3: Mid-Market Tradable (1-10 Cr/day)
MASFIN,MAS FINANCIAL SERV LTD,INE348L01012,EQ,NORMAL,False,False,PARTIAL,2190,2017-10-18,2026-08-21,8.84,302.5,195292.6,90000,49498164.95,23665570.0,0.3806,0.1098,0.406,13.924,0.6202,0,0.0,0,0.0,18,16,0,1,0,Tier 3: Mid-Market Tradable (1-10 Cr/day)
SALZERELEC,SALZER ELECTRONICS LTD,INE457F01013,EQ,NORMAL,False,False,PARTIAL,2476,2016-08-22,2026-08-21,10.0,569.55,106604.7,54921,49229310.99,14908616.0,0.4936,0.2185,1.02,8.717,0.7645,0,0.0,0,0.0,9,8,0,0,0,Tier 3: Mid-Market Tradable (1-10 Cr/day)
ADFFOODS,ADF FOODS LIMITED,INE982B01027,EQ,NORMAL,False,False,PARTIAL,2476,2016-08-22,2026-08-21,10.0,267.6,485695.2,163116,49226305.46,20663518.4,0.4706,0.3545,1.379,10.206,0.6244,1,0.04,3,0.12,20,12,1,0,0,Tier 3: Mid-Market Tradable (1-10 Cr/day)
INGERRAND,INGERSOLL-RAND INDIA LTD,INE177A01018,EQ,NORMAL,False,False,PARTIAL,2476,2016-08-22,2026-08-21,10.0,4660.6,30181.9,13833,49222927.22,22878575.7,0.3394,0.2455,0.438,24.108,0.4856,0,0.0,1,0.04,20,19,0,0,0,Tier 3: Mid-Market Tradable (1-10 Cr/day)
INDOCO,INDOCO REMEDIES LTD.,INE873D01024,EQ,NORMAL,False,False,PARTIAL,2476,2016-08-22,2026-08-21,10.0,226.29,154711.2,68592,49208924.62,20075543.64,0.4443,0.0684,0.967,10.894,0.6844,0,0.0,0,0.0,9,9,0,0,0,Tier 3: Mid-Market Tradable (1-10 Cr/day)
HINDWAREAP,HINDWARE HME INOVATON LTD,INE05AN01011,EQ,NORMAL,False,False,PARTIAL,1654,2019-12-26,2026-08-21,6.65,198.63,164530.2,92296,49162883.14,27944209.72,0.4976,0.154,0.593,5.45,0.7342,0,0.0,5,0.3,7,5,0,0,1,Tier 3: Mid-Market Tradable (1-10 Cr/day)
RUSTOMJEE,KEYSTONE REALTORS LIMITED,INE263M01029,EQ,NORMAL,False,False,PARTIAL,929,2022-11-24,2026-08-21,3.74,371.45,90203.7,34523,48981601.11,19595040.8,0.3278,-0.0566,0.515,5.615,0.5201,0,0.0,0,0.0,1,1,0,0,0,Tier 3: Mid-Market Tradable (1-10 Cr/day)
RAMKY,RAMKY INFRA LTD,INE874I01013,EQ,NORMAL,False,False,PARTIAL,2476,2016-08-22,2026-08-21,10.0,392.2,166965.0,82417,48904206.81,18961263.6,0.5761,0.327,0.873,8.011,0.9362,0,0.0,11,0.44,0,0,0,0,0,Tier 3: Mid-Market Tradable (1-10 Cr/day)
SILVERAG,MIRAEAMC - MASILVER,INF769K01KG6,EQ,NORMAL,False,False,PARTIAL,791,2023-06-15,2026-08-21,3.18,237.28,242787.1,40618,48719240.96,3588553.71,0.377,0.4557,-0.937,14.701,0.4531,0,0.0,0,0.0,0,0,0,0,0,Tier 3: Mid-Market Tradable (1-10 Cr/day)
AURUM,AURUM PROPTECH LIMITED,INE898S01029,EQ,NORMAL,False,False,PARTIAL,2476,2016-08-22,2026-08-21,10.0,227.82,209921.0,71056,48664874.67,13658374.31,0.5558,0.4037,-8.587,260.671,0.9876,0,0.0,78,3.15,13,4,0,0,1,Tier 3: Mid-Market Tradable (1-10 Cr/day)
INDIQUBE,INDIQUBE SPACES LIMITED,INE06ST01018,EQ,NORMAL,False,False,PARTIAL,263,2025-07-30,2026-08-21,1.06,189.1,235338.3,57114,48638627.18,9848260.4,0.3712,-0.0681,0.19,3.991,0.4387,0,0.0,0,0.0,0,0,0,0,0,Tier 3: Mid-Market Tradable (1-10 Cr/day)
YASHO,YASHO INDUSTRIES LIMITED,INE616Z01012,EQ,NORMAL,False,False,PARTIAL,746,2023-08-21,2026-08-21,3.0,4400.0,22131.9,11450,48599794.3,20173471.5,0.4792,0.4149,1.836,12.972,0.4873,0,0.0,0,0.0,3,3,0,0,0,Tier 3: Mid-Market Tradable (1-10 Cr/day)
SSWL,STEEL STRIPS WHEELS LTD.,INE802C01033,EQ,NORMAL,False,False,PARTIAL,2476,2016-08-22,2026-08-21,10.0,295.0,310392.5,161165,48487314.39,21209903.0,0.3736,0.2378,0.346,9.55,0.7694,0,0.0,1,0.04,12,9,2,0,0,Tier 3: Mid-Market Tradable (1-10 Cr/day)
SIS,SIS LIMITED,INE285J01028,EQ,NORMAL,False,False,PARTIAL,2236,2017-08-10,2026-08-21,9.03,417.75,113568.5,50789,48465388.71,20445403.0,0.3359,0.0659,0.707,9.74,0.6174,0,0.0,0,0.0,11,5,1,0,0,Tier 3: Mid-Market Tradable (1-10 Cr/day)
JAIBALAJI,JAI BALAJI INDUSTRIES LTD,INE091G01026,EQ,NORMAL,False,False,PARTIAL,2450,2016-08-22,2026-08-21,10.0,63.57,766684.1,221768,48415555.96,1996648.75,0.5406,0.4932,0.492,4.485,0.7889,0,0.0,62,2.53,10,0,1,0,0,Tier 3: Mid-Market Tradable (1-10 Cr/day)
AJMERA,AJMERA REALTY & INF I LTD,INE298G01035,EQ,NORMAL,False,False,PARTIAL,2476,2016-08-22,2026-08-21,10.0,117.96,661980.6,302005,48405400.1,19821665.25,0.5209,0.2741,0.94,7.486,0.8461,1,0.04,0,0.0,12,9,1,0,0,Tier 3: Mid-Market Tradable (1-10 Cr/day)
GANESHHOU,GANESH HOUSING LIMITED,INE460C01014,EQ,NORMAL,False,False,PARTIAL,2476,2016-08-22,2026-08-21,10.0,809.65,117176.4,53423,48187458.18,13255748.8,0.5364,0.3764,1.019,6.479,0.9028,0,0.0,16,0.65,10,7,0,0,0,Tier 3: Mid-Market Tradable (1-10 Cr/day)
BLAL,BEML LAND ASSETS LIMITED,INE0N7W01012,EQ,NORMAL,False,False,PARTIAL,831,2023-04-19,2026-08-21,3.34,168.43,203322.5,79618,48150875.44,15317578.08,0.4016,-0.0672,1.305,10.889,0.5467,0,0.0,5,0.6,2,0,0,0,0,Tier 3: Mid-Market Tradable (1-10 Cr/day)
PFS,PTC INDIA FIN SERV LTD,INE560K01014,EQ,NORMAL,False,False,PARTIAL,2476,2016-08-22,2026-08-21,10.0,27.76,1526236.7,803515,48090402.93,19971708.2,0.4661,0.0757,1.041,9.96,0.8541,0,0.0,2,0.08,6,6,0,0,0,Tier 3: Mid-Market Tradable (1-10 Cr/day)
ASIANENE,ASIAN ENERGY SERVICES LTD,INE276G01015,EQ,NORMAL,False,False,PARTIAL,1178,2018-01-04,2026-08-21,8.63,470.3,170632.8,84719,47975148.54,17230213.9,7.8281,3.9525,33.99,1162.508,0.6733,0,0.0,14,1.19,4,1,0,0,0,Tier 3: Mid-Market Tradable (1-10 Cr/day)
TCIEXP,TCI EXPRESS LIMITED,INE586V01016,EQ,NORMAL,False,False,PARTIAL,2399,2016-12-15,2026-08-21,9.68,550.95,45287.9,20606,47884190.22,18501917.4,0.3864,0.1201,0.963,10.303,0.8171,0,0.0,0,0.0,27,26,0,0,0,Tier 3: Mid-Market Tradable (1-10 Cr/day)
MARKOLINES,MARKOLINES PAVEMENT TEC L,INE0FW001016,EQ,NORMAL,False,False,PARTIAL,212,2025-10-14,2026-08-21,0.85,171.56,293238.1,215028,47878992.39,35907513.3,0.3451,-0.0236,-0.012,4.077,0.2731,0,0.0,0,0.0,0,0,0,0,0,Tier 3: Mid-Market Tradable (1-10 Cr/day)
GOKULAGRO,GOKUL AGRO RESOURCES LTD,INE314T01033,EQ,NORMAL,False,False,PARTIAL,2444,2016-08-22,2026-08-21,10.0,242.8,480046.1,184882,47815149.1,6195061.2,0.5621,0.5221,1.428,8.851,0.7622,0,0.0,17,0.7,10,0,1,0,1,Tier 3: Mid-Market Tradable (1-10 Cr/day)
METALIC,METALIC TECHNOFORGE LTD,INE1II801013,SM,SME,False,False,PARTIAL,19,2026-07-28,2026-08-21,0.07,147.2,449094.7,310400,47609141.05,35040960.0,0.8976,8.5003,0.799,4.115,0.0891,0,0.0,2,10.53,0,0,0,0,0,Tier 3: Mid-Market Tradable (1-10 Cr/day)
ADSL,ALLIED DIGITAL SERV. LTD,INE102I01027,EQ,NORMAL,False,False,PARTIAL,2476,2016-08-22,2026-08-21,10.0,108.49,308127.7,121001,47584269.71,9675880.2,0.5636,0.2794,1.174,6.944,0.7659,1,0.04,9,0.36,12,6,0,0,0,Tier 3: Mid-Market Tradable (1-10 Cr/day)
GROWWGOLD,GROWWAMC - GROWWGOLD,INF666M01OE7,EQ,NORMAL,False,False,PARTIAL,453,2024-10-24,2026-08-21,1.82,15.49,3730375.0,2237750,47577190.73,24914736.0,0.2566,0.4139,-0.993,13.683,0.2509,0,0.0,0,0.0,0,0,0,0,0,Tier 3: Mid-Market Tradable (1-10 Cr/day)
UNICHEMLAB,UNICHEM LABORATORIES LTD,INE351A01035,EQ,NORMAL,False,False,PARTIAL,2476,2016-08-22,2026-08-21,10.0,526.15,130481.9,52167,47566352.67,15379683.7,0.4317,0.1583,1.636,13.087,0.7852,0,0.0,0,0.0,7,6,0,0,0,Tier 3: Mid-Market Tradable (1-10 Cr/day)
IMAGICAA,IMAGICAAWORLD ENT LTD,INE172N01012,EQ,NORMAL,False,False,PARTIAL,2476,2016-08-22,2026-08-21,10.0,48.87,789140.1,288947,47502878.83,10654612.8,0.557,0.099,0.579,6.629,0.9831,1,0.04,80,3.23,8,0,0,0,0,Tier 3: Mid-Market Tradable (1-10 Cr/day)
VALIANTORG,VALIANT ORGANICS LIMITED,INE565V01010,BE,NORMAL,False,False,PARTIAL,1525,2016-09-12,2026-08-21,9.94,302.7,73961.1,42364,47407022.0,24685669.61,0.5194,-0.0765,3.252,40.206,0.8941,7,0.46,41,2.69,4,3,0,1,0,Tier 3: Mid-Market Tradable (1-10 Cr/day)
MANALIPETC,MANALI PETROCHEMICALS LT,INE201A01024,EQ,NORMAL,False,False,PARTIAL,2476,2016-08-22,2026-08-21,10.0,74.02,746056.1,377082,47264944.21,21010360.8,0.4864,0.207,1.135,8.952,0.834,0,0.0,3,0.12,10,10,0,0,0,Tier 3: Mid-Market Tradable (1-10 Cr/day)
AIMTRON,AIMTRON ELECTRONICS LTD,INE0RUV01018,SM,SME,False,False,PARTIAL,549,2024-06-06,2026-08-21,2.21,1675.1,71261.9,44800,47234960.4,30189900.0,0.567,1.0293,0.363,3.098,0.4519,0,0.0,30,5.46,0,0,0,0,0,Tier 3: Mid-Market Tradable (1-10 Cr/day)
PRECAM,PRECISION CAMSHAFTS LTD.,INE484I01029,EQ,NORMAL,False,False,PARTIAL,2476,2016-08-22,2026-08-21,10.0,130.58,291974.0,114627,47230362.09,12606847.2,0.5341,0.1293,0.991,9.003,0.8822,0,0.0,1,0.04,13,10,0,0,0,Tier 3: Mid-Market Tradable (1-10 Cr/day)
SIGNPOST,SIGNPOST INDIA LIMITED,INE0KGZ01021,EQ,NORMAL,False,False,PARTIAL,625,2024-02-14,2026-08-21,2.52,264.65,169845.5,56538,47104440.68,14980787.55,0.5648,0.0714,0.95,7.231,0.5922,0,0.0,4,0.64,2,2,0,0,0,Tier 3: Mid-Market Tradable (1-10 Cr/day)
MAHSCOOTER,MAHARASHTRA SCOOTERS LTD,INE288A01013,EQ,NORMAL,False,False,PARTIAL,2472,2016-08-22,2026-08-21,10.0,13131.0,8097.2,4788,47032328.04,23185428.0,0.3583,0.2848,0.595,10.879,0.6254,0,0.0,1,0.04,14,14,0,0,0,Tier 3: Mid-Market Tradable (1-10 Cr/day)
LAOPALA,LA OPALA RG LIMITED,INE059D01020,EQ,NORMAL,False,False,PARTIAL,2476,2016-08-22,2026-08-21,10.0,173.12,157808.9,75039,47014209.72,19075844.7,0.3723,0.0195,0.943,9.743,0.6544,0,0.0,0,0.0,13,12,0,1,0,Tier 3: Mid-Market Tradable (1-10 Cr/day)
WINDLAS,WINDLAS BIOTECH LIMITED,INE0H5O01029,EQ,NORMAL,False,False,PARTIAL,1245,2021-08-16,2026-08-21,5.01,993.6,82990.5,43747,46900267.74,24957732.15,0.4133,0.2647,1.043,8.824,0.4964,0,0.0,0,0.0,7,5,0,0,0,Tier 3: Mid-Market Tradable (1-10 Cr/day)
HGS,HINDUJA GLOBAL SOLS. LTD.,INE170I01016,EQ,NORMAL,False,False,PARTIAL,2476,2016-08-22,2026-08-21,10.0,402.25,58357.1,23751,46693379.61,13469496.1,0.3825,0.1044,0.757,15.239,0.8103,0,0.0,5,0.2,32,29,0,1,0,Tier 3: Mid-Market Tradable (1-10 Cr/day)
KRISHNADEF,KRISHNA DEF AND ALD IND L,INE0J5601015,EQ,NORMAL,False,False,PARTIAL,1076,2022-04-06,2026-08-21,4.38,1026.8,69366.6,34250,46667272.39,15737800.0,0.5903,0.7736,0.736,5.385,0.5142,0,0.0,43,4.0,1,1,0,0,0,Tier 3: Mid-Market Tradable (1-10 Cr/day)
3IINFOLTD,3I INFOTECH LIMITED,INE748C01038,BE,NORMAL,False,False,PARTIAL,1199,2021-10-22,2026-08-21,4.83,23.36,1026576.0,550899,46665966.0,17078943.8,0.4813,0.0534,1.349,9.405,0.891,0,0.0,27,2.25,5,0,0,0,1,Tier 3: Mid-Market Tradable (1-10 Cr/day)
MUKKA,MUKKA PROTEINS LIMITED,INE0CG401037,EQ,NORMAL,False,False,PARTIAL,608,2024-03-07,2026-08-21,2.46,26.59,1150991.4,452617,45542413.72,13921626.0,0.4205,-0.1064,1.823,12.424,0.659,0,0.0,1,0.16,0,0,0,0,0,Tier 3: Mid-Market Tradable (1-10 Cr/day)
MAFANG,MIRAEAMC - MAFANG,INF769K01HF4,EQ,NORMAL,False,False,PARTIAL,1310,2021-05-14,2026-08-21,5.27,206.78,554156.0,432906,45516962.07,35284275.78,0.2631,0.3085,0.053,5.51,0.4375,0,0.0,198,15.11,0,0,0,0,0,Tier 3: Mid-Market Tradable (1-10 Cr/day)
BOSCH-HCIL,BOSCH HOME COMFRT IND LTD,INE782A01015,EQ,NORMAL,False,False,PARTIAL,2476,2016-08-22,2026-08-21,10.0,1725.3,26595.8,11103,45265109.23,19691612.15,0.3786,0.0855,1.349,14.392,0.7077,0,0.0,0,0.0,5,5,0,0,0,Tier 3: Mid-Market Tradable (1-10 Cr/day)
FLYSBS,FLYSBS AVIATION LIMITED,INE0VCK01011,SM,SME,False,False,PARTIAL,256,2025-08-08,2026-08-21,1.03,554.6,84439.8,34600,45250562.93,16625020.0,0.5803,0.3718,1.375,8.176,0.4889,0,0.0,5,1.95,0,0,0,0,0,Tier 3: Mid-Market Tradable (1-10 Cr/day)
ASALCBR,ASSO ALCOHOLS & BREW LTD,INE073G01016,EQ,NORMAL,False,False,PARTIAL,1619,2020-02-12,2026-08-21,6.52,726.45,71604.4,43243,45088488.1,23724232.4,0.4352,0.2488,0.711,9.289,0.5426,0,0.0,0,0.0,6,6,0,0,0,Tier 3: Mid-Market Tradable (1-10 Cr/day)
TVSHLTD,TVS HOLDINGS LIMITED,INE105A01035,EQ,NORMAL,False,False,PARTIAL,2472,2016-08-22,2026-08-21,10.0,13899.0,9926.4,4451,44858601.85,14047767.25,0.3978,0.3157,5.887,145.297,0.8082,0,0.0,0,0.0,15,13,0,1,0,Tier 3: Mid-Market Tradable (1-10 Cr/day)
ITIETF,ICICIPRAMC - ICICITECH,INF109KC16I6,EQ,NORMAL,False,False,PARTIAL,1491,2020-08-20,2026-08-21,6.0,33.98,1342526.5,550750,44773577.37,20539576.96,0.2206,0.1304,-0.106,5.706,0.42,0,0.0,0,0.0,0,0,0,0,0,Tier 3: Mid-Market Tradable (1-10 Cr/day)
DAVANGERE,DAVANGERE SUGAR COMPANY L,INE179G01029,EQ,NORMAL,False,False,PARTIAL,638,2024-01-25,2026-08-21,2.57,2.99,8604464.4,3732420,44376611.91,18954266.55,0.5169,-0.3193,0.325,10.976,0.7279,0,0.0,0,0.0,3,0,1,0,1,Tier 3: Mid-Market Tradable (1-10 Cr/day)
GARFIBRES,GARWARE TECH FIBRES LTD,INE276A01018,EQ,NORMAL,False,False,PARTIAL,2476,2016-08-22,2026-08-21,10.0,802.6,85782.1,53865,44329526.32,25183778.5,0.3476,0.2702,1.083,10.792,0.4226,0,0.0,0,0.0,15,10,0,1,0,Tier 3: Mid-Market Tradable (1-10 Cr/day)
JTEKTINDIA,JTEKT INDIA LIMITED,INE643A01035,EQ,NORMAL,False,False,PARTIAL,2476,2016-08-22,2026-08-21,10.0,126.1,373003.0,161918,44121447.35,17425882.8,0.4597,0.1732,0.703,7.949,0.7478,0,0.0,0,0.0,11,10,0,0,1,Tier 3: Mid-Market Tradable (1-10 Cr/day)
SHREDIGCEM,SHREE DIGVIJAY CEM CO LTD,INE232A01011,EQ,NORMAL,False,False,PARTIAL,1739,2019-08-20,2026-08-21,7.0,72.39,579623.7,308941,43753920.29,21820090.25,0.4159,0.3016,0.779,8.506,0.5284,0,0.0,0,0.0,8,8,0,0,0,Tier 3: Mid-Market Tradable (1-10 Cr/day)
GANESHCP,GANESH CONSUMER PRODUCT L,INE652V01016,EQ,NORMAL,False,False,PARTIAL,222,2025-09-29,2026-08-21,0.89,161.24,190208.4,104434,43646304.7,21088592.98,0.4403,-0.5891,0.442,3.789,0.4911,0,0.0,0,0.0,2,2,0,0,0,Tier 3: Mid-Market Tradable (1-10 Cr/day)
DBCORP,D.B.CORP LTD,INE950I01011,EQ,NORMAL,False,False,PARTIAL,2476,2016-08-22,2026-08-21,10.0,205.86,246291.7,106486,43613135.66,18261416.8,0.3713,-0.001,0.939,11.134,0.8559,0,0.0,0,0.0,23,19,0,0,0,Tier 3: Mid-Market Tradable (1-10 Cr/day)
PANAMAPET,PANAMA PETROCHEM LTD,INE305C01029,EQ,NORMAL,False,False,PARTIAL,2476,2016-08-22,2026-08-21,10.0,485.2,151375.7,60941,43601287.98,13485221.2,0.505,0.363,0.843,7.624,0.8953,0,0.0,0,0.0,16,15,0,1,0,Tier 3: Mid-Market Tradable (1-10 Cr/day)
SASKEN,SASKEN TECHNOLOGIES LTD,INE231F01020,EQ,NORMAL,False,False,PARTIAL,2476,2016-08-22,2026-08-21,10.0,1949.0,38879.7,15146,43536200.53,14008900.4,0.4392,0.2696,1.087,9.583,0.6856,0,0.0,2,0.08,23,21,0,0,0,Tier 3: Mid-Market Tradable (1-10 Cr/day)
RAMCOIND,RAMCO INDUSTRIES LIMITED,INE614A01028,EQ,NORMAL,False,False,PARTIAL,2476,2016-08-22,2026-08-21,10.0,347.0,165805.7,79379,43476811.64,18009979.8,0.4095,0.1782,1.01,9.356,0.6699,0,0.0,0,0.0,12,10,0,0,0,Tier 3: Mid-Market Tradable (1-10 Cr/day)
MOREALTY,MOTILALAMC - MOREALTY,INF247L01CI4,EQ,NORMAL,False,False,PARTIAL,599,2024-03-21,2026-08-21,2.42,91.21,490595.2,317280,43180185.82,29178425.11,0.2695,0.06,-0.083,4.386,0.4365,0,0.0,0,0.0,0,0,0,0,0,Tier 3: Mid-Market Tradable (1-10 Cr/day)
TOLINS,TOLINS TYRES LIMITED,INE0RWQ01014,EQ,NORMAL,False,False,PARTIAL,480,2024-09-16,2026-08-21,1.93,96.08,244570.5,101470,43142520.78,13806896.14,0.4857,-0.364,0.999,8.262,0.6581,0,0.0,1,0.21,0,0,0,0,0,Tier 3: Mid-Market Tradable (1-10 Cr/day)
RELTD,RAVINDRA ENERGY LIMITED,INE206N01018,EQ,NORMAL,False,False,PARTIAL,513,2024-07-30,2026-08-21,2.06,167.63,292032.3,103314,43051738.86,13558190.4,0.5448,0.4712,1.066,7.059,0.3971,0,0.0,17,3.31,2,0,0,0,1,Tier 3: Mid-Market Tradable (1-10 Cr/day)
WONDERLA,WONDERLA HOLIDAYS LTD.,INE066O01014,EQ,NORMAL,False,False,PARTIAL,2476,2016-08-22,2026-08-21,10.0,519.2,97595.9,48992,43010349.83,18130634.4,0.3508,0.0838,0.857,9.331,0.7448,1,0.04,0,0.0,13,8,0,0,0,Tier 3: Mid-Market Tradable (1-10 Cr/day)
TCI,TRANSPORT CORPN OF INDIA,INE688A01022,EQ,NORMAL,False,False,PARTIAL,2476,2016-08-22,2026-08-21,10.0,908.35,78889.9,34199,42957434.6,19143600.75,0.4175,0.1861,-1.235,50.641,0.6322,0,0.0,0,0.0,32,23,0,0,0,Tier 3: Mid-Market Tradable (1-10 Cr/day)
TOP10ADD,DSPAMC - TOP10ADD,INF740KA1UR9,EQ,NORMAL,False,False,PARTIAL,483,2024-09-11,2026-08-21,1.94,87.92,465165.0,174756,42857658.64,16643256.0,0.1657,-0.0376,-0.513,32.909,0.2356,0,0.0,0,0.0,0,0,0,0,0,Tier 3: Mid-Market Tradable (1-10 Cr/day)
NURECA,NURECA LIMITED,INE0DSF01015,BE,NORMAL,False,False,PARTIAL,1360,2021-02-25,2026-08-21,5.48,306.7,77310.0,19447,42796906.02,9711691.5,0.5324,-0.0007,1.598,10.963,0.9026,0,0.0,23,1.69,7,2,0,0,0,Tier 3: Mid-Market Tradable (1-10 Cr/day)
GOLDADD,DSPAMC - DSPGOLD,INF740KA1SW3,EQ,NORMAL,False,False,PARTIAL,819,2023-05-08,2026-08-21,3.29,154.61,379634.8,113695,42763347.15,11195477.16,0.2368,0.3148,-0.294,30.074,0.2546,0,0.0,1,0.12,0,0,0,0,0,Tier 3: Mid-Market Tradable (1-10 Cr/day)
SMSPHARMA,SMS PHARMACEUTICALS LTD.,INE812G01025,EQ,NORMAL,False,False,PARTIAL,2476,2016-08-22,2026-08-21,10.0,356.6,223336.0,85215,42631423.51,9772745.25,0.4609,0.2426,1.238,9.527,0.7708,0,0.0,0,0.0,15,10,0,0,0,Tier 3: Mid-Market Tradable (1-10 Cr/day)
BFINVEST,BF INVESTMENT LIMITED,INE878K01010,EQ,NORMAL,False,False,PARTIAL,2476,2016-08-22,2026-08-21,10.0,451.55,116555.6,40929,42235742.66,14240745.75,0.5199,0.2305,1.427,10.805,0.6077,0,0.0,2,0.08,10,1,0,0,0,Tier 3: Mid-Market Tradable (1-10 Cr/day)
GHCLTEXTIL,GHCL TEXTILES LIMITED,INE0PA801013,EQ,NORMAL,False,False,PARTIAL,794,2023-06-12,2026-08-21,3.19,122.49,460829.5,252926,42183316.21,21348678.27,0.4214,0.2726,0.859,6.495,0.4418,0,0.0,1,0.13,3,3,0,0,0,Tier 3: Mid-Market Tradable (1-10 Cr/day)
LINCOLN,LINCOLN PHARMA LTD,INE405C01035,EQ,NORMAL,False,False,PARTIAL,2476,2016-08-22,2026-08-21,10.0,614.05,114530.9,49410,42108241.18,16905996.1,0.4353,0.201,1.067,11.242,0.7005,0,0.0,0,0.0,11,10,0,0,0,Tier 3: Mid-Market Tradable (1-10 Cr/day)
RAMRAT,RAM RATNA WIRES LIMITED,INE207E01023,EQ,NORMAL,False,False,PARTIAL,1007,2022-07-29,2026-08-21,4.06,477.35,193196.2,89356,42067238.81,17873291.8,0.4668,0.6308,1.127,7.713,0.3864,0,0.0,0,0.0,8,6,0,2,0,Tier 3: Mid-Market Tradable (1-10 Cr/day)
DOLLAR,DOLLAR INDUSTRIES LIMITED,INE325C01035,EQ,NORMAL,False,False,PARTIAL,2313,2017-04-21,2026-08-21,9.33,273.2,115154.5,56853,42005728.75,20194893.55,0.4229,0.0873,0.77,8.605,0.7988,0,0.0,2,0.09,11,10,1,0,0,Tier 3: Mid-Market Tradable (1-10 Cr/day)
MAYURUNIQ,MAYUR UNIQUOTERS LTD,INE040D01038,EQ,NORMAL,False,False,PARTIAL,2476,2016-08-22,2026-08-21,10.0,757.1,89331.0,46620,41926667.52,20294978.55,0.3754,0.1248,0.865,10.004,0.7762,0,0.0,0,0.0,27,22,0,0,0,Tier 3: Mid-Market Tradable (1-10 Cr/day)
INDOSTAR,INDOSTAR CAPITAL FIN LTD,INE896L01010,EQ,NORMAL,False,False,PARTIAL,2046,2018-05-21,2026-08-21,8.25,253.15,145987.8,73493,41924748.28,18100839.75,0.4523,-0.0025,0.821,7.37,0.8276,0,0.0,9,0.44,9,3,0,0,0,Tier 3: Mid-Market Tradable (1-10 Cr/day)
AQYLON,AQYLON NEXUS LIMITED,INE416A01051,EQ,NORMAL,False,False,PARTIAL,592,2024-04-02,2026-08-21,2.38,25.27,696086.8,16259,41893217.55,1221759.0,0.5582,0.9126,-0.326,2.203,0.9018,0,0.0,326,55.07,2,0,1,0,0,Tier 3: Mid-Market Tradable (1-10 Cr/day)
VSTTILLERS,VST TILLERS TRACTORS LTD,INE764D01017,EQ,NORMAL,False,False,PARTIAL,2476,2016-08-22,2026-08-21,10.0,4410.2,14327.8,7155,41811638.16,18400888.0,0.3596,0.1515,1.297,12.172,0.7971,1,0.04,0,0.0,10,9,0,0,0,Tier 3: Mid-Market Tradable (1-10 Cr/day)
CSM,CSM TECHNOLOGIES LIMITED,INE0ZK601013,EQ,NORMAL,False,False,PARTIAL,37,2026-07-02,2026-08-21,0.14,99.55,409473.9,334746,41724831.34,32841930.06,0.4555,-0.4266,0.106,2.188,0.1044,0,0.0,1,2.7,0,0,0,0,0,Tier 3: Mid-Market Tradable (1-10 Cr/day)
BLUECLOUDS,BLUE CLOUD SOFTECH SOLU L,INE373T01047,EQ,NORMAL,False,False,PARTIAL,5,2026-08-17,2026-08-21,0.01,22.22,1849049.6,1406731,41646686.48,31609245.57,0.4762,1.2017,0.48,1.122,0.0276,0,0.0,0,0.0,0,0,0,0,0,Tier 3: Mid-Market Tradable (1-10 Cr/day)
PITTIENG,PITTI ENGINEERING LIMITED,INE450D01021,EQ,NORMAL,False,False,PARTIAL,2476,2016-08-22,2026-08-21,10.0,1052.2,131001.6,70817,41617669.69,20876601.9,0.5111,0.4559,1.119,9.239,0.8212,0,0.0,1,0.04,14,8,0,0,0,Tier 3: Mid-Market Tradable (1-10 Cr/day)
SMCGLOBAL,SMC GLOBAL SECURITIES LTD,INE103C01036,EQ,NORMAL,False,False,PARTIAL,1360,2021-02-25,2026-08-21,5.48,81.13,669085.7,317290,41577726.32,17075696.4,0.3839,0.1619,1.192,10.088,0.4097,0,0.0,0,0.0,14,11,0,1,0,Tier 3: Mid-Market Tradable (1-10 Cr/day)
AGSTRA,AGS TRANSACT TECH LTD,INE583L01014,BZ,NORMAL,False,False,PARTIAL,1074,2022-01-31,2026-08-21,4.55,2.0,591589.1,278351,41525385.58,14015098.8,0.4974,-0.9061,0.677,4.767,0.9883,0,0.0,104,9.68,0,0,0,0,0,Tier 3: Mid-Market Tradable (1-10 Cr/day)
NITINSPIN,NITIN SPINNERS LIMITED,INE229H01012,EQ,NORMAL,False,False,PARTIAL,2476,2016-08-22,2026-08-21,10.0,588.45,168240.7,86560,41492262.85,17230060.0,0.4358,0.3122,0.73,7.099,0.8181,0,0.0,1,0.04,11,11,0,0,0,Tier 3: Mid-Market Tradable (1-10 Cr/day)
HUHTAMAKI,HUHTAMAKI INDIA LIMITED,INE275B01026,EQ,NORMAL,False,False,PARTIAL,2476,2016-08-22,2026-08-21,10.0,273.85,153538.2,61824,41325986.58,14596030.4,0.3731,0.0661,0.295,6.947,0.6595,0,0.0,0,0.0,10,10,0,0,0,Tier 3: Mid-Market Tradable (1-10 Cr/day)
SHUKRAPHAR,SHUKRA PHARMACEUTICALS L,INE551C01044,EQ,NORMAL,False,False,PARTIAL,6,2026-08-14,2026-08-21,0.02,44.06,975928.5,1113804,41232922.43,46190212.88,0.1735,3.1454,0.071,1.042,0.0,0,0.0,0,0.0,0,0,0,0,0,Tier 3: Mid-Market Tradable (1-10 Cr/day)
AUTOBEES,NIPPONAMC - NETFAUTO,INF204KC1337,EQ,NORMAL,False,False,PARTIAL,1134,2022-01-25,2026-08-21,4.57,301.46,169543.9,118018,41153974.7,26267535.99,0.1846,0.23,-0.095,5.277,0.2811,0,0.0,0,0.0,0,0,0,0,0,Tier 3: Mid-Market Tradable (1-10 Cr/day)
RESPONIND,RESPONSIVE INDUSTRIES LTD,INE688D01026,EQ,NORMAL,False,False,PARTIAL,2476,2016-08-22,2026-08-21,10.0,155.06,227960.3,101493,41088458.8,12486386.55,0.4876,0.1904,1.267,10.942,0.6594,0,0.0,1,0.04,14,11,0,0,0,Tier 3: Mid-Market Tradable (1-10 Cr/day)
TVTODAY,TV TODAY NETWORK LTD,INE038F01029,EQ,NORMAL,False,False,PARTIAL,2476,2016-08-22,2026-08-21,10.0,115.43,143132.4,71836,41067177.26,18074944.0,0.3969,-0.0178,0.329,14.419,0.8232,0,0.0,0,0.0,12,12,0,0,0,Tier 3: Mid-Market Tradable (1-10 Cr/day)
CLSEL,CHAMAN LAL SETIA EXP LTD,INE419D01026,EQ,NORMAL,False,False,PARTIAL,1311,2021-05-12,2026-08-21,5.28,288.35,182938.0,85303,41033058.33,17628820.0,0.4588,0.259,0.958,7.409,0.5208,0,0.0,0,0.0,6,4,0,0,0,Tier 3: Mid-Market Tradable (1-10 Cr/day)
SPORTKING,SPORTKING INDIA LIMITED,INE885H01029,EQ,NORMAL,False,False,PARTIAL,991,2022-08-24,2026-08-21,3.99,213.07,347170.2,162200,40947073.48,14884758.54,0.4741,0.295,1.058,9.316,0.5442,0,0.0,1,0.1,5,2,1,0,0,Tier 3: Mid-Market Tradable (1-10 Cr/day)
MANGLMCEM,MANGALAM CEMENT LTD,INE347A01017,EQ,NORMAL,False,False,PARTIAL,2476,2016-08-22,2026-08-21,10.0,1027.95,79006.8,41388,40936644.63,15420836.4,0.4094,0.1901,0.558,8.68,0.7144,0,0.0,0,0.0,11,10,0,0,0,Tier 3: Mid-Market Tradable (1-10 Cr/day)
SSEGL,SATHLOKHAR SYN E&C GLOB L,INE0RFP01011,SM,SME,False,False,PARTIAL,508,2024-08-06,2026-08-21,2.04,363.0,95060.6,47600,40874971.95,19472160.0,0.587,0.3595,0.98,5.791,0.5668,0,0.0,18,3.54,0,0,0,0,0,Tier 3: Mid-Market Tradable (1-10 Cr/day)
AHLUCONT,AHLUWALIA CONT IND LTD,INE758C01029,EQ,NORMAL,False,False,PARTIAL,2476,2016-08-22,2026-08-21,10.0,696.2,61641.8,26061,40661541.21,11620395.2,0.4104,0.1692,0.65,10.635,0.661,0,0.0,0,0.0,10,6,0,0,0,Tier 3: Mid-Market Tradable (1-10 Cr/day)
VIKASLIFE,VIKAS LIFECARE LIMITED,INE161L01027,EQ,NORMAL,False,False,PARTIAL,1810,2019-05-08,2026-08-21,7.29,1.19,8767122.6,4733396,40624899.87,17799683.23,0.547,-0.0292,0.57,6.105,0.9382,0,0.0,148,8.18,7,0,0,0,2,Tier 3: Mid-Market Tradable (1-10 Cr/day)
INDOAMIN,INDO AMINES LIMITED,INE760F01028,BE,NORMAL,False,False,PARTIAL,1071,2022-04-29,2026-08-21,4.31,122.35,261545.4,94873,40588456.21,11937458.4,0.5528,0.1658,1.566,9.399,0.6617,0,0.0,0,0.0,4,4,0,0,0,Tier 3: Mid-Market Tradable (1-10 Cr/day)
TAKE,TAKE LIMITED,INE142I01023,EQ,NORMAL,False,False,PARTIAL,2477,2016-08-22,2026-08-21,10.0,20.83,644093.7,229195,40550517.77,14827555.75,0.5049,-0.0873,1.015,7.728,0.9775,1,0.04,100,4.04,14,9,0,0,0,Tier 3: Mid-Market Tradable (1-10 Cr/day)
DHANBANK,DHANLAXMI BANK LIMITED,INE680A01011,EQ,NORMAL,False,False,PARTIAL,2450,2016-08-22,2026-08-21,10.0,33.73,1524699.4,621526,40460260.12,13474629.0,0.4774,0.1533,1.276,13.369,0.8235,0,0.0,3,0.12,11,0,0,0,1,Tier 3: Mid-Market Tradable (1-10 Cr/day)
SARTELE,SAR TELEVENTURE LIMITED,INE0PUC01020,SM,SME,False,False,PARTIAL,692,2023-11-08,2026-08-21,2.78,105.85,171032.5,95500,40449923.12,20189475.0,0.6524,0.1904,1.403,7.262,0.7473,0,0.0,9,1.3,0,0,0,0,0,Tier 3: Mid-Market Tradable (1-10 Cr/day)
UNIVCABLES,UNIVERSAL CABLES LTD,INE279A01012,EQ,NORMAL,False,False,PARTIAL,2476,2016-08-22,2026-08-21,10.0,1592.5,96060.8,44511,40400737.7,11748503.5,0.5307,0.4346,1.006,8.49,0.7778,0,0.0,1,0.04,10,9,0,0,0,Tier 3: Mid-Market Tradable (1-10 Cr/day)
WAAREEINDO,INDOSOLAR LIMITED,INE866K01023,EQ,NORMAL,False,False,PARTIAL,215,2025-06-19,2026-08-21,1.17,283.9,87786.9,55002,40356869.85,21548247.05,0.5784,0.7479,0.009,1.594,0.6011,0,0.0,33,15.35,4,0,0,0,0,Tier 3: Mid-Market Tradable (1-10 Cr/day)
BHARATWIRE,BHARAT WIRE ROPES LTD.,INE316L01019,EQ,NORMAL,False,False,PARTIAL,2476,2016-08-22,2026-08-21,10.0,188.79,232476.2,80382,40323748.06,9356766.6,0.5374,0.2942,1.054,7.404,0.9337,0,0.0,5,0.2,7,0,0,0,0,Tier 3: Mid-Market Tradable (1-10 Cr/day)
FRONTSP,FRONTIER SPRINGS LTD.,INE572D01014,EQ,NORMAL,False,False,PARTIAL,87,2026-04-20,2026-08-21,0.34,1278.4,27116.5,17138,40248559.59,25684986.6,0.5655,-0.3354,0.064,5.246,0.2884,0,0.0,0,0.0,0,0,0,0,0,Tier 3: Mid-Market Tradable (1-10 Cr/day)
KAMDHENU,KAMDHENU LIMITED,INE390H01020,BE,NORMAL,False,False,PARTIAL,2476,2016-08-22,2026-08-21,10.0,35.22,1251231.3,527450,40200993.89,10436241.15,0.5318,0.3327,-0.261,23.255,0.8354,0,0.0,7,0.28,12,10,1,0,0,Tier 3: Mid-Market Tradable (1-10 Cr/day)
RGL,RENAISSANCE GLOBAL LTD,INE722H01024,EQ,NORMAL,False,False,PARTIAL,2476,2016-08-22,2026-08-21,10.0,131.26,337247.5,110660,40122669.4,9497476.8,0.4919,0.2823,1.126,11.006,0.6059,0,0.0,0,0.0,15,3,1,0,0,Tier 3: Mid-Market Tradable (1-10 Cr/day)
ANDHRSUGAR,ANDHRA SUGARS LTD,INE715B01021,EQ,NORMAL,False,False,PARTIAL,2476,2016-08-22,2026-08-21,10.0,98.84,419344.8,205236,39931771.64,16887477.6,0.419,0.1682,0.51,8.709,0.8218,1,0.04,0,0.0,14,9,1,0,0,Tier 3: Mid-Market Tradable (1-10 Cr/day)
ANONDITA,ANONDITA MEDICARE LIMITED,INE0VTV01012,SM,SME,False,False,PARTIAL,220,2025-09-01,2026-08-21,0.97,1054.6,68570.9,27600,39737886.32,24903400.0,0.5596,1.6464,0.448,3.149,0.3639,0,0.0,28,12.73,0,0,0,0,0,Tier 3: Mid-Market Tradable (1-10 Cr/day)
STEELXIND,STEEL EXCHANGE INDIA LTD,INE503B01021,EQ,NORMAL,False,False,PARTIAL,2251,2017-07-20,2026-08-21,9.09,10.6,3400177.7,1568210,39711085.63,12803199.0,0.5586,0.1644,0.711,7.452,0.9272,0,0.0,47,2.09,14,0,1,0,0,Tier 3: Mid-Market Tradable (1-10 Cr/day)
ALPHA,KOTAKMAMC - KOTAKALPHA,INF174KA1IA5,EQ,NORMAL,False,False,PARTIAL,1153,2021-12-29,2026-08-21,4.64,54.14,855632.3,629758,39689693.72,28104045.52,0.2031,0.1213,-0.458,4.689,0.3384,0,0.0,0,0.0,0,0,0,0,0,Tier 3: Mid-Market Tradable (1-10 Cr/day)
SOTL,SAVITA OIL TECHNOLO. LTD,INE035D01020,EQ,NORMAL,False,False,PARTIAL,2476,2016-08-22,2026-08-21,10.0,677.3,97184.8,26143,39678412.68,7595627.2,0.3982,0.2481,0.929,10.803,0.696,0,0.0,0,0.0,18,10,1,0,0,Tier 3: Mid-Market Tradable (1-10 Cr/day)
SURAKSHA,SURAKSHA DIAGNOSTIC LTD,INE877V01027,EQ,NORMAL,False,False,PARTIAL,424,2024-12-06,2026-08-21,1.71,325.8,114462.9,36471,39677428.31,10978167.3,0.356,-0.0849,0.992,6.467,0.4555,0,0.0,0,0.0,0,0,0,0,0,Tier 3: Mid-Market Tradable (1-10 Cr/day)
SUNCLAY,SUNDARAM CLAYTON LIMITED,INE0Q3R01026,EQ,NORMAL,False,False,PARTIAL,657,2023-12-29,2026-08-21,2.64,1284.1,22833.6,9733,39360341.27,17324654.55,0.4186,0.0239,0.763,9.363,0.6053,0,0.0,0,0.0,3,3,0,0,0,Tier 3: Mid-Market Tradable (1-10 Cr/day)
MADRASFERT,MADRAS FERTILISERS LTD,INE414A01015,EQ,NORMAL,False,False,PARTIAL,2476,2016-08-22,2026-08-21,10.0,65.52,567402.6,177688,39357707.63,7336210.69,0.5703,0.31,1.37,8.979,0.8239,0,0.0,7,0.28,9,0,0,0,0,Tier 3: Mid-Market Tradable (1-10 Cr/day)
PARACABLES,PARAMOUNT COMM LTD,INE074B01023,EQ,NORMAL,False,False,PARTIAL,2476,2016-08-22,2026-08-21,10.0,62.5,733013.5,229733,39329027.48,3065622.0,0.5961,0.4655,1.051,6.727,0.7506,0,0.0,56,2.26,7,0,0,0,0,Tier 3: Mid-Market Tradable (1-10 Cr/day)
RPGLIFE,RPG LIFE SCIENCES LTD,INE105J01010,EQ,NORMAL,False,False,PARTIAL,2476,2016-08-22,2026-08-21,10.0,2636.6,53904.8,23144,39308729.12,16897693.05,0.4617,0.2877,1.285,11.662,0.742,1,0.04,0,0.0,10,10,0,0,0,Tier 3: Mid-Market Tradable (1-10 Cr/day)
ORIENTHOT,ORIENT HOTELS LTD,INE750A01020,EQ,NORMAL,False,False,PARTIAL,2476,2016-08-22,2026-08-21,10.0,138.67,415420.3,133626,39299532.25,9660885.0,0.4762,0.2877,1.567,10.808,0.7758,0,0.0,0,0.0,10,6,0,0,0,Tier 3: Mid-Market Tradable (1-10 Cr/day)
AONELIQUID,AONEAMC - AONELIQUID,INF1J2R01056,EQ,NORMAL,False,False,PARTIAL,346,2025-03-28,2026-08-21,1.4,1073.77,37357.3,19924,38766061.03,20615937.84,0.0021,0.0509,1.261,3.329,0.0,0,0.0,0,0.0,0,0,0,0,0,Tier 3: Mid-Market Tradable (1-10 Cr/day)
SATIA,SATIA INDUSTRIES LIMITED,INE170E01023,EQ,NORMAL,False,False,PARTIAL,1761,2019-07-17,2026-08-21,7.1,58.68,335079.7,148805,38717209.65,13899500.0,0.4156,0.0562,0.414,8.606,0.6696,0,0.0,0,0.0,13,10,1,0,0,Tier 3: Mid-Market Tradable (1-10 Cr/day)
DOLATALGO,DOLAT ALGOTECH LIMITED,INE966A01022,EQ,NORMAL,False,False,PARTIAL,1739,2019-08-20,2026-08-21,7.0,76.51,400475.1,186981,38362365.24,13668580.0,0.5191,0.2284,1.099,7.937,0.6756,0,0.0,0,0.0,13,7,0,0,0,Tier 3: Mid-Market Tradable (1-10 Cr/day)
ICELCO,IC ELECTRICALS COMPANY L,INE0XE501015,SM,SME,False,False,PARTIAL,31,2026-07-10,2026-08-21,0.11,139.9,232800.0,96000,38290105.16,13430400.0,0.6395,-1.6429,0.384,2.128,0.2384,0,0.0,0,0.0,0,0,0,0,0,Tier 3: Mid-Market Tradable (1-10 Cr/day)
BIRLANU,BIRLANU LIMITED,INE557A01011,EQ,NORMAL,False,False,PARTIAL,2476,2016-08-22,2026-08-21,10.0,1514.2,17933.7,10429,38176148.66,22454724.0,0.4101,0.1794,0.932,9.935,0.8176,0,0.0,0,0.0,18,18,0,0,0,Tier 3: Mid-Market Tradable (1-10 Cr/day)
VINDHYATEL,VINDHYA TELELINKS LTD,INE707A01012,EQ,NORMAL,False,False,PARTIAL,2476,2016-08-22,2026-08-21,10.0,2453.9,25194.9,12674,37988495.9,15663493.95,0.4493,0.2488,0.942,9.332,0.7912,0,0.0,0,0.0,10,10,0,0,0,Tier 3: Mid-Market Tradable (1-10 Cr/day)
VESUVIUS,VESUVIUS INDIA LTD,INE386A01023,EQ,NORMAL,False,False,PARTIAL,2476,2016-08-22,2026-08-21,10.0,439.4,139748.8,62497,37889960.51,11037700.0,0.3482,0.2135,1.166,11.505,0.4688,0,0.0,0,0.0,11,10,1,0,0,Tier 3: Mid-Market Tradable (1-10 Cr/day)
HCL-INSYS,HCL INFOSYSTEMS LTD,INE236A01020,EQ,NORMAL,False,False,PARTIAL,2476,2016-08-22,2026-08-21,10.0,11.09,1077547.5,478590,37738416.96,6620788.9,0.5023,-0.0112,1.243,8.157,0.9506,0,0.0,42,1.7,10,0,0,0,1,Tier 3: Mid-Market Tradable (1-10 Cr/day)
FAIRCHEMOR,FAIRCHEM ORGANICS LIMITED,INE0DNW01011,BE,PCA,False,False,PARTIAL,1403,2020-12-24,2026-08-21,5.66,659.95,30225.8,16166,37718169.96,18422559.15,0.4764,0.1141,1.016,10.42,0.8103,0,0.0,9,0.64,7,6,0,0,0,Tier 3: Mid-Market Tradable (1-10 Cr/day)
MOCAPITAL,MOTILALAMC - MOCAPITAL,INF247L01EV3,EQ,NORMAL,False,False,PARTIAL,356,2025-03-13,2026-08-21,1.44,54.44,766002.1,583444,37559683.59,27332856.6,0.2649,0.4732,0.373,4.064,0.1407,0,0.0,0,0.0,0,0,0,0,0,Tier 3: Mid-Market Tradable (1-10 Cr/day)
INDOBORAX,INDO BORAX & CHEMICAL LTD,INE803D01021,EQ,NORMAL,False,False,PARTIAL,1092,2022-03-29,2026-08-21,4.4,511.85,145159.0,51407,37558794.79,9269723.34,0.4806,0.3998,1.173,9.089,0.4437,0,0.0,1,0.09,7,5,0,0,0,Tier 3: Mid-Market Tradable (1-10 Cr/day)
TALBROAUTO,TALBROS AUTO. COMP. LTD,INE187D01029,EQ,NORMAL,False,False,PARTIAL,2476,2016-08-22,2026-08-21,10.0,413.4,295142.9,115964,37330231.11,12579758.5,0.4915,0.4049,1.343,8.879,0.7973,0,0.0,1,0.04,16,15,1,0,0,Tier 3: Mid-Market Tradable (1-10 Cr/day)
RIR,RIR POWER ELECTRONICS L,INE302D01024,EQ,NORMAL,False,False,PARTIAL,27,2026-07-16,2026-08-21,0.1,164.93,219492.3,101793,37298448.83,15825853.73,0.4986,0.1738,1.673,7.63,0.0702,0,0.0,0,0.0,0,0,0,0,0,Tier 3: Mid-Market Tradable (1-10 Cr/day)
GOLDAXIS,AXISAMC-GOLDAXIS,INF846K01W80,EQ,NORMAL,False,False,PARTIAL,2474,2016-08-22,2026-08-21,10.0,132.27,381500.4,60836,37240496.85,2855145.97,0.1877,0.174,1.222,52.011,0.2653,0,0.0,0,0.0,0,0,0,0,0,Tier 3: Mid-Market Tradable (1-10 Cr/day)
URJA,URJA GLOBAL LIMITED,INE550C01020,EQ,NORMAL,False,False,PARTIAL,2303,2017-03-28,2026-08-21,9.4,9.35,2874690.0,1305937,37023909.3,9907203.3,0.5681,0.3788,0.825,6.494,0.9045,0,0.0,275,11.94,10,0,0,0,1,Tier 3: Mid-Market Tradable (1-10 Cr/day)
HMAAGRO,HMA AGRO INDUSTRIES LTD,INE0ECP01024,EQ,NORMAL,False,False,PARTIAL,779,2023-07-04,2026-08-21,3.13,21.97,756369.6,336070,36990802.01,14679879.75,0.3913,-0.2415,0.661,6.868,0.7557,0,0.0,0,0.0,4,3,1,0,0,Tier 3: Mid-Market Tradable (1-10 Cr/day)
GUFICBIO,GUFIC BIOSCIENCES LTD.,INE742B01025,EQ,NORMAL,False,False,PARTIAL,2476,2016-08-22,2026-08-21,10.0,431.5,197315.2,89700,36962756.86,16081683.2,0.4792,0.3578,1.333,8.531,0.7533,0,0.0,0,0.0,10,10,0,0,0,Tier 3: Mid-Market Tradable (1-10 Cr/day)
SUYOG,SUYOG TELEMATICS LIMITED,INE442P01014,EQ,NORMAL,False,False,PARTIAL,500,2024-08-20,2026-08-21,2.0,748.8,34599.7,24121,36961493.66,21499606.4,0.4688,-0.2324,0.011,8.133,0.7211,1,0.2,10,2.0,2,2,0,0,0,Tier 3: Mid-Market Tradable (1-10 Cr/day)
ONEPOINT,ONE POINT ONE SOL LTD,INE840Y01029,EQ,NORMAL,False,False,PARTIAL,1808,2019-05-09,2026-08-21,7.29,56.17,847946.4,412409,36798097.63,7820743.6,0.5739,0.4972,0.308,6.774,0.7961,0,0.0,74,4.09,8,1,1,1,0,Tier 3: Mid-Market Tradable (1-10 Cr/day)
DHARMAJ,DHARMAJ CROP GUARD LTD,INE00OQ01016,EQ,NORMAL,False,False,PARTIAL,919,2022-12-08,2026-08-21,3.7,270.0,147290.9,73408,36776400.61,18180451.0,0.4382,0.0989,0.603,8.735,0.5346,0,0.0,11,1.2,0,0,0,0,0,Tier 3: Mid-Market Tradable (1-10 Cr/day)
JAYKAY,JAYKAY ENTERPRISES LTD,INE903A01025,EQ,NORMAL,False,False,PARTIAL,178,2025-12-03,2026-08-21,0.71,154.96,215906.5,125210,36748923.12,21049928.38,0.599,-0.2652,0.206,7.957,0.4411,0,0.0,0,0.0,0,0,0,0,0,Tier 3: Mid-Market Tradable (1-10 Cr/day)
UTTAMSUGAR,UTTAM SUGAR MILLS LTD.,INE786F01031,EQ,NORMAL,False,False,PARTIAL,2476,2016-08-22,2026-08-21,10.0,323.3,163644.9,81778,36744539.85,13757810.0,0.571,0.3393,1.297,8.766,0.8011,0,0.0,7,0.28,10,4,0,0,0,Tier 3: Mid-Market Tradable (1-10 Cr/day)
VEEDOL,VEEDOL CORPORATION LTD,INE484C01030,EQ,NORMAL,False,False,PARTIAL,2476,2016-08-22,2026-08-21,10.0,1502.5,24487.1,10350,36722423.61,12743036.8,0.3136,0.0834,1.797,16.982,0.7678,0,0.0,10,0.4,31,29,1,1,0,Tier 3: Mid-Market Tradable (1-10 Cr/day)
NOVAAGRI,NOVA AGRITECH LIMITED,INE02H701025,BE,NORMAL,False,False,PARTIAL,635,2024-01-31,2026-08-21,2.55,24.5,564887.2,174785,36645991.15,8869924.44,0.4958,-0.2208,1.414,10.713,0.7962,0,0.0,6,0.94,1,0,0,0,0,Tier 3: Mid-Market Tradable (1-10 Cr/day)
ATALREAL,ATAL REALTECH LIMITED,INE0ALR01029,EQ,NORMAL,False,False,PARTIAL,1266,2020-10-15,2026-08-21,5.85,33.48,1697775.7,720000,36629267.53,9225600.0,0.58,0.569,0.453,8.196,0.7549,0,0.0,84,6.64,3,0,1,0,1,Tier 3: Mid-Market Tradable (1-10 Cr/day)
CENTUM,CENTUM ELECTRONICS LTD,INE320B01020,EQ,NORMAL,False,False,PARTIAL,2476,2016-08-22,2026-08-21,10.0,3439.0,24002.0,10200,36623038.32,6405637.05,0.5151,0.3249,1.213,9.607,0.7617,0,0.0,0,0.0,15,14,0,0,0,Tier 3: Mid-Market Tradable (1-10 Cr/day)
SECURKLOUD,SECUREKLOUD TECH LIMITED,INE650K01021,EQ,NORMAL,False,False,PARTIAL,2292,2016-08-22,2026-08-21,10.0,17.68,121599.5,45456,36617172.43,3616627.0,0.6074,-0.2305,0.925,7.452,0.9834,1,0.04,164,7.16,4,1,1,0,0,Tier 3: Mid-Market Tradable (1-10 Cr/day)
SADBHAV,SADBHAV ENGINEERING LTD,INE226H01026,EQ,NORMAL,False,False,PARTIAL,2476,2016-08-22,2026-08-21,10.0,8.0,587843.0,261952,36350361.34,14440453.0,0.5077,-0.237,0.738,6.453,0.9858,0,0.0,160,6.46,9,3,0,0,0,Tier 3: Mid-Market Tradable (1-10 Cr/day)
METAL,MIRAEAMC - METAL,INF769K01LY7,EQ,NORMAL,False,False,PARTIAL,464,2024-10-09,2026-08-21,1.86,13.29,3129812.9,1260550,36319510.94,12436009.68,0.2412,0.1961,-0.368,6.529,0.2077,0,0.0,0,0.0,0,0,0,0,0,Tier 3: Mid-Market Tradable (1-10 Cr/day)
SEAMECLTD,SEAMEC LIMITED,INE497B01018,EQ,NORMAL,False,False,PARTIAL,2476,2016-08-22,2026-08-21,10.0,1674.3,47731.7,19364,36112496.58,9909891.6,0.4704,0.4046,0.954,9.31,0.6221,0,0.0,1,0.04,7,4,0,0,0,Tier 3: Mid-Market Tradable (1-10 Cr/day)
BORANA,BORANA WEAVES LIMITED,INE16SF01016,EQ,NORMAL,False,False,PARTIAL,309,2025-05-27,2026-08-21,1.23,307.95,133143.7,57024,36038549.37,17033419.35,0.3957,0.2314,0.43,3.552,0.2799,0,0.0,1,0.32,0,0,0,0,0,Tier 3: Mid-Market Tradable (1-10 Cr/day)
SHARDAMOTR,SHARDA MOTOR INDS LTD,INE597I01028,EQ,NORMAL,False,False,PARTIAL,2476,2016-08-22,2026-08-21,10.0,913.1,66608.6,33374,35971225.67,10138368.0,0.4886,0.3111,1.511,13.084,0.8193,0,0.0,0,0.0,16,10,1,1,0,Tier 3: Mid-Market Tradable (1-10 Cr/day)
LIBERTSHOE,LIBERTY SHOES LTD,INE557B01019,EQ,NORMAL,False,False,PARTIAL,2476,2016-08-22,2026-08-21,10.0,246.75,170316.4,60204,35722322.25,11795925.5,0.4964,0.1552,1.481,9.544,0.7705,0,0.0,3,0.12,10,1,0,0,0,Tier 3: Mid-Market Tradable (1-10 Cr/day)
MYSORPETRO,MYSORE PETRO CHEMICALS L,INE741A01011,EQ,NORMAL,False,False,PARTIAL,4,2026-08-18,2026-08-21,0.01,166.11,224279.2,358902,35612949.65,59617211.22,1.7984,33.9091,-0.385,0.667,0.0,0,0.0,0,0.0,0,0,0,0,0,Tier 3: Mid-Market Tradable (1-10 Cr/day)
RUSHIL,RUSHIL DECOR LIMITED,INE573K01025,EQ,NORMAL,False,False,PARTIAL,2476,2016-08-22,2026-08-21,10.0,17.07,929610.6,459890,35396008.24,14043069.0,0.5337,0.0626,0.938,7.835,0.9427,0,0.0,21,0.85,13,10,1,0,2,Tier 3: Mid-Market Tradable (1-10 Cr/day)
FMCGIETF,ICICIPRAMC - ICICIFMCG,INF109KC19V3,EQ,NORMAL,False,False,PARTIAL,1249,2021-08-10,2026-08-21,5.03,51.2,622759.3,226500,35246523.09,11445022.38,0.1339,0.0773,0.114,4.532,0.3009,0,0.0,0,0.0,0,0,0,0,0,Tier 3: Mid-Market Tradable (1-10 Cr/day)
MIDCAPETF,MIRAEAMC - MAM150ETF,INF769K01IC9,EQ,NORMAL,False,False,PARTIAL,1101,2022-03-15,2026-08-21,4.44,23.94,1748725.1,1054159,35212892.99,20500351.48,0.1635,0.2029,-0.638,6.281,0.2081,0,0.0,0,0.0,0,0,0,0,0,Tier 3: Mid-Market Tradable (1-10 Cr/day)
GLOTTIS,GLOTTIS LIMITED,INE0TQE01026,EQ,NORMAL,False,False,PARTIAL,217,2025-10-07,2026-08-21,0.87,66.66,494478.2,181406,35208889.12,9992771.98,0.4715,-0.1591,2.303,15.893,0.5444,0,0.0,0,0.0,0,0,0,0,0,Tier 3: Mid-Market Tradable (1-10 Cr/day)
VIVIDEL,VIVID ELECTROMECH LIMITED,INE24H301028,SM,SME,False,False,PARTIAL,95,2026-04-07,2026-08-21,0.37,1559.6,40256.8,23760,35180723.12,26748540.0,0.5242,2.8822,-0.488,2.697,0.1743,0,0.0,3,3.16,0,0,0,0,0,Tier 3: Mid-Market Tradable (1-10 Cr/day)
ANDHRAPAP,ANDHRA PAPER LIMITED,INE435A01051,EQ,NORMAL,False,False,PARTIAL,2476,2016-08-22,2026-08-21,10.0,59.96,426323.3,196645,35104771.86,13500266.0,0.3743,0.0738,0.743,10.556,0.7935,0,0.0,3,0.12,7,6,1,0,0,Tier 3: Mid-Market Tradable (1-10 Cr/day)
RKSWAMY,R K SWAMY LIMITED,INE0NQ801033,EQ,NORMAL,False,False,PARTIAL,606,2024-03-12,2026-08-21,2.44,95.45,150037.2,57702,35054929.02,9332550.76,0.4293,-0.3288,-0.071,5.656,0.778,0,0.0,0,0.0,4,3,0,0,0,Tier 3: Mid-Market Tradable (1-10 Cr/day)
JSWHL,JSW HOLDINGS LIMITED,INE824G01012,EQ,NORMAL,False,False,PARTIAL,2476,2016-08-22,2026-08-21,10.0,11289.0,5164.7,1751,35017800.94,6310667.3,0.3974,0.2978,1.354,11.777,0.5967,0,0.0,0,0.0,8,0,0,0,0,Tier 3: Mid-Market Tradable (1-10 Cr/day)
CELLECOR,CELLECOR GADGETS LIMITED,INE0OMO01025,SM,SME,False,False,PARTIAL,719,2023-09-28,2026-08-21,2.9,31.4,966475.7,507000,34828545.69,17472600.0,0.5867,0.5856,0.223,5.609,0.7057,0,0.0,10,1.39,0,0,0,0,0,Tier 3: Mid-Market Tradable (1-10 Cr/day)
BHARATRAS,BHARAT RASAYAN LTD,INE838B01021,EQ,NORMAL,False,False,PARTIAL,2476,2016-08-22,2026-08-21,10.0,1295.0,15251.3,7236,34659984.89,14096940.0,0.4536,0.2263,1.772,13.809,0.659,0,0.0,0,0.0,15,10,1,1,0,Tier 3: Mid-Market Tradable (1-10 Cr/day)
GNRL,GUJARAT NATURAL RES L,INE207H01018,EQ,NORMAL,False,False,PARTIAL,87,2026-04-20,2026-08-21,0.34,101.9,324571.6,83489,34359191.48,8087971.08,0.5398,0.2053,2.903,16.5,0.1959,0,0.0,0,0.0,0,0,0,0,0,Tier 3: Mid-Market Tradable (1-10 Cr/day)
PPL,PRAKASH PIPES LIMITED,INE050001010,BE,NORMAL,False,False,PARTIAL,1784,2019-06-14,2026-08-21,7.19,271.6,135547.5,74752,34348661.29,15379480.35,0.4907,0.2677,0.96,8.981,0.7922,0,0.0,12,0.67,8,8,0,0,0,Tier 3: Mid-Market Tradable (1-10 Cr/day)
DBEIL,DEEPAK BUILDERS & ENG I L,INE0OPA01027,BE,NORMAL,False,False,PARTIAL,451,2024-10-28,2026-08-21,1.81,6.66,2167817.0,643020,34318145.1,7247406.0,0.4607,-0.3927,0.844,7.296,0.7376,0,0.0,1,0.22,2,1,1,0,0,Tier 3: Mid-Market Tradable (1-10 Cr/day)
ARVSMART,ARVIND SMARTSPACES LTD,INE034S01021,EQ,NORMAL,False,False,PARTIAL,2476,2016-08-22,2026-08-21,10.0,667.0,112642.9,45671,34311771.49,10990426.5,0.4603,0.3173,1.208,8.581,0.7167,0,0.0,0,0.0,10,4,0,0,0,Tier 3: Mid-Market Tradable (1-10 Cr/day)
INFOBEAN,INFOBEANS TECHNO. LTD.,INE344S01016,EQ,NORMAL,False,False,PARTIAL,2164,2017-05-02,2026-08-21,9.3,157.5,260642.0,82168,34263150.48,6446104.0,0.5355,0.3971,1.028,7.854,0.6586,0,0.0,103,4.76,13,7,0,1,0,Tier 3: Mid-Market Tradable (1-10 Cr/day)
HNDFDS,HINDUSTAN FOODS LIMITED,INE254N01026,EQ,NORMAL,False,False,PARTIAL,1739,2019-08-20,2026-08-21,7.0,644.8,72864.9,41932,34213709.97,18624793.6,0.3917,0.3742,1.4,10.217,0.4526,0,0.0,5,0.29,7,0,1,0,0,Tier 3: Mid-Market Tradable (1-10 Cr/day)
FOODSIN,FOODS & INNS LIMITED,INE976E01023,EQ,NORMAL,False,False,PARTIAL,1183,2021-11-16,2026-08-21,4.76,54.43,250721.9,133367,34175247.09,13482148.86,0.5131,0.0227,1.127,7.162,0.789,0,0.0,0,0.0,4,4,0,0,0,Tier 3: Mid-Market Tradable (1-10 Cr/day)
GGBL,GANESH GREEN BHARAT LTD,INE0R8C01018,SM,SME,False,False,PARTIAL,524,2024-07-12,2026-08-21,2.11,238.35,80294.1,43800,34136406.53,16330335.0,0.5609,-0.0687,0.724,5.253,0.6424,0,0.0,22,4.2,0,0,0,0,0,Tier 3: Mid-Market Tradable (1-10 Cr/day)
ATL,ALLCARGO TERMINALS LTD,INE0NN701020,EQ,NORMAL,False,False,PARTIAL,752,2023-08-10,2026-08-21,3.03,24.86,740320.4,377470,34076171.18,13019053.71,0.4952,-0.0832,1.198,8.953,0.7628,0,0.0,3,0.4,2,1,0,0,1,Tier 3: Mid-Market Tradable (1-10 Cr/day)
SADHNANIQ,SADHANA NITROCHEM LIMITED,INE888C01040,BE,PCA,False,False,PARTIAL,820,2023-05-08,2026-08-21,3.29,2.97,1524794.1,444284,33972956.14,11850217.6,0.6734,-0.7946,-5.089,93.491,0.9888,1,0.12,121,14.76,8,3,0,1,2,Tier 3: Mid-Market Tradable (1-10 Cr/day)
MOLDTKPAC,MOLD-TEK PACKAGING LTD,INE893J01029,EQ,NORMAL,False,False,PARTIAL,2476,2016-08-22,2026-08-21,10.0,708.95,58177.8,37567,33833094.63,19804383.9,0.3549,0.1911,0.366,9.071,0.6145,0,0.0,0,0.0,21,19,0,0,1,Tier 3: Mid-Market Tradable (1-10 Cr/day)
BRIGHOTEL,BRIGADE HOTEL VENTURE LTD,INE03NU01014,EQ,NORMAL,False,False,PARTIAL,262,2025-07-31,2026-08-21,1.06,59.13,427944.1,125344,33795194.76,8529294.12,0.2503,-0.3226,0.197,6.929,0.3873,0,0.0,0,0.0,0,0,0,0,0,Tier 3: Mid-Market Tradable (1-10 Cr/day)
MCLEODRUSS,MCLEOD RUSSEL INDIA LTD.,INE942G01012,EQ,NORMAL,False,False,PARTIAL,2476,2016-08-22,2026-08-21,10.0,49.31,666126.9,361421,33786874.5,14276325.0,0.5399,0.0098,0.355,4.72,0.9919,0,0.0,156,6.3,3,2,0,0,0,Tier 3: Mid-Market Tradable (1-10 Cr/day)
VISAKAIND,VISAKA INDUSTRIES LIMITED,INE392A01021,EQ,NORMAL,False,False,PARTIAL,2476,2016-08-22,2026-08-21,10.0,94.43,347984.7,182350,33648515.95,15072705.0,0.4651,0.2159,0.867,8.009,0.8773,0,0.0,3,0.12,17,15,1,0,0,Tier 3: Mid-Market Tradable (1-10 Cr/day)
BANKIETF,ICICIPRAMC - IPRU5008,INF109KC15I8,EQ,NORMAL,False,False,PARTIAL,1763,2019-07-15,2026-08-21,7.1,59.23,734725.7,181440,33597696.08,7175981.5,0.2262,0.1213,-0.163,12.543,0.4763,0,0.0,0,0.0,0,0,0,0,0,Tier 3: Mid-Market Tradable (1-10 Cr/day)
MOM30IETF,ICICIPRAMC - ICICIMOM30,INF109KC17C7,EQ,NORMAL,False,False,PARTIAL,1000,2022-08-10,2026-08-21,4.03,31.44,1050200.0,616185,33420692.09,19421760.68,0.488,-0.1025,-25.002,730.535,0.9115,0,0.0,0,0.0,0,0,0,0,0,Tier 3: Mid-Market Tradable (1-10 Cr/day)
NIFTYETF,MIRAEAMC - MAN50ETF,INF769K01EG9,EQ,NORMAL,False,False,PARTIAL,1897,2018-11-28,2026-08-21,7.73,264.18,141013.7,40623,33411254.79,7589900.26,0.2029,0.1373,-1.183,31.349,0.3902,0,0.0,35,1.85,0,0,0,0,0,Tier 3: Mid-Market Tradable (1-10 Cr/day)
ENERGY,MIRAEAMC - ENERGY,INF769K01PR2,EQ,NORMAL,False,False,PARTIAL,192,2025-11-13,2026-08-21,0.77,38.42,896025.0,539012,33359647.22,21219989.01,0.178,0.0932,-0.017,3.951,0.0916,0,0.0,0,0.0,0,0,0,0,0,Tier 3: Mid-Market Tradable (1-10 Cr/day)
TVSSRICHAK,TVS SRICHAKRA LIMITED,INE421C01016,EQ,NORMAL,False,False,PARTIAL,2476,2016-08-22,2026-08-21,10.0,4879.1,11490.6,5248,33277587.37,15303373.9,0.3672,0.1343,1.247,12.045,0.8038,0,0.0,0,0.0,11,9,0,0,0,Tier 3: Mid-Market Tradable (1-10 Cr/day)
DHABRIYA,DHABRIYA POLYWOOD LTD.,INE260R01016,BE,NORMAL,False,False,PARTIAL,5,2026-08-17,2026-08-21,0.01,576.7,59070.8,59063,33251423.59,32794730.75,1.0586,9.0023,-0.309,1.14,0.0541,0,0.0,0,0.0,0,0,0,0,0,Tier 3: Mid-Market Tradable (1-10 Cr/day)
TNPETRO,TAMILNADU PETROPRODUCTS L,INE148A01019,EQ,NORMAL,False,False,PARTIAL,2476,2016-08-22,2026-08-21,10.0,115.21,409325.9,185430,33216430.66,12585501.05,0.4715,0.2805,1.282,9.311,0.7369,0,0.0,1,0.04,10,8,0,0,0,Tier 3: Mid-Market Tradable (1-10 Cr/day)
MANBA,MANBA FINANCE LIMITED,INE939X01013,EQ,NORMAL,False,False,PARTIAL,470,2024-09-30,2026-08-21,1.89,130.9,216698.8,79033,33194426.54,10622287.5,0.3689,-0.0147,1.512,11.323,0.4709,0,0.0,0,0.0,6,6,0,0,0,Tier 3: Mid-Market Tradable (1-10 Cr/day)
VISHNU,VISHNU CHEMICALS LIMITED,INE270I01022,EQ,NORMAL,False,False,PARTIAL,2476,2016-08-22,2026-08-21,10.0,629.25,134474.2,70080,32976154.87,11360313.75,0.4919,0.3847,1.088,9.675,0.8526,0,0.0,5,0.2,12,9,1,0,0,Tier 3: Mid-Market Tradable (1-10 Cr/day)
ADISOFT,ADISOFT TECHNOLOGIES LTD,INE20PL01012,SM,SME,False,False,PARTIAL,79,2026-04-30,2026-08-21,0.31,206.25,151038.0,57600,32835143.29,11070720.0,0.7256,0.1127,1.3,5.826,0.3479,0,0.0,1,1.27,0,0,0,0,0,Tier 3: Mid-Market Tradable (1-10 Cr/day)
OSIAHYPER,OSIA HYPER RETAIL LIMITED,INE06IR01021,BE,NORMAL,False,False,PARTIAL,924,2022-12-01,2026-08-21,3.72,2.87,953502.3,297123,32807298.25,6039722.24,0.5186,-0.5276,0.069,2.25,0.9684,0,0.0,168,18.18,3,0,1,0,0,Tier 3: Mid-Market Tradable (1-10 Cr/day)
WHEELS,WHEELS INDIA LTD,INE715A01015,EQ,NORMAL,False,False,PARTIAL,2476,2016-08-22,2026-08-21,10.0,1512.8,37139.8,10867,32723366.44,6963380.6,0.3878,0.1611,1.516,14.725,0.7744,0,0.0,0,0.0,18,17,0,1,0,Tier 3: Mid-Market Tradable (1-10 Cr/day)
WEL,WONDER ELECTRICALS LTD,INE02WG01024,EQ,NORMAL,False,False,PARTIAL,1356,2019-08-06,2026-08-21,7.04,141.27,311418.5,57080,32625575.82,1865820.0,0.5927,0.6923,-0.158,13.355,0.7065,0,0.0,187,13.79,6,5,1,0,0,Tier 3: Mid-Market Tradable (1-10 Cr/day)
NCLIND,NCL INDUSTRIES LIMITED,INE732C01016,EQ,NORMAL,False,False,PARTIAL,2476,2016-08-22,2026-08-21,10.0,174.0,180692.7,95814,32501499.8,17322197.5,0.4037,0.1216,0.575,6.486,0.8167,0,0.0,0,0.0,20,20,0,0,0,Tier 3: Mid-Market Tradable (1-10 Cr/day)
SYSTMTXC,SYSTEMATIX CORP SERVICE L,INE356B01024,BE,NORMAL,False,False,PARTIAL,218,2025-10-06,2026-08-21,0.87,57.03,267139.0,71807,32497481.02,6381624.56,0.4785,-0.9218,-0.905,10.171,0.6879,0,0.0,0,0.0,0,0,0,0,0,Tier 3: Mid-Market Tradable (1-10 Cr/day)
NAVNETEDUL,NAVNEET EDUCATION LTD,INE060A01024,EQ,NORMAL,False,False,PARTIAL,2476,2016-08-22,2026-08-21,10.0,133.62,255141.0,123522,32475161.93,14757676.56,0.3523,0.0869,1.159,11.606,0.7451,0,0.0,0,0.0,17,13,0,0,0,Tier 3: Mid-Market Tradable (1-10 Cr/day)
NACLIND,NACL INDUSTRIES LIMITED,INE295D01020,EQ,NORMAL,False,False,PARTIAL,2322,2017-04-07,2026-08-21,9.37,169.97,274596.7,99049,32380768.46,6157153.65,0.522,0.3176,0.858,8.139,0.7375,0,0.0,13,0.56,16,13,0,0,1,Tier 3: Mid-Market Tradable (1-10 Cr/day)
GROWWDEFNC,GROWWAMC - GROWWDEFNC,INF666M01IO8,EQ,NORMAL,False,False,PARTIAL,462,2024-10-11,2026-08-21,1.86,98.35,404465.2,278236,32362356.19,22044869.89,0.2796,0.2435,0.162,4.254,0.2694,0,0.0,0,0.0,0,0,0,0,0,Tier 3: Mid-Market Tradable (1-10 Cr/day)
NPST,NETWORK PEOPLE SRV TECH L,INE0FFK01017,EQ,NORMAL,False,False,PARTIAL,1118,2021-08-10,2026-08-21,5.03,1588.5,28514.0,14599,32347250.57,15554856.8,0.6298,1.1189,0.566,5.375,0.7499,0,0.0,106,9.48,1,1,0,0,0,Tier 3: Mid-Market Tradable (1-10 Cr/day)
STCINDIA,THE STATE TRADING CORPN,INE655A01013,EQ,NORMAL,False,False,PARTIAL,2476,2016-08-22,2026-08-21,10.0,121.21,214777.2,72650,32298161.86,8352858.8,0.559,0.1536,1.325,9.694,0.8951,0,0.0,11,0.44,10,0,0,0,0,Tier 3: Mid-Market Tradable (1-10 Cr/day)
MONOLITH,MONOLITHISCH INDIA LTD,INE1DV401010,SM,SME,False,False,PARTIAL,292,2025-06-19,2026-08-21,1.17,999.4,72829.6,29500,32244965.37,15411200.0,0.5421,1.3684,1.507,8.285,0.3546,0,0.0,1,0.34,0,0,0,0,0,Tier 3: Mid-Market Tradable (1-10 Cr/day)
SWARAJENG,SWARAJ ENGINES LTD,INE277A01016,EQ,NORMAL,False,False,PARTIAL,2476,2016-08-22,2026-08-21,10.0,3569.8,12935.6,6454,32232691.66,12239251.2,0.304,0.1611,0.978,11.215,0.6511,0,0.0,0,0.0,11,10,0,0,0,Tier 3: Mid-Market Tradable (1-10 Cr/day)
SOMANYCERA,SOMANY CERAMICS LIMITED,INE355A01028,EQ,NORMAL,False,False,PARTIAL,2476,2016-08-22,2026-08-21,10.0,520.15,67374.7,31877,32217871.5,15075419.2,0.4055,0.0685,0.335,11.438,0.9159,0,0.0,0,0.0,14,11,0,0,0,Tier 3: Mid-Market Tradable (1-10 Cr/day)
VIKASECO,VIKAS ECOTECH LIMITED,INE806A01020,EQ,NORMAL,False,False,PARTIAL,2475,2016-08-22,2026-08-21,10.0,1.08,5785310.0,3140632,32175977.09,13797067.9,0.583,-0.0341,0.799,6.432,0.9789,0,0.0,168,6.79,12,4,0,0,2,Tier 3: Mid-Market Tradable (1-10 Cr/day)
ESFL,ESSEN SPECIALITY FILMS L,INE0ITO01014,SM,SME,False,False,PARTIAL,777,2023-07-06,2026-08-21,3.13,121.95,119877.5,51842,32146437.77,12040746.4,0.5651,0.1551,0.9,6.84,0.8486,0,0.0,25,3.22,0,0,0,0,0,Tier 3: Mid-Market Tradable (1-10 Cr/day)
IBULLSLTD,INDIABULLS LIMITED,INE126M01010,EQ,NORMAL,False,False,PARTIAL,2419,2016-08-22,2026-08-21,10.0,25.58,879240.9,156711,32027225.28,8317928.0,0.6294,0.1953,0.545,4.666,0.9906,0,0.0,194,8.02,11,1,0,0,0,Tier 3: Mid-Market Tradable (1-10 Cr/day)
SUMEETINDS,SUMEET IND LIMITED,INE235C01036,EQ,NORMAL,False,False,PARTIAL,292,2025-06-19,2026-08-21,1.17,13.52,1320863.0,141207,32016943.42,3988958.4,0.9376,-0.395,-8.101,109.549,0.79,0,0.0,50,17.12,13,0,1,1,2,Tier 3: Mid-Market Tradable (1-10 Cr/day)
KOVAI,KOVAI MEDICAL CENTER & HO,INE177F01017,EQ,NORMAL,False,False,PARTIAL,87,2026-04-20,2026-08-21,0.34,6034.5,5481.8,4105,31982533.16,24197358.0,0.2795,0.3167,0.515,6.115,0.1035,0,0.0,0,0.0,5,4,0,0,0,Tier 3: Mid-Market Tradable (1-10 Cr/day)
AUTOAXLES,AUTOMOTIVE AXLES LIMITED,INE449A01011,EQ,NORMAL,False,False,PARTIAL,2476,2016-08-22,2026-08-21,10.0,1744.8,22114.1,12322,31913793.2,16971997.2,0.3988,0.1811,1.07,10.187,0.7972,0,0.0,0,0.0,11,11,0,0,0,Tier 3: Mid-Market Tradable (1-10 Cr/day)
BHAGCHEM,BHAGIRADHA CHEM & INDS L,INE414D01027,EQ,NORMAL,False,False,PARTIAL,1203,2021-10-18,2026-08-21,4.84,280.2,143218.2,70933,31890769.28,13582926.0,0.4293,0.3737,1.073,8.563,0.5989,0,0.0,0,0.0,9,7,1,0,1,Tier 3: Mid-Market Tradable (1-10 Cr/day)
DCMSRIND,DCM SHRIRAM IND LTD,INE843D01027,EQ,NORMAL,False,False,PARTIAL,1156,2021-12-24,2026-08-21,4.66,51.24,245579.7,144094,31814225.07,17118702.0,0.5528,0.0809,-6.175,131.226,0.862,0,0.0,1,0.09,10,6,0,0,0,Tier 3: Mid-Market Tradable (1-10 Cr/day)
KMCSHIL,K M C SPECIALITY HOSP I L,INE879K01018,EQ,NORMAL,False,False,PARTIAL,5,2026-08-17,2026-08-21,0.01,141.65,224774.2,132475,31778005.29,18142451.25,0.4562,-0.576,0.137,1.102,0.0432,0,0.0,0,0.0,0,0,0,0,0,Tier 3: Mid-Market Tradable (1-10 Cr/day)
KABRAEXTRU,KABRA EXTRUSION TECHNIK L,INE900B01029,EQ,NORMAL,False,False,PARTIAL,2476,2016-08-22,2026-08-21,10.0,566.2,101602.0,39146,31664870.68,8777587.2,0.52,0.3006,1.153,8.011,0.7759,0,0.0,0,0.0,11,8,0,0,0,Tier 3: Mid-Market Tradable (1-10 Cr/day)
ACCELYA,ACCELYA SOLN INDIA LTD,INE793A01012,EQ,NORMAL,False,False,PARTIAL,2476,2016-08-22,2026-08-21,10.0,1138.6,23721.0,9361,31624491.99,11312467.6,0.3218,0.0412,0.535,11.249,0.5822,1,0.04,0,0.0,19,19,0,0,0,Tier 3: Mid-Market Tradable (1-10 Cr/day)
TASTYBITE,TASTY BITE EATABLES LTD,INE488B01017,EQ,NORMAL,False,False,PARTIAL,2332,2017-03-23,2026-08-21,9.41,10135.5,2786.7,1374,31599362.33,14455400.75,0.4005,0.1614,1.778,13.501,0.6836,0,0.0,0,0.0,10,10,0,0,0,Tier 3: Mid-Market Tradable (1-10 Cr/day)
FMGOETZE,FEDERAL-MOGUL GOETZE (IND,INE529A01010,EQ,NORMAL,False,False,PARTIAL,2476,2016-08-22,2026-08-21,10.0,472.1,81451.8,29758,31511635.08,10884587.4,0.3667,0.0756,0.926,13.872,0.6842,0,0.0,6,0.24,8,0,0,0,0,Tier 3: Mid-Market Tradable (1-10 Cr/day)
RADIANTCMS,RADIANT CASH MGMT SER LTD,INE855R01021,EQ,NORMAL,False,False,PARTIAL,900,2023-01-04,2026-08-21,3.63,34.52,380614.7,196688,31479645.17,13084098.7,0.3512,-0.2507,1.289,15.317,0.7029,0,0.0,0,0.0,4,4,0,0,0,Tier 3: Mid-Market Tradable (1-10 Cr/day)
SBGLP,SURATWWALA BUS GROUP LTD,INE05ST01028,EQ,NORMAL,False,False,PARTIAL,875,2023-02-10,2026-08-21,3.53,24.8,406752.7,163013,31391054.21,5412271.5,0.4935,0.1562,-0.303,10.159,0.866,1,0.11,47,5.37,3,1,1,0,0,Tier 3: Mid-Market Tradable (1-10 Cr/day)
APS,AUSTRALIAN PREM SOLAR I L,INE0P0001010,SM,SME,False,False,PARTIAL,643,2024-01-18,2026-08-21,2.59,259.85,82167.2,40500,31244987.85,17724237.5,0.5803,0.3877,1.11,7.068,0.6389,0,0.0,26,4.04,0,0,0,0,0,Tier 3: Mid-Market Tradable (1-10 Cr/day)
BASILIC,BASILIC FLY STUDIO LTD,INE0OCC01013,SM,SME,False,False,PARTIAL,731,2023-09-11,2026-08-21,2.94,190.3,86210.0,39600,31106499.83,13887600.0,0.5596,0.0152,0.807,7.638,0.7366,0,0.0,26,3.56,0,0,0,0,0,Tier 3: Mid-Market Tradable (1-10 Cr/day)
CANTABIL,CANTABIL RETAIL LTD,INE068L01024,EQ,NORMAL,False,False,PARTIAL,2476,2016-08-22,2026-08-21,10.0,244.81,254795.8,120635,31074573.52,16903083.0,0.462,0.3904,1.51,11.493,0.4931,0,0.0,1,0.04,19,11,1,0,0,Tier 3: Mid-Market Tradable (1-10 Cr/day)
CENTENKA,CENTURY ENKA LTD,INE485A01015,EQ,NORMAL,False,False,PARTIAL,2476,2016-08-22,2026-08-21,10.0,569.15,75154.5,34837,31061564.73,12673421.8,0.4004,0.1764,0.895,10.351,0.754,0,0.0,0,0.0,10,10,0,0,0,Tier 3: Mid-Market Tradable (1-10 Cr/day)
AMRUTANJAN,AMRUTAJAN HEALTH LTD,INE098F01031,EQ,NORMAL,False,False,PARTIAL,2476,2016-08-22,2026-08-21,10.0,536.35,57111.7,23241,31054802.46,13322912.1,0.3706,0.1585,1.405,13.809,0.5078,1,0.04,0,0.0,33,28,1,0,0,Tier 3: Mid-Market Tradable (1-10 Cr/day)
GROWWLIQID,GROWWAMC - GROWWLIQID,INF666M01IP5,EQ,NORMAL,False,False,PARTIAL,472,2024-09-26,2026-08-21,1.9,110.45,291914.6,171305,31024900.0,18457251.89,0.0025,0.0525,1.219,3.857,0.0001,0,0.0,0,0.0,0,0,0,0,0,Tier 3: Mid-Market Tradable (1-10 Cr/day)
LUMAXIND,LUMAX INDUSTRIES LTD,INE162B01018,EQ,NORMAL,False,False,PARTIAL,2476,2016-08-22,2026-08-21,10.0,5880.0,11554.5,6049,30979935.05,9848960.0,0.4179,0.3061,1.103,10.542,0.7127,0,0.0,0,0.0,12,11,0,0,0,Tier 3: Mid-Market Tradable (1-10 Cr/day)
BGRENERGY,BGR ENERGY SYSTEMS LTD,INE661I01014,BE,NORMAL,False,False,PARTIAL,2475,2016-08-22,2026-08-21,10.0,239.0,335631.2,122635,30941629.04,10124739.3,0.5703,0.2332,1.245,8.986,0.8924,0,0.0,142,5.74,1,0,0,0,0,Tier 3: Mid-Market Tradable (1-10 Cr/day)
OILIETF,ICICIPRAMC - OILIETF,INF109KC18W3,EQ,NORMAL,False,False,PARTIAL,517,2024-07-24,2026-08-21,2.08,11.32,2656590.9,1822248,30911037.89,21287180.76,0.1742,-0.0437,-0.046,3.646,0.2916,0,0.0,0,0.0,0,0,0,0,0,Tier 3: Mid-Market Tradable (1-10 Cr/day)
MPSLTD,MPS LIMITED,INE943D01017,EQ,NORMAL,False,False,PARTIAL,2476,2016-08-22,2026-08-21,10.0,2897.9,23567.1,11325,30902903.39,9724762.0,0.4415,0.2445,0.742,12.487,0.7765,0,0.0,2,0.08,14,9,0,0,0,Tier 3: Mid-Market Tradable (1-10 Cr/day)
INDSWFTLAB,IND SWIFT LABORATORIES LT,INE915B01019,EQ,NORMAL,False,False,PARTIAL,2476,2016-08-22,2026-08-21,10.0,329.59,252021.1,64343,30887750.08,4074212.55,0.535,0.3677,1.109,8.5,0.8501,0,0.0,35,1.41,9,0,0,0,0,Tier 3: Mid-Market Tradable (1-10 Cr/day)
JAGRAN,JAGRAN PRAKASHAN LIMITED,INE199G01027,EQ,NORMAL,False,False,PARTIAL,2476,2016-08-22,2026-08-21,10.0,61.96,363214.3,184977,30864445.66,14758120.8,0.3455,-0.051,0.157,8.723,0.8305,0,0.0,0,0.0,15,7,0,0,0,Tier 3: Mid-Market Tradable (1-10 Cr/day)
COMSYN,COMMERCIAL SYN BAGS LTD,INE073V01015,EQ,NORMAL,False,False,PARTIAL,639,2024-01-23,2026-08-21,2.58,286.17,191235.0,49251,30723924.74,4451210.01,0.4906,0.6001,0.711,11.793,0.4445,0,0.0,9,1.41,2,1,0,0,0,Tier 3: Mid-Market Tradable (1-10 Cr/day)
ICRA,ICRA LIMITED,INE725G01011,EQ,NORMAL,False,False,PARTIAL,2476,2016-08-22,2026-08-21,10.0,4964.8,6815.2,2444,30685829.9,11367709.2,0.2699,0.0685,1.709,18.597,0.5267,0,0.0,0,0.0,10,10,0,0,0,Tier 3: Mid-Market Tradable (1-10 Cr/day)
STERTOOLS,STERLING TOOLS LIMITED,INE334A01023,BE,NORMAL,False,False,PARTIAL,2476,2016-08-22,2026-08-21,10.0,223.0,88210.0,32665,30660971.21,8202410.2,0.4901,0.16,1.218,9.624,0.7813,0,0.0,0,0.0,16,10,0,0,0,Tier 3: Mid-Market Tradable (1-10 Cr/day)
HIRECT,HIRECT LIMITED,INE835D01023,EQ,NORMAL,False,False,PARTIAL,2476,2016-08-22,2026-08-21,10.0,1273.7,75930.6,28068,30546583.83,2575255.2,0.5516,0.4866,1.326,8.827,0.6472,0,0.0,9,0.36,11,7,0,1,1,Tier 3: Mid-Market Tradable (1-10 Cr/day)
TSFINV,TSF INVESTMENTS LIMITED,INE202Z01029,EQ,NORMAL,False,False,PARTIAL,2082,2018-03-27,2026-08-21,8.4,417.15,157100.4,83558,30511297.19,10561320.0,0.4336,0.1361,1.128,8.963,0.8857,0,0.0,13,0.62,18,17,0,0,1,Tier 3: Mid-Market Tradable (1-10 Cr/day)
KHAICHEM,KHAITAN CHEM & FERT LTD,INE745B01028,EQ,NORMAL,False,False,PARTIAL,1441,2020-10-30,2026-08-21,5.81,55.82,397321.5,199199,30447254.8,12919561.41,0.5476,0.2949,1.223,7.273,0.7136,0,0.0,14,0.97,6,6,0,0,0,Tier 3: Mid-Market Tradable (1-10 Cr/day)
IGPL,I G PETROCHEMICALS LTD,INE204A01010,EQ,NORMAL,False,False,PARTIAL,2476,2016-08-22,2026-08-21,10.0,475.2,61465.5,34363,30407284.07,15426387.6,0.4962,0.2313,0.869,8.179,0.8975,0,0.0,4,0.16,11,11,0,0,0,Tier 3: Mid-Market Tradable (1-10 Cr/day)
GROWWPOWER,GROWWAMC - GROWWPOWER,INF666M01LM6,EQ,NORMAL,False,False,PARTIAL,257,2025-08-07,2026-08-21,1.04,11.33,2686524.2,1619160,30369181.43,17066980.75,0.1997,0.1517,-0.147,3.973,0.1544,0,0.0,0,0.0,0,0,0,0,0,Tier 3: Mid-Market Tradable (1-10 Cr/day)
MUNJALAU,MUNJAL AUTO IND. LTD.,INE672B01032,EQ,NORMAL,False,False,PARTIAL,2476,2016-08-22,2026-08-21,10.0,115.35,365664.8,121762,30314807.72,7539694.65,0.4707,0.2091,1.38,9.598,0.7785,0,0.0,0,0.0,11,8,0,1,0,Tier 3: Mid-Market Tradable (1-10 Cr/day)
HPAL,HP ADHESIVES LIMITED,INE0GSL01024,EQ,NORMAL,False,False,PARTIAL,1155,2021-12-27,2026-08-21,4.65,35.03,355559.7,196650,30223466.7,15078557.25,0.4006,-0.0597,0.987,10.739,0.7869,0,0.0,2,0.17,3,2,1,0,0,Tier 3: Mid-Market Tradable (1-10 Cr/day)
RBZJEWEL,RBZ JEWELLERS LIMITED,INE0PEQ01016,EQ,NORMAL,False,False,PARTIAL,660,2023-12-27,2026-08-21,2.65,138.09,177282.1,81515,30210955.07,11479412.7,0.4917,0.2233,1.004,8.632,0.5905,1,0.15,47,7.12,0,0,0,0,0,Tier 3: Mid-Market Tradable (1-10 Cr/day)
INSECTICID,INSECTICIDES (I) LTD,INE070I01018,EQ,NORMAL,False,False,PARTIAL,2476,2016-08-22,2026-08-21,10.0,609.75,58618.6,32370,30047296.28,15815327.85,0.381,0.1386,0.233,8.677,0.767,0,0.0,0,0.0,14,10,0,1,0,Tier 3: Mid-Market Tradable (1-10 Cr/day)
XCHANGING,XCHANGING SOLUTIONS LTD,INE692G01013,EQ,NORMAL,False,False,PARTIAL,2476,2016-08-22,2026-08-21,10.0,61.25,291723.7,99602,30000440.73,7022976.45,0.4795,0.0628,0.79,13.423,0.7553,0,0.0,4,0.16,11,5,0,0,0,Tier 3: Mid-Market Tradable (1-10 Cr/day)
BUTTERFLY,BTRFLY GANDHI APPL LTD,INE295F01017,EQ,NORMAL,False,False,PARTIAL,2476,2016-08-22,2026-08-21,10.0,647.4,53323.7,16325,29918985.23,8294016.5,0.499,0.2569,1.342,9.919,0.8606,0,0.0,8,0.32,8,3,0,0,0,Tier 3: Mid-Market Tradable (1-10 Cr/day)
SPAL,S. P. APPARELS LIMITED,INE212I01016,EQ,NORMAL,False,False,PARTIAL,2476,2016-08-22,2026-08-21,10.0,930.45,59367.3,26796,29917868.35,11399349.5,0.4899,0.2348,1.035,8.57,0.8774,0,0.0,1,0.04,10,5,0,0,0,Tier 3: Mid-Market Tradable (1-10 Cr/day)
SAFEENTP,SAFE ENTER RETAIL FIX LTD,INE17D601016,SM,SME,False,False,PARTIAL,286,2025-06-27,2026-08-21,1.15,250.0,136601.4,51500,29755422.03,12264000.0,0.5687,0.562,0.569,4.704,0.3542,0,0.0,3,1.05,0,0,0,0,0,Tier 3: Mid-Market Tradable (1-10 Cr/day)
BOROSCI,BOROSIL SCIENTIFIC LTD,INE02L001032,EQ,NORMAL,False,False,PARTIAL,548,2024-06-07,2026-08-21,2.2,128.4,178082.6,76195,29747003.95,11004525.0,0.4577,0.0091,2.056,12.509,0.5488,0,0.0,1,0.18,0,0,0,0,0,Tier 3: Mid-Market Tradable (1-10 Cr/day)
KECL,KIRLOSKAR ELECTRIC CO LTD,INE134B01017,EQ,NORMAL,False,False,PARTIAL,2476,2016-08-22,2026-08-21,10.0,132.23,313259.5,128707,29711922.41,7178541.04,0.5575,0.2518,0.955,7.59,0.9013,0,0.0,44,1.78,9,0,0,0,0,Tier 3: Mid-Market Tradable (1-10 Cr/day)
PVTBANIETF,ICICIPRAMC - ICICIBANKP,INF109KC18U7,EQ,NORMAL,False,False,PARTIAL,1742,2019-08-14,2026-08-21,7.02,27.93,1187916.9,376709,29661928.84,7400874.0,0.2302,0.11,-0.329,13.236,0.4847,0,0.0,0,0.0,0,0,0,0,0,Tier 3: Mid-Market Tradable (1-10 Cr/day)
MONTECARLO,MONTE CARLO FASHIONS LTD.,INE950M01013,EQ,NORMAL,False,False,PARTIAL,2476,2016-08-22,2026-08-21,10.0,547.85,54622.2,26817,29625855.83,13481780.9,0.4067,0.0995,1.029,9.402,0.7955,0,0.0,0,0.0,11,9,0,0,0,Tier 3: Mid-Market Tradable (1-10 Cr/day)
SKMEGGPROD,SKM EGG PROD EXPORT(I) LT,INE411D01023,EQ,NORMAL,False,False,PARTIAL,2476,2016-08-22,2026-08-21,10.0,259.05,278065.2,118474,29555590.77,6500270.4,0.5354,0.3568,1.278,8.863,0.8185,0,0.0,26,1.05,12,9,1,0,0,Tier 3: Mid-Market Tradable (1-10 Cr/day)
EVERESTIND,EVEREST INDUSTRIES LTD,INE295A01018,BE,NORMAL,False,False,PARTIAL,2477,2016-08-22,2026-08-21,10.0,434.5,62662.8,27719,29403432.11,13643723.75,0.467,0.1561,0.881,8.177,0.7947,1,0.04,13,0.52,10,10,0,0,0,Tier 3: Mid-Market Tradable (1-10 Cr/day)
ESILVER,EDELAMC - ESILVER,INF754K01SF3,EQ,NORMAL,False,False,PARTIAL,680,2023-11-24,2026-08-21,2.74,243.7,163135.5,66254,29303777.84,7738526.28,0.3859,0.5137,-1.185,13.722,0.4451,0,0.0,0,0.0,0,0,0,0,0,Tier 3: Mid-Market Tradable (1-10 Cr/day)
ARMANFIN,ARMAN FIN SERV LTD,INE109C01017,EQ,NORMAL,False,False,PARTIAL,2476,2016-08-22,2026-08-21,10.0,1966.7,22385.0,12703,29251207.45,9235824.0,0.4833,0.3237,0.815,8.429,0.7386,0,0.0,6,0.24,9,4,0,0,0,Tier 3: Mid-Market Tradable (1-10 Cr/day)
BALAJITELE,BALAJI TELEFILMS LIMITED.,INE794B01026,EQ,NORMAL,False,False,PARTIAL,2476,2016-08-22,2026-08-21,10.0,97.8,318785.4,135274,29214360.28,10143735.0,0.4935,0.1287,0.995,7.192,0.8376,0,0.0,6,0.24,10,5,0,0,0,Tier 3: Mid-Market Tradable (1-10 Cr/day)
ORIRAIL,ORIENTAL RAIL INFRA L,INE457G01029,EQ,NORMAL,False,False,PARTIAL,5,2026-08-17,2026-08-21,0.01,114.78,255162.6,51219,29030859.67,5307824.97,0.9988,3.3976,0.737,1.305,0.0527,0,0.0,0,0.0,0,0,0,0,0,Tier 3: Mid-Market Tradable (1-10 Cr/day)
SWANDEF,SWAN DEFENCE N HEVY IND L,INE542F01020,BE,NORMAL,False,False,PARTIAL,205,2025-01-21,2026-08-21,1.58,2346.4,14699.9,7098,28911051.33,14449363.2,0.5022,5.2764,-0.681,2.223,0.3395,0,0.0,80,39.02,0,0,0,0,0,Tier 3: Mid-Market Tradable (1-10 Cr/day)
GRAUWEIL,GRAUER & WEIL IND LTD,INE266D01021,EQ,NORMAL,False,False,PARTIAL,87,2026-04-20,2026-08-21,0.34,70.07,382570.1,186209,28897990.94,12980850.75,0.468,0.1878,0.712,4.782,0.2076,0,0.0,0,0.0,3,3,0,0,0,Tier 3: Mid-Market Tradable (1-10 Cr/day)
SHREEPUSHK,SHRE PUSH CHEM & FERT LTD,INE712K01011,EQ,NORMAL,False,False,PARTIAL,2476,2016-08-22,2026-08-21,10.0,401.15,117794.3,58058,28858945.22,12025584.0,0.5117,0.2518,0.743,6.863,0.8212,0,0.0,0,0.0,10,7,0,0,0,Tier 3: Mid-Market Tradable (1-10 Cr/day)
MOMENTUM50,MOTILALAMC - MOMENTUM50,INF247L01DK8,EQ,NORMAL,False,False,PARTIAL,470,2024-09-30,2026-08-21,1.89,54.21,556158.4,453981,28788859.26,23427299.25,0.2046,-0.07,0.01,4.796,0.3166,0,0.0,0,0.0,0,0,0,0,0,Tier 3: Mid-Market Tradable (1-10 Cr/day)
PDSL,PDS LIMITED,INE111Q01021,EQ,NORMAL,False,False,PARTIAL,2474,2016-08-22,2026-08-21,10.0,369.7,89965.0,35365,28736791.44,6040119.7,0.3722,0.3046,0.961,8.191,0.6094,0,0.0,7,0.28,17,10,1,0,0,Tier 3: Mid-Market Tradable (1-10 Cr/day)
VRAJ,VRAJ IRON AND STEEL LTD,INE0S2V01010,EQ,NORMAL,False,False,PARTIAL,531,2024-07-03,2026-08-21,2.13,121.36,126658.5,32347,28707995.76,4778326.28,0.4086,-0.2653,1.195,8.857,0.6646,0,0.0,1,0.19,0,0,0,0,0,Tier 3: Mid-Market Tradable (1-10 Cr/day)
JAYBARMARU,JAY BHARAT MARUTI LTD,INE571B01036,EQ,NORMAL,False,False,PARTIAL,2476,2016-08-22,2026-08-21,10.0,125.54,328658.0,125810,28676264.05,9045448.0,0.5253,0.2751,1.552,9.848,0.8666,0,0.0,4,0.16,13,11,1,1,0,Tier 3: Mid-Market Tradable (1-10 Cr/day)
KDDL,KDDL LIMITED,INE291D01011,EQ,NORMAL,False,False,PARTIAL,2476,2016-08-22,2026-08-21,10.0,4005.4,18111.5,9084,28582872.69,5891872.5,0.5151,0.4115,0.931,8.512,0.8296,0,0.0,8,0.32,15,12,0,0,1,Tier 3: Mid-Market Tradable (1-10 Cr/day)
BLKASHYAP,B.L.KASHYAP & SON LTD,INE350H01032,EQ,NORMAL,False,False,PARTIAL,2476,2016-08-22,2026-08-21,10.0,52.52,530787.5,272207,28538362.4,9455044.95,0.5537,0.2562,0.557,5.861,0.95,0,0.0,27,1.09,9,0,0,0,0,Tier 3: Mid-Market Tradable (1-10 Cr/day)
FILATFASH,FILATEX FASHIONS LIMITED,INE185E01021,EQ,NORMAL,False,False,PARTIAL,572,2024-05-06,2026-08-21,2.29,0.18,42315405.4,26942774,28354827.09,13972302.96,0.5847,-1.0071,1.193,7.194,0.9498,0,0.0,66,11.54,2,0,1,0,0,Tier 3: Mid-Market Tradable (1-10 Cr/day)
TIIL,TECHNOCRAFT IND LTD,INE545H01011,EQ,NORMAL,False,False,PARTIAL,2476,2016-08-22,2026-08-21,10.0,3318.8,21144.0,10808,28235386.84,10155280.0,0.4847,0.3568,0.835,8.831,0.7544,0,0.0,0,0.0,13,2,0,0,0,Tier 3: Mid-Market Tradable (1-10 Cr/day)
IGCL,INDOGULF CROPSCIENCES LTD,INE05J901018,EQ,NORMAL,False,False,PARTIAL,282,2025-07-03,2026-08-21,1.13,72.81,292033.7,151855,28217053.13,10795216.88,0.4287,-0.2819,0.685,4.621,0.5444,0,0.0,0,0.0,0,0,0,0,0,Tier 3: Mid-Market Tradable (1-10 Cr/day)
CLAYCRAFT,CLAY CRAFT INDIA LIMITED,INE1QGM01024,SM,SME,False,False,PARTIAL,42,2026-06-24,2026-08-21,0.16,155.5,142442.9,48600,28206986.43,8014680.0,0.5878,-1.9985,0.495,2.273,0.3162,0,0.0,0,0.0,0,0,0,0,0,Tier 3: Mid-Market Tradable (1-10 Cr/day)
ZUARIIND,ZUARI INDUSTRIES LIMITED,INE217A01012,EQ,NORMAL,False,False,PARTIAL,2476,2016-08-22,2026-08-21,10.0,279.3,124264.1,48837,28193530.62,7355211.0,0.5438,0.253,1.861,11.91,0.9234,0,0.0,2,0.08,14,11,0,0,0,Tier 3: Mid-Market Tradable (1-10 Cr/day)
TEXINFRA,TEXMACO INFRA & HOLDG LTD,INE435C01024,EQ,NORMAL,False,False,PARTIAL,2476,2016-08-22,2026-08-21,10.0,108.03,289588.8,73914,28175458.26,4594520.8,0.4722,0.2142,1.084,9.63,0.6944,0,0.0,0,0.0,10,10,0,0,0,Tier 3: Mid-Market Tradable (1-10 Cr/day)
APCOTEXIND,APCOTEX INDUSTRIES LIMITE,INE116A01032,EQ,NORMAL,False,False,PARTIAL,2476,2016-08-22,2026-08-21,10.0,625.05,74420.4,29072,28133714.01,8728386.45,0.4218,0.2263,1.486,10.78,0.7323,0,0.0,0,0.0,18,16,1,0,0,Tier 3: Mid-Market Tradable (1-10 Cr/day)
INDOTHAI,INDO THAI SEC LTD,INE337M01021,EQ,NORMAL,False,False,PARTIAL,2474,2016-08-22,2026-08-21,10.0,59.66,295488.5,78790,28123687.33,950950.0,0.606,0.5042,0.693,6.966,0.8818,0,0.0,125,5.05,11,10,1,0,0,Tier 3: Mid-Market Tradable (1-10 Cr/day)
MEDICO,MEDICO REMEDIES LIMITED,INE630Y01024,EQ,NORMAL,False,False,PARTIAL,1052,2022-05-26,2026-08-21,4.24,42.65,465483.0,221354,28099982.21,12168862.45,0.5046,0.2646,-0.394,8.997,0.6612,0,0.0,9,0.86,4,0,1,0,0,Tier 3: Mid-Market Tradable (1-10 Cr/day)
KRISHANA,KRISHANA PHOSCHEM LIMITED,INE506W01020,EQ,NORMAL,False,False,PARTIAL,2037,2017-02-27,2026-08-21,9.48,198.41,425113.0,167115,28055776.57,4082783.75,0.4995,0.6197,0.808,11.27,0.4098,0,0.0,260,12.76,10,8,1,1,0,Tier 3: Mid-Market Tradable (1-10 Cr/day)
PYRAMID,PYRAMID TECHNOPLAST LTD,INE0MIS01010,EQ,NORMAL,False,False,PARTIAL,740,2023-08-29,2026-08-21,2.98,163.43,147061.6,54114,27914406.23,9111737.25,0.435,0.0646,1.016,11.454,0.4452,0,0.0,1,0.14,1,1,0,0,0,Tier 3: Mid-Market Tradable (1-10 Cr/day)
MEP,MEP INFRA. DEVELOPERS LTD,INE776I01010,BZ,NORMAL,False,False,PARTIAL,2415,2016-08-22,2026-08-21,10.0,0.67,573310.0,249614,27834783.81,5203206.6,0.5455,-0.2869,0.928,7.02,0.9963,0,0.0,259,10.72,8,4,0,0,0,Tier 3: Mid-Market Tradable (1-10 Cr/day)
GAYAPROJ,GAYATRI PROJECTS LTD,INE336H01023,BE,NORMAL,False,False,PARTIAL,2172,2016-08-22,2026-08-21,10.0,21.76,671086.8,237825,27712695.77,8760917.88,0.5528,-0.0659,0.527,6.291,0.9791,0,0.0,151,6.95,8,1,1,0,0,Tier 3: Mid-Market Tradable (1-10 Cr/day)
MOMMIDCAP,MIRAEAMC - MOMMIDCAP,INF769K01RC0,EQ,NORMAL,False,False,PARTIAL,23,2026-07-22,2026-08-21,0.08,13.08,2180498.0,1337247,27606995.43,17128466.82,0.1176,0.5267,-0.07,2.142,0.0128,0,0.0,0,0.0,0,0,0,0,0,Tier 3: Mid-Market Tradable (1-10 Cr/day)
ANNAPURNA,ANNAPURNA SWADISHT LTD,INE0MGM01017,EQ,NORMAL,False,False,PARTIAL,968,2022-09-27,2026-08-21,3.9,151.7,100548.2,55500,27579119.4,14451850.0,0.5119,0.1786,0.31,5.339,0.7453,0,0.0,1,0.1,0,0,0,0,0,Tier 3: Mid-Market Tradable (1-10 Cr/day)
SHALPAINTS,SHALIM PAINTS LTD,INE849C01026,BE,NORMAL,False,False,PARTIAL,2476,2016-08-22,2026-08-21,10.0,80.89,205235.6,86394,27415010.75,9451072.8,0.4935,0.0214,0.99,8.481,0.8852,1,0.04,2,0.08,11,0,0,0,2,Tier 3: Mid-Market Tradable (1-10 Cr/day)
SAWALIYA,SAWALIYA FOOD PRODUCTS L,INE10VS01016,SM,SME,False,False,PARTIAL,252,2025-08-14,2026-08-21,1.02,277.2,95304.8,55800,27370534.52,15472560.0,0.3387,0.2025,2.479,19.278,0.2033,0,0.0,1,0.4,0,0,0,0,0,Tier 3: Mid-Market Tradable (1-10 Cr/day)
EXCELINDUS,EXCEL INDUSTRIES LTD,INE369A01029,EQ,NORMAL,False,False,PARTIAL,2476,2016-08-22,2026-08-21,10.0,1089.0,25788.2,13016,27353481.15,12152418.75,0.4557,0.2349,0.956,9.118,0.7897,0,0.0,1,0.04,9,9,0,0,0,Tier 3: Mid-Market Tradable (1-10 Cr/day)
SPMLINFRA,SPML INFRA LIMITED,INE937A01023,EQ,NORMAL,False,False,PARTIAL,2457,2016-08-22,2026-08-21,10.0,192.94,167112.4,57439,27348139.7,2476450.2,0.5871,0.2669,0.612,5.413,0.9714,0,0.0,171,6.96,13,0,0,0,0,Tier 3: Mid-Market Tradable (1-10 Cr/day)
ARTEMISMED,ARTEMIS MED SERVICE LTD,INE025R01021,EQ,NORMAL,False,False,PARTIAL,1633,2020-01-24,2026-08-21,6.57,326.1,170223.3,108516,27321592.92,13213057.2,0.4716,0.5222,0.835,7.305,0.5677,0,0.0,4,0.24,7,4,1,0,0,Tier 3: Mid-Market Tradable (1-10 Cr/day)
HARDWYN,HARDWYN INDIA LIMITED,INE626Z01029,EQ,NORMAL,False,False,PARTIAL,1083,2022-04-12,2026-08-21,4.36,9.08,1718863.4,569251,27191140.2,8140693.14,5.6658,2.9066,32.046,1045.758,0.9358,1,0.09,21,1.94,8,0,1,4,0,Tier 3: Mid-Market Tradable (1-10 Cr/day)
MMFL,MM FORGINGS LTD,INE227C01017,EQ,NORMAL,False,False,PARTIAL,2476,2016-08-22,2026-08-21,10.0,652.6,68754.6,33088,27180905.92,10072027.6,0.4061,0.2661,0.353,7.856,0.7884,0,0.0,0,0.0,19,12,0,2,0,Tier 3: Mid-Market Tradable (1-10 Cr/day)
PRAVEG,PRAVEG LTD.,INE722B01019,EQ,NORMAL,False,False,PARTIAL,87,2026-04-20,2026-08-21,0.34,267.7,102127.0,57258,27179771.55,15827457.6,0.6071,0.1961,-0.337,3.696,0.3318,0,0.0,0,0.0,0,0,0,0,0,Tier 3: Mid-Market Tradable (1-10 Cr/day)
SAHANA,SAHANA SYSTEM LIMITED,INE0LEX01011,SM,SME,False,False,PARTIAL,789,2023-06-12,2026-08-21,3.19,853.05,44715.2,19801,27145429.15,16124459.05,0.5714,0.7323,0.877,5.012,0.6648,0,0.0,15,1.9,0,0,0,0,0,Tier 3: Mid-Market Tradable (1-10 Cr/day)
SAGCEM,SAGAR CEMENTS LIMITED,INE229C01021,EQ,NORMAL,False,False,PARTIAL,2476,2016-08-22,2026-08-21,10.0,162.95,131059.5,54180,27097427.63,9904015.3,0.4022,0.1043,1.216,11.468,0.7615,0,0.0,0,0.0,13,11,1,0,0,Tier 3: Mid-Market Tradable (1-10 Cr/day)
TECHLABS,TRIDENT TECHLABS LIMITED,INE0QD201012,SM,SME,False,False,PARTIAL,656,2023-12-29,2026-08-21,2.64,113.55,56533.5,28375,27023796.83,12006093.75,0.6199,0.2285,0.136,1.729,0.9328,0,0.0,82,12.5,0,0,0,0,0,Tier 3: Mid-Market Tradable (1-10 Cr/day)
HILINFRA,HIGHWAY INFRASTRUCTURE L,INE00RL01028,EQ,NORMAL,False,False,PARTIAL,254,2025-08-12,2026-08-21,1.02,45.76,333499.2,159114,26937812.91,8920336.01,0.3795,-0.8934,0.773,6.634,0.6764,0,0.0,2,0.79,0,0,0,0,0,Tier 3: Mid-Market Tradable (1-10 Cr/day)
WPIL,W P I L LTD.,INE765D01022,EQ,NORMAL,False,False,PARTIAL,87,2026-04-20,2026-08-21,0.34,451.35,59482.3,36386,26924595.81,15837031.5,0.4278,0.2422,0.738,3.77,0.1731,0,0.0,0,0.0,1,1,0,0,0,Tier 3: Mid-Market Tradable (1-10 Cr/day)
EXPLEOSOL,EXPLEO SOLUTIONS LIMITED,INE201K01015,EQ,NORMAL,False,False,PARTIAL,2472,2016-08-22,2026-08-21,10.0,898.75,28131.9,13819,26869636.33,11665006.3,0.4273,0.0898,0.925,9.36,0.8632,0,0.0,12,0.49,14,7,0,0,0,Tier 3: Mid-Market Tradable (1-10 Cr/day)
SUDARCOLOR,SUDARSHAN COLORNT IND LTD,INE492A01029,EQ,NORMAL,False,False,PARTIAL,2476,2016-08-22,2026-08-21,10.0,401.25,54274.4,22047,26688858.69,10130292.8,0.3877,0.0102,0.818,22.209,0.7615,0,0.0,0,0.0,10,8,0,0,0,Tier 3: Mid-Market Tradable (1-10 Cr/day)
NITTAGELA,NITTA GELATIN INDIA LTD.,INE265B01019,EQ,NORMAL,False,False,PARTIAL,87,2026-04-20,2026-08-21,0.34,1584.6,16696.6,10001,26672092.6,15264693.0,0.6733,2.0129,-0.47,7.278,0.2728,0,0.0,0,0.0,1,1,0,0,0,Tier 3: Mid-Market Tradable (1-10 Cr/day)
SILVERBND,BANDHANAMC - SILVERBND,INF194KB1KI9,EQ,NORMAL,False,False,PARTIAL,171,2025-12-12,2026-08-21,0.69,244.13,100143.2,44951,26646559.92,11060495.58,0.6786,0.5911,-0.584,5.867,0.4713,0,0.0,0,0.0,0,0,0,0,0,Tier 3: Mid-Market Tradable (1-10 Cr/day)
VISHWARAJ,VISHWARAJ SUGAR IND LTD,INE430N01022,EQ,NORMAL,False,False,PARTIAL,1703,2019-10-15,2026-08-21,6.85,5.69,1320035.7,578713,26643852.09,8838252.56,0.4504,-0.0116,1.182,10.947,0.904,0,0.0,0,0.0,6,4,1,0,0,Tier 3: Mid-Market Tradable (1-10 Cr/day)
UFO,UFO MOVIEZ INDIA LTD.,INE527H01019,EQ,NORMAL,False,False,PARTIAL,2476,2016-08-22,2026-08-21,10.0,64.9,210513.7,83413,26636525.84,10353537.95,0.4386,-0.1052,0.474,10.471,0.9022,0,0.0,0,0.0,7,6,0,0,0,Tier 3: Mid-Market Tradable (1-10 Cr/day)
5PAISA,5PAISA CAPITAL LIMITED,INE618L01018,EQ,NORMAL,False,False,PARTIAL,2171,2017-11-16,2026-08-21,8.76,384.25,67459.2,26743,26550474.79,8544573.15,0.4919,0.1777,1.014,7.756,0.6751,0,0.0,42,1.93,9,0,0,0,2,Tier 3: Mid-Market Tradable (1-10 Cr/day)
AGARIND,AGARWAL INDS CORP LTD.,INE204E01012,EQ,NORMAL,False,False,PARTIAL,2474,2016-08-22,2026-08-21,10.0,491.8,43044.1,20742,26545713.38,9742075.7,0.5339,0.2677,1.017,8.953,0.9436,1,0.04,6,0.24,11,11,0,0,0,Tier 3: Mid-Market Tradable (1-10 Cr/day)
ASHIANA,ASHIANA HOUSING LTD,INE365D01021,EQ,NORMAL,False,False,PARTIAL,2476,2016-08-22,2026-08-21,10.0,361.8,120862.3,53434,26450300.76,9379994.4,0.4127,0.1613,0.96,8.412,0.8346,0,0.0,0,0.0,13,12,0,0,0,Tier 3: Mid-Market Tradable (1-10 Cr/day)
TREL,TRANSINDIA REAL ESTATE L,INE0O3901029,EQ,NORMAL,False,False,PARTIAL,752,2023-08-10,2026-08-21,3.03,27.05,600122.5,278510,26403863.68,10358682.32,0.4558,0.0053,0.725,6.332,0.6112,0,0.0,4,0.53,3,1,0,0,0,Tier 3: Mid-Market Tradable (1-10 Cr/day)
GFLLIMITED,GFL LIMITED,INE538A01037,EQ,NORMAL,False,False,PARTIAL,2475,2016-08-22,2026-08-21,10.0,55.35,227804.7,112658,26387030.88,8197182.65,0.7629,0.1945,16.457,723.655,0.9635,0,0.0,34,1.37,6,3,0,0,0,Tier 3: Mid-Market Tradable (1-10 Cr/day)
INDIANHUME,INDIAN HUME PIPE CO. LTD.,INE323C01030,EQ,NORMAL,False,False,PARTIAL,2476,2016-08-22,2026-08-21,10.0,392.55,88385.0,37017,26309286.24,9470644.0,0.4571,0.1265,1.087,7.927,0.8008,0,0.0,0,0.0,12,11,0,1,0,Tier 3: Mid-Market Tradable (1-10 Cr/day)
RANEHOLDIN,RANE HOLDINGS LIMITED,INE384A01010,EQ,NORMAL,False,False,PARTIAL,2476,2016-08-22,2026-08-21,10.0,1615.6,25257.1,10181,26215961.27,10693832.1,0.4353,0.1808,1.273,10.673,0.8926,0,0.0,0,0.0,13,12,0,0,0,Tier 3: Mid-Market Tradable (1-10 Cr/day)
WENDT,WENDT (INDIA) LIMITED,INE274C01019,EQ,NORMAL,False,False,PARTIAL,2476,2016-08-22,2026-08-21,10.0,8182.5,3266.3,469,26132030.86,2821284.0,0.4266,0.2295,2.247,18.298,0.6567,0,0.0,0,0.0,19,19,0,0,0,Tier 3: Mid-Market Tradable (1-10 Cr/day)
E2ERAIL,E TO E TRANS INFRA LTD,INE1CEJ01017,SM,SME,False,False,PARTIAL,157,2026-01-02,2026-08-21,0.63,289.05,94405.1,35200,26004184.46,7922000.0,0.6871,0.0226,1.49,7.203,0.4681,0,0.0,4,2.55,0,0,0,0,0,Tier 3: Mid-Market Tradable (1-10 Cr/day)
CENTRUM,CENTRUM CAPITAL LIMITED,INE660C01027,EQ,NORMAL,False,False,PARTIAL,2078,2018-04-04,2026-08-21,8.38,23.28,797775.8,299192,25911571.34,8515895.04,0.5298,0.0173,1.195,8.782,0.8745,0,0.0,3,0.14,4,1,0,0,0,Tier 3: Mid-Market Tradable (1-10 Cr/day)
BANKBETA,UTIAMC-BANKBETA,INF789F1AUV1,EQ,NORMAL,False,False,PARTIAL,1480,2020-09-04,2026-08-21,5.96,59.61,502333.2,40114,25881485.13,1961741.7,0.1898,0.1788,0.157,7.426,0.2212,0,0.0,1,0.07,0,0,0,0,0,Tier 3: Mid-Market Tradable (1-10 Cr/day)
GVKPIL,GVK POW. & INFRA LTD.,INE251H01024,BE,NORMAL,False,False,PARTIAL,2112,2016-08-22,2026-08-21,10.0,2.24,3398368.6,1648848,25813518.04,8340455.35,0.6989,0.079,11.994,340.38,0.9328,0,0.0,211,9.99,8,0,0,0,0,Tier 3: Mid-Market Tradable (1-10 Cr/day)
DBOL,DHAMPUR BIO ORGANICS LTD,INE0I3401014,EQ,NORMAL,False,False,PARTIAL,982,2022-09-08,2026-08-21,3.95,131.15,185530.9,122913,25773986.95,15375190.6,0.4307,0.0273,1.078,8.505,0.726,1,0.1,10,1.02,4,4,0,0,0,Tier 3: Mid-Market Tradable (1-10 Cr/day)
FAZE3Q,FAZE THREE LIMITED,INE963C01033,EQ,NORMAL,False,False,PARTIAL,933,2022-11-18,2026-08-21,3.76,498.9,52973.6,21128,25756429.22,9210124.2,0.5427,0.2753,1.211,8.66,0.524,0,0.0,2,0.21,2,0,0,0,0,Tier 3: Mid-Market Tradable (1-10 Cr/day)
RITCO,RITCO LOGISTICS LIMITED,INE01EG01016,EQ,NORMAL,False,False,PARTIAL,1082,2022-04-12,2026-08-21,4.36,317.9,93893.1,50149,25744573.11,12574866.0,0.4906,0.3476,1.025,8.13,0.5837,0,0.0,5,0.46,5,0,0,0,0,Tier 3: Mid-Market Tradable (1-10 Cr/day)
BIRLACABLE,BIRLA CABLE LIMITED,INE800A01015,BE,NORMAL,False,False,PARTIAL,2476,2016-08-22,2026-08-21,10.0,276.64,157436.3,58991,25731606.64,6401344.15,0.5777,0.3738,1.187,8.611,0.884,0,0.0,20,0.81,9,7,0,0,0,Tier 3: Mid-Market Tradable (1-10 Cr/day)
MARATHON,MARATHON NXTGEN REALT LTD,INE182D01020,EQ,NORMAL,False,False,PARTIAL,2450,2016-09-29,2026-08-21,9.89,352.35,70939.7,29762,25512034.02,5486846.2,0.5431,0.255,1.219,7.815,0.8775,0,0.0,9,0.37,12,7,1,0,0,Tier 3: Mid-Market Tradable (1-10 Cr/day)
ROHLTD,ROYAL ORCHID HOTELS LTD,INE283H01019,EQ,NORMAL,False,False,PARTIAL,2476,2016-08-22,2026-08-21,10.0,302.7,111796.2,47268,25509831.26,8547806.4,0.5201,0.2835,1.028,7.564,0.8499,0,0.0,0,0.0,8,6,0,0,0,Tier 3: Mid-Market Tradable (1-10 Cr/day)
AMANTA,AMANTA HEALTHCARE LIMITED,INE084K01015,BE,NORMAL,False,False,PARTIAL,236,2025-09-09,2026-08-21,0.95,195.79,187554.2,83553,25449888.67,9679185.62,0.414,0.431,0.6,2.929,0.361,0,0.0,14,5.93,0,0,0,0,0,Tier 3: Mid-Market Tradable (1-10 Cr/day)
SAKUMA,SAKUMA EXPORTS LIMITED,INE190H01024,EQ,NORMAL,False,False,PARTIAL,2476,2016-08-22,2026-08-21,10.0,1.52,5543185.0,1552696,25435229.63,3859343.4,2.7948,0.9833,45.415,2194.852,0.9859,0,0.0,57,2.3,12,8,1,1,1,Tier 3: Mid-Market Tradable (1-10 Cr/day)
LOWVOLIETF,ICICI PR NIF LW VL 30 ETF,INF109KC19U5,EQ,NORMAL,False,False,PARTIAL,2153,2017-07-11,2026-08-21,9.11,22.3,1461414.5,757590,25318710.39,11981424.0,0.1632,0.1408,-1.245,35.546,0.2805,0,0.0,76,3.53,0,0,0,0,0,Tier 3: Mid-Market Tradable (1-10 Cr/day)
ESTER,ESTER INDUSTRIES LTD,INE778B01029,EQ,NORMAL,False,False,PARTIAL,2476,2016-08-22,2026-08-21,10.0,95.14,229216.8,106893,25269306.72,9976273.8,0.5183,0.2182,1.051,8.49,0.6956,0,0.0,9,0.36,11,8,0,0,0,Tier 3: Mid-Market Tradable (1-10 Cr/day)
GOCLCORP,GOCL CORPORATION LIMITED,INE077F01035,EQ,NORMAL,False,False,PARTIAL,2476,2016-08-22,2026-08-21,10.0,400.6,66134.5,20295,25133269.23,6356622.6,0.4852,0.1578,1.157,10.772,0.8248,0,0.0,0,0.0,15,13,0,0,0,Tier 3: Mid-Market Tradable (1-10 Cr/day)
NSIL,NALWA SONS INVESTMENT LTD,INE023A01030,EQ,NORMAL,False,False,PARTIAL,2471,2016-08-22,2026-08-21,10.0,5587.0,4951.2,1160,24982985.57,1617646.8,0.4476,0.3031,1.209,12.426,0.7069,0,0.0,8,0.32,9,0,0,0,0,Tier 3: Mid-Market Tradable (1-10 Cr/day)
BAJAJINDEF,INDEF MANUFACTURING LTD,INE0O9T01021,EQ,NORMAL,False,False,PARTIAL,369,2025-02-21,2026-08-21,1.49,215.85,68459.9,26104,24936908.47,7249322.85,0.565,0.009,1.442,8.874,0.6217,0,0.0,6,1.63,2,2,0,0,0,Tier 3: Mid-Market Tradable (1-10 Cr/day)
UGARSUGAR,THE UGAR SUGAR WORKS LTD,INE071E01023,EQ,NORMAL,False,False,PARTIAL,2450,2016-08-22,2026-08-21,10.0,56.5,429537.5,227239,24781529.44,8267863.72,0.519,0.1624,1.079,7.981,0.8161,0,0.0,7,0.29,11,8,0,0,0,Tier 3: Mid-Market Tradable (1-10 Cr/day)
KRMAYURVED,KRM AYURVEDA LIMITED,INE1MTV01019,SM,SME,False,False,PARTIAL,140,2026-01-29,2026-08-21,0.56,277.05,112392.9,56000,24543464.29,13623650.0,0.5457,0.9217,0.549,3.771,0.2181,0,0.0,0,0.0,0,0,0,0,0,Tier 3: Mid-Market Tradable (1-10 Cr/day)
KSOLVES,KSOLVES INDIA LIMITED,INE0D6I01023,EQ,NORMAL,False,False,PARTIAL,1455,2020-07-06,2026-08-21,6.12,272.05,67761.8,39300,24539934.49,12656448.2,0.6283,0.5493,-5.411,109.942,0.7549,0,0.0,84,5.77,14,13,1,0,0,Tier 3: Mid-Market Tradable (1-10 Cr/day)
FREDUN,FREDUN PHARMACEUTICALS L,INE194R01017,EQ,NORMAL,False,False,PARTIAL,5,2026-08-17,2026-08-21,0.01,1434.6,16870.2,14025,24454144.62,20672850.0,0.4188,-1.6357,0.518,1.113,0.0312,0,0.0,0,0.0,0,0,0,0,0,Tier 3: Mid-Market Tradable (1-10 Cr/day)
AARTISURF,AARTI SURFACTANTS LIMITED,INE09EO01013,BE,NORMAL,False,False,PARTIAL,1518,2020-07-14,2026-08-21,6.1,572.95,30730.8,11812,24422807.5,7971213.1,0.4787,0.1432,1.806,12.215,0.8174,0,0.0,43,2.83,3,2,0,0,1,Tier 3: Mid-Market Tradable (1-10 Cr/day)
SUPREMEPWR,SUPREME POWER EQUIPMENT L,INE0QHG01026,SM,SME,False,False,PARTIAL,657,2023-12-29,2026-08-21,2.64,232.2,127911.0,64000,24395009.4,13075500.0,0.6283,0.5056,0.896,5.643,0.7416,0,0.0,72,10.96,0,0,0,0,0,Tier 3: Mid-Market Tradable (1-10 Cr/day)
IZMO,IZMO LIMITED,INE848A01014,EQ,NORMAL,False,False,PARTIAL,2476,2016-08-22,2026-08-21,10.0,854.7,92623.8,36640,24381258.9,4105032.75,0.5813,0.4515,0.881,5.365,0.9063,0,0.0,104,4.2,10,0,0,0,0,Tier 3: Mid-Market Tradable (1-10 Cr/day)
NELCAST,NELCAST LIMITED,INE189I01024,EQ,NORMAL,False,False,PARTIAL,2476,2016-08-22,2026-08-21,10.0,117.81,236996.1,98087,24281063.0,8664567.5,0.5154,0.1947,1.204,8.36,0.755,0,0.0,0,0.0,10,9,0,0,0,Tier 3: Mid-Market Tradable (1-10 Cr/day)
JAYBEE,JAY BEE LAMINATIONS LTD,INE0SMY01017,SM,SME,False,False,PARTIAL,489,2024-09-03,2026-08-21,1.96,85.25,98602.2,47000,24199552.97,8946150.0,0.6607,-0.4179,0.633,8.007,0.8314,0,0.0,4,0.82,0,0,0,0,0,Tier 3: Mid-Market Tradable (1-10 Cr/day)
AMBIKCO,AMBIKA COTTON MILL LTD.,INE540G01014,EQ,NORMAL,False,False,PARTIAL,2476,2016-08-22,2026-08-21,10.0,1677.0,15565.6,7551,24141424.02,9965791.8,0.3491,0.1337,0.855,12.658,0.7205,0,0.0,0,0.0,10,9,0,0,0,Tier 3: Mid-Market Tradable (1-10 Cr/day)
ELANTAS,ELANTAS BECK INDIA LTD.,INE280B01018,EQ,NORMAL,False,False,PARTIAL,87,2026-04-20,2026-08-21,0.34,11550.0,2180.3,962,24099015.02,9089153.0,0.4898,0.7617,3.044,19.988,0.1443,0,0.0,0,0.0,1,1,0,0,0,Tier 3: Mid-Market Tradable (1-10 Cr/day)
CAPITALSFB,CAPITAL SMALL FIN BANK L,INE646H01017,EQ,NORMAL,False,False,PARTIAL,625,2024-02-14,2026-08-21,2.52,284.7,73463.6,36313,24096006.96,10630440.6,0.2883,-0.1299,0.581,6.388,0.5194,0,0.0,0,0.0,3,3,0,0,0,Tier 3: Mid-Market Tradable (1-10 Cr/day)
AVIENCE,AVIENCE BIOMEDICALS LTD,INE0V9I01017,SM,SME,False,False,PARTIAL,41,2026-06-25,2026-08-21,0.16,255.9,80341.5,30600,24041763.66,7583730.0,0.8283,-2.6859,0.075,8.367,0.4629,0,0.0,3,7.32,0,0,0,0,0,Tier 3: Mid-Market Tradable (1-10 Cr/day)
KKCL,KEWAL KIRAN CLOTHING LTD,INE401H01017,EQ,NORMAL,False,False,PARTIAL,2475,2016-08-22,2026-08-21,10.0,516.45,62986.3,16815,24025225.33,6673566.9,0.3339,0.0887,0.64,7.043,0.6825,0,0.0,2,0.08,35,30,0,1,0,Tier 3: Mid-Market Tradable (1-10 Cr/day)
HONDAPOWER,HONDA I POWER PRODUCT LTD,INE634A01018,EQ,NORMAL,False,False,PARTIAL,2476,2016-08-22,2026-08-21,10.0,2068.3,11788.9,5583,23954670.28,8931251.55,0.3705,0.1144,1.389,12.385,0.575,0,0.0,1,0.04,13,13,0,0,0,Tier 3: Mid-Market Tradable (1-10 Cr/day)
BANK10ADD,DSPAMC - BANK10ADD,INF740KA1YH2,EQ,NORMAL,False,False,PARTIAL,110,2026-03-12,2026-08-21,0.44,16.9,1469347.6,48553,23915612.53,747456.58,0.264,0.0897,0.464,7.568,0.1156,0,0.0,0,0.0,0,0,0,0,0,Tier 3: Mid-Market Tradable (1-10 Cr/day)
ARIES,ARIES AGRO LTD.,INE298I01015,EQ,NORMAL,False,False,PARTIAL,2476,2016-08-22,2026-08-21,10.0,452.7,116718.7,43965,23869663.3,7007145.85,0.5257,0.2856,1.272,8.513,0.8634,0,0.0,4,0.16,10,10,0,0,0,Tier 3: Mid-Market Tradable (1-10 Cr/day)
CYBERTECH,CYBERTECH SYSTEMS & SOFTW,INE214A01019,BE,NORMAL,False,False,PARTIAL,2476,2016-08-22,2026-08-21,10.0,134.88,146990.5,40189,23825989.37,4624620.0,0.5739,0.2094,1.379,9.22,0.7509,0,0.0,23,0.93,12,11,0,0,0,Tier 3: Mid-Market Tradable (1-10 Cr/day)
BPL,BPL LTD,INE110A01019,EQ,NORMAL,False,False,PARTIAL,2476,2016-08-22,2026-08-21,10.0,49.76,309336.1,121588,23698895.18,6846036.25,0.5948,0.1987,1.191,7.473,0.9255,1,0.04,68,2.75,3,0,0,0,0,Tier 3: Mid-Market Tradable (1-10 Cr/day)
VILAS,VILAS TRANSCORE LIMITED,INE0AZY01017,SM,SME,False,False,PARTIAL,552,2024-06-03,2026-08-21,2.21,345.15,57976.9,30250,23697113.7,12619200.0,0.5693,0.3522,1.094,6.708,0.4844,0,0.0,12,2.17,0,0,0,0,0,Tier 3: Mid-Market Tradable (1-10 Cr/day)
GULPOLY,GULSHAN POLYOLS LIMITED,INE255D01024,EQ,NORMAL,False,False,PARTIAL,2476,2016-08-22,2026-08-21,10.0,190.71,142730.0,62743,23687271.59,8709254.4,0.4602,0.2246,0.916,6.562,0.8135,0,0.0,14,0.57,18,14,0,1,0,Tier 3: Mid-Market Tradable (1-10 Cr/day)
JAGSNPHARM,JAGSONPAL PHARMACEUTICALS,INE048B01035,EQ,NORMAL,False,False,PARTIAL,2476,2016-08-22,2026-08-21,10.0,236.54,226638.0,70710,23678151.82,6078296.25,0.5385,0.4271,1.492,10.17,0.6573,0,0.0,7,0.28,13,10,1,0,0,Tier 3: Mid-Market Tradable (1-10 Cr/day)
DHARAN,DHARAN INFRA-EPC LIMITED,INE278R01034,BZ,NORMAL,False,False,PARTIAL,2054,2018-04-02,2026-08-21,8.39,0.16,13112796.3,4651172,23639531.15,10434589.1,0.7178,-0.1664,1.823,163.54,0.992,1,0.05,115,5.6,12,2,2,2,0,Tier 3: Mid-Market Tradable (1-10 Cr/day)
ARIHANTSUP,ARIHANT SUPERSTRUCT LTD,INE643K01018,EQ,NORMAL,False,False,PARTIAL,2329,2017-03-28,2026-08-21,9.4,254.15,119299.1,52642,23633737.49,10630315.35,0.4963,0.2182,0.618,6.863,0.9187,0,0.0,22,0.94,10,6,0,0,0,Tier 3: Mid-Market Tradable (1-10 Cr/day)
NECLIFE,NECTAR LIFESCIENCES LTD.,INE023H01027,EQ,NORMAL,False,False,PARTIAL,2476,2016-08-22,2026-08-21,10.0,10.47,806925.5,282006,23611568.77,6586382.7,0.5612,0.03,1.503,10.235,0.8275,0,0.0,44,1.78,10,5,0,0,0,Tier 3: Mid-Market Tradable (1-10 Cr/day)
SCHAND,S CHAND AND COMPANY LTD,INE807K01035,EQ,NORMAL,False,False,PARTIAL,2302,2017-05-09,2026-08-21,9.28,136.76,105524.2,49489,23530212.08,8303478.4,0.4556,-0.0737,1.135,9.547,0.9476,0,0.0,10,0.43,7,6,0,0,0,Tier 3: Mid-Market Tradable (1-10 Cr/day)
HINDADH,HINDUSTAN ADHESIVES LTD.,INE074C01013,EQ,NORMAL,False,False,PARTIAL,5,2026-08-17,2026-08-21,0.01,354.45,61805.4,20039,23493287.08,7033689.0,1.4586,4.2276,0.579,1.175,0.0894,0,0.0,0,0.0,0,0,0,0,0,Tier 3: Mid-Market Tradable (1-10 Cr/day)
ADOR,ADOR WELDING LTD,INE045A01017,EQ,NORMAL,False,False,PARTIAL,2476,2016-08-22,2026-08-21,10.0,1617.6,30184.1,12316,23348421.32,8222071.6,0.4437,0.278,1.374,11.845,0.7382,1,0.04,0,0.0,9,9,0,0,0,Tier 3: Mid-Market Tradable (1-10 Cr/day)
EGOLD,EDELAMC - EGOLD,INF754K01SE6,EQ,NORMAL,False,False,PARTIAL,690,2023-11-10,2026-08-21,2.78,158.5,190819.4,61101,23284352.74,6111216.9,0.2605,0.3601,0.197,24.92,0.2395,0,0.0,2,0.29,0,0,0,0,0,Tier 3: Mid-Market Tradable (1-10 Cr/day)
LTGILTBEES,NIP IND ETF LONGTERM GILT,INF204KB1882,EQ,NORMAL,False,False,PARTIAL,2291,2016-08-22,2026-08-21,10.0,29.98,842665.2,38881,23274405.32,849147.12,0.1172,0.0765,5.539,364.196,0.228,0,0.0,209,9.12,0,0,0,0,0,Tier 3: Mid-Market Tradable (1-10 Cr/day)
MOSMALL250,MOTILALAMC - MOSMALL250,INF247L01CH6,EQ,NORMAL,False,False,PARTIAL,599,2024-03-21,2026-08-21,2.42,18.49,1384689.2,913525,23256178.78,15484326.16,0.188,0.1334,-0.43,4.658,0.2609,0,0.0,0,0.0,0,0,0,0,0,Tier 3: Mid-Market Tradable (1-10 Cr/day)
SHANTIGEAR,SHANTHI GEARS LTD,INE631A01022,EQ,NORMAL,False,False,PARTIAL,2476,2016-08-22,2026-08-21,10.0,464.25,88428.8,30331,23171352.0,8083996.8,0.4209,0.2215,1.756,13.386,0.6689,1,0.04,0,0.0,20,15,0,0,0,Tier 3: Mid-Market Tradable (1-10 Cr/day)
SILVERTUC,SILVER TOUCH TECHNO LTD,INE625X01026,EQ,NORMAL,False,False,PARTIAL,1722,2017-12-01,2026-08-21,8.72,185.94,291119.4,134140,23152632.47,4693850.0,0.4686,0.5071,0.892,8.799,0.4643,0,0.0,272,15.8,9,5,1,1,0,Tier 3: Mid-Market Tradable (1-10 Cr/day)
FLFL,FUT LIFESTYLE FASH LTD,INE452O01016,BZ,NORMAL,False,False,PARTIAL,2404,2016-08-22,2026-08-21,10.0,1.15,201300.9,88089,23115236.27,6038467.75,0.5055,-0.3632,-0.141,6.48,0.9977,0,0.0,112,4.66,3,3,0,0,0,Tier 3: Mid-Market Tradable (1-10 Cr/day)
ONWARDTEC,ONWARD TECHNOLOGIES LTD,INE229A01017,EQ,NORMAL,False,False,PARTIAL,2476,2016-08-22,2026-08-21,10.0,285.5,84750.0,28292,22854318.76,5806628.3,0.548,0.2901,1.284,10.477,0.7847,0,0.0,8,0.32,11,10,0,0,0,Tier 3: Mid-Market Tradable (1-10 Cr/day)
SAURASHCEM,SAURASHTRA CEMENT LIMITED,INE626A01014,EQ,NORMAL,False,False,PARTIAL,616,2024-02-27,2026-08-21,2.48,58.22,219403.3,103508,22795987.61,9142827.44,0.4902,-0.1692,1.337,8.567,0.6667,0,0.0,0,0.0,2,1,0,0,0,Tier 3: Mid-Market Tradable (1-10 Cr/day)
20MICRONS,20 MICRONS LTD,INE144J01027,EQ,NORMAL,False,False,PARTIAL,2476,2016-08-22,2026-08-21,10.0,204.19,189932.2,89668,22779032.11,7300815.06,0.5089,0.2944,1.274,8.858,0.6871,0,0.0,45,1.82,14,7,0,0,0,Tier 3: Mid-Market Tradable (1-10 Cr/day)
ZTECH,Z-TECH (INDIA) LIMITED,INE0ISZ01012,SM,SME,False,False,PARTIAL,550,2024-06-05,2026-08-21,2.21,494.4,55382.2,21600,22747165.96,11414400.0,0.4754,0.8242,0.252,2.938,0.3507,0,0.0,64,11.64,0,0,0,0,0,Tier 3: Mid-Market Tradable (1-10 Cr/day)
INTLCONV,INTL CONVEYORS LIMITED,INE575C01027,EQ,NORMAL,False,False,PARTIAL,1398,2016-08-22,2026-08-21,10.0,77.54,264460.1,111966,22686712.99,8198756.6,2.7283,1.2465,35.598,1308.993,0.5054,0,0.0,116,8.3,4,4,0,0,0,Tier 3: Mid-Market Tradable (1-10 Cr/day)
VINYLINDIA,VINYL CHEMICALS (I) LTD.,INE250B01029,EQ,NORMAL,False,False,PARTIAL,2476,2016-08-22,2026-08-21,10.0,235.19,96610.6,31736,22636140.5,5901215.6,0.4967,0.2498,1.979,12.638,0.8198,0,0.0,3,0.12,10,10,0,0,0,Tier 3: Mid-Market Tradable (1-10 Cr/day)
MATRIMONY,MATRIMONY.COM LIMITED,INE866R01028,EQ,NORMAL,False,False,PARTIAL,2208,2017-09-21,2026-08-21,8.91,537.05,32699.8,10379,22619229.04,6457360.0,0.4132,0.0238,1.643,15.081,0.7249,0,0.0,0,0.0,13,10,0,0,0,Tier 3: Mid-Market Tradable (1-10 Cr/day)
SWELECTES,SWELECT ENERGY SYS LTD,INE409B01013,EQ,NORMAL,False,False,PARTIAL,2476,2016-08-22,2026-08-21,10.0,608.9,35083.7,12913,22563503.5,3888681.5,0.5423,0.2334,1.152,10.054,0.8514,0,0.0,27,1.09,12,11,0,1,0,Tier 3: Mid-Market Tradable (1-10 Cr/day)
NITCO,NITCO LIMITED,INE858F01012,EQ,NORMAL,False,False,PARTIAL,2476,2016-08-22,2026-08-21,10.0,93.36,289217.2,106052,22534875.9,4670014.4,0.5603,0.2084,1.111,7.38,0.9196,0,0.0,113,4.56,7,0,0,0,0,Tier 3: Mid-Market Tradable (1-10 Cr/day)
EBBETF0430,EDELAMC - EBBETF0430,INF754K01KO2,EQ,NORMAL,False,False,PARTIAL,1649,2020-01-02,2026-08-21,6.63,1610.9,17569.4,11016,22451991.68,14379877.66,0.0356,0.0733,0.124,16.632,0.047,0,0.0,0,0.0,0,0,0,0,0,Tier 3: Mid-Market Tradable (1-10 Cr/day)
RML,RANE (MADRAS) LIMITED,INE050H01012,EQ,NORMAL,False,False,PARTIAL,2476,2016-08-22,2026-08-21,10.0,1101.0,36350.8,12723,22285774.43,6566683.5,0.5137,0.2423,1.708,11.898,0.8632,0,0.0,0,0.0,10,8,0,0,0,Tier 3: Mid-Market Tradable (1-10 Cr/day)
AFIL,AKME FINTRADE (INDIA) LTD,INE916Y01027,EQ,NORMAL,False,False,PARTIAL,536,2024-06-26,2026-08-21,2.15,9.33,2473428.7,1394514,22246565.34,10812502.6,0.5317,-0.0307,1.278,8.158,0.6342,0,0.0,3,0.56,2,0,1,0,0,Tier 3: Mid-Market Tradable (1-10 Cr/day)
BIRLAMONEY,ADITYA BIRLA MONEY LTD,INE865C01022,EQ,NORMAL,False,False,PARTIAL,2445,2016-08-22,2026-08-21,10.0,126.6,250634.7,81354,22183653.32,5916014.35,0.5406,0.2947,1.221,10.872,0.8892,1,0.04,41,1.68,8,0,0,0,0,Tier 3: Mid-Market Tradable (1-10 Cr/day)
HDFCLIQUID,HDFCAMC - HDFCLIQUID,INF179KC1JG3,EQ,NORMAL,False,False,PARTIAL,734,2023-08-31,2026-08-21,2.97,1074.87,21667.2,6158,22134005.7,6214022.1,0.0066,0.0248,-0.335,291.481,0.0075,0,0.0,8,1.09,0,0,0,0,0,Tier 3: Mid-Market Tradable (1-10 Cr/day)
RPPINFRA,R.P.P INFRA PROJECTS LTD,INE324L01013,EQ,NORMAL,False,False,PARTIAL,2476,2016-08-22,2026-08-21,10.0,57.64,181283.0,75688,22057100.03,6715814.55,0.5867,0.0798,1.228,9.603,0.9138,0,0.0,64,2.58,9,4,0,0,1,Tier 3: Mid-Market Tradable (1-10 Cr/day)
JUBLCPL,JUBILANT AGRI N CON PRO L,INE03CC01015,EQ,NORMAL,False,False,PARTIAL,374,2025-02-14,2026-08-21,1.51,2227.8,10502.3,5149,22046721.97,9387636.3,0.551,0.4091,1.535,8.376,0.4981,0,0.0,4,1.07,0,0,0,0,0,Tier 3: Mid-Market Tradable (1-10 Cr/day)
VSSL,VARDHMAN SPC STEEL LTD,INE050M01012,EQ,NORMAL,False,False,PARTIAL,2476,2016-08-22,2026-08-21,10.0,348.7,140996.5,53977,22021968.25,7607006.9,0.4859,0.3404,0.671,13.651,0.7956,1,0.04,0,0.0,12,5,0,1,1,Tier 3: Mid-Market Tradable (1-10 Cr/day)
OBSCP,OBSC PERFECTION LIMITED,INE0YHV01011,SM,SME,False,False,PARTIAL,448,2024-10-29,2026-08-21,1.81,835.2,78946.4,41200,22010845.27,12362400.0,0.5586,1.2701,0.834,5.074,0.4473,0,0.0,34,7.59,0,0,0,0,0,Tier 3: Mid-Market Tradable (1-10 Cr/day)
STARPAPER,STAR PAPER MILLS LTD,INE733A01018,EQ,NORMAL,False,False,PARTIAL,2476,2016-08-22,2026-08-21,10.0,144.98,131484.3,54668,22003409.14,8385212.1,0.4717,0.1582,1.15,10.771,0.7976,0,0.0,0,0.0,12,9,0,0,0,Tier 3: Mid-Market Tradable (1-10 Cr/day)
ONIDA,ONIDA ELECTRONICS LIMITED,INE831A01028,EQ,NORMAL,False,False,PARTIAL,2477,2016-08-22,2026-08-21,10.0,35.66,843396.1,393891,21986681.76,7171136.15,0.6149,0.3121,1.096,6.827,0.9392,1,0.04,112,4.52,10,0,0,0,1,Tier 3: Mid-Market Tradable (1-10 Cr/day)
SJLOGISTIC,S J LOGISTICS (INDIA) LTD,INE0F3301020,SM,SME,False,False,PARTIAL,664,2023-12-19,2026-08-21,2.67,353.55,58817.4,33750,21976775.53,14161425.0,0.5767,0.4109,1.077,6.356,0.6757,0,0.0,11,1.66,0,0,0,0,0,Tier 3: Mid-Market Tradable (1-10 Cr/day)
EXXARO,EXXARO TILES LIMITED,INE0GFE01026,EQ,NORMAL,False,False,PARTIAL,1245,2021-08-16,2026-08-21,5.01,6.09,1864760.8,780000,21945563.29,8105022.0,0.455,-0.0563,1.575,12.01,0.6544,0,0.0,1,0.08,1,0,1,0,0,Tier 3: Mid-Market Tradable (1-10 Cr/day)
MBAPL,MADHYA BHARAT AGRO P. LTD,INE900L01028,EQ,NORMAL,False,False,PARTIAL,2072,2016-09-12,2026-08-21,9.94,169.52,439746.7,149160,21915053.46,3157955.0,0.5134,0.7094,0.894,9.44,0.4143,1,0.05,303,14.62,11,8,1,2,0,Tier 3: Mid-Market Tradable (1-10 Cr/day)
GLOBECIVIL,GLOBE CIVIL PROJECTS LTD,INE0V3U01015,EQ,NORMAL,False,False,PARTIAL,284,2025-07-01,2026-08-21,1.14,42.0,285055.1,87837,21801236.83,4786580.76,0.4727,-0.6121,1.581,11.214,0.6415,0,0.0,1,0.35,0,0,0,0,0,Tier 3: Mid-Market Tradable (1-10 Cr/day)
NIFTYBETA,UTIAMC-NIFTYBETA,INF789F1AZC0,EQ,NORMAL,False,False,PARTIAL,2448,2016-08-22,2026-08-21,10.0,268.85,92390.2,10990,21795012.78,1972533.5,0.1752,0.1308,-0.673,24.428,0.3388,0,0.0,110,4.49,0,0,0,0,0,Tier 3: Mid-Market Tradable (1-10 Cr/day)
ALPL30IETF,ICICIPRAMC - ICICIALPLV,INF109KC17V7,EQ,NORMAL,False,False,PARTIAL,1493,2020-08-18,2026-08-21,6.01,28.07,860543.5,414460,21734964.13,8603789.6,0.135,0.1538,-0.383,4.197,0.2513,0,0.0,0,0.0,0,0,0,0,0,Tier 3: Mid-Market Tradable (1-10 Cr/day)
VENUSREM,VENUS REMEDIES LIMITED,INE411B01019,BE,NORMAL,False,False,PARTIAL,2469,2016-08-22,2026-08-21,10.0,1738.1,77828.8,39603,21632517.05,7444515.4,0.5693,0.4621,1.301,9.012,0.8543,0,0.0,67,2.71,10,1,0,0,0,Tier 3: Mid-Market Tradable (1-10 Cr/day)
GROWWRAIL,GROWWAMC - GROWWRAIL,INF666M01JJ6,EQ,NORMAL,False,False,PARTIAL,379,2025-02-07,2026-08-21,1.53,28.76,635961.8,438482,21542856.54,14201961.84,0.2369,-0.1269,0.558,5.346,0.3063,0,0.0,0,0.0,0,0,0,0,0,Tier 3: Mid-Market Tradable (1-10 Cr/day)
HESTERBIO,HESTER BIOSCIENCES LTD,INE782E01017,EQ,NORMAL,False,False,PARTIAL,2476,2016-08-22,2026-08-21,10.0,2367.8,11076.8,4438,21455813.4,7073592.3,0.419,0.1996,2.034,16.594,0.6095,0,0.0,0,0.0,15,14,0,0,0,Tier 3: Mid-Market Tradable (1-10 Cr/day)
INDOTECH,INDO TECH TRANSFORM LTD.,INE332H01014,EQ,NORMAL,False,False,PARTIAL,2457,2016-08-22,2026-08-21,10.0,3902.5,23937.9,10351,21424313.74,2323284.6,0.5523,0.4566,1.224,7.394,0.735,0,0.0,72,2.93,8,0,0,0,0,Tier 3: Mid-Market Tradable (1-10 Cr/day)
MUKANDLTD,MUKAND LTD.,INE304A01026,EQ,NORMAL,False,False,PARTIAL,2476,2016-08-22,2026-08-21,10.0,137.21,172060.0,84973,21331582.83,8207827.2,0.4943,0.2093,0.59,7.148,0.8846,0,0.0,25,1.01,9,6,0,0,0,Tier 3: Mid-Market Tradable (1-10 Cr/day)
CNL,CREATIVE NEWTECH LIMITED,INE985W01018,EQ,NORMAL,False,False,PARTIAL,2025,2017-04-12,2026-08-21,9.36,1247.7,38244.8,13291,21307606.85,4839289.0,0.5459,0.4895,-0.157,25.559,0.6444,0,0.0,80,3.95,7,7,0,0,0,Tier 3: Mid-Market Tradable (1-10 Cr/day)
STEELCAS,STEELCAST LIMITED,INE124E01038,EQ,NORMAL,False,False,PARTIAL,1179,2021-11-23,2026-08-21,4.74,356.05,130683.7,68780,21216631.15,10424765.0,0.432,0.4729,0.696,6.177,0.2691,0,0.0,0,0.0,20,19,1,0,0,Tier 3: Mid-Market Tradable (1-10 Cr/day)
NDRAUTO,NDR AUTO COMPONENTS LTD,INE07OG01012,EQ,NORMAL,False,False,PARTIAL,1501,2020-07-30,2026-08-21,6.06,756.1,58679.0,26421,21119625.87,6618791.4,0.5638,0.7028,1.423,8.621,0.561,0,0.0,35,2.33,8,6,0,2,0,Tier 3: Mid-Market Tradable (1-10 Cr/day)
ASAL,AUTOMOTIVE STAMPINGS & AS,INE900C01027,EQ,NORMAL,False,False,PARTIAL,2474,2016-08-22,2026-08-21,10.0,500.1,45981.2,15584,21058493.81,3389776.0,0.5577,0.3833,0.899,7.964,0.8939,0,0.0,82,3.31,8,0,0,0,0,Tier 3: Mid-Market Tradable (1-10 Cr/day)
KHADIM,KHADIM INDIA LIMITED,INE834I01025,BE,NORMAL,False,False,PARTIAL,2177,2016-08-26,2026-08-21,9.98,97.0,83149.7,33096,21012791.4,7984471.6,23.1073,7.7559,46.551,2169.981,0.9196,4,0.18,2,0.09,8,2,0,0,0,Tier 3: Mid-Market Tradable (1-10 Cr/day)
MAHKTECH,MIRAEAMC - MAHKTECH,INF769K01HS7,EQ,NORMAL,False,False,PARTIAL,1166,2021-12-10,2026-08-21,4.7,23.1,1133861.0,675894,20966890.85,11413114.2,0.3553,0.0977,0.62,10.178,0.4837,0,0.0,145,12.44,0,0,0,0,0,Tier 3: Mid-Market Tradable (1-10 Cr/day)
GOLDBETA,UTIAMC-UTIGOLDBETA,INF789F1AUX7,EQ,NORMAL,False,False,PARTIAL,2475,2016-08-22,2026-08-21,10.0,133.75,277974.3,124600,20961405.64,4882370.0,0.1507,0.1691,-0.299,18.165,0.2344,0,0.0,0,0.0,0,0,0,0,0,Tier 3: Mid-Market Tradable (1-10 Cr/day)
ALPINETEX,ALPINE TEXWORLD LIMITED,INE1JCQ01037,EQ,NORMAL,False,False,PARTIAL,24,2026-07-21,2026-08-21,0.08,58.5,301843.9,265756,20931954.69,16939287.44,0.488,-5.6658,1.178,3.704,0.4272,0,0.0,6,25.0,0,0,0,0,0,Tier 3: Mid-Market Tradable (1-10 Cr/day)
ZIMLAB,ZIM LABORATORIES LIMITED,INE518E01015,EQ,NORMAL,False,False,PARTIAL,928,2022-11-25,2026-08-21,3.74,125.03,190953.0,82158,20913727.28,8294998.08,0.4781,0.1425,0.711,9.003,0.5956,0,0.0,7,0.75,3,0,0,1,0,Tier 3: Mid-Market Tradable (1-10 Cr/day)
NEXT50IETF,ICICIPRAMC - ICICINXT50,INF109KC1NS5,EQ,NORMAL,False,False,PARTIAL,1971,2018-08-31,2026-08-21,7.97,78.11,328622.9,75174,20782372.2,3095719.38,0.2122,0.1403,-0.632,26.944,0.2961,0,0.0,6,0.3,0,0,0,0,0,Tier 3: Mid-Market Tradable (1-10 Cr/day)
MAWANASUG,MAWANA SUGARS LIMITED,INE636A01039,EQ,NORMAL,False,False,PARTIAL,2450,2016-08-22,2026-08-21,10.0,152.54,231196.7,115099,20740374.72,8031110.55,0.546,0.2668,0.944,8.234,0.8843,0,0.0,16,0.65,12,7,0,0,0,Tier 3: Mid-Market Tradable (1-10 Cr/day)
FEL,FUTURE ENTERPRISES LTD,INE623B01027,BZ,NORMAL,False,False,PARTIAL,2344,2016-08-22,2026-08-21,10.0,0.39,1107342.1,514943,20655693.64,5315486.0,0.5411,-0.282,0.499,6.434,0.9938,0,0.0,174,7.42,2,1,0,0,0,Tier 3: Mid-Market Tradable (1-10 Cr/day)
EIMCOELECO,EIMCO ELECON (INDIA) LTD,INE158B01016,EQ,NORMAL,False,False,PARTIAL,2475,2016-08-22,2026-08-21,10.0,2182.9,14203.4,3722,20614327.65,1763851.6,0.4722,0.2856,1.136,9.133,0.7249,0,0.0,17,0.69,10,10,0,0,0,Tier 3: Mid-Market Tradable (1-10 Cr/day)
RMDRIP,R M DRIP & SPRINK SYS LTD,INE219Y01026,BE,NORMAL,False,False,PARTIAL,1708,2017-10-04,2026-08-21,8.88,18.37,739692.6,205726,20586692.2,855822.24,0.6076,0.4265,0.51,10.175,0.8552,0,0.0,488,28.57,3,1,1,1,0,Tier 3: Mid-Market Tradable (1-10 Cr/day)
SHINDL,SHARAT INDUSTRIES LTD.,INE220Z01013,EQ,NORMAL,False,False,PARTIAL,87,2026-04-20,2026-08-21,0.34,165.28,132598.5,127867,20544383.56,19030857.28,0.251,0.3392,-0.313,3.582,0.0987,0,0.0,0,0.0,0,0,0,0,0,Tier 3: Mid-Market Tradable (1-10 Cr/day)
PAUSHAKLTD,PAUSHAK LIMITED,INE111F01024,EQ,NORMAL,False,False,PARTIAL,180,2025-12-01,2026-08-21,0.72,763.35,33697.9,13742,20484398.61,6849699.9,0.5045,0.4908,1.177,5.501,0.4374,0,0.0,0,0.0,1,1,0,0,0,Tier 3: Mid-Market Tradable (1-10 Cr/day)
MAXIND,MAX INDIA LIMITED,INE0CG601016,EQ,NORMAL,False,False,PARTIAL,1485,2020-08-28,2026-08-21,5.98,150.1,184317.5,75581,20416346.31,10208464.0,0.4157,0.1997,1.627,12.078,0.6273,0,0.0,8,0.54,6,0,0,0,1,Tier 3: Mid-Market Tradable (1-10 Cr/day)
OCCLLTD,OCCL LIMITED,INE0PK601023,BE,NORMAL,False,False,PARTIAL,450,2024-10-29,2026-08-21,1.81,158.63,189171.4,68865,20390586.99,7487687.74,0.5565,0.4451,1.15,10.199,0.4901,0,0.0,4,0.89,3,3,0,0,0,Tier 3: Mid-Market Tradable (1-10 Cr/day)
SILVER360,360ONEAMC - SILVER360,INF579M01BC3,EQ,NORMAL,False,False,PARTIAL,342,2025-04-04,2026-08-21,1.38,238.61,93486.9,26833,20387273.75,5525590.35,0.4979,0.7896,-0.543,8.468,0.4257,0,0.0,0,0.0,0,0,0,0,0,Tier 3: Mid-Market Tradable (1-10 Cr/day)
PUNJABCHEM,PUNJAB CHEM & CROP PROT L,INE277B01014,EQ,NORMAL,False,False,PARTIAL,2476,2016-08-22,2026-08-21,10.0,1148.0,21477.0,9074,20304032.33,7465668.3,0.4396,0.2777,0.913,8.42,0.647,0,0.0,0,0.0,11,8,0,0,0,Tier 3: Mid-Market Tradable (1-10 Cr/day)
TCPLPACK,TCPL PACKAGING LIMITED,INE822C01015,EQ,NORMAL,False,False,PARTIAL,2191,2017-10-17,2026-08-21,8.84,4101.3,13775.2,5022,20221210.67,6283272.8,0.4793,0.3203,1.535,11.346,0.7989,0,0.0,0,0.0,9,9,0,0,0,Tier 3: Mid-Market Tradable (1-10 Cr/day)
NIFTY1,KOTAK NIFTY ETF,INF174K014P6,EQ,NORMAL,False,False,PARTIAL,2476,2016-08-22,2026-08-21,10.0,269.65,104716.1,42445,20204891.39,8315631.1,0.3212,0.0341,-35.606,1581.281,0.9187,0,0.0,0,0.0,0,0,0,0,0,Tier 3: Mid-Market Tradable (1-10 Cr/day)
PVSL,POPULAR VEHICLES N SER L,INE772T01024,EQ,NORMAL,False,False,PARTIAL,601,2024-03-19,2026-08-21,2.42,109.67,116589.8,63811,20135146.99,9985460.0,0.4037,-0.3068,0.578,4.813,0.7066,0,0.0,0,0.0,2,1,0,0,0,Tier 3: Mid-Market Tradable (1-10 Cr/day)
ELPROINTL,ELPRO INTERNATIONAL LTD,INE579B01039,EQ,NORMAL,False,False,PARTIAL,87,2026-04-20,2026-08-21,0.34,175.47,129835.2,49898,20120170.39,8554014.0,0.4121,1.6586,3.741,18.636,0.0521,0,0.0,0,0.0,0,0,0,0,0,Tier 3: Mid-Market Tradable (1-10 Cr/day)
MIDSMALL,MIRAEAMC - MIDSMALL,INF769K01LJ8,EQ,NORMAL,False,False,PARTIAL,556,2024-05-28,2026-08-21,2.23,52.29,408325.7,317412,20104006.35,15694583.12,0.1977,0.0427,-0.451,5.933,0.2591,0,0.0,0,0.0,0,0,0,0,0,Tier 3: Mid-Market Tradable (1-10 Cr/day)
WINDMACHIN,WINDSOR MACHINES LIMITED,INE052A01021,EQ,NORMAL,False,False,PARTIAL,2476,2016-08-22,2026-08-21,10.0,314.6,172262.9,79421,20084936.31,6324539.5,0.5808,0.3945,1.096,8.729,0.9478,0,0.0,43,1.74,9,7,0,0,0,Tier 3: Mid-Market Tradable (1-10 Cr/day)
NRL,NUPUR RECYCLERS LIMITED,INE0JM501013,BE,PCA,False,False,PARTIAL,1157,2021-12-23,2026-08-21,4.66,117.66,242978.0,89100,20013647.86,6866640.0,0.5545,0.5004,1.249,7.701,0.663,0,0.0,37,3.2,1,0,0,1,0,Tier 3: Mid-Market Tradable (1-10 Cr/day)
PDMJEPAPER,PUDUMJEE PAPER PRO. LTD,INE865T01018,EQ,NORMAL,False,False,PARTIAL,2477,2016-08-22,2026-08-21,10.0,90.69,276719.4,98920,19905680.49,4400356.8,0.5195,0.3226,1.206,7.869,0.7139,1,0.04,19,0.77,11,10,0,0,0,Tier 3: Mid-Market Tradable (1-10 Cr/day)
TECHERA,TECHERA ENGINEER (IND) L,INE0JQS01019,SM,SME,False,False,PARTIAL,460,2024-10-03,2026-08-21,1.88,176.65,99927.0,52000,19876197.74,9585600.0,0.5692,0.3244,0.074,2.073,0.5999,0,0.0,57,12.39,0,0,0,0,0,Tier 3: Mid-Market Tradable (1-10 Cr/day)
PRABHA,PRABHA ENERGY LIMITED,INE0I0M01023,EQ,NORMAL,False,False,PARTIAL,353,2025-03-19,2026-08-21,1.42,217.66,98653.4,37316,19687513.03,7047245.64,0.4732,0.1318,1.124,6.885,0.5454,0,0.0,2,0.57,1,0,0,0,1,Tier 3: Mid-Market Tradable (1-10 Cr/day)
SAHAJSOLAR,SAHAJ SOLAR LIMITED,INE0P4701011,SM,SME,False,False,PARTIAL,520,2024-07-19,2026-08-21,2.09,108.35,74146.2,27600,19642961.69,5710080.0,0.5935,-0.0734,1.099,7.109,0.7515,0,0.0,23,4.42,0,0,0,0,0,Tier 3: Mid-Market Tradable (1-10 Cr/day)
TRANSWORLD,TRANSWORLD SHIP LINES LTD,INE757B01015,BE,NORMAL,False,False,PARTIAL,2476,2016-08-22,2026-08-21,10.0,181.87,66654.8,29003,19555038.68,7022510.6,0.5655,0.1161,0.93,9.297,0.9442,0,0.0,15,0.61,9,7,0,0,0,Tier 3: Mid-Market Tradable (1-10 Cr/day)
GREENLAM,GREENLAM INDUSTRIES LTD.,INE544R01021,EQ,NORMAL,False,False,PARTIAL,2476,2016-08-22,2026-08-21,10.0,253.0,103400.1,35320,19536467.64,5034750.0,0.4009,0.2088,0.544,7.404,0.6566,0,0.0,0,0.0,12,10,1,1,0,Tier 3: Mid-Market Tradable (1-10 Cr/day)
SACHEEROME,SACHEEROME LIMITED,INE1ARD01016,SM,SME,False,False,PARTIAL,294,2025-06-16,2026-08-21,1.18,500.55,82450.0,32700,19499088.52,10596000.0,0.6844,1.2055,1.166,6.285,0.3875,0,0.0,1,0.34,0,0,0,0,0,Tier 3: Mid-Market Tradable (1-10 Cr/day)
GTPL,GTPL HATHWAY LIMITED,INE869I01013,EQ,NORMAL,False,False,PARTIAL,2263,2017-07-04,2026-08-21,9.13,54.25,132882.2,52876,19416088.25,6582184.7,0.4894,-0.0107,1.073,10.771,0.8288,0,0.0,3,0.13,9,9,0,0,0,Tier 3: Mid-Market Tradable (1-10 Cr/day)
PENINLAND,PENINSULA LAND LIMITED,INE138A01028,BE,PCA,False,False,PARTIAL,2474,2016-08-22,2026-08-21,10.0,15.5,583075.0,275631,19307681.99,3919596.3,0.5915,0.1522,0.794,5.279,0.9455,0,0.0,67,2.71,9,0,0,0,0,Tier 3: Mid-Market Tradable (1-10 Cr/day)
VALIANTLAB,VALIANT LABORATORIES LTD,INE0JWS01017,EQ,NORMAL,False,False,PARTIAL,714,2023-10-06,2026-08-21,2.87,95.74,141180.1,69704,19253936.3,6808086.39,0.4613,-0.0984,0.746,5.514,0.7526,0,0.0,7,0.98,1,0,0,0,1,Tier 3: Mid-Market Tradable (1-10 Cr/day)
ULTRAMAR,ULTRAMARINE & PIGMENTS L,INE405A01021,EQ,NORMAL,False,False,PARTIAL,87,2026-04-20,2026-08-21,0.34,419.4,47922.8,17308,19244444.13,6835140.0,0.3041,0.0464,0.673,3.462,0.1568,0,0.0,0,0.0,1,1,0,0,0,Tier 3: Mid-Market Tradable (1-10 Cr/day)
SHIVALIK,SHIVALIK RASAYAN LIMITED,INE788J01021,BE,NORMAL,False,False,PARTIAL,1167,2021-12-09,2026-08-21,4.7,270.49,32361.6,16374,19239564.54,9245253.6,0.4623,-0.1675,1.056,8.34,0.8205,0,0.0,0,0.0,4,4,0,0,0,Tier 3: Mid-Market Tradable (1-10 Cr/day)
VETO,VETO SWITCHGEAR CABLE LTD,INE918N01018,BE,NORMAL,False,False,PARTIAL,2476,2016-08-22,2026-08-21,10.0,127.25,137136.0,51801,19193550.5,6003013.3,0.5028,0.1232,1.052,8.519,0.8941,0,0.0,4,0.16,12,9,0,0,0,Tier 3: Mid-Market Tradable (1-10 Cr/day)
KINGFA,KINGFA SCI & TEC IND LTD.,INE473D01015,EQ,NORMAL,False,False,PARTIAL,2421,2016-11-15,2026-08-21,9.76,5813.5,9967.8,5201,19190226.32,6356045.8,0.4823,0.308,1.219,9.334,0.7211,0,0.0,2,0.08,9,1,0,0,1,Tier 3: Mid-Market Tradable (1-10 Cr/day)
VGINFOTECH,VIRTUAL GALAXY INFOTECH L,INE0VRH01015,SM,SME,False,False,PARTIAL,315,2025-05-19,2026-08-21,1.26,151.0,115215.9,54000,19170665.24,8044050.0,0.463,-0.0747,0.843,5.694,0.4807,0,0.0,1,0.32,0,0,0,0,0,Tier 3: Mid-Market Tradable (1-10 Cr/day)
ARROWGREEN,ARROW GREENTECH LIMITED,INE570D01018,BE,NORMAL,False,False,PARTIAL,2445,2016-08-22,2026-08-21,10.0,713.15,40086.5,14902,19161505.28,4007849.55,0.5915,0.2246,0.571,10.409,0.9537,1,0.04,88,3.6,11,7,0,0,1,Tier 3: Mid-Market Tradable (1-10 Cr/day)
MODIS,MODIS NAVNIRMAN LTD,INE0L0L01012,EQ,NORMAL,False,False,PARTIAL,191,2025-11-14,2026-08-21,0.77,383.15,53323.1,16520,19150619.68,6023622.4,0.3575,0.0249,0.16,4.956,0.2663,0,0.0,0,0.0,0,0,0,0,0,Tier 3: Mid-Market Tradable (1-10 Cr/day)
SPCENET,SPACENET ENTERS IND LTD,INE970N01027,EQ,NORMAL,False,False,PARTIAL,1686,2017-01-10,2026-08-21,9.61,3.34,935657.3,281298,18970903.61,2466807.84,1.1129,0.7356,13.987,394.854,0.9459,2,0.12,428,25.39,11,1,0,0,0,Tier 3: Mid-Market Tradable (1-10 Cr/day)
PSUBANK,KOTAK PSU BANK,INF174KA1A86,EQ,NORMAL,False,False,PARTIAL,2476,2016-08-22,2026-08-21,10.0,86.11,358111.7,129920,18952466.43,4567962.6,0.3056,0.1479,-0.201,7.78,0.7387,0,0.0,1,0.04,0,0,0,0,0,Tier 3: Mid-Market Tradable (1-10 Cr/day)
PROZONER,PROZONE REALTY LIMITED,INE195N01013,EQ,NORMAL,False,False,PARTIAL,2477,2016-08-22,2026-08-21,10.0,41.73,491175.4,184316,18901179.68,5786562.6,0.5439,0.1939,1.219,7.397,0.8997,1,0.04,93,3.75,0,0,0,0,0,Tier 3: Mid-Market Tradable (1-10 Cr/day)
BMLL,BIO MEDICA LABORATORIES L,INE1BKA01015,SM,SME,False,False,PARTIAL,59,2026-05-29,2026-08-21,0.23,156.7,144728.8,72000,18900754.24,10083600.0,0.6424,1.5151,0.848,4.063,0.1659,0,0.0,1,1.69,0,0,0,0,0,Tier 3: Mid-Market Tradable (1-10 Cr/day)
CEREBRAINT,CEREBRA INT TECH LTD,INE345B01019,BZ,NORMAL,False,False,PARTIAL,2476,2016-08-22,2026-08-21,10.0,2.81,504804.2,228912,18870727.46,5200589.25,0.5261,-0.0261,0.74,8.054,0.9723,0,0.0,168,6.79,9,0,0,0,0,Tier 3: Mid-Market Tradable (1-10 Cr/day)
DOLPHIN,DOLPHIN OFF ENT (IND) L,INE920A01037,EQ,NORMAL,False,False,PARTIAL,746,2023-08-21,2026-08-21,3.0,645.1,45376.8,4290,18834391.66,1885626.3,0.5,1.4907,0.374,5.391,0.7727,1,0.13,192,25.74,3,0,1,0,0,Tier 3: Mid-Market Tradable (1-10 Cr/day)
TRIGYN,TRIGYN TECHNOLOGIES LTD,INE948A01012,EQ,NORMAL,False,False,PARTIAL,2476,2016-08-22,2026-08-21,10.0,54.39,157707.8,71674,18812145.45,6539186.5,0.5635,0.091,1.074,8.051,0.8972,0,0.0,7,0.28,9,2,0,0,0,Tier 3: Mid-Market Tradable (1-10 Cr/day)
MAXVOLT,MAXVOLT ENERGY INDUS L,INE10A501018,SM,SME,False,False,PARTIAL,370,2025-02-19,2026-08-21,1.5,325.5,61988.1,40800,18734183.62,12708800.0,0.582,0.5694,0.202,2.972,0.4937,0,0.0,20,5.41,0,0,0,0,0,Tier 3: Mid-Market Tradable (1-10 Cr/day)
MANCREDIT,MANGAL CREDIT N FINCORP L,INE545L01039,EQ,NORMAL,False,False,PARTIAL,501,2024-08-16,2026-08-21,2.01,218.06,92329.3,36252,18694959.17,6070659.56,0.3404,0.2617,1.021,6.354,0.2533,0,0.0,0,0.0,3,2,0,0,0,Tier 3: Mid-Market Tradable (1-10 Cr/day)
SUNDROP,SUNDROP BRANDS LIMITED,INE209A01019,EQ,NORMAL,False,False,PARTIAL,2476,2016-08-22,2026-08-21,10.0,646.5,24316.2,8594,18685714.14,6034357.75,0.3655,0.0899,1.114,14.256,0.5608,0,0.0,0,0.0,8,8,0,0,0,Tier 3: Mid-Market Tradable (1-10 Cr/day)
PILANIINVS,PILANI INV & IND COR LTD,INE417C01014,EQ,NORMAL,False,False,PARTIAL,2412,2016-08-22,2026-08-21,10.0,4356.9,6413.0,3030,18681227.6,5952530.75,0.348,0.2199,1.218,16.112,0.7098,0,0.0,3,0.12,12,11,0,1,0,Tier 3: Mid-Market Tradable (1-10 Cr/day)
GROWWHOSPI,GROWWAMC - GROWWHOSPI,INF666M01OD9,EQ,NORMAL,False,False,PARTIAL,115,2026-03-05,2026-08-21,0.46,51.79,358937.3,231326,18667901.87,11161387.38,0.1709,0.1734,-0.279,3.21,0.0881,0,0.0,0,0.0,0,0,0,0,0,Tier 3: Mid-Market Tradable (1-10 Cr/day)
DECCANCE,DECCAN CEMENTS LIMITED,INE583C01021,EQ,NORMAL,False,False,PARTIAL,2476,2016-08-22,2026-08-21,10.0,554.15,30927.4,11978,18607789.42,6562588.2,0.3789,0.087,0.759,10.671,0.7277,0,0.0,0,0.0,11,9,1,0,0,Tier 3: Mid-Market Tradable (1-10 Cr/day)
ACCENTMIC,ACCENT MICROCELL LIMITED,INE0Q5D01013,SM,SME,False,False,PARTIAL,666,2023-12-15,2026-08-21,2.68,605.05,58622.4,30500,18580106.76,8959000.0,0.4727,0.3565,1.235,8.496,0.4882,0,0.0,1,0.15,0,0,0,0,0,Tier 3: Mid-Market Tradable (1-10 Cr/day)
ALANKIT,ALANKIT LIMITED,INE914E01040,EQ,NORMAL,False,False,PARTIAL,2476,2016-08-22,2026-08-21,10.0,8.16,797825.0,361732,18558652.78,6573546.9,0.5262,-0.0091,0.638,8.606,0.9193,0,0.0,45,1.82,14,8,0,1,0,Tier 3: Mid-Market Tradable (1-10 Cr/day)
RSWM,RSWM LIMITED,INE611A01016,BE,NORMAL,False,False,PARTIAL,2476,2016-08-22,2026-08-21,10.0,204.83,90277.6,44223,18504278.82,7637472.7,0.4499,0.0627,0.677,6.652,0.8822,0,0.0,1,0.04,10,5,0,0,1,Tier 3: Mid-Market Tradable (1-10 Cr/day)
CONNPLEX,CONNPLEX CINEMAS LIMITED,INE0EAS01014,SM,SME,False,False,PARTIAL,252,2025-08-14,2026-08-21,1.02,217.95,85196.8,40000,18462724.6,9470560.0,0.5007,0.2793,0.015,4.239,0.3388,0,0.0,0,0.0,0,0,0,0,0,Tier 3: Mid-Market Tradable (1-10 Cr/day)
NATHBIOGEN,NATH BIO-GENES (I) LTD,INE448G01010,EQ,NORMAL,False,False,PARTIAL,2476,2016-08-22,2026-08-21,10.0,153.09,61703.8,27383,18222552.15,6495900.5,0.4708,0.1448,0.979,10.674,0.7717,0,0.0,2,0.08,11,5,0,0,0,Tier 3: Mid-Market Tradable (1-10 Cr/day)
PROPSHOP,PROPSHOP EVENTS AND EXH L,INE1FFX01018,SM,SME,False,False,PARTIAL,15,2026-08-03,2026-08-21,0.05,70.05,298400.0,176000,18208646.67,12036000.0,0.4118,3.768,-0.041,1.83,0.0398,0,0.0,0,0.0,0,0,0,0,0,Tier 3: Mid-Market Tradable (1-10 Cr/day)
TEJA,TEJA ENGINEERING IND L,INE0R1301019,SM,SME,False,False,PARTIAL,34,2026-07-07,2026-08-21,0.12,334.55,30458.8,21600,18165649.41,11130210.0,0.8787,-1.6633,-1.446,5.605,0.5091,0,0.0,7,20.59,0,0,0,0,0,Tier 3: Mid-Market Tradable (1-10 Cr/day)
SPECIALITY,SPECIALITY REST LTD,INE247M01014,BE,NORMAL,False,False,PARTIAL,2476,2016-08-22,2026-08-21,10.0,140.81,139272.6,59726,18088910.44,6687686.0,0.4969,0.1731,0.934,7.804,0.8798,0,0.0,1,0.04,9,3,0,0,0,Tier 3: Mid-Market Tradable (1-10 Cr/day)
ICEMAKE,ICE MAKE REFRIGERAT LTD,INE520Y01019,EQ,NORMAL,False,False,PARTIAL,1981,2017-12-08,2026-08-21,8.7,721.7,44822.9,21243,18019005.63,5623467.75,0.5282,0.4372,0.837,8.039,0.7864,0,0.0,136,6.87,5,5,0,0,0,Tier 3: Mid-Market Tradable (1-10 Cr/day)
AILIMITED,ABHISHEK INTEGRATIONS LTD,INE0CAJ01017,SM,SME,False,False,PARTIAL,1455,2016-08-22,2026-08-21,10.0,16.35,2829278.1,60000,18013187.99,1142100.0,1.015,0.4166,21.517,677.922,0.793,0,0.0,447,30.72,0,0,0,0,0,Tier 3: Mid-Market Tradable (1-10 Cr/day)
ATMASTCO,ATMASTCO LIMITED,INE05DH01017,SM,SME,False,False,PARTIAL,618,2024-02-23,2026-08-21,2.49,146.35,90192.2,40400,17831156.63,8277640.0,0.6166,0.3598,0.99,7.772,0.7386,0,0.0,36,5.83,0,0,0,0,0,Tier 3: Mid-Market Tradable (1-10 Cr/day)
SARVESHWAR,SARVESHWAR FOODS LIMITED,INE324X01026,EQ,NORMAL,False,False,PARTIAL,1867,2018-03-15,2026-08-21,8.44,3.4,2687160.0,720000,17820648.55,1440000.0,0.7312,0.3139,0.503,5.334,0.8776,0,0.0,522,27.96,3,0,1,1,1,Tier 3: Mid-Market Tradable (1-10 Cr/day)
SSDL,SARASWATI SAREE DEPOT LTD,INE0PQ101010,EQ,NORMAL,False,False,PARTIAL,499,2024-08-20,2026-08-21,2.0,58.6,125537.3,37166,17768259.04,3222201.6,0.408,-0.5483,1.514,13.485,0.7685,0,0.0,0,0.0,2,2,0,0,0,Tier 3: Mid-Market Tradable (1-10 Cr/day)
AVPINFRA,AVP INFRACON LIMITED,INE0R9401019,SM,SME,False,False,PARTIAL,600,2024-03-20,2026-08-21,2.42,59.2,130569.3,76000,17758349.0,10686000.0,0.6022,0.0771,1.008,5.52,0.791,0,0.0,42,7.0,0,0,0,0,0,Tier 3: Mid-Market Tradable (1-10 Cr/day)
CONTROLPR,CONTROL PRINT LIMITED,INE663B01015,EQ,NORMAL,False,False,PARTIAL,2476,2016-08-22,2026-08-21,10.0,573.8,31702.4,15085,17753539.95,6570206.8,0.3974,0.1522,1.092,10.181,0.7039,0,0.0,0,0.0,22,20,0,0,0,Tier 3: Mid-Market Tradable (1-10 Cr/day)
DEFENCE,MIRAEAMC - DEFENCE,INF769K01QC2,EQ,NORMAL,False,False,PARTIAL,124,2026-02-19,2026-08-21,0.5,82.64,239368.4,205626,17631745.16,14791162.56,0.2414,0.4512,-0.35,3.866,0.146,0,0.0,0,0.0,0,0,0,0,0,Tier 3: Mid-Market Tradable (1-10 Cr/day)
OSELDEVICE,OSEL DEVICES LIMITED,INE0RMF01018,SM,SME,False,False,PARTIAL,474,2024-09-24,2026-08-21,1.91,400.55,55437.1,25200,17597566.24,9579240.0,0.5881,0.5176,1.094,6.07,0.5468,0,0.0,37,7.81,0,0,0,0,0,Tier 3: Mid-Market Tradable (1-10 Cr/day)
CGRAPHICS,CREATIVE GRAPHICS S IND L,INE0R7401011,SM,SME,False,False,PARTIAL,586,2024-04-09,2026-08-21,2.37,147.0,90608.9,44800,17586766.89,8018640.0,0.574,0.0834,0.863,6.345,0.6122,0,0.0,11,1.88,0,0,0,0,0,Tier 3: Mid-Market Tradable (1-10 Cr/day)
MEDICAMEQ,MEDICAMEN BIOTECH LIMITED,INE646B01010,EQ,NORMAL,False,False,PARTIAL,1196,2021-10-27,2026-08-21,4.82,244.55,32070.9,16719,17554055.07,8492081.14,0.5059,-0.0472,1.447,8.885,0.817,0,0.0,0,0.0,4,4,0,0,0,Tier 3: Mid-Market Tradable (1-10 Cr/day)
NDL,NANDAN DENIM LIMITED,INE875G01048,EQ,NORMAL,False,False,PARTIAL,2476,2016-08-22,2026-08-21,10.0,2.71,4275938.5,1536510,17538933.54,4161817.6,0.5332,0.0956,1.393,9.738,0.925,0,0.0,16,0.65,11,3,1,1,0,Tier 3: Mid-Market Tradable (1-10 Cr/day)
INDNIPPON,INDIA NIPPON ELECT  LTD,INE092B01025,EQ,NORMAL,False,False,PARTIAL,2476,2016-08-22,2026-08-21,10.0,1105.7,31443.3,14982,17537011.94,7084724.5,0.4332,0.2618,1.335,10.055,0.7261,0,0.0,0,0.0,23,14,1,0,0,Tier 3: Mid-Market Tradable (1-10 Cr/day)
VIDHIING,VIDHI SPCLTY F INGRDNTS L,INE632C01026,EQ,NORMAL,False,False,PARTIAL,2476,2016-08-22,2026-08-21,10.0,328.55,88992.9,34795,17504179.26,6448080.0,0.445,0.2814,1.208,9.671,0.6416,0,0.0,0,0.0,34,34,0,0,0,Tier 3: Mid-Market Tradable (1-10 Cr/day)
KAMATHOTEL,KAMAT HOTELS (I) LTD,INE967C01018,EQ,NORMAL,False,False,PARTIAL,2476,2016-08-22,2026-08-21,10.0,207.66,146095.9,57578,17380744.14,6027264.2,0.5626,0.3396,1.016,8.005,0.9007,0,0.0,7,0.28,9,0,0,0,0,Tier 3: Mid-Market Tradable (1-10 Cr/day)
JKIPL,JINKUSHAL INDUSTRIES LTD,INE1FF001016,EQ,NORMAL,False,False,PARTIAL,219,2025-10-03,2026-08-21,0.88,102.32,178556.3,65528,17373055.86,5347127.52,0.6421,-0.0017,1.452,8.572,0.6129,0,0.0,6,2.74,0,0,0,0,0,Tier 3: Mid-Market Tradable (1-10 Cr/day)
SANGAMIND,SANGAM (INDIA) LTD,INE495C01010,EQ,NORMAL,False,False,PARTIAL,2476,2016-08-22,2026-08-21,10.0,577.65,59528.1,21779,17350012.04,5213283.25,0.5307,0.2162,1.169,8.911,0.896,0,0.0,13,0.53,11,11,0,0,0,Tier 3: Mid-Market Tradable (1-10 Cr/day)
MUTHOOTCAP,MUTHOOT CAP SERV LTD,INE296G01013,EQ,NORMAL,False,False,PARTIAL,2476,2016-08-22,2026-08-21,10.0,251.94,43594.4,21106,17339327.88,7689680.3,0.463,0.1373,1.029,11.258,0.8685,0,0.0,3,0.12,1,0,0,1,0,Tier 3: Mid-Market Tradable (1-10 Cr/day)
RANASUG,RANA SUGARS LTD.,INE625B01014,EQ,NORMAL,False,False,PARTIAL,2450,2016-08-22,2026-08-21,10.0,14.96,873249.0,415397,17327813.24,5213786.88,0.5259,0.1635,0.884,8.342,0.8616,0,0.0,48,1.96,9,0,0,0,0,Tier 3: Mid-Market Tradable (1-10 Cr/day)
ALPHAETF,MIRAEAMC - ALPHAETF,INF769K01KU7,EQ,NORMAL,False,False,PARTIAL,700,2023-10-27,2026-08-21,2.82,26.71,684675.7,503589,17299735.25,12774288.48,0.2097,0.1912,-0.575,7.313,0.3007,0,0.0,0,0.0,0,0,0,0,0,Tier 3: Mid-Market Tradable (1-10 Cr/day)
PHANTOMFX,PHANTOM DIGITAL EFF LTD,INE0MLZ01019,SM,SME,False,False,PARTIAL,951,2022-10-21,2026-08-21,3.83,128.1,51853.6,33900,17207484.95,9948900.0,0.5869,-0.0669,0.703,5.523,0.7862,0,0.0,7,0.74,0,0,0,0,0,Tier 3: Mid-Market Tradable (1-10 Cr/day)
KOKUYOCMLN,KOKUYO CAMLIN LIMITED,INE760A01029,EQ,NORMAL,False,False,PARTIAL,2476,2016-08-22,2026-08-21,10.0,80.08,172354.0,73639,17205235.94,6616180.75,0.4364,0.0962,0.839,9.457,0.74,0,0.0,0,0.0,9,3,0,0,0,Tier 3: Mid-Market Tradable (1-10 Cr/day)
MOLDTECH,MOLD-TEK TECHNOLOGIES LTD,INE835B01035,BE,NORMAL,False,False,PARTIAL,2476,2016-08-22,2026-08-21,10.0,190.0,102227.0,34237,17115218.33,2897923.5,0.5135,0.2612,1.783,11.332,0.7364,0,0.0,1,0.04,18,17,0,0,0,Tier 3: Mid-Market Tradable (1-10 Cr/day)
CKKRETAIL,C K K RETAIL MART LIMITED,INE0SMX01019,SM,SME,False,False,PARTIAL,131,2026-02-06,2026-08-21,0.54,145.1,102680.9,27200,17063400.31,3952800.0,0.5864,-0.1487,-0.047,2.551,0.5632,0,0.0,26,19.85,0,0,0,0,0,Tier 3: Mid-Market Tradable (1-10 Cr/day)
JAYSREETEA,JAYSHREE TEA & INDUSTRIES,INE364A01020,EQ,NORMAL,False,False,PARTIAL,2476,2016-08-22,2026-08-21,10.0,101.81,166147.6,68139,17056850.11,5999406.0,0.4214,0.0823,0.857,7.765,0.8238,0,0.0,3,0.12,8,4,0,0,0,Tier 3: Mid-Market Tradable (1-10 Cr/day)
KOTYARK,KOTYARK INDUSTRIES LTD,INE0J0B01017,BE,NORMAL,False,False,PARTIAL,1192,2021-11-02,2026-08-21,4.8,37.33,310127.9,169417,17021428.79,7848856.95,0.6831,0.6788,1.157,6.554,0.8759,0,0.0,100,8.39,2,1,0,1,0,Tier 3: Mid-Market Tradable (1-10 Cr/day)
BMWVENTLTD,BMW VENTURES LIMITED,INE965W01036,EQ,NORMAL,False,False,PARTIAL,220,2025-10-01,2026-08-21,0.89,58.13,272686.0,134055,16944253.28,7829959.62,0.3967,-0.2018,0.894,5.84,0.3432,0,0.0,2,0.91,1,1,0,0,0,Tier 3: Mid-Market Tradable (1-10 Cr/day)
PSUBNKIETF,ICICIPRAMC - PSUBANKICI,INF109KC10S8,EQ,NORMAL,False,False,PARTIAL,848,2023-03-21,2026-08-21,3.42,86.73,237077.0,170157,16919614.71,12063406.32,0.2457,0.287,-0.275,7.42,0.3018,0,0.0,0,0.0,0,0,0,0,0,Tier 3: Mid-Market Tradable (1-10 Cr/day)
VIRINCHI,VIRINCHI LIMITED,INE539B01017,EQ,NORMAL,False,False,PARTIAL,822,2023-05-03,2026-08-21,3.3,15.55,491582.8,217232,16879732.11,6116734.32,0.4706,-0.1509,1.029,7.235,0.7308,0,0.0,11,1.34,2,0,0,0,0,Tier 3: Mid-Market Tradable (1-10 Cr/day)
AKSHOPTFBR,AKSH OPTIFIBRE  LTD,INE523B01011,BE,NORMAL,False,False,PARTIAL,2476,2016-08-22,2026-08-21,10.0,7.66,858202.7,367859,16872797.97,3567194.25,0.5728,0.0919,1.002,7.7,0.9397,0,0.0,104,4.2,9,1,0,0,0,Tier 3: Mid-Market Tradable (1-10 Cr/day)
CSLFINANCE,CSL FINANCE LIMITED,INE718F01018,EQ,NORMAL,False,False,PARTIAL,1013,2022-07-21,2026-08-21,4.08,230.17,49085.0,24831,16809589.02,7534874.8,0.4611,0.1045,1.365,8.944,0.5958,0,0.0,0,0.0,4,4,0,0,0,Tier 3: Mid-Market Tradable (1-10 Cr/day)
KUANTUM,KUANTUM PAPERS LIMITED,INE529I01021,EQ,NORMAL,False,False,PARTIAL,1698,2019-10-23,2026-08-21,6.83,74.19,123351.8,55955,16713535.1,5656360.25,0.4953,0.1958,0.878,8.065,0.7023,0,0.0,2,0.12,9,5,1,0,0,Tier 3: Mid-Market Tradable (1-10 Cr/day)
KIRLOSIND,KIRLOSKAR INDUSTRIES LTD,INE250A01039,EQ,NORMAL,False,False,PARTIAL,2476,2016-08-22,2026-08-21,10.0,3685.0,5824.5,2046,16569481.59,3794444.4,0.4189,0.2403,1.704,12.643,0.7457,0,0.0,0,0.0,12,10,0,0,0,Tier 3: Mid-Market Tradable (1-10 Cr/day)
SIGMAADV,SIGMA ADVANCED SYSTEM LTD,INE933B01012,EQ,NORMAL,False,False,PARTIAL,2432,2016-08-22,2026-08-21,10.0,688.2,183970.7,86052,16540237.02,2563041.25,0.6064,0.5748,0.627,9.052,0.7975,0,0.0,116,4.77,9,0,0,0,1,Tier 3: Mid-Market Tradable (1-10 Cr/day)
RMC,RMC SWITCHGEARS LIMITED,INE655V01019,EQ,NORMAL,False,False,PARTIAL,98,2026-04-01,2026-08-21,0.39,258.0,50800.5,23649,16512081.53,7924280.0,0.7114,-0.6944,0.755,6.395,0.5184,0,0.0,2,2.04,0,0,0,0,0,Tier 3: Mid-Market Tradable (1-10 Cr/day)
SARLAPOLY,SARLA PERF. FIBERS LTD,INE453D01025,EQ,NORMAL,False,False,PARTIAL,2476,2016-08-22,2026-08-21,10.0,97.89,250698.6,94718,16442554.57,5125645.2,0.5158,0.1815,1.071,7.841,0.8588,0,0.0,0,0.0,12,7,0,0,0,Tier 3: Mid-Market Tradable (1-10 Cr/day)
DYNPRO,DYNEMIC PRODUCTS LIMITED,INE256H01015,EQ,NORMAL,False,False,PARTIAL,2252,2017-07-19,2026-08-21,9.09,235.0,50047.5,23165,16310609.31,6423741.6,0.5042,0.1914,1.034,9.3,0.734,0,0.0,1,0.04,7,4,0,0,1,Tier 3: Mid-Market Tradable (1-10 Cr/day)
HTMEDIA,HT MEDIA LIMITED,INE501G01024,EQ,NORMAL,False,False,PARTIAL,2476,2016-08-22,2026-08-21,10.0,27.57,426567.0,180012,16296136.68,5524894.1,0.4745,0.0048,1.092,10.71,0.9295,0,0.0,0,0.0,5,4,0,0,0,Tier 3: Mid-Market Tradable (1-10 Cr/day)
IT,KOTAKMAMC - KOTAKIT,INF174KA1GC5,EQ,NORMAL,False,False,PARTIAL,1354,2021-03-05,2026-08-21,5.46,33.73,477629.2,95570,16258210.99,3224971.4,0.2109,0.0757,-0.086,4.996,0.4166,0,0.0,0,0.0,0,0,0,0,0,Tier 3: Mid-Market Tradable (1-10 Cr/day)
SIMPLEXINF,SIMPLEX INFRASTRUCTURES L,INE059B01024,EQ,NORMAL,False,False,PARTIAL,2476,2016-08-22,2026-08-21,10.0,255.71,141182.0,64513,16101685.85,7121967.6,0.5411,0.1297,0.724,5.459,0.9724,0,0.0,167,6.74,9,4,0,0,0,Tier 3: Mid-Market Tradable (1-10 Cr/day)
GSS,GSS INFOTECH LIMITED,INE871H01011,EQ,NORMAL,False,False,PARTIAL,2476,2016-08-22,2026-08-21,10.0,12.68,196647.8,62722,16088723.3,4396920.05,0.6043,0.112,1.43,9.528,0.9734,0,0.0,18,0.73,9,0,0,0,0,Tier 3: Mid-Market Tradable (1-10 Cr/day)
ACETEC,ACETECH E-COMMERCE LTD,INE1J6M01010,SM,SME,False,False,PARTIAL,78,2026-03-09,2026-08-14,0.43,127.05,121784.6,12000,16065793.08,1479600.0,0.6492,0.4567,0.803,4.091,0.2045,0,0.0,18,23.08,0,0,0,0,0,Tier 3: Mid-Market Tradable (1-10 Cr/day)
DENORA,DE NORA INDIA LIMITED,INE244A01016,EQ,NORMAL,False,False,PARTIAL,2476,2016-08-22,2026-08-21,10.0,828.95,20819.4,8373,15894627.79,3833477.4,0.5451,0.2418,1.178,8.812,0.8024,0,0.0,14,0.57,9,7,0,0,0,Tier 3: Mid-Market Tradable (1-10 Cr/day)
AVTNPL,AVT NATURAL PRODUCTS LTD,INE488D01021,EQ,NORMAL,False,False,PARTIAL,2476,2016-08-22,2026-08-21,10.0,87.53,221197.8,102392,15811547.54,6002502.6,0.4368,0.2003,0.773,10.076,0.6865,0,0.0,0,0.0,20,20,0,0,0,Tier 3: Mid-Market Tradable (1-10 Cr/day)
DMCC,DMCC SPECIALITY CHEMICALS,INE505A01010,EQ,NORMAL,False,False,PARTIAL,1172,2021-12-01,2026-08-21,4.72,284.3,50175.9,22632,15757852.94,6666035.14,0.4877,0.1003,1.25,7.971,0.5658,0,0.0,2,0.17,6,4,0,0,0,Tier 3: Mid-Market Tradable (1-10 Cr/day)
PLAZACABLE,PLAZA WIRES LIMITED,INE0INJ01017,EQ,NORMAL,False,False,PARTIAL,710,2023-10-12,2026-08-21,2.86,52.08,168507.2,55348,15745216.9,3120278.91,0.4448,-0.0566,1.241,9.105,0.8295,0,0.0,8,1.13,1,0,0,0,0,Tier 3: Mid-Market Tradable (1-10 Cr/day)
KCEIL,KAY CEE ENERGY & INFRA L,INE0RCG01017,SM,SME,False,False,PARTIAL,651,2024-01-05,2026-08-21,2.63,84.7,63207.4,34000,15737325.61,8059400.0,0.615,-0.2166,0.724,4.45,0.8124,0,0.0,61,9.37,0,0,0,0,0,Tier 3: Mid-Market Tradable (1-10 Cr/day)
ITETF,MIRAEAMC - ITETF,INF769K01KV5,EQ,NORMAL,False,False,PARTIAL,700,2023-10-27,2026-08-21,2.82,32.29,437308.5,199856,15721433.78,7772988.53,0.246,0.0466,0.645,17.055,0.4191,0,0.0,0,0.0,0,0,0,0,0,Tier 3: Mid-Market Tradable (1-10 Cr/day)
SUBAHOTELS,SUBA HOTELS LIMITED,INE0RYR01018,SM,SME,False,False,PARTIAL,217,2025-10-07,2026-08-21,0.87,112.4,103050.7,46800,15681250.23,5990040.0,0.5996,-0.2482,0.544,4.4,0.4867,0,0.0,3,1.38,0,0,0,0,0,Tier 3: Mid-Market Tradable (1-10 Cr/day)
ALPHAGEO,ALPHAGEO (INDIA) LIMITED,INE137C01018,BE,NORMAL,False,False,PARTIAL,2475,2016-08-22,2026-08-21,10.0,331.41,35270.9,13829,15678273.26,4519690.6,0.52,0.0249,1.163,12.213,0.8929,0,0.0,3,0.12,11,10,0,0,0,Tier 3: Mid-Market Tradable (1-10 Cr/day)
MAHEPC,MAHINDRA EPC IRRIG LTD,INE215D01010,EQ,NORMAL,False,False,PARTIAL,1617,2020-02-14,2026-08-21,6.52,107.0,109580.6,47509,15655376.24,5883961.02,0.4497,0.0495,1.308,11.009,0.555,0,0.0,0,0.0,5,2,0,0,0,Tier 3: Mid-Market Tradable (1-10 Cr/day)
IFGLEXPOR,IFGL REFRACTORIES LIMITED,INE133Y01011,EQ,NORMAL,False,False,PARTIAL,2173,2017-11-14,2026-08-21,8.77,211.77,74637.4,25558,15639188.86,4539061.2,0.4964,0.156,0.93,10.193,0.808,0,0.0,2,0.09,13,11,0,1,0,Tier 3: Mid-Market Tradable (1-10 Cr/day)
TRF,TRF LIMITED,INE391D01019,EQ,NORMAL,False,False,PARTIAL,2438,2016-08-22,2026-08-21,10.0,230.41,69227.1,23866,15592647.21,4900318.5,0.5395,0.1115,1.529,10.051,0.8501,0,0.0,64,2.63,4,0,0,0,0,Tier 3: Mid-Market Tradable (1-10 Cr/day)
DRONE,DRONE DESTINATION LIMITED,INE0P7201019,SM,SME,False,False,PARTIAL,766,2023-07-21,2026-08-21,3.09,36.7,92087.5,47000,15585278.92,5720500.0,0.5473,-0.19,0.985,6.166,0.9191,0,0.0,58,7.57,0,0,0,0,0,Tier 3: Mid-Market Tradable (1-10 Cr/day)
NIMBSPROJ,NIMBUS PROJECTS LIMITED,INE875B01015,EQ,NORMAL,False,False,PARTIAL,96,2026-04-06,2026-08-21,0.38,176.0,79028.9,4323,15582536.3,848518.44,0.4511,-0.2258,0.733,4.529,0.2199,0,0.0,0,0.0,0,0,0,0,0,Tier 3: Mid-Market Tradable (1-10 Cr/day)
ROSSELLIND,ROSSELL INDIA LIMITED,INE847C01020,EQ,NORMAL,False,False,PARTIAL,2476,2016-08-22,2026-08-21,10.0,55.94,65159.6,21718,15473174.45,1943440.2,0.5807,0.1333,-2.023,69.558,0.9341,1,0.04,30,1.21,11,8,0,0,0,Tier 3: Mid-Market Tradable (1-10 Cr/day)
VMARCIND,V MARC INDIA LIMITED,INE0GXK01018,SM,SME,False,False,PARTIAL,1227,2021-04-09,2026-08-21,5.37,393.15,315876.5,161968,15472642.3,5267267.0,0.672,1.027,0.658,4.602,0.6524,0,0.0,175,14.26,0,0,0,0,0,Tier 3: Mid-Market Tradable (1-10 Cr/day)
MEGATHERM,MEGATHERM INDUCTION LTD,INE531R01010,SM,SME,False,False,PARTIAL,632,2024-02-05,2026-08-21,2.54,218.05,50712.7,24000,15436619.81,7077240.0,0.5668,0.1757,1.123,7.39,0.6296,0,0.0,12,1.9,0,0,0,0,0,Tier 3: Mid-Market Tradable (1-10 Cr/day)
VIESL,VISION INFRA EQUIP SOL L,INE0TR001017,SM,SME,False,False,PARTIAL,481,2024-09-13,2026-08-21,1.94,319.95,76098.1,40000,15434857.88,8219640.0,0.5662,0.3665,0.455,4.086,0.475,0,0.0,4,0.83,0,0,0,0,0,Tier 3: Mid-Market Tradable (1-10 Cr/day)
TGVSL,T G V SRAAC LTD.,INE284B01028,EQ,NORMAL,False,False,PARTIAL,5,2026-08-17,2026-08-21,0.01,105.89,145841.6,134805,15411311.96,14246192.4,0.1202,-0.3798,-0.747,1.31,0.0129,0,0.0,0,0.0,0,0,0,0,0,Tier 3: Mid-Market Tradable (1-10 Cr/day)
EEPL,EPPELTONE ENGINEERS LTD,INE11HF01010,SM,SME,False,False,PARTIAL,288,2025-06-24,2026-08-21,1.16,134.0,81840.3,38000,15316928.99,6300750.0,0.665,-0.3546,1.829,9.622,0.6432,0,0.0,2,0.69,0,0,0,0,0,Tier 3: Mid-Market Tradable (1-10 Cr/day)
CHEMICAL,KOTAKMAMC - CHEMICAL,INF174KA1XV0,EQ,NORMAL,False,False,PARTIAL,188,2025-11-19,2026-08-21,0.75,30.24,525747.7,352175,15273285.31,10349324.77,0.1999,0.068,-0.14,4.082,0.1525,0,0.0,0,0.0,0,0,0,0,0,Tier 3: Mid-Market Tradable (1-10 Cr/day)
BHAGERIA,BHAGERIA INDUSTRIES LTD,INE354C01027,BE,NORMAL,False,False,PARTIAL,2476,2016-08-22,2026-08-21,10.0,212.7,80946.4,28448,15173370.67,4587372.6,0.4686,0.1982,0.968,9.053,0.678,0,0.0,3,0.12,13,11,0,1,0,Tier 3: Mid-Market Tradable (1-10 Cr/day)
SRHHYPOLTD,SREE RAYALSEEMA HHP LTD.,INE917H01012,EQ,NORMAL,False,False,PARTIAL,2476,2016-08-22,2026-08-21,10.0,473.15,31731.9,14117,15077958.1,4747144.4,0.5309,0.2994,1.176,8.412,0.724,0,0.0,0,0.0,10,10,0,0,0,Tier 3: Mid-Market Tradable (1-10 Cr/day)
RNFI,RNFI SERVICES LIMITED,INE0SA001017,SM,SME,False,False,PARTIAL,508,2024-07-29,2026-08-21,2.06,275.5,67589.8,31800,15076706.34,7781400.0,0.5506,0.3342,0.964,6.666,0.4333,0,0.0,34,6.69,0,0,0,0,0,Tier 3: Mid-Market Tradable (1-10 Cr/day)
VLSFINANCE,VLS FINANCE LTD,INE709A01018,EQ,NORMAL,False,False,PARTIAL,2476,2016-08-22,2026-08-21,10.0,248.95,99854.6,40248,15054369.61,5111395.2,0.4847,0.2506,1.121,10.492,0.7247,0,0.0,0,0.0,12,9,0,0,0,Tier 3: Mid-Market Tradable (1-10 Cr/day)
PATILAUTOM,PATIL AUTOMATION LIMITED,INE17GV01016,SM,SME,False,False,PARTIAL,290,2025-06-23,2026-08-21,1.16,234.2,77631.7,31800,15037335.52,5833440.0,0.5323,0.4557,0.996,5.021,0.5156,0,0.0,2,0.69,0,0,0,0,0,Tier 3: Mid-Market Tradable (1-10 Cr/day)
DPEL,DIVINE POWER ENERGY LTD,INE0SCO01019,SM,SME,False,False,PARTIAL,527,2024-07-02,2026-08-21,2.14,570.4,74062.6,31500,15021010.15,6749475.0,0.5415,0.7744,1.716,10.904,0.5542,0,0.0,50,9.49,0,0,0,0,0,Tier 3: Mid-Market Tradable (1-10 Cr/day)
KAYA,KAYA LIMITED,INE587G01015,EQ,NORMAL,False,False,PARTIAL,2476,2016-08-22,2026-08-21,10.0,382.25,30746.5,13538,15006065.67,5611848.0,0.4954,0.0531,1.273,9.583,0.9207,0,0.0,34,1.37,2,0,0,0,0,Tier 3: Mid-Market Tradable (1-10 Cr/day)
DENTALKART,VASA DENTICITY LIMITED,INE0N5801013,SM,SME,False,False,PARTIAL,800,2023-06-02,2026-08-21,3.22,395.6,31511.6,17250,14910377.8,9319500.0,0.5185,0.315,0.846,7.198,0.5806,0,0.0,2,0.25,0,0,0,0,0,Tier 3: Mid-Market Tradable (1-10 Cr/day)
ELIQUID,EDELAMC - ELIQUID,INF754K01VW2,EQ,NORMAL,False,False,PARTIAL,198,2025-10-10,2026-08-21,0.86,1044.77,14360.3,3506,14854817.43,3556561.76,0.0028,0.0542,3.231,19.497,0.0001,0,0.0,32,16.16,0,0,0,0,0,Tier 3: Mid-Market Tradable (1-10 Cr/day)
INFLUX,INFLUX HEALTHTECH LIMITED,INE0MYZ01012,SM,SME,False,False,PARTIAL,288,2025-06-25,2026-08-21,1.16,292.0,81643.8,32400,14845592.29,7367460.0,0.5694,0.8984,0.191,5.218,0.2165,0,0.0,1,0.35,0,0,0,0,0,Tier 3: Mid-Market Tradable (1-10 Cr/day)
OAL,ORIENTAL AROMATICS LTD,INE959C01023,EQ,NORMAL,False,False,PARTIAL,1765,2019-07-11,2026-08-21,7.11,339.85,31028.2,13680,14825355.7,6038311.65,0.5134,0.2082,1.259,9.427,0.7751,0,0.0,0,0.0,11,8,0,0,0,Tier 3: Mid-Market Tradable (1-10 Cr/day)
MKPL,M K PROTEINS LIMITED,INE964W01021,EQ,NORMAL,False,False,PARTIAL,1361,2017-04-18,2026-08-21,9.34,4.13,1110501.7,329078,14819305.31,1335645.0,0.5716,0.4681,-0.015,7.256,0.8737,0,0.0,360,26.45,4,0,1,1,0,Tier 3: Mid-Market Tradable (1-10 Cr/day)
EBBETF0431,EDELAMC - EBBETF0431,INF754K01LE1,EQ,NORMAL,False,False,PARTIAL,1507,2020-07-29,2026-08-21,6.06,1440.01,12727.8,8630,14816458.75,10213824.88,0.0309,0.0602,-0.147,9.006,0.0388,0,0.0,0,0.0,0,0,0,0,0,Tier 3: Mid-Market Tradable (1-10 Cr/day)
TAALTECH,TAAL TECH LTD.,INE524T01011,EQ,NORMAL,False,False,PARTIAL,87,2026-04-20,2026-08-21,0.34,4216.2,3702.0,1550,14739973.97,5582954.3,0.545,1.1529,2.02,9.265,0.1452,0,0.0,0,0.0,0,0,0,0,0,Tier 3: Mid-Market Tradable (1-10 Cr/day)
SPCL,SHIVALIC POWER CONTROL L,INE0T7B01010,SM,SME,False,False,PARTIAL,533,2024-07-01,2026-08-21,2.14,60.5,67167.4,33600,14722947.52,3830280.0,0.5306,-0.6584,0.715,4.862,0.8461,0,0.0,18,3.38,0,0,0,0,0,Tier 3: Mid-Market Tradable (1-10 Cr/day)
3BBLACKBIO,3B BLACKBIO DX LTD.,INE994E01018,EQ,NORMAL,False,False,PARTIAL,87,2026-04-20,2026-08-21,0.34,1202.5,11963.6,8633,14664741.95,10695132.0,0.4763,-0.1198,-0.188,4.31,0.2055,0,0.0,0,0.0,0,0,0,0,0,Tier 3: Mid-Market Tradable (1-10 Cr/day)
MODISONLTD,MODISON LIMITED,INE737D01021,BE,NORMAL,False,False,PARTIAL,1318,2021-05-03,2026-08-21,5.3,387.15,104680.9,44430,14654429.08,4817416.16,0.521,0.4811,1.187,8.511,0.495,0,0.0,5,0.38,11,8,0,0,0,Tier 3: Mid-Market Tradable (1-10 Cr/day)
MAANALU,MAAN ALUMINIUM LIMITED,INE215I01027,EQ,NORMAL,False,False,PARTIAL,2476,2016-08-22,2026-08-21,10.0,119.4,246413.2,95844,14636187.67,3463802.0,0.6003,0.5639,1.499,9.187,0.8655,0,0.0,56,2.26,21,9,1,3,0,Tier 3: Mid-Market Tradable (1-10 Cr/day)
THEMISMED,THEMIS MEDICARE LTD.,INE083B01024,EQ,NORMAL,False,False,PARTIAL,2473,2016-08-22,2026-08-21,10.0,106.14,125068.8,41986,14622709.45,3343010.5,0.5214,0.2027,1.161,8.337,0.8033,0,0.0,22,0.89,11,6,1,0,0,Tier 3: Mid-Market Tradable (1-10 Cr/day)
ALLDIGI,ALLDIGI TECH LIMITED,INE835G01018,EQ,NORMAL,False,False,PARTIAL,2476,2016-08-22,2026-08-21,10.0,814.8,25442.6,10594,14608780.51,5077178.75,0.4593,0.2196,1.197,10.607,0.7818,0,0.0,0,0.0,18,11,0,0,0,Tier 3: Mid-Market Tradable (1-10 Cr/day)
SESHAPAPER,SESHASAYEE PAPER & BOARDS,INE630A01024,EQ,NORMAL,False,False,PARTIAL,2476,2016-08-22,2026-08-21,10.0,228.84,60263.4,22477,14607111.77,4733480.85,0.4177,0.1836,1.029,9.792,0.672,0,0.0,0,0.0,11,10,1,0,0,Tier 3: Mid-Market Tradable (1-10 Cr/day)
ZEELEARN,ZEE LEARN LIMITED,INE565L01011,BE,NORMAL,False,False,PARTIAL,2457,2016-08-22,2026-08-21,10.0,7.73,955933.9,404627,14574485.21,5714567.85,0.5027,-0.0331,1.102,10.662,0.9432,0,0.0,205,8.34,10,4,0,0,0,Tier 3: Mid-Market Tradable (1-10 Cr/day)
SIMCA,SIMCA ADVERTISING LIMITED,INE1K4J01018,SM,SME,False,False,PARTIAL,69,2026-05-15,2026-08-21,0.27,242.5,83208.7,50400,14486546.52,9569970.0,0.3706,1.5255,0.024,3.018,0.1853,0,0.0,0,0.0,0,0,0,0,0,Tier 3: Mid-Market Tradable (1-10 Cr/day)
TAURIAN,TAURIAN MPS LIMITED,INE0XWS01018,SM,SME,False,False,PARTIAL,231,2025-09-16,2026-08-21,0.93,451.35,49797.4,29600,14475188.23,7963920.0,0.644,0.9885,0.699,4.536,0.5205,0,0.0,12,5.19,0,0,0,0,0,Tier 3: Mid-Market Tradable (1-10 Cr/day)
SCPL,SHEETAL COOL PRODUCTS LTD,INE501Y01019,BE,NORMAL,False,False,PARTIAL,931,2022-11-22,2026-08-21,3.75,682.75,31548.5,14075,14451268.18,5139377.1,0.5077,0.1366,1.279,10.965,0.7232,0,0.0,2,0.21,2,0,0,0,0,Tier 3: Mid-Market Tradable (1-10 Cr/day)
OSWALGREEN,OSWAL GREENTECH LIMITED,INE143A01010,EQ,NORMAL,False,False,PARTIAL,2476,2016-08-22,2026-08-21,10.0,20.85,378611.2,142997,14381635.2,3704938.7,0.5465,0.1248,1.447,8.897,0.848,0,0.0,2,0.08,10,1,0,0,0,Tier 3: Mid-Market Tradable (1-10 Cr/day)
BIGBLOC,BIGBLOC CONSTRUCTION LTD,INE412U01025,EQ,NORMAL,False,False,PARTIAL,2464,2016-09-02,2026-08-21,9.97,42.49,327070.3,152584,14378503.01,4148023.2,0.5582,0.4193,0.858,7.453,0.8797,0,0.0,77,3.12,17,12,1,1,0,Tier 3: Mid-Market Tradable (1-10 Cr/day)
RUCHIRA,RUCHIRA PAPERS LIMITED,INE803H01014,EQ,NORMAL,False,False,PARTIAL,2476,2016-08-22,2026-08-21,10.0,102.9,125096.9,56445,14365583.04,5889030.0,0.4636,0.1356,0.537,7.656,0.8704,0,0.0,8,0.32,11,9,0,1,0,Tier 3: Mid-Market Tradable (1-10 Cr/day)
WINSOL,WINSOL ENGINEERS LIMITED,INE0S3D01016,SM,SME,False,False,PARTIAL,564,2024-05-14,2026-08-21,2.27,111.5,43202.1,18000,14308671.1,3707200.0,0.5545,-0.4023,1.3,8.907,0.8249,0,0.0,10,1.77,0,0,0,0,0,Tier 3: Mid-Market Tradable (1-10 Cr/day)
MSPL,MSP STEEL & POWER LTD.,INE752G01015,EQ,NORMAL,False,False,PARTIAL,2476,2016-08-22,2026-08-21,10.0,34.3,540681.8,142026,14302062.17,1546251.3,0.5409,0.259,1.048,7.389,0.8734,0,0.0,86,3.47,4,0,0,0,0,Tier 3: Mid-Market Tradable (1-10 Cr/day)
MUNJALSHOW,MUNJAL SHOWA LTD,INE577A01027,EQ,NORMAL,False,False,PARTIAL,2476,2016-08-22,2026-08-21,10.0,131.02,87682.4,37230,14265291.52,5149848.0,0.369,0.035,0.405,7.494,0.8179,0,0.0,0,0.0,10,10,0,0,0,Tier 3: Mid-Market Tradable (1-10 Cr/day)
NGLFINE,NGL FINE CHEM LIMITED,INE887E01022,EQ,NORMAL,False,False,PARTIAL,1022,2022-07-08,2026-08-21,4.12,2947.7,6739.3,3378,14256988.38,5983425.0,0.5037,0.2383,0.481,9.044,0.6378,0,0.0,8,0.78,4,4,0,0,0,Tier 3: Mid-Market Tradable (1-10 Cr/day)
CIFL,CAPITAL INDIA FINANCE LTD,INE345H01024,EQ,NORMAL,False,False,PARTIAL,335,2025-04-17,2026-08-21,1.34,20.32,416658.3,199258,14225996.24,6539295.84,0.4048,-0.3496,0.28,6.033,0.5364,0,0.0,0,0.0,1,1,0,0,0,Tier 3: Mid-Market Tradable (1-10 Cr/day)
BRANDMAN,BRANDMAN RETAIL LIMITED,INE0XUD01014,SM,SME,False,False,PARTIAL,129,2026-02-11,2026-08-21,0.52,160.45,76663.6,33600,14192649.92,5520960.0,0.7371,-0.0862,0.19,2.253,0.5248,0,0.0,0,0.0,0,0,0,0,0,Tier 3: Mid-Market Tradable (1-10 Cr/day)
ALICON,ALICON CASTALLOY LIMITED,INE062D01024,EQ,NORMAL,False,False,PARTIAL,2476,2016-08-22,2026-08-21,10.0,741.1,17142.0,7519,14186364.58,4959133.0,0.4545,0.1946,1.149,9.217,0.7617,0,0.0,0,0.0,17,15,0,0,0,Tier 3: Mid-Market Tradable (1-10 Cr/day)
VINYAS,VINYAS INNOVATIVE TECH L,INE0OLS01010,SM,SME,False,False,PARTIAL,708,2023-10-06,2026-08-21,2.87,1611.8,17826.3,8000,14104442.51,7520000.0,0.5734,0.7093,0.929,7.717,0.5599,0,0.0,20,2.82,0,0,0,0,0,Tier 3: Mid-Market Tradable (1-10 Cr/day)
CHANDAN,CHANDAN HEALTHCARE LTD,INE0B2N01016,SM,SME,False,False,PARTIAL,373,2025-02-17,2026-08-21,1.51,230.85,61419.8,31200,14091823.7,7148160.0,0.5182,0.3259,0.792,5.669,0.405,0,0.0,5,1.34,0,0,0,0,0,Tier 3: Mid-Market Tradable (1-10 Cr/day)
MAGADSUGAR,MAGADH SUGAR & ENERGY LTD,INE347W01011,EQ,NORMAL,False,False,PARTIAL,2219,2017-07-28,2026-08-21,9.07,601.3,39636.7,17722,14069570.06,4825783.2,0.58,0.2504,1.09,20.539,0.8345,0,0.0,15,0.68,11,9,0,1,0,Tier 3: Mid-Market Tradable (1-10 Cr/day)
GPTINFRA,GPT INFRAPROJECTS LTD,INE390G01014,EQ,NORMAL,False,False,PARTIAL,2476,2016-08-22,2026-08-21,10.0,112.41,264999.2,107832,14032956.59,3712422.2,0.5661,0.2863,1.063,8.982,0.944,0,0.0,48,1.94,25,21,0,3,0,Tier 3: Mid-Market Tradable (1-10 Cr/day)
YUKEN,YUKEN INDIA LIMITED,INE384C01016,EQ,NORMAL,False,False,PARTIAL,1233,2021-09-02,2026-08-21,4.97,964.6,15461.6,6292,14008998.33,4649358.05,0.4171,0.1783,1.243,8.702,0.6136,0,0.0,0,0.0,5,5,0,0,0,Tier 3: Mid-Market Tradable (1-10 Cr/day)
MVKAGRO,M.V.K. AGRO FOOD PROD LTD,INE0SGC01015,SM,SME,False,False,PARTIAL,607,2024-03-07,2026-08-21,2.46,177.3,55773.8,25200,13994412.41,2807940.0,0.5261,0.4519,0.835,7.667,0.7835,0,0.0,116,19.11,0,0,0,0,0,Tier 3: Mid-Market Tradable (1-10 Cr/day)
HARRMALAYA,HARRISON MALAYALAM LTD,INE544A01019,EQ,NORMAL,False,False,PARTIAL,2476,2016-08-22,2026-08-21,10.0,197.89,103866.5,40621,13971975.99,4761665.35,0.4715,0.209,0.895,7.179,0.6213,0,0.0,12,0.48,9,0,0,0,0,Tier 3: Mid-Market Tradable (1-10 Cr/day)
AVG,AVG LOGISTICS LIMITED,INE680Z01018,BE,NORMAL,False,False,PARTIAL,1412,2018-04-11,2026-08-21,8.36,186.17,41617.3,14400,13921083.02,2810302.56,0.6721,0.3043,0.453,6.417,0.8469,1,0.07,283,20.04,4,3,0,0,1,Tier 3: Mid-Market Tradable (1-10 Cr/day)
DEVIT,DEV INFO TECHNOLOGY LTD,INE060X01034,EQ,NORMAL,False,False,PARTIAL,1120,2022-02-15,2026-08-21,4.51,24.9,267411.8,97368,13865531.59,4167761.6,0.7136,0.217,6.44,157.481,0.7038,0,0.0,11,0.98,7,5,2,0,0,Tier 3: Mid-Market Tradable (1-10 Cr/day)
ORICONENT,ORICON ENTERPRISES LTD,INE730A01022,EQ,NORMAL,False,False,PARTIAL,2476,2016-08-22,2026-08-21,10.0,56.95,319855.5,140800,13862722.3,4978668.64,0.5009,0.1186,1.173,8.777,0.8698,0,0.0,2,0.08,10,9,0,0,0,Tier 3: Mid-Market Tradable (1-10 Cr/day)
SPECTRUM,SPECTRUM ELECTRIC IND LTD,INE01EO01010,BE,NORMAL,False,False,PARTIAL,981,2018-10-01,2026-08-21,7.89,2121.8,14641.3,4000,13841150.02,4418750.0,0.5992,1.073,0.463,4.762,0.5676,0,0.0,166,16.92,0,0,0,0,0,Tier 3: Mid-Market Tradable (1-10 Cr/day)
AONEGOLD,AONEAMC - AONEGOLD,INF1J2R01114,EQ,NORMAL,False,False,PARTIAL,235,2025-09-10,2026-08-21,0.94,14.79,1031613.0,655450,13829852.51,8639304.64,0.3094,0.4379,-0.442,8.68,0.2455,0,0.0,0,0.0,0,0,0,0,0,Tier 3: Mid-Market Tradable (1-10 Cr/day)
GILT5YBEES,RELCAPAMC - NETFGILT5Y,INF204KC1030,EQ,NORMAL,False,False,PARTIAL,1329,2021-04-08,2026-08-21,5.37,66.16,239243.6,172901,13810777.26,10006833.2,0.0441,0.0631,1.747,174.374,0.0771,0,0.0,20,1.5,0,0,0,0,0,Tier 3: Mid-Market Tradable (1-10 Cr/day)
MID150CASE,ZERODHAAMC - MID150CASE,INF0R8F01059,EQ,NORMAL,False,False,PARTIAL,541,2024-06-19,2026-08-21,2.17,11.77,1292615.8,1105907,13760541.61,11699919.53,0.1617,0.0822,-0.268,4.322,0.2077,0,0.0,0,0.0,0,0,0,0,0,Tier 3: Mid-Market Tradable (1-10 Cr/day)
CHAVDA,CHAVDA INFRA LIMITED,INE0PT101017,SM,SME,False,False,PARTIAL,719,2023-09-25,2026-08-21,2.9,137.15,106233.7,47000,13689783.87,6158100.0,0.5656,0.3165,1.556,9.858,0.5943,0,0.0,4,0.56,0,0,0,0,0,Tier 3: Mid-Market Tradable (1-10 Cr/day)
MINDTECK,MINDTECK (INDIA) LIMITED,INE110B01017,EQ,NORMAL,False,False,PARTIAL,2449,2016-08-22,2026-08-21,10.0,171.27,79030.7,26954,13556280.42,2238937.4,0.5785,0.2641,1.222,7.082,0.8723,0,0.0,47,1.92,11,8,0,1,0,Tier 3: Mid-Market Tradable (1-10 Cr/day)
RHFL,RELIANCE HOME FINANCE LTD,INE217K01011,BZ,NORMAL,False,False,PARTIAL,2160,2017-09-22,2026-08-21,8.91,1.78,1696266.6,811957,13542356.37,3973592.0,0.5706,-0.3158,0.296,3.73,0.9938,0,0.0,435,20.14,1,1,0,0,0,Tier 3: Mid-Market Tradable (1-10 Cr/day)
INFRAIETF,ICICIPRAMC - ICICIINFRA,INF109KC16E5,EQ,NORMAL,False,False,PARTIAL,992,2022-08-23,2026-08-21,3.99,96.07,150749.2,79104,13520142.66,7140446.62,0.1901,0.1332,-2.903,59.356,0.2033,0,0.0,0,0.0,0,0,0,0,0,Tier 3: Mid-Market Tradable (1-10 Cr/day)
OMINFRAL,OM INFRA LIMITED,INE239D01028,EQ,NORMAL,False,False,PARTIAL,2476,2016-08-22,2026-08-21,10.0,84.13,173300.4,83918,13418961.11,4291866.35,0.5476,0.212,0.937,7.701,0.8704,0,0.0,78,3.15,11,9,0,0,0,Tier 3: Mid-Market Tradable (1-10 Cr/day)
KCPSUGIND,KCPSUGARINDUS,INE790B01024,BE,NORMAL,False,False,PARTIAL,2476,2016-08-22,2026-08-21,10.0,34.81,443322.5,202773,13360724.18,5089691.6,0.5044,0.1248,1.236,9.817,0.7831,0,0.0,19,0.77,10,10,0,0,0,Tier 3: Mid-Market Tradable (1-10 Cr/day)
TRANSPEK,TRANSPEK INDUSTRIES LTD,INE687A01016,BE,NORMAL,False,False,PARTIAL,87,2026-04-20,2026-08-21,0.34,1306.7,10960.6,2533,13323224.31,2767323.2,0.5709,0.5634,1.753,12.37,0.2302,0,0.0,0,0.0,0,0,0,0,0,Tier 3: Mid-Market Tradable (1-10 Cr/day)
INSUREIETF,ICICIPRAMC - INSUREIETF,INF109K1A567,EQ,NORMAL,False,False,PARTIAL,13,2026-08-05,2026-08-21,0.04,15.63,857518.1,116173,13292777.42,1797196.31,0.0772,-0.1312,0.186,2.125,0.0197,0,0.0,0,0.0,0,0,0,0,0,Tier 3: Mid-Market Tradable (1-10 Cr/day)
LIQUIDSHRI,SHRIRAM - LIQUIDSHRI,INF680P01422,EQ,NORMAL,False,False,PARTIAL,527,2024-07-09,2026-08-21,2.12,1118.45,12533.9,7860,13272072.29,8411690.56,0.0022,0.0536,1.805,7.732,0.0,0,0.0,3,0.57,0,0,0,0,0,Tier 3: Mid-Market Tradable (1-10 Cr/day)
GROWWEV,GROWWAMC - GROWWEV,INF666M01IH2,EQ,NORMAL,False,False,PARTIAL,504,2024-08-12,2026-08-21,2.02,33.4,426676.7,307122,13233320.06,9296452.05,0.186,0.0257,0.11,4.964,0.3129,0,0.0,0,0.0,0,0,0,0,0,Tier 3: Mid-Market Tradable (1-10 Cr/day)
MANAKCOAT,MAN COAT METAL & IND LTD,INE830Q01018,EQ,NORMAL,False,False,PARTIAL,2468,2016-08-22,2026-08-21,10.0,125.37,157805.3,37140,13212015.5,713880.65,0.6007,0.4664,0.755,5.742,0.9049,1,0.04,92,3.73,10,4,0,0,0,Tier 3: Mid-Market Tradable (1-10 Cr/day)
VIPCLOTHNG,VIP CLOTHING LIMITED,INE450G01024,EQ,NORMAL,False,False,PARTIAL,2476,2016-08-22,2026-08-21,10.0,20.44,308929.5,136372,13207651.61,4631126.5,0.5256,0.0141,0.672,5.942,0.9643,0,0.0,48,1.94,10,0,0,0,1,Tier 3: Mid-Market Tradable (1-10 Cr/day)
BSLGOLDETF,ADITYBIRLA SL GOLD ETF-GR,INF209KB18D3,EQ,NORMAL,False,False,PARTIAL,2456,2016-08-22,2026-08-21,10.0,139.42,137777.8,18360,13193575.48,827775.0,0.1924,0.1778,0.198,16.488,0.2336,0,0.0,43,1.75,0,0,0,0,0,Tier 3: Mid-Market Tradable (1-10 Cr/day)
SYSTANGO,SYSTANGO TECHNOLOGIES LTD,INE0O7R01011,SM,SME,False,False,PARTIAL,957,2016-08-22,2026-08-21,10.0,217.65,116412.4,31600,13176410.06,7043440.0,1.3128,0.9799,23.042,643.099,0.4883,0,0.0,8,0.84,0,0,0,0,0,Tier 3: Mid-Market Tradable (1-10 Cr/day)
KMSUGAR,K M SUGAR MILLS LTD,INE157H01023,EQ,NORMAL,False,False,PARTIAL,2476,2016-08-22,2026-08-21,10.0,33.55,477412.7,196827,13150814.21,4211896.2,0.5556,0.2443,1.465,9.864,0.8489,0,0.0,5,0.2,12,1,0,0,0,Tier 3: Mid-Market Tradable (1-10 Cr/day)
LYKALABS,LYKA LABS LTD.,INE933A01014,BE,PCA,False,False,PARTIAL,2476,2016-08-22,2026-08-21,10.0,73.62,124464.0,51211,13148517.0,3962523.4,0.5269,0.1431,1.09,8.012,0.8659,0,0.0,40,1.62,9,0,0,0,0,Tier 3: Mid-Market Tradable (1-10 Cr/day)
SOUTHWEST,SOUTH WEST PINNACLE LTD,INE980Y01015,EQ,NORMAL,False,False,PARTIAL,2021,2018-02-19,2026-08-21,8.5,220.04,85761.8,33100,13139488.56,3138116.0,0.5881,0.2911,-0.386,17.25,0.8794,0,0.0,49,2.42,8,7,0,0,0,Tier 3: Mid-Market Tradable (1-10 Cr/day)
UNIDT,UNITED DRILLING TOOLS LTD,INE961D01019,BE,NORMAL,False,False,PARTIAL,1465,2020-09-25,2026-08-21,5.9,226.21,41189.3,18497,13131268.22,4848617.6,0.4742,0.0867,1.357,10.445,0.7491,0,0.0,0,0.0,19,17,0,0,0,Tier 3: Mid-Market Tradable (1-10 Cr/day)
DVL,DHUNSERI VENTURES LIMITED,INE477B01010,EQ,NORMAL,False,False,PARTIAL,2476,2016-08-22,2026-08-21,10.0,269.49,49953.1,20064,13125995.85,3845161.32,0.4712,0.2421,1.07,9.582,0.769,0,0.0,6,0.24,20,18,0,1,0,Tier 3: Mid-Market Tradable (1-10 Cr/day)
WTICAB,WISE TRAVEL INDIA LIMITED,INE623Y01011,SM,SME,False,False,PARTIAL,621,2024-02-19,2026-08-21,2.5,102.25,62392.1,22000,13057905.15,3284875.0,0.5788,-0.1158,0.42,6.57,0.7663,0,0.0,15,2.42,0,0,0,0,0,Tier 3: Mid-Market Tradable (1-10 Cr/day)
BALAJEE,SHREE TIRUPATI BALAJEE L,INE0S2G01011,EQ,NORMAL,False,False,PARTIAL,482,2024-09-12,2026-08-21,1.94,26.88,220930.3,98896,13033428.64,4750910.04,0.4278,-0.5681,1.24,8.663,0.7855,0,0.0,2,0.41,0,0,0,0,0,Tier 3: Mid-Market Tradable (1-10 Cr/day)
SML100CASE,ZERODHAAMC - SML100CASE,INF0R8F01141,EQ,NORMAL,False,False,PARTIAL,233,2025-09-12,2026-08-21,0.94,11.38,1302467.5,1041974,13026451.41,10348119.3,0.1793,0.1381,-0.054,4.41,0.1801,0,0.0,0,0.0,0,0,0,0,0,Tier 3: Mid-Market Tradable (1-10 Cr/day)
KAMAHOLD,KAMA HOLDINGS LTD.,INE411F01010,EQ,NORMAL,False,False,PARTIAL,87,2026-04-20,2026-08-21,0.34,2421.1,5077.4,2500,13008996.45,6291000.0,0.2338,-0.0742,0.733,7.484,0.1101,0,0.0,0,0.0,1,1,0,0,0,Tier 3: Mid-Market Tradable (1-10 Cr/day)
HLVLTD,HLV LIMITED,INE102A01024,EQ,NORMAL,False,False,PARTIAL,2476,2016-08-22,2026-08-21,10.0,6.58,734255.7,317721,12998295.26,3504270.0,0.5463,0.0428,1.821,11.43,0.8787,0,0.0,2,0.08,5,0,0,0,0,Tier 3: Mid-Market Tradable (1-10 Cr/day)
HDFCNIFBAN,HDFCAMC - HDFCNIFBAN,INF179KC1HY0,EQ,NORMAL,False,False,PARTIAL,1485,2020-08-28,2026-08-21,5.98,59.48,259378.6,46720,12991264.78,1967234.52,0.1733,0.1673,0.17,6.339,0.1989,0,0.0,0,0.0,0,0,0,0,0,Tier 3: Mid-Market Tradable (1-10 Cr/day)
ENIL,ENTERTAIN NET. IND. LTD.,INE265F01028,EQ,NORMAL,False,False,PARTIAL,2476,2016-08-22,2026-08-21,10.0,102.38,53291.9,16617,12973608.38,3717014.0,0.4012,-0.1183,0.573,8.789,0.8973,0,0.0,1,0.04,9,9,0,0,0,Tier 3: Mid-Market Tradable (1-10 Cr/day)
JINDALPHOT,JINDAL PHOTO LIMITED,INE796G01012,EQ,NORMAL,False,False,PARTIAL,2475,2016-08-22,2026-08-21,10.0,1044.9,28822.3,8052,12948460.62,1545575.0,0.5936,0.422,1.787,10.374,0.9326,0,0.0,60,2.42,9,0,0,0,0,Tier 3: Mid-Market Tradable (1-10 Cr/day)
HDFCNIFTY,HDFCAMC - HDFCNIFTY,INF179KC1965,EQ,NORMAL,False,False,PARTIAL,2476,2016-08-22,2026-08-21,10.0,273.77,55215.2,20230,12941205.68,3286196.0,0.1598,0.1291,-1.212,68.512,0.3232,0,0.0,12,0.48,0,0,0,0,0,Tier 3: Mid-Market Tradable (1-10 Cr/day)
USK,UDAYSHIVAKUMAR INFRA LTD,INE0N0Y01013,EQ,NORMAL,False,False,PARTIAL,840,2023-04-03,2026-08-21,3.38,21.12,278783.0,98540,12918605.75,3946887.3,0.5266,0.0148,1.41,10.672,0.7626,0,0.0,23,2.74,0,0,0,0,0,Tier 3: Mid-Market Tradable (1-10 Cr/day)
MANBRO,MANBRO INDUSTRIES LTD.,INE348N01042,EQ,NORMAL,False,False,PARTIAL,5,2026-08-17,2026-08-21,0.01,60.1,218249.6,141932,12891315.98,8290248.12,0.7969,7.0601,0.55,1.217,0.0167,0,0.0,0,0.0,0,0,0,0,0,Tier 3: Mid-Market Tradable (1-10 Cr/day)
LOKESHMACH,LOKESH MACHINES LTD,INE397H01017,BE,NORMAL,False,False,PARTIAL,2477,2016-08-22,2026-08-21,10.0,321.4,84905.0,36435,12876882.8,3554619.9,0.5589,0.2925,1.443,9.211,0.8642,1,0.04,38,1.53,10,1,0,0,0,Tier 3: Mid-Market Tradable (1-10 Cr/day)
AUTOIETF,ICICIPRAMC - ICICIAUTO,INF109KC10V2,EQ,NORMAL,False,False,PARTIAL,1139,2022-01-18,2026-08-21,4.59,30.24,594571.1,371840,12875877.17,7911748.8,0.1877,0.2272,-0.133,5.007,0.2727,0,0.0,0,0.0,0,0,0,0,0,Tier 3: Mid-Market Tradable (1-10 Cr/day)
DONEAR,DONEAR IND. LIMITED,INE668D01028,EQ,NORMAL,False,False,PARTIAL,2476,2016-08-22,2026-08-21,10.0,87.52,147136.6,46844,12772092.25,2864916.95,0.5088,0.2383,1.126,7.147,0.7675,0,0.0,13,0.53,10,10,0,0,0,Tier 3: Mid-Market Tradable (1-10 Cr/day)
LEMERITE,LE MERITE EXPORTS LIMITED,INE0G1L01025,EQ,NORMAL,False,False,PARTIAL,1053,2022-05-09,2026-08-21,4.28,22.78,343729.8,180000,12764467.29,5256000.0,0.4823,0.2043,0.295,9.53,0.806,0,0.0,40,3.8,1,0,1,0,0,Tier 3: Mid-Market Tradable (1-10 Cr/day)
KOTHARIPET,KOTHARI PETROCHEM LTD,INE720A01015,EQ,NORMAL,False,False,PARTIAL,2476,2016-08-22,2026-08-21,10.0,132.48,128812.2,48503,12735306.9,3055110.12,0.5292,0.3256,1.751,10.624,0.6941,0,0.0,7,0.28,13,10,0,0,0,Tier 3: Mid-Market Tradable (1-10 Cr/day)
VISHNUINFR,VISHNUSURYA PROJ N INFR L,INE0PQ001012,SM,SME,False,False,PARTIAL,702,2023-10-10,2026-08-21,2.86,152.55,57937.3,18500,12716481.73,3700000.0,0.5698,0.4088,0.21,3.319,0.7237,0,0.0,37,5.27,0,0,0,0,0,Tier 3: Mid-Market Tradable (1-10 Cr/day)
COASTCORP,COASTAL CORPORATION LTD,INE377E01024,EQ,NORMAL,False,False,PARTIAL,1208,2021-10-08,2026-08-21,4.87,40.55,224649.9,115545,12713437.02,5752853.82,0.5438,0.0767,1.103,9.902,0.6858,0,0.0,2,0.17,7,4,1,0,1,Tier 3: Mid-Market Tradable (1-10 Cr/day)
MONIFTY500,MOTILALAMC - MONIFTY500,INF247L01BU1,EQ,NORMAL,False,False,PARTIAL,714,2023-10-06,2026-08-21,2.87,23.93,557021.2,325399,12680884.62,7295230.8,0.1342,0.1206,-0.198,5.937,0.1864,0,0.0,0,0.0,0,0,0,0,0,Tier 3: Mid-Market Tradable (1-10 Cr/day)
AFFORDABLE,AFFORD ROBO & AUTO LTD,INE692Z01013,BE,NORMAL,False,False,PARTIAL,454,2024-10-23,2026-08-21,1.83,166.81,42065.8,22579,12559288.66,7084596.75,0.5053,-0.6927,0.081,9.003,0.8357,0,0.0,1,0.22,0,0,0,0,0,Tier 3: Mid-Market Tradable (1-10 Cr/day)
TCL,THAAI CASTING LIMITED,INE0QJL01014,SM,SME,False,False,PARTIAL,614,2024-02-23,2026-08-21,2.49,142.25,78594.1,32000,12557942.21,3646720.0,0.6175,0.0579,0.662,6.764,0.6925,0,0.0,13,2.12,0,0,0,0,0,Tier 3: Mid-Market Tradable (1-10 Cr/day)
A2ZINFRA,A2Z INFRA ENGINEERING LTD,INE619I01012,EQ,NORMAL,False,False,PARTIAL,2476,2016-08-22,2026-08-21,10.0,15.46,560590.9,321062,12495276.46,3606455.6,0.5653,0.0626,0.461,6.261,0.942,1,0.04,134,5.41,9,0,0,0,0,Tier 3: Mid-Market Tradable (1-10 Cr/day)
UCAL,UCAL LIMITED,INE139B01016,BE,NORMAL,False,False,PARTIAL,2476,2016-08-22,2026-08-21,10.0,143.33,67368.6,24442,12435488.7,3602447.1,0.445,0.0919,1.207,11.402,0.8029,0,0.0,0,0.0,9,8,0,0,0,Tier 3: Mid-Market Tradable (1-10 Cr/day)
FCSSOFT,FCS SOFTWARE SOLN. LTD.,INE512B01022,EQ,NORMAL,False,False,PARTIAL,2336,2016-08-22,2026-08-21,10.0,1.49,4115061.7,1887902,12375154.39,3124420.2,1.5073,1.272,0.984,10.573,0.875,0,0.0,154,6.59,9,0,0,0,0,Tier 3: Mid-Market Tradable (1-10 Cr/day)
VMSTMT,VMS TMT LIMITED,INE0SJA01013,EQ,NORMAL,False,False,PARTIAL,225,2025-09-24,2026-08-21,0.91,47.9,188970.0,94675,12326210.44,4492570.44,0.4255,-0.7339,1.049,6.407,0.6537,0,0.0,2,0.89,0,0,0,0,0,Tier 3: Mid-Market Tradable (1-10 Cr/day)
DPWIRES,D P WIRES LIMITED,INE864X01013,BE,NORMAL,False,False,PARTIAL,1848,2017-10-05,2026-08-21,8.88,158.54,37182.5,13480,12289387.06,2975975.2,0.5746,0.2808,1.322,10.021,0.8018,0,0.0,100,5.41,5,2,0,1,0,Tier 3: Mid-Market Tradable (1-10 Cr/day)
PASUPTAC,PASUPATI ACRYLON LIMITED,INE818B01023,BE,NORMAL,False,False,PARTIAL,1206,2021-10-12,2026-08-21,4.86,61.71,249708.5,92117,12219928.35,3708898.0,0.5362,0.2469,1.392,9.226,0.5894,0,0.0,6,0.5,3,0,0,0,0,Tier 3: Mid-Market Tradable (1-10 Cr/day)
VSTL,VIBHOR STEEL TUBES LTD,INE0QTF01015,EQ,NORMAL,False,False,PARTIAL,621,2024-02-20,2026-08-21,2.5,110.54,51015.2,18709,12216441.81,3398390.1,0.4621,-0.4629,1.787,15.634,0.7709,0,0.0,19,3.06,1,0,0,0,0,Tier 3: Mid-Market Tradable (1-10 Cr/day)
TRUST,TRUST FINTECH LIMITED,INE0SWN01019,SM,SME,False,False,PARTIAL,590,2024-04-04,2026-08-21,2.38,24.95,67606.8,26400,12202340.54,1634160.0,0.5979,-0.5912,0.704,4.602,0.9219,0,0.0,63,10.68,0,0,0,0,0,Tier 3: Mid-Market Tradable (1-10 Cr/day)
SGIL,SYNERGY GREEN IND. LTD,INE00QT01015,EQ,NORMAL,False,False,PARTIAL,1258,2021-07-28,2026-08-21,5.07,564.05,32573.1,13787,12198028.42,4741487.8,0.4693,0.344,0.837,7.867,0.4976,0,0.0,5,0.4,2,1,0,0,1,Tier 3: Mid-Market Tradable (1-10 Cr/day)
CHEMBOND,CHEMBOND MATERIALTECH LTD,INE995D01025,EQ,NORMAL,False,False,PARTIAL,1795,2016-08-22,2026-08-21,10.0,172.63,44453.7,17354,12167928.44,4516767.6,0.6191,0.224,9.345,247.192,0.8468,0,0.0,1,0.06,11,7,0,0,0,Tier 3: Mid-Market Tradable (1-10 Cr/day)
LOVABLE,LOVABLE LINGERIE LTD,INE597L01014,EQ,NORMAL,False,False,PARTIAL,2476,2016-08-22,2026-08-21,10.0,71.56,78134.6,26318,12156511.25,3216721.3,0.4793,-0.0176,1.431,10.961,0.8809,0,0.0,1,0.04,8,5,0,0,0,Tier 3: Mid-Market Tradable (1-10 Cr/day)
HAWKINCOOK,HAWKINS COOKERS LTD,INE979B01015,EQ,NORMAL,False,False,PARTIAL,87,2026-04-20,2026-08-21,0.34,8029.5,1472.6,1012,12132966.91,8360556.0,0.2175,0.1947,0.132,3.329,0.1323,0,0.0,0,0.0,1,1,0,0,0,Tier 3: Mid-Market Tradable (1-10 Cr/day)
HAPPY,HAPPY STEELS LIMITED,INE1GFG01011,SM,SME,False,False,PARTIAL,27,2026-07-16,2026-08-21,0.1,87.45,172888.9,66000,12132833.33,4075500.0,0.6757,2.5901,0.961,3.435,0.1453,0,0.0,0,0.0,0,0,0,0,0,Tier 3: Mid-Market Tradable (1-10 Cr/day)
TTKHLTCARE,TTK HEALTHCARE LIMITED,INE910C01018,EQ,NORMAL,False,False,PARTIAL,2476,2016-08-22,2026-08-21,10.0,1102.5,11925.2,3820,12109733.1,3414487.4,0.3962,0.0856,2.085,17.012,0.7868,0,0.0,0,0.0,10,10,0,0,0,Tier 3: Mid-Market Tradable (1-10 Cr/day)
ENCOMPAS,ENCOMPASS DESIGN INDIA L,INE433T01015,SM,SME,False,False,PARTIAL,170,2025-12-12,2026-08-21,0.69,234.2,53122.4,21600,12105292.35,5277800.0,0.6013,0.4667,0.172,4.708,0.2673,0,0.0,4,2.35,0,0,0,0,0,Tier 3: Mid-Market Tradable (1-10 Cr/day)
PANORAMA,PANORAMA STUDIOS INTL. L,INE258R01028,EQ,NORMAL,False,False,PARTIAL,5,2026-08-17,2026-08-21,0.01,45.93,261276.4,173528,12090046.32,7970141.04,0.1226,-1.6538,-0.184,0.772,0.0261,0,0.0,0,0.0,0,0,0,0,0,Tier 3: Mid-Market Tradable (1-10 Cr/day)
IFBAGRO,IFB AGRO INDUSTRIES LTD,INE076C01018,EQ,NORMAL,False,False,PARTIAL,2476,2016-08-22,2026-08-21,10.0,1001.5,17040.5,5773,12071662.75,2899586.75,0.5115,0.2218,1.781,12.452,0.8281,0,0.0,8,0.32,8,0,0,0,0,Tier 3: Mid-Market Tradable (1-10 Cr/day)
KSE,KSE LTD.,INE953E01022,EQ,NORMAL,False,False,PARTIAL,5,2026-08-17,2026-08-21,0.01,183.84,62166.6,56036,12051108.6,11077756.84,0.5918,-3.3813,-0.469,1.192,0.0753,0,0.0,0,0.0,1,1,0,0,0,Tier 3: Mid-Market Tradable (1-10 Cr/day)
LIQUIDSBI,SBIAMC - LIQUIDSBI,INF200KA13Z8,EQ,NORMAL,False,False,PARTIAL,694,2023-11-02,2026-08-21,2.8,1000.0,12036.6,6308,12036576.06,6308063.08,0.0031,0.0,0.095,324.033,0.0035,0,0.0,5,0.72,0,0,0,0,0,Tier 3: Mid-Market Tradable (1-10 Cr/day)
KOHINOOR,KOHINOOR FOODS LIMITED,INE080B01012,EQ,NORMAL,False,False,PARTIAL,2139,2016-08-22,2026-08-21,10.0,36.59,207796.9,79075,11928617.08,3107843.2,0.5392,0.0713,1.268,9.407,0.9497,0,0.0,109,5.1,10,0,0,0,0,Tier 3: Mid-Market Tradable (1-10 Cr/day)
RBMINFRA,RBM INFRACON LIMITED,INE0NA301016,SM,SME,False,False,PARTIAL,898,2023-01-04,2026-08-21,3.63,242.45,37208.7,18000,11924553.91,6504300.0,0.6249,0.6094,0.46,4.84,0.7833,0,0.0,112,12.47,0,0,0,0,0,Tier 3: Mid-Market Tradable (1-10 Cr/day)
REMUS,REMUS PHARMACEUTICALS L,INE0O5T01011,SM,SME,False,False,PARTIAL,798,2023-05-29,2026-08-21,3.23,961.65,17345.7,7200,11895161.99,6369925.0,0.5559,0.6112,0.978,6.962,0.5722,0,0.0,5,0.63,0,0,0,0,0,Tier 3: Mid-Market Tradable (1-10 Cr/day)
ASTRON,ASTRON PAPER BORD MIL LTD,INE646X01014,BZ,NORMAL,False,False,PARTIAL,2141,2017-12-29,2026-08-21,8.64,3.15,166754.2,63331,11852491.2,1937510.4,0.4807,-0.3141,0.488,8.133,0.9817,0,0.0,57,2.66,7,0,0,0,0,Tier 3: Mid-Market Tradable (1-10 Cr/day)
FOSECOIND,FOSECO INDIA LTD,INE519A01011,EQ,NORMAL,False,False,PARTIAL,2476,2016-08-22,2026-08-21,10.0,5346.0,3709.0,1417,11849143.24,2901542.5,0.3717,0.2027,2.028,16.488,0.6074,0,0.0,0,0.0,18,17,0,0,0,Tier 3: Mid-Market Tradable (1-10 Cr/day)
SVPGLOB,SVP GLOBAL TEXTILES LTD,INE308E01029,EQ,NORMAL,False,False,PARTIAL,1267,2021-07-14,2026-08-21,5.1,3.73,312503.2,121790,11835701.84,1026706.56,0.5421,-0.5251,1.037,9.362,0.9852,1,0.08,58,4.58,5,1,0,0,0,Tier 3: Mid-Market Tradable (1-10 Cr/day)
ABSLBANETF,BIRLASLAMC - ABSLBANETF,INF209KB17D5,EQ,NORMAL,False,False,PARTIAL,1678,2019-10-30,2026-08-21,6.81,59.17,246326.0,16640,11817555.85,733708.8,0.2721,0.1251,-0.668,22.99,0.4985,0,0.0,45,2.68,0,0,0,0,0,Tier 3: Mid-Market Tradable (1-10 Cr/day)
JPOLYINVST,JIND POL INV & FIN CO LTD,INE147P01019,EQ,NORMAL,False,False,PARTIAL,2343,2016-08-22,2026-08-21,10.0,964.0,16298.9,5234,11815952.95,1400249.3,0.533,0.3995,0.997,6.832,0.9297,0,0.0,145,6.19,9,0,0,0,0,Tier 3: Mid-Market Tradable (1-10 Cr/day)
MAZDA,MAZDA LIMITED,INE885E01042,BE,NORMAL,False,False,PARTIAL,2429,2016-11-01,2026-08-21,9.8,234.41,65386.3,23325,11810548.69,2938594.0,0.4583,0.2219,1.707,12.272,0.607,1,0.04,10,0.41,13,10,1,0,0,Tier 3: Mid-Market Tradable (1-10 Cr/day)
PRAMARA,PRAMARA PROMOTIONS LTD,INE0O7A01017,SM,SME,False,False,PARTIAL,705,2023-09-13,2026-08-21,2.94,119.75,55401.4,29500,11803801.06,5169450.0,0.5736,0.1743,0.11,8.377,0.7101,0,0.0,45,6.38,0,0,0,0,0,Tier 3: Mid-Market Tradable (1-10 Cr/day)
SBIMIDMOM,SBIAMC - SBIMIDMOM,INF200KB1AJ0,EQ,NORMAL,False,False,PARTIAL,114,2026-03-06,2026-08-21,0.46,63.9,184623.3,19645,11758758.73,1248636.2,0.2055,0.1636,0.169,5.33,0.0913,0,0.0,0,0.0,0,0,0,0,0,Tier 3: Mid-Market Tradable (1-10 Cr/day)
HIGREEN,HI GREEN CARBON LIMITED,INE0PIC01017,SM,SME,False,False,PARTIAL,718,2023-09-28,2026-08-21,2.9,132.7,66615.0,28800,11712523.4,5463600.0,0.5821,0.34,0.894,5.533,0.6964,0,0.0,25,3.48,0,0,0,0,0,Tier 3: Mid-Market Tradable (1-10 Cr/day)
VAISHALI,VAISHALI PHARMA LIMITED,INE972X01022,EQ,NORMAL,False,False,PARTIAL,1949,2016-08-22,2026-08-21,10.0,7.99,1032939.7,336000,11658693.19,2509758.45,0.6692,0.0509,-5.564,150.395,0.9892,0,0.0,148,7.59,9,0,1,1,0,Tier 3: Mid-Market Tradable (1-10 Cr/day)
PONNIERODE,PONNIE SUGARS (ERODE) LTD,INE838E01017,EQ,NORMAL,False,False,PARTIAL,2475,2016-08-22,2026-08-21,10.0,419.55,31721.8,9605,11569716.35,2251068.4,0.4759,0.1798,1.347,10.575,0.6532,0,0.0,0,0.0,10,10,0,0,0,Tier 3: Mid-Market Tradable (1-10 Cr/day)
CPCAP,CP CAPITAL LIMITED,INE521J01018,EQ,NORMAL,False,False,PARTIAL,2476,2016-08-22,2026-08-21,10.0,121.32,66825.2,23954,11495577.09,3572470.44,0.4949,0.132,0.417,16.727,0.8601,0,0.0,4,0.16,20,13,0,0,0,Tier 3: Mid-Market Tradable (1-10 Cr/day)
QMSMEDI,QMS MEDICAL ALLIED S LTD,INE0FMW01018,BE,NORMAL,False,False,PARTIAL,1673,2016-08-22,2026-08-21,10.0,148.39,23408.7,8000,11495194.86,3060144.0,0.6237,0.1336,-7.834,216.431,0.9845,0,0.0,38,2.27,0,0,0,0,0,Tier 3: Mid-Market Tradable (1-10 Cr/day)
ELMDIV,EDELAMC - ELMDIV,INF754K01XI7,EQ,NORMAL,False,False,PARTIAL,13,2026-08-05,2026-08-21,0.04,36.78,310372.5,6045,11494713.5,222153.75,0.0648,-0.146,0.697,2.489,0.0148,0,0.0,0,0.0,0,0,0,0,0,Tier 3: Mid-Market Tradable (1-10 Cr/day)
PVTBANKADD,DSPAMC - DSPPVBKETF,INF740KA1TA7,EQ,NORMAL,False,False,PARTIAL,758,2023-08-02,2026-08-21,3.05,28.07,429939.9,45385,11481006.41,1189661.2,0.2017,0.0215,-3.759,59.342,0.213,0,0.0,0,0.0,0,0,0,0,0,Tier 3: Mid-Market Tradable (1-10 Cr/day)
PRATHAM,PRATHAM EPC PROJECTS LTD,INE0QA601016,SM,SME,False,False,PARTIAL,598,2024-03-18,2026-08-21,2.43,120.05,48900.3,12000,11478596.69,2046660.0,0.5547,0.1541,1.073,6.509,0.7822,0,0.0,44,7.36,0,0,0,0,0,Tier 3: Mid-Market Tradable (1-10 Cr/day)
GLOBAL,GLOBAL EDUCATION LIMITED,INE291W01037,EQ,NORMAL,False,False,PARTIAL,1416,2020-12-07,2026-08-21,5.7,106.98,155119.0,83463,11459248.7,5040374.73,0.7413,0.6612,8.518,218.761,0.6981,0,0.0,29,2.05,18,14,2,0,0,Tier 3: Mid-Market Tradable (1-10 Cr/day)
TPLPLASTEH,TPL PLASTECH LIMITED,INE413G01022,EQ,NORMAL,False,False,PARTIAL,2476,2016-08-22,2026-08-21,10.0,82.6,224562.6,75340,11446987.84,2927732.66,0.5817,0.2209,1.483,9.291,0.9182,0,0.0,0,0.0,12,10,1,1,0,Tier 3: Mid-Market Tradable (1-10 Cr/day)
ANMOL,ANMOL INDIA LIMITED,INE02AR01019,EQ,NORMAL,False,False,PARTIAL,1295,2021-06-04,2026-08-21,5.21,10.02,261577.5,86172,11432826.06,2476152.5,0.458,-0.1546,1.352,11.066,0.8697,0,0.0,19,1.47,4,0,0,1,0,Tier 3: Mid-Market Tradable (1-10 Cr/day)
RUBYMILLS,THE RUBY MILLS LTD,INE301D01026,BE,NORMAL,False,False,PARTIAL,2476,2016-08-22,2026-08-21,10.0,402.1,54684.4,15342,11429449.9,2776187.7,0.5335,0.2162,1.973,12.71,0.7834,0,0.0,1,0.04,12,9,0,1,0,Tier 3: Mid-Market Tradable (1-10 Cr/day)
MHLXMIRU,MAHALAXMI RUBTECH LIMITED,INE112D01035,BE,NORMAL,False,False,PARTIAL,1133,2022-01-27,2026-08-21,4.56,188.99,51008.9,9837,11423110.95,1939111.7,0.6217,0.3951,1.315,13.091,0.6827,0,0.0,8,0.71,4,0,0,0,0,Tier 3: Mid-Market Tradable (1-10 Cr/day)
IRISDOREME,IRIS CLOTHINGS LIMITED,INE01GN01025,EQ,NORMAL,False,False,PARTIAL,1484,2018-10-23,2026-08-21,7.83,57.0,379477.3,196750,11420690.23,5409787.6,0.6207,0.5528,-2.415,106.444,0.7346,0,0.0,66,4.45,7,0,1,1,1,Tier 3: Mid-Market Tradable (1-10 Cr/day)
VERTOZ,VERTOZ LIMITED,INE188Y01031,BE,NORMAL,False,False,PARTIAL,276,2025-07-11,2026-08-21,1.11,36.58,176480.8,144957,11415492.95,8271310.98,0.5182,-0.6609,0.53,6.056,0.7236,0,0.0,0,0.0,9,2,1,1,0,Tier 3: Mid-Market Tradable (1-10 Cr/day)
EQUAL50ADD,DSPAMC - DSPNEWETF,INF740KA1QK2,EQ,NORMAL,False,False,PARTIAL,1185,2021-11-12,2026-08-21,4.77,346.66,36581.4,6431,11392293.02,1774395.7,0.1504,0.1256,-0.224,10.639,0.1767,0,0.0,0,0.0,0,0,0,0,0,Tier 3: Mid-Market Tradable (1-10 Cr/day)
NIFTYCASE,ZERODHAAMC - NIFTYCASE,INF0R8F01166,EQ,NORMAL,False,False,PARTIAL,208,2025-10-20,2026-08-21,0.84,9.73,1176575.7,823022,11342296.35,8107541.75,0.1312,-0.0595,0.123,5.379,0.149,0,0.0,0,0.0,0,0,0,0,0,Tier 3: Mid-Market Tradable (1-10 Cr/day)
AGARWALTUF,AGARWAL TOUGH GLASS IND L,INE0P8X01016,SM,SME,False,False,PARTIAL,423,2024-12-05,2026-08-21,1.71,143.25,87594.3,44400,11260324.54,5462400.0,0.5516,0.1551,0.95,6.058,0.5025,0,0.0,3,0.71,0,0,0,0,0,Tier 3: Mid-Market Tradable (1-10 Cr/day)
MIDCAPIETF,ICICIPRAMC - ICICIM150,INF109KC11W8,EQ,NORMAL,False,False,PARTIAL,1631,2020-01-28,2026-08-21,6.56,24.26,632983.6,374110,11252145.59,5420754.9,0.1937,0.2181,-0.853,8.085,0.3281,0,0.0,0,0.0,0,0,0,0,0,Tier 3: Mid-Market Tradable (1-10 Cr/day)
MASPTOP50,MIRAEAMC - MASPTOP50,INF769K01HP3,EQ,NORMAL,False,False,PARTIAL,1218,2021-09-24,2026-08-21,4.91,80.43,248627.1,171433,11251284.51,6928225.43,0.224,0.2433,0.226,11.401,0.2985,0,0.0,113,9.28,0,0,0,0,0,Tier 3: Mid-Market Tradable (1-10 Cr/day)
GROWWMETAL,GROWWAMC - GROWWMETAL,INF666M01NI0,EQ,NORMAL,False,False,PARTIAL,164,2025-12-23,2026-08-21,0.66,12.46,969558.0,754180,11214698.25,8793738.8,0.245,0.335,-0.574,4.278,0.1361,0,0.0,0,0.0,0,0,0,0,0,Tier 3: Mid-Market Tradable (1-10 Cr/day)
PCCL,PETRO CARBON AND CHEMI L,INE998U01015,SM,SME,False,False,PARTIAL,531,2024-07-02,2026-08-21,2.14,350.1,41669.3,15200,11173896.05,3287700.0,0.4808,0.1645,0.583,7.49,0.6048,0,0.0,10,1.88,0,0,0,0,0,Tier 3: Mid-Market Tradable (1-10 Cr/day)
SETFNN50,SBI-ETF NIFTY NEXT 50,INF200KA1598,EQ,NORMAL,False,False,PARTIAL,2476,2016-08-22,2026-08-21,10.0,793.98,20269.0,10863,11133546.18,4196511.0,0.1777,0.1415,-0.497,9.174,0.3851,1,0.04,12,0.48,0,0,0,0,0,Tier 3: Mid-Market Tradable (1-10 Cr/day)
WANBURY,WANBURY LIMITED,INE107F01022,EQ,NORMAL,False,False,PARTIAL,2416,2016-08-22,2026-08-21,10.0,264.85,55463.2,17124,11130305.62,982646.25,0.5057,0.319,-0.082,5.83,0.849,1,0.04,140,5.79,12,0,0,0,0,Tier 3: Mid-Market Tradable (1-10 Cr/day)
SHEMAROO,SHEMAROO ENTER. LTD.,INE363M01019,BE,NORMAL,False,False,PARTIAL,2476,2016-08-22,2026-08-21,10.0,127.92,66143.7,22050,11052984.58,3793499.55,0.5387,0.0458,1.043,10.121,0.9247,0,0.0,19,0.77,9,4,0,0,0,Tier 3: Mid-Market Tradable (1-10 Cr/day)
ABINFRA,A B INFRABUILD LIMITED,INE00YB01025,BE,NORMAL,False,False,PARTIAL,1049,2019-07-12,2026-08-21,7.11,12.63,978346.4,228520,11049581.17,1210599.6,0.6255,0.587,0.252,4.366,0.8219,0,0.0,341,32.51,3,1,1,0,1,Tier 3: Mid-Market Tradable (1-10 Cr/day)
DEVX,DEV ACCELERATOR LIMITED,INE0VOV01021,EQ,NORMAL,False,False,PARTIAL,230,2025-09-17,2026-08-21,0.93,35.68,239427.0,122972,11034952.55,4929133.77,0.4455,-0.5456,0.973,6.585,0.5188,0,0.0,0,0.0,0,0,0,0,0,Tier 3: Mid-Market Tradable (1-10 Cr/day)
NAHARSPING,NAHAR SPINNING MILLS LTD.,INE290A01027,EQ,NORMAL,False,False,PARTIAL,2476,2016-08-22,2026-08-21,10.0,299.8,47349.3,27165,11024948.34,5229801.06,0.4554,0.1961,0.61,5.975,0.8476,0,0.0,8,0.32,10,10,0,0,0,Tier 3: Mid-Market Tradable (1-10 Cr/day)
ALBERTDAVD,ALBERT DAVID LIMITED,INE155C01010,EQ,NORMAL,False,False,PARTIAL,2476,2016-08-22,2026-08-21,10.0,864.15,16865.5,5855,11024077.6,3424377.6,0.4231,0.1942,1.262,12.057,0.6629,0,0.0,4,0.16,15,10,0,0,0,Tier 3: Mid-Market Tradable (1-10 Cr/day)
INVENTURE,INVENTURE GRO & SEC LTD,INE878H01024,EQ,NORMAL,False,False,PARTIAL,2476,2016-08-22,2026-08-21,10.0,0.86,3466507.0,1014474,10992488.91,1593405.5,0.5588,0.067,1.072,9.736,0.8713,0,0.0,123,4.97,8,1,1,0,1,Tier 3: Mid-Market Tradable (1-10 Cr/day)
ORIENTBELL,ORIENT BELL LIMITED,INE607D01018,EQ,NORMAL,False,False,PARTIAL,2476,2016-08-22,2026-08-21,10.0,359.45,35372.1,14798,10989768.18,4058080.25,0.5179,0.2158,1.421,11.463,0.8522,0,0.0,0,0.0,11,10,0,0,0,Tier 3: Mid-Market Tradable (1-10 Cr/day)
BRNL,BHARAT ROAD NETWORK LTD,INE727S01012,EQ,NORMAL,False,False,PARTIAL,2211,2017-09-18,2026-08-21,8.92,17.24,143371.7,40112,10944801.2,1578677.1,0.5108,-0.1563,1.68,11.926,0.9178,0,0.0,34,1.54,3,3,0,0,0,Tier 3: Mid-Market Tradable (1-10 Cr/day)
KRISHCA,KRISHCA STRAPPING SLTN L,INE0NR701018,SM,SME,False,False,PARTIAL,803,2023-05-26,2026-08-21,3.24,172.2,46768.4,23500,10944252.65,5487000.0,0.5937,0.3045,1.048,6.172,0.6605,0,0.0,12,1.49,0,0,0,0,0,Tier 3: Mid-Market Tradable (1-10 Cr/day)
EVINDIA,MIRAEAMC - EVINDIA,INF769K01LQ3,EQ,NORMAL,False,False,PARTIAL,522,2024-07-16,2026-08-21,2.1,33.67,356701.1,283091,10931049.51,8427622.84,0.18,0.0224,-0.101,4.971,0.3096,0,0.0,0,0.0,0,0,0,0,0,Tier 3: Mid-Market Tradable (1-10 Cr/day)
ELECTHERM,ELECTROTHERM (I) LTD.,INE822G01016,EQ,NORMAL,False,False,PARTIAL,2477,2016-08-22,2026-08-21,10.0,1052.2,32990.8,13683,10921557.34,2603888.8,0.591,0.4027,1.623,10.426,0.8551,1,0.04,231,9.33,0,0,0,0,0,Tier 3: Mid-Market Tradable (1-10 Cr/day)
BAIDFIN,BAID FINSERV LIMITED,INE020D01022,EQ,NORMAL,False,False,PARTIAL,888,2023-01-20,2026-08-21,3.58,9.92,496838.3,150064,10897115.53,2477973.44,0.4861,-0.1916,0.709,8.693,0.7969,0,0.0,0,0.0,6,3,0,0,1,Tier 3: Mid-Market Tradable (1-10 Cr/day)
SADBHIN,SADBHAV INFRA PROJ LTD.,INE764L01010,BE,NORMAL,False,False,PARTIAL,2476,2016-08-22,2026-08-21,10.0,2.72,359061.8,141310,10891574.08,1490494.25,0.5095,-0.2343,0.694,5.785,0.9861,0,0.0,130,5.25,11,3,0,0,0,Tier 3: Mid-Market Tradable (1-10 Cr/day)
LGHL,LAXMI GOLDORNA HOUSE LTD,INE258Y01016,EQ,NORMAL,False,False,PARTIAL,817,2020-04-16,2026-08-21,6.35,175.94,63469.7,19198,10861501.34,1592309.25,0.5571,1.1852,0.702,7.067,0.5592,0,0.0,127,15.54,2,0,0,1,0,Tier 3: Mid-Market Tradable (1-10 Cr/day)
INDTERRAIN,IND TERRAIN FASHIONS LTD,INE611L01021,EQ,NORMAL,False,False,PARTIAL,2476,2016-08-22,2026-08-21,10.0,30.34,177712.7,61165,10857995.69,3758534.5,0.49,-0.0442,0.579,6.459,0.8962,0,0.0,0,0.0,9,0,0,0,0,Tier 3: Mid-Market Tradable (1-10 Cr/day)
MGEL,MANGALAM GLOBAL ENT LTD,INE0APB01032,BE,NORMAL,False,False,PARTIAL,1403,2020-12-23,2026-08-21,5.66,14.73,783955.5,386554,10796694.15,4332904.78,0.5591,0.3597,0.445,8.283,0.7517,0,0.0,26,1.85,9,6,2,0,1,Tier 3: Mid-Market Tradable (1-10 Cr/day)
SHIVAUM,SHIV AUM STEELS LIMITED,INE719F01016,EQ,NORMAL,False,False,PARTIAL,527,2016-08-22,2026-08-21,10.0,444.15,44507.2,12000,10783474.72,1950000.0,0.8624,0.9158,-6.355,108.874,0.8793,0,0.0,167,31.69,0,0,0,0,0,Tier 3: Mid-Market Tradable (1-10 Cr/day)
REPRO,REPRO INDIA LIMITED,INE461B01014,EQ,NORMAL,False,False,PARTIAL,2476,2016-08-22,2026-08-21,10.0,324.0,19463.5,6707,10763192.46,3373674.65,0.4591,0.0725,1.615,12.606,0.6703,0,0.0,2,0.08,8,0,0,0,0,Tier 3: Mid-Market Tradable (1-10 Cr/day)
TRANSTEEL,TRANSTEEL SEATING TECH L,INE0NVI01020,SM,SME,False,False,PARTIAL,693,2023-11-06,2026-08-21,2.79,92.5,110363.6,64000,10761268.76,6444000.0,0.4805,0.1098,1.159,9.489,0.5945,0,0.0,7,1.01,0,0,0,0,0,Tier 3: Mid-Market Tradable (1-10 Cr/day)
INDORAMA,INDO RAMA SYNTHETICS LTD,INE156A01020,EQ,NORMAL,False,False,PARTIAL,2444,2016-08-22,2026-08-21,10.0,62.69,210280.4,83238,10740398.33,3430354.56,0.5433,0.1977,0.921,8.53,0.8475,0,0.0,9,0.37,9,1,0,0,0,Tier 3: Mid-Market Tradable (1-10 Cr/day)
KRITI,KRITI INDUSTRIES IND LTD,INE479D01038,EQ,NORMAL,False,False,PARTIAL,1193,2021-11-01,2026-08-21,4.8,64.34,81754.0,40900,10686935.09,4296417.2,0.5645,0.025,1.442,9.464,0.7891,0,0.0,7,0.59,3,2,0,0,0,Tier 3: Mid-Market Tradable (1-10 Cr/day)
OMFREIGHT,OM FREIGHT FORWARDERS LTD,INE1BZC01019,BE,NORMAL,False,False,PARTIAL,216,2025-10-08,2026-08-21,0.87,94.92,115948.2,36375,10673207.51,2861956.8,0.4737,0.2298,1.662,8.9,0.4147,0,0.0,2,0.93,0,0,0,0,0,Tier 3: Mid-Market Tradable (1-10 Cr/day)
JAYAGROGN,JAYANT AGRO ORGANICS LTD,INE785A01026,EQ,NORMAL,False,False,PARTIAL,2476,2016-08-22,2026-08-21,10.0,220.69,41559.5,19423,10665858.99,4331700.9,0.4742,0.1384,1.214,8.971,0.902,0,0.0,0,0.0,16,13,0,1,0,Tier 3: Mid-Market Tradable (1-10 Cr/day)
SUMMITSEC,SUMMIT SECURITIES LTD,INE519C01017,EQ,NORMAL,False,False,PARTIAL,2476,2016-08-22,2026-08-21,10.0,1420.2,7740.2,3762,10630793.15,2722935.6,0.4243,0.219,0.927,9.211,0.84,0,0.0,0,0.0,6,0,0,0,0,Tier 3: Mid-Market Tradable (1-10 Cr/day)
JYOTIRES,JYOTI RESINS & ADHESIVE L,INE577D01013,EQ,NORMAL,False,False,PARTIAL,5,2026-08-17,2026-08-21,0.01,849.5,12471.8,5821,10628728.08,5032545.55,0.1668,-0.4325,-0.613,1.201,0.0174,0,0.0,0,0.0,0,0,0,0,0,Tier 3: Mid-Market Tradable (1-10 Cr/day)
EXIMROUTES,EXIM ROUTES LIMITED,INE19I001020,SM,SME,False,False,PARTIAL,157,2025-12-19,2026-08-21,0.67,114.85,71179.6,16000,10603713.12,1943920.0,0.7027,0.2284,1.223,6.733,0.628,0,0.0,29,18.47,0,0,0,0,0,Tier 3: Mid-Market Tradable (1-10 Cr/day)
SUTLEJTEX,SUTLEJ TEXT & INDUS LTD,INE645H01027,BE,NORMAL,False,False,PARTIAL,2476,2016-08-22,2026-08-21,10.0,38.14,168223.6,61660,10594676.95,3386012.2,0.4739,0.0445,0.72,7.34,0.8508,0,0.0,3,0.12,9,7,1,0,0,Tier 3: Mid-Market Tradable (1-10 Cr/day)
JITFINFRA,JITF INFRALOGISTICS LTD,INE863T01013,EQ,NORMAL,False,False,PARTIAL,2288,2017-02-27,2026-08-21,9.48,309.0,31655.6,14969,10491142.5,1614684.0,0.5395,0.3471,0.267,3.459,0.959,1,0.04,183,8.0,8,0,0,0,0,Tier 3: Mid-Market Tradable (1-10 Cr/day)
IL&FSTRANS,IL&FS TRANS NET LTD,INE975G01012,BZ,NORMAL,False,False,PARTIAL,2477,2016-08-22,2026-08-21,10.0,2.09,203671.3,74888,10422215.35,246415.5,0.5023,-0.2286,0.457,4.626,0.9925,1,0.04,273,11.02,4,0,0,0,0,Tier 3: Mid-Market Tradable (1-10 Cr/day)
KICL,KALYANI INVEST CO LTD,INE029L01018,EQ,NORMAL,False,False,PARTIAL,2475,2016-08-22,2026-08-21,10.0,5382.5,2988.8,1214,10403957.07,2624550.25,0.3722,0.2132,0.686,12.406,0.7058,0,0.0,3,0.12,4,1,0,0,0,Tier 3: Mid-Market Tradable (1-10 Cr/day)
EMKAY,EMKAY GLOBAL FIN SERV LTD,INE296H01011,EQ,NORMAL,False,False,PARTIAL,2477,2016-08-22,2026-08-21,10.0,239.85,72544.6,24405,10377841.89,2830890.0,0.5724,0.2898,1.062,7.832,0.9194,1,0.04,74,2.99,10,9,0,0,0,Tier 3: Mid-Market Tradable (1-10 Cr/day)
AERONEU,AEROFLEX NEU LIMITED,INE035801013,EQ,NORMAL,False,False,PARTIAL,894,2023-01-12,2026-08-21,3.61,82.97,111972.4,53068,10376566.87,4738720.14,0.4938,0.1002,0.579,8.886,0.5134,0,0.0,0,0.0,3,1,0,0,0,Tier 3: Mid-Market Tradable (1-10 Cr/day)
RAJMET,RAJNANDINI METAL LIMITED,INE00KV01022,EQ,NORMAL,False,False,PARTIAL,1367,2021-02-16,2026-08-21,5.51,3.5,869047.1,353458,10366027.73,3160512.0,0.4726,0.2473,1.628,14.43,0.9099,1,0.07,60,4.39,9,1,1,2,0,Tier 3: Mid-Market Tradable (1-10 Cr/day)
GYFTR,GYFTR LIMITED,INE724A01017,EQ,NORMAL,False,False,PARTIAL,31,2026-07-10,2026-08-21,0.11,159.32,65813.1,42413,10347622.04,6760632.2,0.3668,-0.4406,0.355,2.727,0.1408,0,0.0,0,0.0,0,0,0,0,0,Tier 3: Mid-Market Tradable (1-10 Cr/day)
GULFPETRO,GP PETROLEUMS LIMITED,INE586G01017,BE,NORMAL,False,False,PARTIAL,2476,2016-08-22,2026-08-21,10.0,67.17,163755.4,61553,10337940.23,3318373.2,0.5116,0.1435,1.13,9.437,0.7636,0,0.0,4,0.16,9,6,0,0,0,Tier 3: Mid-Market Tradable (1-10 Cr/day)
BHARATGEAR,BHARAT GEARS LTD,INE561C01019,BE,NORMAL,False,False,PARTIAL,2476,2016-08-22,2026-08-21,10.0,100.94,95577.0,33324,10329518.38,3125274.9,0.5276,0.1986,1.368,9.001,0.8984,0,0.0,10,0.4,5,2,0,1,2,Tier 3: Mid-Market Tradable (1-10 Cr/day)
RADIOCITY,MUSIC BROADCAST LIMITED,INE919I01024,EQ,NORMAL,False,False,PARTIAL,2328,2017-03-17,2026-08-21,9.43,6.69,483050.2,136172,10317255.99,2663199.35,0.3748,-0.1664,0.136,14.135,0.9349,0,0.0,8,0.34,11,0,1,2,0,Tier 3: Mid-Market Tradable (1-10 Cr/day)
ADDICTIVE,ADDICTIVE LEARNING TECH L,INE0RDH01021,SM,SME,False,False,PARTIAL,633,2024-01-30,2026-08-21,2.56,46.6,41502.4,23500,10304537.99,3996000.0,0.5934,-0.5611,0.869,6.173,0.9114,0,0.0,26,4.11,0,0,0,0,0,Tier 3: Mid-Market Tradable (1-10 Cr/day)
ESCONET,ESCONET TECHNOLOGIES LTD,INE0RQZ01017,SM,SME,False,False,PARTIAL,618,2024-02-23,2026-08-21,2.49,184.8,44083.5,22400,10296668.54,4457620.0,0.6238,0.0297,0.376,3.686,0.8226,0,0.0,72,11.65,0,0,0,0,0,Tier 3: Mid-Market Tradable (1-10 Cr/day)
BHAGYANGR,BHAGYANAGAR INDIA LIMITED,INE458B01036,EQ,NORMAL,False,False,PARTIAL,2296,2017-05-17,2026-08-21,9.26,394.5,101848.1,34307,10292897.63,1761979.7,0.577,0.4572,1.494,9.317,0.7632,0,0.0,24,1.05,8,0,0,0,0,Tier 3: Mid-Market Tradable (1-10 Cr/day)
GATECH,GACM TECHNOLOGIES LIMITED,INE224E01028,BE,NORMAL,False,False,PARTIAL,1781,2016-08-22,2026-08-21,10.0,0.9,3697663.6,389750,10287573.99,1032237.51,0.7694,-0.2066,0.039,6.608,0.9911,0,0.0,324,18.19,11,0,0,1,2,Tier 3: Mid-Market Tradable (1-10 Cr/day)
MOKSH,MOKSH ORNAMENTS LIMITED,INE514Y01020,EQ,NORMAL,False,False,PARTIAL,1305,2021-05-21,2026-08-21,5.25,10.58,453308.8,187430,10284144.56,2876151.25,0.5485,0.1199,0.376,9.925,0.8415,0,0.0,41,3.14,7,1,1,0,1,Tier 3: Mid-Market Tradable (1-10 Cr/day)
MENONBE,MENON BEARINGS LIMITED,INE071D01033,BE,NORMAL,False,False,PARTIAL,2476,2016-08-22,2026-08-21,10.0,274.64,94284.2,39524,10261922.59,3612880.44,0.459,0.2237,1.294,10.757,0.7611,0,0.0,3,0.12,23,15,0,1,0,Tier 3: Mid-Market Tradable (1-10 Cr/day)
GOLDBND,BANDHANAMC - GOLDBND,INF194KB1KJ7,EQ,NORMAL,False,False,PARTIAL,171,2025-12-12,2026-08-21,0.69,158.57,66787.8,32226,10234426.62,4768257.71,0.3366,0.3434,-0.445,7.104,0.2519,0,0.0,0,0.0,0,0,0,0,0,Tier 3: Mid-Market Tradable (1-10 Cr/day)
MOENERGY,MOTILALAMC - MOENERGY,INF247L01GH7,EQ,NORMAL,False,False,PARTIAL,210,2025-10-16,2026-08-21,0.85,38.36,272124.0,181686,10230954.28,6723741.65,0.187,0.1098,0.175,4.561,0.0914,0,0.0,0,0.0,0,0,0,0,0,Tier 3: Mid-Market Tradable (1-10 Cr/day)
TIRUPATIFL,TIRUPATI FORGE LIMITED,INE319Y01024,BE,NORMAL,False,False,PARTIAL,1484,2020-08-04,2026-08-21,6.05,69.62,391674.7,180433,10227617.51,3990046.2,0.5464,0.6849,0.586,5.233,0.7056,0,0.0,315,21.23,9,1,1,1,0,Tier 3: Mid-Market Tradable (1-10 Cr/day)
HALDYNGL,HALDYN GLASS LTD.,INE506D01020,BE,NORMAL,False,False,PARTIAL,87,2026-04-20,2026-08-21,0.34,133.72,86717.1,44136,10195191.9,5094418.8,0.4893,1.3094,1.096,4.517,0.132,0,0.0,1,1.15,0,0,0,0,0,Tier 3: Mid-Market Tradable (1-10 Cr/day)
ACSTECH,A C S TECHNOLOGIES LTD.,INE366C01021,EQ,NORMAL,False,False,PARTIAL,87,2026-04-20,2026-08-21,0.34,50.78,236975.5,118571,10190643.06,4913240.4,0.4275,0.7891,0.724,3.762,0.2263,0,0.0,5,5.75,0,0,0,0,0,Tier 3: Mid-Market Tradable (1-10 Cr/day)
FINIETF,ICICIPRAMC-ICICIFIN,INF109KC17L8,EQ,NORMAL,False,False,PARTIAL,925,2022-11-30,2026-08-21,3.72,33.52,352803.2,198082,10140910.15,5145735.08,0.1963,0.1542,-1.826,26.342,0.2532,0,0.0,0,0.0,0,0,0,0,0,Tier 3: Mid-Market Tradable (1-10 Cr/day)
NILAINFRA,NILA INFRASTRUCTURES LTD,INE937C01029,EQ,NORMAL,False,False,PARTIAL,2476,2016-08-22,2026-08-21,10.0,6.98,2008302.6,419745,10135571.05,2796324.4,1.4137,0.5137,38.867,1777.632,0.8603,0,0.0,22,0.89,10,3,0,0,0,Tier 3: Mid-Market Tradable (1-10 Cr/day)
SAKHTISUG,SAKTHI SUGARS LTD,INE623A01011,EQ,NORMAL,False,False,PARTIAL,2450,2016-08-22,2026-08-21,10.0,21.13,363800.9,125683,10134855.57,2456228.0,0.5244,0.0647,1.225,8.721,0.8616,0,0.0,11,0.45,3,0,0,0,0,Tier 3: Mid-Market Tradable (1-10 Cr/day)
PERMAGN,PERMANENT MAGNETS LTD.,INE418E01018,EQ,NORMAL,False,False,PARTIAL,5,2026-08-17,2026-08-21,0.01,864.45,11576.2,3685,10134376.57,3185498.25,0.8546,4.1094,0.705,1.282,0.0201,0,0.0,0,0.0,0,0,0,0,0,Tier 3: Mid-Market Tradable (1-10 Cr/day)
KDL,KORE DIGITAL LIMITED,INE0O4R01018,SM,SME,False,False,PARTIAL,791,2023-06-14,2026-08-21,3.19,88.45,47800.9,24000,10113898.81,5630940.0,0.656,0.3191,0.201,3.868,0.906,0,0.0,116,14.66,0,0,0,0,0,Tier 3: Mid-Market Tradable (1-10 Cr/day)
VIVIANA,VIVIANA POWER TECH LTD,INE0MEG01014,BE,NORMAL,False,False,PARTIAL,954,2022-09-16,2026-08-21,3.93,692.4,30354.6,16400,10109251.41,6058520.0,0.6264,0.8437,0.807,5.215,0.475,0,0.0,80,8.39,0,0,0,0,0,Tier 3: Mid-Market Tradable (1-10 Cr/day)
ATLANTAA,ATLANTAA LIMITED,INE285H01022,EQ,NORMAL,False,False,PARTIAL,2476,2016-08-22,2026-08-21,10.0,38.3,153383.6,43273,10066152.02,1000147.5,0.557,0.0955,0.765,6.511,0.9789,0,0.0,160,6.46,9,2,0,0,0,Tier 3: Mid-Market Tradable (1-10 Cr/day)
NEPHROCARE,NEPHRO CARE INDIA LIMITED,INE0SUN01013,SM,SME,False,False,PARTIAL,528,2024-07-05,2026-08-21,2.13,89.5,48537.1,14800,10054523.79,2007180.0,0.6145,-0.1464,0.62,6.306,0.8566,0,0.0,34,6.44,0,0,0,0,0,Tier 3: Mid-Market Tradable (1-10 Cr/day)
PRADPME,PRADEEP METALS LTD.,INE770A01010,BE,NORMAL,False,False,PARTIAL,87,2026-04-20,2026-08-21,0.34,509.25,20817.1,9800,10027041.75,4760929.25,0.438,1.0274,0.07,2.963,0.1688,0,0.0,0,0.0,1,1,0,0,0,Tier 3: Mid-Market Tradable (1-10 Cr/day)
HEALTHX,HEALTH X PLATFORM LIMITED,INE019J01013,EQ,NORMAL,False,False,PARTIAL,2475,2016-08-22,2026-08-21,10.0,300.85,36030.7,14899,10015624.08,3011987.6,0.4827,0.2815,1.104,7.872,0.7168,0,0.0,12,0.48,9,0,0,0,0,Tier 3: Mid-Market Tradable (1-10 Cr/day)
PPAP,PPAP AUTOMOTIVE LIMITED,INE095I01015,BE,NORMAL,False,False,PARTIAL,2476,2016-08-22,2026-08-21,10.0,270.8,36380.0,15433,9975899.97,3817877.15,0.4852,0.1715,1.166,8.968,0.8419,0,0.0,6,0.24,18,17,0,0,0,Tier 4: SmallCap Active (10L-1 Cr/day)
HDFCNIMEG,HDFCAMC - HDFCNIMEG,INF179KC1KT4,EQ,NORMAL,False,False,PARTIAL,16,2026-07-31,2026-08-21,0.06,131.78,75269.4,57726,9939378.94,7607132.28,0.5184,0.7133,0.637,5.602,0.0907,0,0.0,0,0.0,0,0,0,0,0,Tier 4: SmallCap Active (10L-1 Cr/day)
VOLERCAR,VOLER CAR LIMITED,INE241X01014,SM,SME,False,False,PARTIAL,350,2025-02-19,2026-08-21,1.5,224.0,61645.7,22400,9930521.94,3745280.0,0.605,0.8238,1.45,8.188,0.2632,0,0.0,24,6.86,0,0,0,0,0,Tier 4: SmallCap Active (10L-1 Cr/day)
GOLD360,360ONEAMC - GOLD360,INF579M01BB5,EQ,NORMAL,False,False,PARTIAL,355,2025-03-17,2026-08-21,1.43,154.8,73759.7,20064,9875351.0,2565854.55,0.3089,0.4542,-0.272,11.563,0.2456,0,0.0,0,0.0,0,0,0,0,0,Tier 4: SmallCap Active (10L-1 Cr/day)
EMAMIPAP,EMAMI PAPER MILLS LIMITED,INE830C01026,BE,NORMAL,False,False,PARTIAL,1794,2019-05-30,2026-08-21,7.23,115.81,70237.2,24368,9853356.03,2764639.24,0.5036,0.0847,1.644,11.361,0.7242,0,0.0,23,1.28,7,5,0,0,0,Tier 4: SmallCap Active (10L-1 Cr/day)
NIKITA,NIKITA GRENTEC RECYCL LTD,INE0FLF01015,SM,SME,False,False,PARTIAL,294,2025-06-03,2026-08-21,1.22,76.0,87379.6,31200,9852073.27,3411240.0,0.5705,0.0093,0.96,6.038,0.5229,0,0.0,21,7.14,0,0,0,0,0,Tier 4: SmallCap Active (10L-1 Cr/day)
VALUE360,VALUE 360 COMMUNICATION L,INE1E7Y01018,SM,SME,False,False,PARTIAL,72,2026-05-11,2026-08-21,0.28,75.55,123200.0,42000,9844171.67,3170160.0,0.5484,-0.1579,0.85,3.992,0.1916,0,0.0,3,4.17,0,0,0,0,0,Tier 4: SmallCap Active (10L-1 Cr/day)
UMAEXPORTS,UMA EXPORTS LIMITED,INE0GIU01018,BE,NORMAL,False,False,PARTIAL,1085,2022-04-07,2026-08-21,4.37,23.39,142082.6,49312,9826237.28,2640184.95,0.5487,-0.1399,1.787,12.264,0.8689,0,0.0,30,2.76,3,0,0,0,0,Tier 4: SmallCap Active (10L-1 Cr/day)
CRSL,CRESSANDA RAILWAY SOLUT L,INE716D01033,EQ,NORMAL,False,False,PARTIAL,5,2026-08-17,2026-08-21,0.01,3.39,3227522.2,3004809,9787179.77,7752407.22,1.3864,32.3643,-0.242,0.833,0.0,0,0.0,0,0.0,0,0,0,0,0,Tier 4: SmallCap Active (10L-1 Cr/day)
MOVALUE,MOTILALAMC - MOVALUE,INF247L01BE5,EQ,NORMAL,False,False,PARTIAL,985,2022-08-26,2026-08-21,3.99,112.88,93487.0,62010,9775411.57,6276933.46,0.265,0.2508,0.324,37.693,0.3237,0,0.0,5,0.51,0,0,0,0,0,Tier 4: SmallCap Active (10L-1 Cr/day)
ROXHITECH,ROX HI TECH LIMITED,INE0PDJ01013,SM,SME,False,False,PARTIAL,679,2023-11-16,2026-08-21,2.76,53.75,81326.7,38400,9764670.75,2543840.0,0.5933,-0.1884,1.081,6.213,0.8733,1,0.15,39,5.74,0,0,0,0,0,Tier 4: SmallCap Active (10L-1 Cr/day)
IEML,INDIAN EMULSIFIERS LTD,INE0RRU01016,SM,SME,False,False,PARTIAL,559,2024-05-22,2026-08-21,2.25,40.35,59430.2,26000,9703449.69,3336250.0,0.6642,-0.8702,0.681,7.807,0.9259,0,0.0,44,7.87,0,0,0,0,0,Tier 4: SmallCap Active (10L-1 Cr/day)
MANAKSIA,MANAKSIA LTD.,INE015D01022,EQ,NORMAL,False,False,PARTIAL,2476,2016-08-22,2026-08-21,10.0,58.87,104256.1,43549,9693671.54,2843582.4,0.4614,0.1185,1.091,9.584,0.772,0,0.0,5,0.2,14,7,0,0,0,Tier 4: SmallCap Active (10L-1 Cr/day)
PRITIKAUTO,PRITIKA AUTO INDUS LTD,INE583R01029,BE,NORMAL,False,False,PARTIAL,1249,2021-08-10,2026-08-21,5.03,17.63,425486.1,195511,9688274.07,3477555.96,0.4821,0.108,1.118,8.631,0.7973,0,0.0,56,4.48,4,0,0,0,0,Tier 4: SmallCap Active (10L-1 Cr/day)
POSITRON,POSITRON ENERGY LIMITED,INE0S3H01017,SM,SME,False,False,PARTIAL,498,2024-08-20,2026-08-21,2.0,166.5,24699.4,11100,9670111.48,2924880.0,0.5917,-0.3828,0.684,8.159,0.8243,0,0.0,24,4.82,0,0,0,0,0,Tier 4: SmallCap Active (10L-1 Cr/day)
MOM100,MOTILAL OS MIDCAP100 ETF,INF247L01023,EQ,NORMAL,False,False,PARTIAL,2476,2016-08-22,2026-08-21,10.0,68.81,199873.9,94811,9665637.77,2595136.62,0.1933,0.1727,-0.259,6.835,0.4842,0,0.0,0,0.0,0,0,0,0,0,Tier 4: SmallCap Active (10L-1 Cr/day)
EMPOWER,EMPOWER INDIA LTD.,INE507F01023,EQ,NORMAL,False,False,PARTIAL,87,2026-04-20,2026-08-21,0.34,2.27,4109933.8,2373041,9644167.79,5315611.84,0.5058,1.5456,0.151,2.509,0.3381,0,0.0,42,48.28,0,0,0,0,0,Tier 4: SmallCap Active (10L-1 Cr/day)
GENXAI,GENXAI ANALYTICS LIMITED,INE1W0N01014,SM,SME,False,False,PARTIAL,50,2026-06-12,2026-08-21,0.19,78.5,106728.0,66000,9630474.0,5248920.0,0.6021,-0.9293,0.179,3.248,0.3311,0,0.0,0,0.0,0,0,0,0,0,Tier 4: SmallCap Active (10L-1 Cr/day)
RSSOFTWARE,R. S. SOFTWARE (INDIA) LI,INE165B01029,EQ,NORMAL,False,False,PARTIAL,2466,2016-08-22,2026-08-21,10.0,30.32,123781.9,47702,9624038.1,1872177.87,0.5992,0.0778,1.443,8.838,0.9373,1,0.04,215,8.72,9,1,0,0,0,Tier 4: SmallCap Active (10L-1 Cr/day)
BTML,BODHI TREE MULTIMEDIA LTD,INE0EEJ01023,EQ,NORMAL,False,False,PARTIAL,1240,2020-10-21,2026-08-21,5.83,7.86,764136.2,299392,9579978.58,2214000.0,0.6237,0.5031,0.647,6.074,0.7495,0,0.0,183,14.76,5,2,1,0,1,Tier 4: SmallCap Active (10L-1 Cr/day)
EMAMIREAL,EMAMI REALTY LIMITED,INE778K01012,EQ,NORMAL,False,False,PARTIAL,2443,2016-08-22,2026-08-21,10.0,70.53,78505.5,31596,9576437.23,2484562.5,0.5693,0.1806,1.114,7.009,0.9381,0,0.0,53,2.17,9,0,0,0,0,Tier 4: SmallCap Active (10L-1 Cr/day)
MANGALAM,MANGALAM DRUG & CHEM LTD,INE584F01014,EQ,NORMAL,False,False,PARTIAL,2476,2016-08-22,2026-08-21,10.0,27.68,76181.1,35736,9568595.38,3886075.7,0.5047,-0.0545,0.739,8.122,0.9045,0,0.0,95,3.84,4,1,0,0,0,Tier 4: SmallCap Active (10L-1 Cr/day)
AUTOIND,AUTOLINE INDUSTRIES LTD,INE718H01014,EQ,NORMAL,False,False,PARTIAL,2476,2016-08-22,2026-08-21,10.0,92.94,99879.1,36309,9551823.98,2429708.8,0.5432,0.2133,0.98,7.174,0.9241,0,0.0,73,2.95,1,0,0,0,0,Tier 4: SmallCap Active (10L-1 Cr/day)
ASMS,AVIO SMART MRKT STACK LTD,INE855F01042,BE,NORMAL,False,False,PARTIAL,866,2023-02-09,2026-08-21,3.53,6.99,646006.9,163004,9538301.14,2277697.1,0.489,-0.0673,0.799,7.059,0.7571,0,0.0,196,22.63,2,0,0,0,0,Tier 4: SmallCap Active (10L-1 Cr/day)
NATIONSTD,NATIONAL STAND (INDIA) L,INE166R01015,EQ,NORMAL,False,False,PARTIAL,86,2026-04-20,2026-08-21,0.34,126.98,24623.9,207,9532865.34,242888.1,0.7235,-6.765,-0.9,6.127,0.9125,0,0.0,29,33.72,0,0,0,0,0,Tier 4: SmallCap Active (10L-1 Cr/day)
ROCKINGDCE,ROCKINGDEALS CIRCU ECO L,INE0PTR01012,SM,SME,False,False,PARTIAL,659,2023-11-30,2026-08-21,2.72,205.95,22385.8,10250,9510917.01,3121650.0,0.6728,0.0618,0.405,6.027,0.813,0,0.0,39,5.92,0,0,0,0,0,Tier 4: SmallCap Active (10L-1 Cr/day)
NIRMAN,NIRMAN AGRI GENTICS LTD,INE0OK701014,SM,SME,False,False,PARTIAL,842,2023-03-28,2026-08-21,3.4,29.05,54406.9,28200,9486246.73,5315940.0,0.6545,-0.1623,0.496,3.556,0.937,0,0.0,88,10.45,0,0,0,0,0,Tier 4: SmallCap Active (10L-1 Cr/day)
KAKATCEM,KAKATIYA CEM SUGAR &IND L,INE437B01014,EQ,NORMAL,False,False,PARTIAL,2476,2016-08-22,2026-08-21,10.0,115.84,34746.8,13964,9465216.69,2785391.7,0.4585,-0.0092,1.484,11.97,0.8047,0,0.0,1,0.04,12,11,0,0,0,Tier 4: SmallCap Active (10L-1 Cr/day)
MWL,MANGALAM WORLDWIDE LTD,INE0JYY01029,EQ,NORMAL,False,False,PARTIAL,961,2022-07-11,2026-08-21,4.11,41.44,435718.8,180000,9461475.43,2726400.0,0.4329,0.4593,0.802,7.988,0.2776,0,0.0,130,13.53,2,1,1,0,0,Tier 4: SmallCap Active (10L-1 Cr/day)
HILTON,HILTON METAL FORGING LTD,INE788H01017,EQ,NORMAL,False,False,PARTIAL,2476,2016-08-22,2026-08-21,10.0,20.24,137313.9,39512,9440906.43,1443210.5,0.5996,0.2092,1.129,7.536,0.9166,0,0.0,51,2.06,13,0,0,0,3,Tier 4: SmallCap Active (10L-1 Cr/day)
SMALL250,MIRAEAMC - SMALL250,INF769K01PQ4,EQ,NORMAL,False,False,PARTIAL,192,2025-11-13,2026-08-21,0.77,18.47,576452.0,405976,9417798.73,6899324.04,0.1898,0.1212,-0.016,4.105,0.1726,0,0.0,0,0.0,0,0,0,0,0,Tier 4: SmallCap Active (10L-1 Cr/day)
LAKSHYA,LAKSHYA POWERTECH LIMITED,INE0VZS01015,SM,SME,False,False,PARTIAL,449,2024-10-23,2026-08-21,1.83,86.4,38653.0,12800,9417641.6,1791200.0,0.6166,-0.6158,1.412,8.855,0.7885,0,0.0,33,7.35,0,0,0,0,0,Tier 4: SmallCap Active (10L-1 Cr/day)
YAAP,YAAP DIGITAL LIMITED,INE0U0J01015,SM,SME,False,False,PARTIAL,113,2026-03-05,2026-08-21,0.46,136.2,60221.2,19000,9401716.81,3216550.0,0.5734,0.2047,1.641,9.033,0.3622,0,0.0,6,5.31,0,0,0,0,0,Tier 4: SmallCap Active (10L-1 Cr/day)
NAGAFERT,NAGARJUN FERT AND CHE LTD,INE454M01024,BZ,NORMAL,False,False,PARTIAL,2411,2016-08-22,2026-08-17,9.98,2.26,818810.4,349795,9400606.23,3170206.8,0.5111,-0.0247,0.599,5.015,0.9147,1,0.04,144,5.97,9,0,0,0,0,Tier 4: SmallCap Active (10L-1 Cr/day)
PVP,PVP VENTURES LIMITED,INE362A01016,EQ,NORMAL,False,False,PARTIAL,1912,2016-08-22,2026-08-21,10.0,45.35,438887.5,154542,9397505.96,1553401.25,1.0562,0.6359,24.089,857.467,0.8317,0,0.0,139,7.27,9,0,0,0,0,Tier 4: SmallCap Active (10L-1 Cr/day)
DCMSIL,DCM SHRIRAM INTERNATNL L,INE0OU201013,EQ,NORMAL,False,False,PARTIAL,126,2026-02-17,2026-08-21,0.51,77.79,119792.2,54785,9318562.45,3606650.82,0.7534,1.0782,1.015,6.698,0.4097,0,0.0,34,26.98,1,1,0,0,0,Tier 4: SmallCap Active (10L-1 Cr/day)
NAHARPOLY,NAHAR POLY FILMS LIMITED,INE308A01027,EQ,NORMAL,False,False,PARTIAL,2476,2016-08-22,2026-08-21,10.0,238.75,46716.7,16088,9288091.23,2718303.75,0.5386,0.2994,1.417,9.833,0.7061,0,0.0,7,0.28,10,10,0,0,0,Tier 4: SmallCap Active (10L-1 Cr/day)
BAGDIGITAL,B.A.G.CONVERGENCE LIMITED,INE17CQ01015,SM,SME,False,False,PARTIAL,192,2025-10-08,2026-08-21,0.87,105.0,81033.3,22400,9283346.25,2475200.0,0.3958,0.0645,0.249,3.538,0.1998,0,0.0,19,9.9,0,0,0,0,0,Tier 4: SmallCap Active (10L-1 Cr/day)
PRLIND,PREMIER ROADLINES LIMITED,INE0CFG01012,SM,SME,False,False,PARTIAL,555,2024-05-17,2026-08-21,2.26,43.0,83684.7,25000,9268942.79,2204000.0,0.5518,-0.1919,0.541,5.8,0.7351,0,0.0,12,2.16,0,0,0,0,0,Tier 4: SmallCap Active (10L-1 Cr/day)
SETCO,SETCO AUTOMOTIVE LTD,INE878E01021,BE,PCA,False,False,PARTIAL,2476,2016-08-22,2026-08-21,10.0,17.34,257803.1,107293,9265147.74,1766872.9,0.5211,0.0406,-0.472,17.927,0.9301,0,0.0,197,7.96,10,5,0,0,0,Tier 4: SmallCap Active (10L-1 Cr/day)
TCC,TCC CONCEPT LIMITED,INE887D01016,EQ,NORMAL,False,False,PARTIAL,120,2026-02-25,2026-08-21,0.48,251.7,26909.2,13533,9203576.86,4765923.75,0.4811,-1.187,0.158,3.394,0.4602,0,0.0,0,0.0,0,0,0,0,0,Tier 4: SmallCap Active (10L-1 Cr/day)
SPUNWEB,SPUNWEB NONWOVEN LIMITED,INE19QH01010,SM,SME,False,False,PARTIAL,264,2025-07-21,2026-08-21,1.08,100.0,64590.9,15600,9190094.77,1887600.0,0.5343,-0.3014,0.913,5.889,0.5161,0,0.0,24,9.09,0,0,0,0,0,Tier 4: SmallCap Active (10L-1 Cr/day)
GOODYEAR,GOODYEAR INDIA LIMITED,INE533A01012,EQ,NORMAL,False,False,PARTIAL,87,2026-04-20,2026-08-21,0.34,760.05,11479.6,6750,9165430.23,5080725.0,0.2329,-0.114,0.384,6.754,0.1277,0,0.0,0,0.0,4,4,0,0,0,Tier 4: SmallCap Active (10L-1 Cr/day)
MASON,MASON INFRATECH LIMITED,INE0SH001010,SM,SME,False,False,PARTIAL,530,2024-07-01,2026-08-21,2.14,119.95,62449.1,19000,9138165.28,2626000.0,0.6287,0.3152,1.387,8.386,0.6285,0,0.0,33,6.23,0,0,0,0,0,Tier 4: SmallCap Active (10L-1 Cr/day)
INTENTECH,INTENSE TECHNOLOGIES LTD,INE781A01025,EQ,NORMAL,False,False,PARTIAL,2332,2017-03-23,2026-08-21,9.41,84.88,96209.0,36133,9122251.94,2793956.3,0.5905,0.0935,1.399,9.433,0.9368,0,0.0,19,0.81,9,7,0,0,0,Tier 4: SmallCap Active (10L-1 Cr/day)
BAHETI,BAHETI RECYCLING IND LTD,INE029Q01017,SM,SME,False,False,PARTIAL,1026,2019-09-16,2026-08-21,6.93,815.1,26832.3,15750,9121123.16,4630500.0,0.6959,0.4175,-7.683,166.152,0.9235,0,0.0,74,7.21,0,0,0,0,0,Tier 4: SmallCap Active (10L-1 Cr/day)
SRTL,SHREE RAM TWISTEX LIMITED,INE19GK01015,EQ,NORMAL,False,False,PARTIAL,117,2026-03-02,2026-08-21,0.47,39.92,165798.5,59047,9091413.63,2543115.78,0.4008,-1.1796,-0.125,4.379,0.456,0,0.0,3,2.56,0,0,0,0,0,Tier 4: SmallCap Active (10L-1 Cr/day)
GSMFOILS,GSM FOILS LIMITED,INE0SQY01018,SM,SME,False,False,PARTIAL,544,2024-05-31,2026-08-21,2.22,92.25,73764.7,25500,9062647.52,3848000.0,0.5674,0.6296,0.151,8.121,0.7031,0,0.0,76,13.97,0,0,0,0,0,Tier 4: SmallCap Active (10L-1 Cr/day)
ASHWINI,ASHWINI CONTAINER MOVER L,INE1A6Q01010,SM,SME,False,False,PARTIAL,160,2025-12-19,2026-08-21,0.67,183.0,60318.8,20000,9056272.81,3414600.0,0.5775,0.5821,1.97,10.339,0.2177,0,0.0,9,5.62,0,0,0,0,0,Tier 4: SmallCap Active (10L-1 Cr/day)
CREST,CREST VENTURES LIMITED,INE559D01011,EQ,NORMAL,False,False,PARTIAL,2476,2016-08-22,2026-08-21,10.0,361.8,31357.4,8913,9036066.5,1584353.4,0.5275,0.3219,1.54,12.383,0.8295,0,0.0,2,0.08,12,10,0,0,1,Tier 4: SmallCap Active (10L-1 Cr/day)
DHARIWAL,DHARIWALCORP LIMITED,INE0YRN01025,SM,SME,False,False,PARTIAL,459,2024-08-08,2026-08-21,2.03,18.8,82711.1,28800,8987862.42,2802600.0,0.9632,-0.3614,-5.65,73.866,0.9559,0,0.0,76,16.56,0,0,0,0,0,Tier 4: SmallCap Active (10L-1 Cr/day)
SADHAV,SADHAV SHIPPING LIMITED,INE0K5H01010,SM,SME,False,False,PARTIAL,610,2024-03-01,2026-08-21,2.47,114.45,52121.3,18600,8979616.77,2272140.0,0.5643,0.0666,1.177,7.787,0.6861,0,0.0,26,4.26,0,0,0,0,0,Tier 4: SmallCap Active (10L-1 Cr/day)
SUPREME,SUPREME HOLDIN N HOSP I L,INE822E01011,EQ,NORMAL,False,False,PARTIAL,383,2025-02-03,2026-08-21,1.54,40.79,113962.6,44993,8977973.5,2991308.04,0.5452,-0.3642,0.96,7.569,0.646,0,0.0,0,0.0,0,0,0,0,0,Tier 4: SmallCap Active (10L-1 Cr/day)
BIOPOL,BIOPOL CHEMICALS LIMITED,INE0XW001014,SM,SME,False,False,PARTIAL,126,2026-02-13,2026-08-21,0.52,97.0,86019.0,40800,8964797.62,4173120.0,0.5856,-0.0015,0.613,3.103,0.3355,0,0.0,3,2.38,0,0,0,0,0,Tier 4: SmallCap Active (10L-1 Cr/day)
ISFT,INTRASOFT TECH. LTD,INE566K01011,EQ,NORMAL,False,False,PARTIAL,2450,2016-08-22,2026-08-21,10.0,86.18,45417.3,17835,8960745.93,2847318.03,0.5299,-0.0262,0.344,4.978,0.9747,0,0.0,55,2.24,9,7,0,0,0,Tier 4: SmallCap Active (10L-1 Cr/day)
ENVIRO,ENVIROTECH SYSTEMS LTD,INE0SUH01015,SM,SME,False,False,PARTIAL,470,2024-09-24,2026-08-21,1.91,72.85,76583.0,32000,8942184.36,3680100.0,0.6531,-0.0192,0.552,4.956,0.5585,0,0.0,10,2.13,0,0,0,0,0,Tier 4: SmallCap Active (10L-1 Cr/day)
SHERA,SHERA ENERGY LIMITED,INE0MM001019,SM,SME,False,False,PARTIAL,864,2023-02-17,2026-08-21,3.51,178.65,61129.6,30000,8931764.41,4513600.0,0.5058,0.4092,1.523,9.372,0.5512,0,0.0,11,1.27,0,0,0,0,0,Tier 4: SmallCap Active (10L-1 Cr/day)
SUNLITE,SUNLITE RECYCLING IND LTD,INE0U2N01013,SM,SME,False,False,PARTIAL,481,2024-08-20,2026-08-21,2.0,481.95,34204.4,18000,8902914.85,4305600.0,0.5869,0.6076,0.503,4.16,0.5619,0,0.0,19,3.95,0,0,0,0,0,Tier 4: SmallCap Active (10L-1 Cr/day)
NEXT50,MIRAEAMC - MANXT50,INF769K01FN2,EQ,NORMAL,False,False,PARTIAL,1628,2020-01-31,2026-08-21,6.55,763.78,14683.7,5915,8901056.79,2669383.57,0.2015,0.1735,-1.671,18.368,0.3523,0,0.0,0,0.0,0,0,0,0,0,Tier 4: SmallCap Active (10L-1 Cr/day)
CHOICEGOLD,CHOICEAMC - CHOICEGOLD,INF2KCX01012,EQ,NORMAL,False,False,PARTIAL,195,2025-11-10,2026-08-21,0.78,157.39,61326.9,18104,8887162.92,2685577.81,0.2905,0.3732,-0.694,7.132,0.2228,0,0.0,0,0.0,0,0,0,0,0,Tier 4: SmallCap Active (10L-1 Cr/day)
BANKADD,DSPAMC - DSPBANK,INF740KA1RX3,EQ,NORMAL,False,False,PARTIAL,898,2023-01-06,2026-08-21,3.62,58.98,168787.4,11091,8863295.64,603938.52,0.1598,0.1035,0.043,6.831,0.1828,0,0.0,0,0.0,0,0,0,0,0,Tier 4: SmallCap Active (10L-1 Cr/day)
KARNIKA,KARNIKA INDUSTRIES LTD,INE0MGA01012,SM,SME,False,False,PARTIAL,691,2023-10-12,2026-08-21,2.86,112.35,145092.6,39000,8862320.62,3240000.0,0.5471,0.8477,1.004,8.211,0.5673,0,0.0,47,6.8,0,0,0,0,0,Tier 4: SmallCap Active (10L-1 Cr/day)
SATKARTAR,SAT KARTAR LIFE LIMITED,INE0NB801022,SM,SME,False,False,PARTIAL,391,2025-01-17,2026-08-21,1.59,116.1,51635.8,22400,8843497.6,3528000.0,0.6036,-0.0348,0.807,4.894,0.4901,0,0.0,4,1.02,0,0,0,0,0,Tier 4: SmallCap Active (10L-1 Cr/day)
CHEMFAB,CHEMFAB ALKALIS LIMITED,INE783X01023,EQ,NORMAL,False,False,PARTIAL,2063,2018-04-25,2026-08-21,8.32,356.75,23090.4,8706,8839955.33,2623688.0,0.5037,0.1673,1.216,9.637,0.7525,0,0.0,11,0.53,8,7,0,0,0,Tier 4: SmallCap Active (10L-1 Cr/day)
HEALTHIETF,ICICIPRAMC - ICICIPHARM,INF109KC1Q72,EQ,NORMAL,False,False,PARTIAL,1303,2021-05-25,2026-08-21,5.24,168.51,69747.5,40083,8828959.93,4729600.05,0.1464,0.1442,0.012,3.937,0.2043,0,0.0,0,0.0,0,0,0,0,0,Tier 4: SmallCap Active (10L-1 Cr/day)
GENUSPAPER,GENUS P&B LIMITED,INE949P01018,EQ,NORMAL,False,False,PARTIAL,2476,2016-08-22,2026-08-21,10.0,11.23,516155.3,194895,8823028.76,2156243.24,0.5657,0.2595,1.314,9.745,0.8204,0,0.0,15,0.61,9,0,0,0,0,Tier 4: SmallCap Active (10L-1 Cr/day)
RAMAPHO,RAMA PHOSPHATES LIMITED,INE809A01032,EQ,NORMAL,False,False,PARTIAL,1689,2016-08-22,2026-08-21,10.0,121.05,80505.7,32130,8818627.19,2689670.28,1.3824,0.4409,33.911,1304.794,0.7418,0,0.0,12,0.71,7,5,1,0,0,Tier 4: SmallCap Active (10L-1 Cr/day)
SWARAJ,SWARAJ SUITING LIMITED,INE0GMR01016,EQ,NORMAL,False,False,PARTIAL,1042,2022-03-28,2026-08-21,4.4,367.6,49973.1,22000,8769448.61,3191250.0,0.5737,0.7987,0.527,3.909,0.5895,0,0.0,109,10.46,0,0,0,0,0,Tier 4: SmallCap Active (10L-1 Cr/day)
LINC,LINC LIMITED,INE802B01027,EQ,NORMAL,False,False,PARTIAL,2475,2016-08-22,2026-08-21,10.0,96.37,73805.6,28800,8760040.71,2205840.0,0.4579,0.1434,0.929,9.498,0.7972,0,0.0,0,0.0,11,8,1,1,0,Tier 4: SmallCap Active (10L-1 Cr/day)
MMP,MMP INDUSTRIES LIMITED,INE511Y01018,EQ,NORMAL,False,False,PARTIAL,1897,2018-04-12,2026-08-21,8.36,401.9,40099.8,18002,8747350.72,3466372.14,0.5412,0.2405,-0.005,12.092,0.8152,0,0.0,63,3.32,6,5,0,0,0,Tier 4: SmallCap Active (10L-1 Cr/day)
BETA,BETA DRUGS LIMITED,INE351Y01019,EQ,NORMAL,False,False,PARTIAL,1997,2017-10-12,2026-08-21,8.86,2327.7,12743.2,5040,8659834.35,2803573.5,0.5955,0.575,0.885,6.763,0.8071,0,0.0,131,6.56,0,0,0,0,0,Tier 4: SmallCap Active (10L-1 Cr/day)
AARTECH,AARTECH SOLONICS LIMITED,INE01C001026,BE,NORMAL,False,False,PARTIAL,775,2023-07-10,2026-08-21,3.12,48.29,140026.7,47652,8658465.16,2673462.4,0.5469,0.2149,0.953,6.666,0.6533,0,0.0,40,5.16,6,3,1,1,0,Tier 4: SmallCap Active (10L-1 Cr/day)
CSSL,CLEAR SECURED SERVICES L,INE1EF801010,SM,SME,False,False,PARTIAL,172,2025-12-08,2026-08-21,0.7,90.8,69767.4,20000,8650884.01,2015000.0,0.5349,-0.1829,0.879,5.327,0.4134,0,0.0,8,4.65,0,0,0,0,0,Tier 4: SmallCap Active (10L-1 Cr/day)
SAVY,SAVY INFRA AND LOGI LTD,INE0UCN01017,SM,SME,False,False,PARTIAL,250,2025-07-28,2026-08-21,1.07,129.0,58929.6,16800,8637322.08,2344320.0,0.5324,0.0302,1.695,12.166,0.3777,0,0.0,17,6.8,0,0,0,0,0,Tier 4: SmallCap Active (10L-1 Cr/day)
EMMIL,ENERGY MISSION MACH IND L,INE0S1L01013,SM,SME,False,False,PARTIAL,560,2024-05-16,2026-08-21,2.26,124.55,26037.9,8250,8630740.87,1754500.0,0.5541,-0.3576,1.22,8.047,0.7902,0,0.0,28,5.0,0,0,0,0,0,Tier 4: SmallCap Active (10L-1 Cr/day)
PARTH,PARTH ELEC & ENG LTD,INE1H7V01011,SM,SME,False,False,PARTIAL,255,2025-08-11,2026-08-21,1.03,491.65,32166.3,13200,8618498.12,4122000.0,0.5197,1.1181,0.016,2.895,0.3078,0,0.0,8,3.14,0,0,0,0,0,Tier 4: SmallCap Active (10L-1 Cr/day)
NRAIL,N R AGARWAL INDS LTD,INE740D01017,EQ,NORMAL,False,False,PARTIAL,2324,2017-04-05,2026-08-21,9.38,503.85,25913.1,13819,8592936.38,4294361.0,0.5027,0.2067,1.045,8.922,0.7834,0,0.0,4,0.17,9,6,0,0,0,Tier 4: SmallCap Active (10L-1 Cr/day)
FWSTC,FLYWINGS SIMULAT T C LTD,INE0SQZ01015,SM,SME,False,False,PARTIAL,138,2025-12-12,2026-08-21,0.69,197.0,41765.2,10200,8584987.83,2009400.0,0.6037,0.1041,1.438,8.282,0.3688,0,0.0,24,17.39,0,0,0,0,0,Tier 4: SmallCap Active (10L-1 Cr/day)
EBBETF0433,EDELAMC - EBBETF0433,INF754K01QX0,EQ,NORMAL,False,False,PARTIAL,913,2022-12-16,2026-08-21,3.68,1317.74,7527.4,3983,8583122.75,4591458.51,0.0441,0.0765,1.455,82.87,0.044,0,0.0,1,0.11,0,0,0,0,0,Tier 4: SmallCap Active (10L-1 Cr/day)
AONESILVER,AONEAMC - AONESILVER,INF1J2R01171,EQ,NORMAL,False,False,PARTIAL,117,2026-03-02,2026-08-21,0.47,9.26,907452.0,646156,8553220.57,5782309.44,0.4158,-0.293,-0.516,4.597,0.2756,0,0.0,0,0.0,0,0,0,0,0,Tier 4: SmallCap Active (10L-1 Cr/day)
KSHITIJPOL,KSHITIJ POLYLINE LIMITED,INE013801027,EQ,NORMAL,False,False,PARTIAL,1006,2022-07-27,2026-08-21,4.07,2.82,778931.9,270229,8520792.05,1497596.26,0.6829,-0.278,-5.846,113.941,0.9719,0,0.0,165,16.4,3,0,1,0,2,Tier 4: SmallCap Active (10L-1 Cr/day)
FINBUD,FINBUD FINANCIAL SERV LTD,INE0EDU01014,SM,SME,False,False,PARTIAL,192,2025-11-13,2026-08-21,0.77,138.1,61192.7,22000,8509894.53,2746800.0,0.6465,-0.0283,0.578,4.379,0.5174,0,0.0,3,1.56,0,0,0,0,0,Tier 4: SmallCap Active (10L-1 Cr/day)
MAFATIND,MAFATLAL INDUSTRIES LTD.,INE270B01035,EQ,NORMAL,False,False,PARTIAL,87,2026-04-20,2026-08-21,0.34,121.81,61651.8,35969,8508663.79,4634639.1,0.3499,-0.1457,1.268,6.339,0.1881,0,0.0,0,0.0,1,1,0,0,0,Tier 4: SmallCap Active (10L-1 Cr/day)
PRIMESECU,PRIME SECURITIES LIMITED,INE032B01021,EQ,NORMAL,False,False,PARTIAL,2476,2016-08-22,2026-08-21,10.0,276.65,72960.6,39935,8501928.4,3390208.8,0.5027,0.446,0.365,5.912,0.5947,0,0.0,15,0.61,10,5,0,0,0,Tier 4: SmallCap Active (10L-1 Cr/day)
SCANSTL,SCAN STEELS LTD.,INE099G01011,BE,NORMAL,False,False,PARTIAL,87,2026-04-20,2026-08-21,0.34,63.05,163770.3,52711,8408902.24,2521711.98,0.5913,2.0082,1.477,7.335,0.1655,0,0.0,0,0.0,0,0,0,0,0,Tier 4: SmallCap Active (10L-1 Cr/day)
INFOLLION,INFOLLION RESEARCH SER L,INE0NNZ01013,SM,SME,False,False,PARTIAL,791,2023-06-08,2026-08-21,3.2,158.6,32563.8,12000,8387301.97,3462560.0,0.5232,0.064,0.492,6.644,0.7318,0,0.0,26,3.29,0,0,0,0,0,Tier 4: SmallCap Active (10L-1 Cr/day)
KRITIKA,KRITIKA WIRES LIMITED,INE00Z501029,EQ,NORMAL,False,False,PARTIAL,1069,2022-05-04,2026-08-21,4.3,5.58,733386.5,298308,8385612.16,2145668.76,0.5066,0.2137,0.883,7.704,0.8229,0,0.0,160,14.97,5,1,1,1,0,Tier 4: SmallCap Active (10L-1 Cr/day)
PARSVNATH,PARSVNATH DEVELOPER LTD,INE561H01026,BE,NORMAL,False,False,PARTIAL,2472,2016-08-22,2026-08-21,10.0,1.39,555858.8,224086,8366983.43,2343057.5,0.5784,-0.1005,0.907,6.321,0.9617,0,0.0,205,8.29,9,0,0,0,0,Tier 4: SmallCap Active (10L-1 Cr/day)
SHIVAMAUTO,SHIVAM AUTO.LTD,INE637H01024,BE,NORMAL,False,False,PARTIAL,2476,2016-08-22,2026-08-21,10.0,16.87,185258.6,84439,8317833.92,2659443.5,0.5387,0.0437,0.945,6.863,0.9165,0,0.0,39,1.58,7,1,0,0,1,Tier 4: SmallCap Active (10L-1 Cr/day)
SINCLAIR,SINCLAIRS HOTELS LIMITED,INE985A01022,EQ,NORMAL,False,False,PARTIAL,587,2024-04-10,2026-08-21,2.36,74.43,81579.8,51976,8273019.81,4858049.3,0.4015,-0.1746,1.079,7.757,0.475,0,0.0,0,0.0,2,2,0,0,0,Tier 4: SmallCap Active (10L-1 Cr/day)
MANORG,MANGALAM ORGANICS LIMITED,INE370D01013,EQ,NORMAL,False,False,PARTIAL,1192,2021-11-02,2026-08-21,4.8,470.75,14273.9,6728,8260126.3,3150939.5,0.5078,-0.0129,1.239,8.712,0.7807,0,0.0,35,2.94,3,1,0,0,0,Tier 4: SmallCap Active (10L-1 Cr/day)
ONEGLOBAL,ONE GLOBAL SERVICE PROV L,INE670O01013,EQ,NORMAL,False,False,PARTIAL,5,2026-08-17,2026-08-21,0.01,555.1,14881.0,17961,8255761.18,9645955.05,0.6255,-0.9973,0.048,1.014,0.05,0,0.0,0,0.0,0,0,0,0,0,Tier 4: SmallCap Active (10L-1 Cr/day)
AKSHARCHEM,AKSHARCHEM INDIA LIMITED,INE542B01011,BE,NORMAL,False,False,PARTIAL,2329,2017-03-28,2026-08-21,9.4,303.22,22961.7,8409,8252292.36,2682651.5,0.4973,0.0261,1.26,10.003,0.8493,0,0.0,1,0.04,11,8,0,0,0,Tier 4: SmallCap Active (10L-1 Cr/day)
ABSLLIQUID,BIRLASLAMC - ABSLLIQUID,INF209KB18T9,EQ,NORMAL,False,False,PARTIAL,898,2017-02-16,2026-08-21,9.51,1000.0,15151.3,3441,8240097.75,2579000.0,137.1428,72.6269,29.85,893.006,0.2762,0,0.0,38,4.23,0,0,0,0,0,Tier 4: SmallCap Active (10L-1 Cr/day)
BFSI,MIRAEAMC - MAFSETF,INF769K01HI8,EQ,NORMAL,False,False,PARTIAL,1252,2021-08-05,2026-08-21,5.04,27.31,354196.4,191898,8207305.37,4391021.12,0.1672,0.1068,-0.365,8.063,0.2322,0,0.0,0,0.0,0,0,0,0,0,Tier 4: SmallCap Active (10L-1 Cr/day)
SBIBPB,SBIAMC - SBIBPB,INF200KB1712,EQ,NORMAL,False,False,PARTIAL,347,2025-03-27,2026-08-21,1.4,49.8,166357.0,54249,8204113.34,2501386.32,0.2348,0.2623,-0.137,4.57,0.2043,0,0.0,0,0.0,0,0,0,0,0,Tier 4: SmallCap Active (10L-1 Cr/day)
BAJAJST,BAJAJ STEEL INDS. LTD.,INE704G01024,EQ,NORMAL,False,False,PARTIAL,87,2026-04-20,2026-08-21,0.34,351.7,20345.1,10427,8167132.25,4239842.4,0.4104,-0.8505,0.442,6.842,0.2777,0,0.0,0,0.0,0,0,0,0,0,Tier 4: SmallCap Active (10L-1 Cr/day)
TEXMOPIPES,TEXMO PIPE & PRODUCTS LTD,INE141K01013,EQ,NORMAL,False,False,PARTIAL,2476,2016-08-22,2026-08-21,10.0,44.29,160809.4,68486,8156066.87,2492896.93,0.5609,0.1929,1.415,9.511,0.8179,0,0.0,14,0.57,12,0,0,0,0,Tier 4: SmallCap Active (10L-1 Cr/day)
KRIDHANINF,KRIDHAN INFRA LIMITED,INE524L01026,BE,NORMAL,False,False,PARTIAL,2476,2016-08-22,2026-08-21,10.0,2.08,175383.1,78521,8147986.55,447374.4,0.5814,-0.1966,0.662,6.104,0.9917,0,0.0,272,10.99,7,3,0,0,0,Tier 4: SmallCap Active (10L-1 Cr/day)
OMAXAUTO,OMAX AUTOS LTD,INE090B01011,EQ,NORMAL,False,False,PARTIAL,2476,2016-08-22,2026-08-21,10.0,196.3,79673.0,26533,8104227.88,1974435.0,0.5688,0.2657,1.104,7.934,0.9083,0,0.0,56,2.26,13,6,0,0,0,Tier 4: SmallCap Active (10L-1 Cr/day)
KOTARISUG,KOTHARI SUG & CHEM LTD.,INE419A01022,EQ,NORMAL,False,False,PARTIAL,2450,2016-08-22,2026-08-21,10.0,33.29,209303.3,75821,8085268.85,1994343.75,0.5418,0.2238,1.535,9.31,0.6724,0,0.0,1,0.04,10,5,0,0,0,Tier 4: SmallCap Active (10L-1 Cr/day)
HITECHGEAR,THE HI-TECH GEARS LIMITED,INE127B01011,BE,NORMAL,False,False,PARTIAL,2476,2016-08-22,2026-08-21,10.0,546.3,18440.3,6198,8084963.85,2052770.0,0.493,0.1744,1.125,10.361,0.8821,0,0.0,4,0.16,14,13,0,0,0,Tier 4: SmallCap Active (10L-1 Cr/day)
DIL,DEBOCK INDUSTRIES LIMITED,INE411Y01011,BZ,NORMAL,False,False,PARTIAL,1637,2018-06-05,2026-08-17,8.2,0.71,786646.0,211731,8061389.64,1315451.52,752.6765,1342.0015,9.496,96.296,0.9993,1,0.06,341,20.83,4,0,0,1,1,Tier 4: SmallCap Active (10L-1 Cr/day)
NARMADA,NARMADA AGROBASE LIMITED,INE117Z01029,EQ,NORMAL,False,False,PARTIAL,1339,2016-08-22,2026-08-21,10.0,13.91,441429.2,65122,8058983.81,654480.0,0.6355,0.0547,-1.143,22.46,0.8664,0,0.0,234,17.48,2,0,1,0,1,Tier 4: SmallCap Active (10L-1 Cr/day)
AMNPLST,AMINES & PLASTICIZERS LTD,INE275D01022,EQ,NORMAL,False,False,PARTIAL,690,2023-11-10,2026-08-21,2.78,191.03,31029.9,10030,8042025.98,2065248.9,0.5499,0.21,1.887,10.932,0.6265,0,0.0,0,0.0,3,2,0,0,0,Tier 4: SmallCap Active (10L-1 Cr/day)
KANORICHEM,KANORIACHEMICALS-,INE138C01024,BE,NORMAL,False,False,PARTIAL,2476,2016-08-22,2026-08-21,10.0,153.89,80180.0,29360,8033128.96,2676102.4,0.4944,0.1946,1.165,8.523,0.7863,0,0.0,14,0.57,5,5,0,0,0,Tier 4: SmallCap Active (10L-1 Cr/day)
HMVL,HINDUSTAN MEDIA VENT LTD,INE871K01015,BE,NORMAL,False,False,PARTIAL,2476,2016-08-22,2026-08-21,10.0,92.1,85941.8,30298,8005089.06,2970463.7,0.41,-0.0256,0.991,9.62,0.8793,0,0.0,11,0.44,4,4,0,0,0,Tier 4: SmallCap Active (10L-1 Cr/day)
MUNISH,MUNISH FORGE LIMITED,INE1K8Y01018,SM,SME,False,False,PARTIAL,209,2025-10-08,2026-08-21,0.87,74.05,87089.0,33600,7998155.02,2906640.0,0.6207,-0.2919,0.546,5.16,0.6074,0,0.0,18,8.61,0,0,0,0,0,Tier 4: SmallCap Active (10L-1 Cr/day)
SRD,SHANKAR LAL RAMPAL LTD,INE01NE01012,EQ,NORMAL,False,False,PARTIAL,464,2024-10-09,2026-08-21,1.86,39.43,112249.0,43746,7993521.04,2383428.4,0.4687,-0.4473,-0.939,10.757,0.6727,0,0.0,28,6.03,1,1,0,0,0,Tier 4: SmallCap Active (10L-1 Cr/day)
COMMOIETF,ICICIPRAMC - ICICICOMMO,INF109KC19O8,EQ,NORMAL,False,False,PARTIAL,909,2022-12-21,2026-08-21,3.67,99.56,88506.5,54978,7974793.08,4913444.0,0.1627,0.1525,-0.335,4.778,0.2228,0,0.0,1,0.11,0,0,0,0,0,Tier 4: SmallCap Active (10L-1 Cr/day)
DJML,DJ MEDIAPRINT & LOG LTD,INE0B1K01014,EQ,NORMAL,False,False,PARTIAL,922,2022-12-05,2026-08-21,3.71,108.64,85379.8,23323,7964057.0,1805590.3,0.4652,0.259,0.679,6.357,0.7414,0,0.0,20,2.17,5,4,0,1,0,Tier 4: SmallCap Active (10L-1 Cr/day)
AMAL,AMAL LTD.,INE841D01013,EQ,NORMAL,False,False,PARTIAL,5,2026-08-17,2026-08-21,0.01,772.95,10116.6,3658,7927443.91,2707468.7,0.7011,1.979,0.627,1.23,0.026,0,0.0,0,0.0,0,0,0,0,0,Tier 4: SmallCap Active (10L-1 Cr/day)
UNIVASTU,UNIVASTU INDIA LIMITED,INE562X01013,BE,NORMAL,False,False,PARTIAL,1761,2017-07-27,2026-08-21,9.07,171.55,173865.5,45005,7896500.3,1586521.75,0.577,0.6231,1.493,10.466,0.4585,0,0.0,133,7.55,6,0,0,1,0,Tier 4: SmallCap Active (10L-1 Cr/day)
AVONMORE,AVONMORE CAP&MGT SERV LTD,INE323B01024,EQ,NORMAL,False,False,PARTIAL,901,2023-01-04,2026-08-21,3.63,13.23,534288.6,235680,7882113.53,2897107.2,0.5206,0.2976,0.906,7.321,0.681,1,0.11,35,3.88,4,0,1,0,1,Tier 4: SmallCap Active (10L-1 Cr/day)
NILE,NILE LTD.,INE445D01013,EQ,NORMAL,False,False,PARTIAL,87,2026-04-20,2026-08-21,0.34,1516.4,4524.9,2646,7865127.97,4724496.0,0.4722,-0.2291,-0.519,7.832,0.2542,0,0.0,0,0.0,0,0,0,0,0,Tier 4: SmallCap Active (10L-1 Cr/day)
UNIHEALTH,UNIHEALTH HOSPITALS LTD,INE0PRF01011,SM,SME,False,False,PARTIAL,710,2023-09-21,2026-08-21,2.92,751.1,35178.2,18000,7859868.77,3333000.0,0.5069,0.7416,1.004,6.893,0.3091,0,0.0,35,4.93,0,0,0,0,0,Tier 4: SmallCap Active (10L-1 Cr/day)
INVPRECQ,INVESTMENT & PREC CAST L,INE155E01016,BE,PCA,False,False,PARTIAL,87,2026-04-20,2026-08-21,0.34,1314.7,9105.1,4386,7855973.12,3179975.3,0.5019,2.0968,0.245,4.05,0.155,0,0.0,1,1.15,1,1,0,0,0,Tier 4: SmallCap Active (10L-1 Cr/day)
ASAHISONG,ASAHI SONGWON COLOR LTD,INE228I01012,BE,NORMAL,False,False,PARTIAL,2476,2016-08-22,2026-08-21,10.0,368.0,26626.2,11474,7811169.57,3143646.7,0.4937,0.1887,0.987,9.02,0.8332,0,0.0,3,0.12,14,9,0,0,0,Tier 4: SmallCap Active (10L-1 Cr/day)
CORDSCABLE,CORDS CABLE INDUS LTD.,INE792I01017,BE,NORMAL,False,False,PARTIAL,2476,2016-08-22,2026-08-21,10.0,241.33,74416.2,28510,7798209.37,2699287.8,0.5408,0.288,1.267,8.832,0.844,0,0.0,1,0.04,10,2,0,0,0,Tier 4: SmallCap Active (10L-1 Cr/day)
TICL,TWAMEV CONS AND INFRA LTD,INE388G01026,BE,NORMAL,False,False,PARTIAL,708,2023-10-16,2026-08-21,2.85,9.51,301789.9,66186,7776262.79,2020801.86,0.5392,-0.3101,0.274,2.987,0.8466,0,0.0,94,13.28,0,0,0,0,0,Tier 4: SmallCap Active (10L-1 Cr/day)
COMPINFO,COMPUAGE INFOCOM LTD,INE070C01037,BZ,NORMAL,False,False,PARTIAL,2293,2016-08-22,2026-08-21,10.0,1.07,307009.0,106283,7710873.49,1782870.7,0.6163,-0.2032,1.101,6.861,0.9851,0,0.0,51,2.22,10,7,1,0,1,Tier 4: SmallCap Active (10L-1 Cr/day)
RACE,RACE ECO CHAIN LIMITED,INE084Q01012,EQ,NORMAL,False,False,PARTIAL,818,2023-05-09,2026-08-21,3.29,102.53,24937.7,12747,7687802.7,3499430.4,0.4365,-0.1823,1.85,13.15,0.8058,0,0.0,0,0.0,2,0,0,0,0,Tier 4: SmallCap Active (10L-1 Cr/day)
DCMNVL,DCM NOUVELLE LIMITED,INE08KP01019,EQ,NORMAL,False,False,PARTIAL,1762,2019-07-16,2026-08-21,7.1,171.6,41059.5,22134,7683098.54,3213455.8,0.5294,0.3095,0.371,5.673,0.7473,0,0.0,18,1.02,2,0,0,0,0,Tier 4: SmallCap Active (10L-1 Cr/day)
SINGERIND,SINGER INDIA LIMITED,INE638A01035,EQ,NORMAL,False,False,PARTIAL,105,2026-03-19,2026-08-21,0.42,82.0,97968.2,42151,7666930.99,2994904.66,0.5519,0.513,2.183,12.406,0.1637,0,0.0,0,0.0,1,1,0,0,0,Tier 4: SmallCap Active (10L-1 Cr/day)
MAHESHWARI,MAHESHWARI LOGISTICS LTD.,INE263W01010,BE,NORMAL,False,False,PARTIAL,2287,2017-01-16,2026-08-21,9.59,73.38,76911.1,28036,7631915.83,2304000.0,0.4777,0.1132,-0.419,35.806,0.8313,0,0.0,51,2.23,6,3,0,1,0,Tier 4: SmallCap Active (10L-1 Cr/day)
PSUBANKADD,DSPAMC - DSPPSBKETF,INF740KA1SY9,EQ,NORMAL,False,False,PARTIAL,758,2023-08-02,2026-08-21,3.05,86.67,100277.6,21404,7622350.32,1549203.92,0.279,0.2577,0.21,9.464,0.2968,0,0.0,0,0.0,0,0,0,0,0,Tier 4: SmallCap Active (10L-1 Cr/day)
TUNWAL,TUNWAL E-MOTORS LIMITED,INE0OXV01027,SM,SME,False,False,PARTIAL,518,2024-07-23,2026-08-21,2.08,26.15,182444.0,94000,7560261.0,3171000.0,0.5067,-0.2856,1.312,11.593,0.5765,0,0.0,2,0.39,0,0,0,0,0,Tier 4: SmallCap Active (10L-1 Cr/day)
TOP100CASE,ZERODHAAMC - TOP100CASE,INF0R8F01067,EQ,NORMAL,False,False,PARTIAL,541,2024-06-19,2026-08-21,2.17,10.66,719997.3,535982,7545085.33,5577919.2,0.1324,0.0321,-0.2,6.47,0.1769,0,0.0,0,0.0,0,0,0,0,0,Tier 4: SmallCap Active (10L-1 Cr/day)
BROOKS,BROOKS LAB LIMITED,INE650L01011,BE,NORMAL,False,False,PARTIAL,2476,2016-08-22,2026-08-21,10.0,60.0,72000.1,34221,7510984.73,2931008.4,0.5781,0.1076,1.201,8.47,0.9229,0,0.0,126,5.09,11,0,0,0,2,Tier 4: SmallCap Active (10L-1 Cr/day)
MBLINFRA,MBL INFRASTRUCTURE LTD,INE912H01013,EQ,NORMAL,False,False,PARTIAL,2476,2016-08-22,2026-08-21,10.0,23.6,196824.7,87632,7502889.16,2133487.2,0.5896,0.0084,0.69,5.589,0.9786,0,0.0,140,5.65,8,0,0,0,0,Tier 4: SmallCap Active (10L-1 Cr/day)
PLASTIBLEN,PLASTIBLENDS INDIA LTD,INE083C01022,EQ,NORMAL,False,False,PARTIAL,2476,2016-08-22,2026-08-21,10.0,191.54,30557.0,11530,7494207.59,2430310.72,0.4109,0.0709,1.113,10.333,0.6764,0,0.0,0,0.0,13,10,0,1,0,Tier 4: SmallCap Active (10L-1 Cr/day)
TBI,TBI CORN LIMITED,INE0N2D01013,SM,SME,False,False,PARTIAL,548,2024-06-07,2026-08-21,2.2,58.9,42435.8,21600,7490959.43,2283300.0,0.5186,-0.4468,0.399,3.886,0.8511,0,0.0,45,8.21,0,0,0,0,0,Tier 4: SmallCap Active (10L-1 Cr/day)
BYKE,THE BYKE HOSPITALITY LTD,INE319B01014,BE,NORMAL,False,False,PARTIAL,2476,2016-08-22,2026-08-21,10.0,32.37,106007.8,54120,7476296.38,2993907.8,0.5294,-0.0257,1.205,9.889,0.9626,0,0.0,20,0.81,10,3,0,0,0,Tier 4: SmallCap Active (10L-1 Cr/day)
NECCLTD,NORTH EAST CARRY CORP LTD,INE553C01016,BE,NORMAL,False,False,PARTIAL,2475,2016-08-22,2026-08-21,10.0,15.8,250714.5,82394,7460150.42,1563904.2,0.5996,0.0888,1.405,8.474,0.9696,0,0.0,44,1.78,10,0,0,0,1,Tier 4: SmallCap Active (10L-1 Cr/day)
NAHARINDUS,NAHAR INDS ENT LTD,INE289A01011,EQ,NORMAL,False,False,PARTIAL,2476,2016-08-22,2026-08-21,10.0,125.61,59487.7,27660,7459528.78,2834142.0,0.4712,0.128,0.9,8.28,0.8862,0,0.0,0,0.0,9,2,0,0,0,Tier 4: SmallCap Active (10L-1 Cr/day)
HDFCMID150,HDFCAMC - HDFCMID150,INF179KC1HT0,EQ,NORMAL,False,False,PARTIAL,867,2023-02-21,2026-08-21,3.5,23.68,358197.1,263502,7444329.03,5409113.22,0.1729,0.2232,-0.229,13.955,0.2113,0,0.0,1,0.12,0,0,0,0,0,Tier 4: SmallCap Active (10L-1 Cr/day)
ELGNZ,ELEGANZ INTERIORS LIMITED,INE0R9101015,SM,SME,False,False,PARTIAL,373,2025-02-14,2026-08-21,1.51,86.8,64954.4,32000,7439849.06,3460000.0,0.6384,0.0031,0.77,5.38,0.6613,0,0.0,3,0.8,0,0,0,0,0,Tier 4: SmallCap Active (10L-1 Cr/day)
VIPULLTD,VIPUL LIMITED,INE946H01037,BE,PCA,False,False,PARTIAL,2471,2016-08-22,2026-08-21,10.0,15.76,227430.5,60658,7433255.77,1616163.56,0.5377,-0.0124,0.935,7.022,0.925,0,0.0,135,5.46,11,4,0,0,0,Tier 4: SmallCap Active (10L-1 Cr/day)
AJOONI,AJOONI BIOTECH LIMITED,INE820Y01021,EQ,NORMAL,False,False,PARTIAL,1324,2016-09-02,2026-08-21,9.97,3.72,974140.0,476489,7417114.61,2895596.55,1.9779,0.5289,27.663,947.738,0.9954,2,0.15,17,1.28,7,0,1,0,2,Tier 4: SmallCap Active (10L-1 Cr/day)
ABSL10BANK,BIRLASLAMC - ABSL10BANK,INF209KC1670,EQ,NORMAL,False,False,PARTIAL,116,2026-03-04,2026-08-21,0.47,169.17,44097.4,2053,7406468.6,346881.6,0.2479,-0.1429,0.275,4.042,0.1575,0,0.0,0,0.0,0,0,0,0,0,Tier 4: SmallCap Active (10L-1 Cr/day)
BANKETF,MIRAEAMC - BANKETF,INF769K01KR3,EQ,NORMAL,False,False,PARTIAL,763,2023-07-26,2026-08-21,3.07,588.22,13764.1,4755,7389641.6,2490929.52,0.1576,0.067,-0.64,12.447,0.1825,0,0.0,0,0.0,0,0,0,0,0,Tier 4: SmallCap Active (10L-1 Cr/day)
ATAM,ATAM VALVES LIMITED,INE09KD01013,EQ,NORMAL,False,False,PARTIAL,817,2023-05-10,2026-08-21,3.28,54.21,46890.3,21363,7370737.94,2830915.22,0.492,-0.3149,1.145,9.33,0.8089,0,0.0,0,0.0,3,3,0,0,0,Tier 4: SmallCap Active (10L-1 Cr/day)
SATECH,S A TECH SOFTWARE INDIA L,INE0BSN01013,SM,SME,False,False,PARTIAL,506,2024-08-02,2026-08-21,2.05,32.1,56822.1,15000,7357975.79,847500.0,0.6261,-0.4552,0.917,8.21,0.8669,0,0.0,54,10.67,0,0,0,0,0,Tier 4: SmallCap Active (10L-1 Cr/day)
CLEDUCATE,CL EDUCATE LIMITED,INE201M01029,BE,NORMAL,False,False,PARTIAL,2326,2017-03-31,2026-08-21,9.39,61.01,114015.2,47868,7352021.76,2595619.84,0.5159,0.0715,0.944,8.501,0.9342,0,0.0,13,0.56,13,2,1,1,0,Tier 4: SmallCap Active (10L-1 Cr/day)
MAXPOSURE,MAXPOSURE LIMITED,INE0ECC01022,SM,SME,False,False,PARTIAL,604,2024-01-23,2026-08-21,2.58,30.15,77120.9,20000,7321670.45,1277200.0,0.632,-0.4385,0.924,6.132,0.7811,0,0.0,45,7.45,0,0,0,0,0,Tier 4: SmallCap Active (10L-1 Cr/day)
LASA,LASA SUPERGENERICS LTD,INE670X01014,EQ,NORMAL,False,False,PARTIAL,2176,2017-09-21,2026-08-21,8.91,7.2,136445.0,63048,7318996.12,1856473.85,0.5978,-0.1715,0.462,9.339,0.9729,0,0.0,90,4.14,7,2,0,0,0,Tier 4: SmallCap Active (10L-1 Cr/day)
HDFCNEXT50,HDFCAMC - HDFCNEXT50,INF179KC1HS2,EQ,NORMAL,False,False,PARTIAL,998,2022-08-11,2026-08-21,4.03,75.41,104490.6,40097,7306451.6,2698482.6,0.1973,0.1691,-0.176,9.916,0.2652,0,0.0,0,0.0,0,0,0,0,0,Tier 4: SmallCap Active (10L-1 Cr/day)
GENCON,GENERIC ENG CONS PROJ LTD,INE854S01022,EQ,NORMAL,False,False,PARTIAL,1367,2021-02-16,2026-08-21,5.51,42.18,156628.1,61484,7299668.49,2537529.12,0.5294,0.0834,1.13,10.065,0.65,0,0.0,3,0.22,5,3,0,0,0,Tier 4: SmallCap Active (10L-1 Cr/day)
ASHIMASYN,ASHIMA LTD,INE440A01010,EQ,NORMAL,False,False,PARTIAL,2444,2016-08-22,2026-08-21,10.0,18.46,300425.3,104027,7297778.89,1754297.62,0.6023,0.1824,0.981,7.493,0.9179,0,0.0,27,1.1,6,0,0,0,0,Tier 4: SmallCap Active (10L-1 Cr/day)
GTL,GTL LTD,INE043A01012,EQ,NORMAL,False,False,PARTIAL,2402,2016-08-22,2026-08-21,10.0,7.28,585769.2,220615,7292875.69,2170180.5,0.5952,0.1291,0.557,12.146,0.9588,0,0.0,182,7.58,0,0,0,0,0,Tier 4: SmallCap Active (10L-1 Cr/day)
SMLT,SARTHAK METALS LIMITED,INE017W01010,EQ,NORMAL,False,False,PARTIAL,1169,2021-11-25,2026-08-21,4.74,70.77,42201.2,19569,7292682.68,2922415.32,0.5453,0.0649,1.169,9.139,0.8682,0,0.0,23,1.97,7,6,0,0,0,Tier 4: SmallCap Active (10L-1 Cr/day)
KNAGRI,KN AGRI RESOURCES LIMITED,INE0KNW01016,EQ,NORMAL,False,False,PARTIAL,1089,2022-03-28,2026-08-21,4.4,213.7,38440.1,16800,7284390.16,2813160.0,0.5429,0.2324,1.073,8.246,0.5998,0,0.0,19,1.74,0,0,0,0,0,Tier 4: SmallCap Active (10L-1 Cr/day)
MONQ50,MOTILALAMC - MONQ50,INF247L01AU3,EQ,NORMAL,False,False,PARTIAL,1153,2021-12-29,2026-08-21,4.64,148.77,90316.6,34491,7264883.08,2369110.82,0.2315,0.2016,-0.203,7.308,0.327,0,0.0,73,6.33,0,0,0,0,0,Tier 4: SmallCap Active (10L-1 Cr/day)
IVC,IL&FS INVESTMENT MANAGERS,INE050B01023,EQ,NORMAL,False,False,PARTIAL,2476,2016-08-22,2026-08-21,10.0,8.2,532193.9,251995,7240233.03,2046774.7,0.5101,0.0703,1.033,9.008,0.9439,0,0.0,38,1.53,10,10,0,0,0,Tier 4: SmallCap Active (10L-1 Cr/day)
KATARIA,KATARIA INDUSTRIES LTD,INE0SVY01018,SM,SME,False,False,PARTIAL,502,2024-07-24,2026-08-21,2.08,103.7,41360.6,10200,7214897.15,1206900.0,0.4723,-0.2001,1.661,11.817,0.6487,0,0.0,27,5.38,0,0,0,0,0,Tier 4: SmallCap Active (10L-1 Cr/day)
ETML,EMERALD TYRE MANUF LTD,INE0RHD01013,SM,SME,False,False,PARTIAL,404,2024-12-12,2026-08-21,1.69,83.2,51026.7,18000,7167105.45,1926600.0,0.5617,-0.3587,0.688,5.789,0.6273,0,0.0,23,5.69,0,0,0,0,0,Tier 4: SmallCap Active (10L-1 Cr/day)
SWISSMLTRY,SWISS MILITARY CON GOOD L,INE010C01025,EQ,NORMAL,False,False,PARTIAL,5,2026-08-17,2026-08-21,0.01,17.48,438696.8,278773,7156619.42,4111901.75,0.4835,17.5964,0.663,1.248,0.0,0,0.0,0,0.0,0,0,0,0,0,Tier 4: SmallCap Active (10L-1 Cr/day)
GROWWCAPM,GROWWAMC - GROWWCAPM,INF666M01MM4,EQ,NORMAL,False,False,PARTIAL,177,2025-12-04,2026-08-21,0.71,11.42,675344.4,508547,7149677.86,5471520.92,0.2685,0.2461,0.333,3.87,0.1398,0,0.0,0,0.0,0,0,0,0,0,Tier 4: SmallCap Active (10L-1 Cr/day)
APCL,ANJANI PORTLAND CEM LTD,INE071F01012,EQ,NORMAL,False,False,PARTIAL,2321,2017-04-10,2026-08-21,9.36,102.85,30199.0,10669,7143554.2,1733682.8,0.4518,0.0069,0.75,8.184,0.7966,0,0.0,0,0.0,10,6,0,0,1,Tier 4: SmallCap Active (10L-1 Cr/day)
AKSHAR,AKSHAR SPINTEX LIMITED,INE256Z01025,EQ,NORMAL,False,False,PARTIAL,1056,2022-05-23,2026-08-21,4.25,0.41,2566049.8,972093,7136519.15,1125211.55,0.5213,-0.5129,-0.702,9.534,0.9651,0,0.0,104,9.85,8,1,1,1,1,Tier 4: SmallCap Active (10L-1 Cr/day)
AMCL,ANB METAL CAST LIMITED,INE0VG001016,SM,SME,False,False,PARTIAL,235,2025-08-18,2026-08-21,1.01,366.75,26994.0,6400,7117162.72,2186600.0,0.5644,0.9697,1.207,8.901,0.3196,0,0.0,31,13.19,0,0,0,0,0,Tier 4: SmallCap Active (10L-1 Cr/day)
AMBAAUTO,AMBA AUTO SALES AND SER L,INE293601014,SM,SME,False,False,PARTIAL,77,2026-05-05,2026-08-21,0.3,107.95,67753.2,44000,7106466.23,3946800.0,0.7457,-0.4623,-0.552,6.271,0.4772,0,0.0,1,1.3,0,0,0,0,0,Tier 4: SmallCap Active (10L-1 Cr/day)
GANDHITUBE,GANDHI SPL. TUBES LTD,INE524B01027,EQ,NORMAL,False,False,PARTIAL,2476,2016-08-22,2026-08-21,10.0,892.35,12424.3,4123,7095962.53,1876368.0,0.3899,0.185,1.366,13.623,0.6799,0,0.0,0,0.0,15,10,0,0,0,Tier 4: SmallCap Active (10L-1 Cr/day)
BSHSL,BOMBAY SUPER HYBRID SEEDS,INE032Z01020,EQ,NORMAL,False,False,PARTIAL,1443,2020-10-28,2026-08-21,5.81,87.07,46765.9,16632,7079418.55,2105573.75,6.6491,4.8053,21.332,464.56,0.9197,0,0.0,51,3.53,5,0,1,0,0,Tier 4: SmallCap Active (10L-1 Cr/day)
GOYALALUM,GOYAL ALUMINIUMS LIMITED,INE705X01026,EQ,NORMAL,False,False,PARTIAL,925,2016-08-22,2026-08-21,10.0,6.41,274087.1,110447,7051084.16,1143014.8,49.2864,25.3369,30.291,919.697,0.9814,0,0.0,118,12.76,2,0,1,0,0,Tier 4: SmallCap Active (10L-1 Cr/day)
CRAYONS,CRAYONS ADVERTISING LTD,INE0OFK01019,SM,SME,False,False,PARTIAL,765,2023-06-02,2026-08-21,3.22,26.8,53925.5,19000,7047339.54,1872500.0,0.628,-0.2226,1.009,6.492,0.9029,0,0.0,65,8.5,0,0,0,0,0,Tier 4: SmallCap Active (10L-1 Cr/day)
ESSARSHPNG,ESSAR SHIPPING LTD,INE122M01019,EQ,NORMAL,False,False,PARTIAL,2476,2016-08-22,2026-08-21,10.0,16.97,274210.0,81589,7043545.27,1231984.48,0.5712,0.114,1.826,10.423,0.8629,0,0.0,77,3.11,8,0,0,0,0,Tier 4: SmallCap Active (10L-1 Cr/day)
URBAN,URBAN ENVIRO WASTE MGMT L,INE0O0201019,SM,SME,False,False,PARTIAL,781,2023-06-22,2026-08-21,3.16,144.3,46249.4,25600,7002164.05,4020720.0,0.5788,0.3805,0.71,5.46,0.6598,0,0.0,59,7.55,0,0,0,0,0,Tier 4: SmallCap Active (10L-1 Cr/day)
PAVNAIND,PAVNA INDUSTRIES LIMITED,INE07S101038,EQ,NORMAL,False,False,PARTIAL,1033,2021-03-09,2026-08-21,5.45,18.6,171042.4,55043,6989264.11,1576946.0,0.5811,0.3609,1.356,9.246,0.8035,0,0.0,128,12.39,2,0,1,0,0,Tier 4: SmallCap Active (10L-1 Cr/day)
ANUHPHR,ANUH PHARMA LIMITED,INE489G01022,EQ,NORMAL,False,False,PARTIAL,414,2024-12-20,2026-08-21,1.67,76.03,76127.0,46455,6970239.58,3789248.1,0.3743,-0.1642,1.097,8.282,0.42,0,0.0,0,0.0,3,2,0,1,0,Tier 4: SmallCap Active (10L-1 Cr/day)
AERON,AERON COMPOSITE LIMITED,INE0WL801011,SM,SME,False,False,PARTIAL,485,2024-09-04,2026-08-21,1.96,73.7,49967.0,23000,6968052.99,2560950.0,0.5316,-0.2556,0.645,4.567,0.6284,0,0.0,12,2.47,0,0,0,0,0,Tier 4: SmallCap Active (10L-1 Cr/day)
LAMBODHARA,LAMBODHARA TEXTILES LTD.,INE112F01022,EQ,NORMAL,False,False,PARTIAL,2476,2016-08-22,2026-08-21,10.0,118.08,55903.9,15081,6967713.7,1363856.27,0.5876,0.189,1.765,10.561,0.8352,0,0.0,1,0.04,10,10,0,0,0,Tier 4: SmallCap Active (10L-1 Cr/day)
SHIVASHRIT,SHIVASHRIT FOODS LIMITED,INE1DLF01018,SM,SME,False,False,PARTIAL,234,2025-09-01,2026-08-21,0.97,118.4,53414.5,21000,6961645.51,2579000.0,0.4553,-0.0916,1.518,12.019,0.2593,0,0.0,14,5.98,0,0,0,0,0,Tier 4: SmallCap Active (10L-1 Cr/day)
FELIX,FELIX INDUSTRIES LTD.,INE901X01013,SM,SME,False,False,PARTIAL,1353,2017-12-05,2026-08-21,8.71,178.8,38435.3,16000,6961338.12,1996000.0,0.6323,0.4986,0.258,4.556,0.758,0,0.0,350,25.87,0,0,0,0,0,Tier 4: SmallCap Active (10L-1 Cr/day)
AKANKSHA,AKANKSHA POWER N INFRA L,INE0PCY01014,SM,SME,False,False,PARTIAL,638,2024-01-03,2026-08-21,2.63,121.4,61412.2,23000,6930421.47,2260000.0,0.5845,0.4144,0.71,4.545,0.6806,1,0.16,41,6.43,0,0,0,0,0,Tier 4: SmallCap Active (10L-1 Cr/day)
IRIS,IRIS REGTECH SOLUTION LTD,INE864K01010,EQ,NORMAL,False,False,PARTIAL,1189,2021-11-08,2026-08-21,4.78,243.89,39072.0,20185,6921848.57,3621323.2,0.5113,0.2202,1.191,7.358,0.6332,0,0.0,97,8.16,3,0,0,0,0,Tier 4: SmallCap Active (10L-1 Cr/day)
DIAMINESQ,DIAMINES & CHEMICALS LTD,INE591D01014,EQ,NORMAL,False,False,PARTIAL,722,2023-09-25,2026-08-21,2.9,241.11,14902.5,7770,6915031.28,3078213.0,0.4373,-0.1807,0.804,6.428,0.6831,0,0.0,0,0.0,2,2,0,0,0,Tier 4: SmallCap Active (10L-1 Cr/day)
CHEVIOT,CHEVIOT COMPANY LIMITED,INE974B01016,EQ,NORMAL,False,False,PARTIAL,1036,2022-06-20,2026-08-21,4.17,1166.2,5202.9,2282,6907826.1,2709818.0,0.2949,0.0455,1.736,19.238,0.4239,0,0.0,0,0.0,7,5,0,0,0,Tier 4: SmallCap Active (10L-1 Cr/day)
HDFCPSUBK,HDFCAMC HDFCPSUBK,INF179KC1HW4,EQ,NORMAL,False,False,PARTIAL,630,2024-02-07,2026-08-21,2.54,86.57,86410.9,33797,6889310.69,2492952.0,0.2444,0.1311,-0.054,5.04,0.2925,0,0.0,0,0.0,0,0,0,0,0,Tier 4: SmallCap Active (10L-1 Cr/day)
REMSONSIND,REMSONS INDUSTRIES LTD,INE474C01023,EQ,NORMAL,False,False,PARTIAL,2453,2016-08-22,2026-08-21,10.0,84.9,78463.3,27650,6884580.15,934065.0,0.5713,0.3915,1.371,9.925,0.6714,0,0.0,36,1.47,14,10,1,0,0,Tier 4: SmallCap Active (10L-1 Cr/day)
POLYSIL,POLYSIL IRRIGATION SYST L,INE517M01028,SM,SME,False,False,PARTIAL,588,2024-02-16,2026-08-21,2.51,55.05,49291.7,14000,6865085.2,877200.0,0.5449,0.1552,-0.048,7.403,0.8436,0,0.0,203,34.52,0,0,0,0,0,Tier 4: SmallCap Active (10L-1 Cr/day)
TROM,TROM INDUSTRIES LIMITED,INE0SYV01018,SM,SME,False,False,PARTIAL,499,2024-08-01,2026-08-21,2.05,61.25,31111.0,9600,6809004.65,959310.0,0.6593,-0.4518,0.49,6.781,0.8608,0,0.0,29,5.81,0,0,0,0,0,Tier 4: SmallCap Active (10L-1 Cr/day)
MENNPIS,MENON PISTONS LTD.,INE650G01029,EQ,NORMAL,False,False,PARTIAL,87,2026-04-20,2026-08-21,0.34,70.6,95769.6,36141,6800016.99,2662840.12,0.5789,0.7877,1.48,8.595,0.1245,0,0.0,0,0.0,1,1,0,0,0,Tier 4: SmallCap Active (10L-1 Cr/day)
BSE500IETF,ICICIPRAMC - ICICI500,INF109KC1V59,EQ,NORMAL,False,False,PARTIAL,2048,2018-05-16,2026-08-21,8.27,39.9,245423.8,71171,6797586.01,1950926.01,0.1926,0.1408,-0.868,19.262,0.375,0,0.0,13,0.63,0,0,0,0,0,Tier 4: SmallCap Active (10L-1 Cr/day)
BANSWRAS,BANSWARA SYNTEX LIMITED,INE629D01020,EQ,NORMAL,False,False,PARTIAL,2476,2016-08-22,2026-08-21,10.0,122.1,58441.7,30258,6789253.17,2645454.6,0.4727,0.1497,0.929,6.95,0.7868,0,0.0,5,0.2,12,10,1,0,0,Tier 4: SmallCap Active (10L-1 Cr/day)
BSLNIFTY,ADITYBIRLA SL NIF ETF-GR,INF209KB19D1,EQ,NORMAL,False,False,PARTIAL,2433,2016-08-22,2026-08-21,10.0,28.5,270307.6,19070,6775731.75,332812.57,0.2375,0.1472,-0.329,9.021,0.2889,0,0.0,126,5.18,0,0,0,0,0,Tier 4: SmallCap Active (10L-1 Cr/day)
KOTIC,KOTHARI INDUSTRIAL CORP L,INE972A01020,EQ,NORMAL,False,False,PARTIAL,87,2026-04-20,2026-08-21,0.34,142.77,38455.3,7230,6774628.65,1248713.1,0.4797,-0.4811,1.251,6.998,0.3297,0,0.0,0,0.0,0,0,0,0,0,Tier 4: SmallCap Active (10L-1 Cr/day)
ARSHIYA,ARSHIYA LIMITED,INE968D01022,BZ,NORMAL,False,False,PARTIAL,2385,2016-08-22,2026-08-21,10.0,0.92,355192.6,107001,6752719.31,1713572.0,0.6201,-0.1769,0.596,5.175,0.9921,0,0.0,202,8.47,7,0,0,0,0,Tier 4: SmallCap Active (10L-1 Cr/day)
DIGIKORE,DIGIKORE STUDIOS LIMITED,INE0QJ901011,SM,SME,False,False,PARTIAL,712,2023-10-04,2026-08-21,2.88,36.25,52187.1,23600,6748694.19,3112600.0,0.6284,-0.289,0.823,5.577,0.8913,0,0.0,20,2.81,0,0,0,0,0,Tier 4: SmallCap Active (10L-1 Cr/day)
KKJEWELS,KABRA JEWELS LIMITED,INE0XOW01017,SM,SME,False,False,PARTIAL,381,2025-01-22,2026-08-21,1.58,104.75,44535.4,17000,6743172.44,1726400.0,0.4973,-0.4669,0.235,6.301,0.6822,0,0.0,47,12.34,0,0,0,0,0,Tier 4: SmallCap Active (10L-1 Cr/day)
LORDSCHLO,LORDS CHLORO ALKALI LTD,INE846D01012,EQ,NORMAL,False,False,PARTIAL,742,2023-08-28,2026-08-21,2.98,134.76,41780.9,15451,6741715.54,2317091.42,0.5179,0.0427,1.425,9.633,0.5228,1,0.13,2,0.27,2,0,0,0,0,Tier 4: SmallCap Active (10L-1 Cr/day)
CMICABLES,CMI LIMITED,INE981B01011,BZ,NORMAL,False,False,PARTIAL,1771,2016-11-29,2026-08-17,9.71,2.58,65511.5,30623,6712613.31,1807704.6,0.5727,-0.4122,0.925,6.439,0.993,0,0.0,53,2.99,9,4,0,0,0,Tier 4: SmallCap Active (10L-1 Cr/day)
TIPSFILMS,TIPS FILMS LIMITED,INE0LQS01015,EQ,NORMAL,False,False,PARTIAL,962,2022-10-06,2026-08-21,3.87,352.25,12712.4,4268,6705839.22,2075121.0,0.598,0.1202,1.958,11.078,0.7032,0,0.0,8,0.83,3,1,0,0,0,Tier 4: SmallCap Active (10L-1 Cr/day)
GINNIFILA,GINNIFILAMENTS LTD.,INE424C01010,BE,NORMAL,False,False,PARTIAL,2476,2016-08-22,2026-08-21,10.0,45.45,177639.0,85118,6705659.39,2441595.8,0.5657,0.2258,1.061,7.396,0.9143,0,0.0,12,0.48,8,0,0,0,0,Tier 4: SmallCap Active (10L-1 Cr/day)
GLOBE,GLOBE ENTERPRISE (I) LTD,INE581X01021,EQ,NORMAL,False,False,PARTIAL,1431,2020-10-07,2026-08-21,5.87,1.97,1351191.7,675327,6696855.34,2546379.0,0.6195,-0.0407,-2.861,65.569,0.8746,0,0.0,143,9.99,4,0,1,1,2,Tier 4: SmallCap Active (10L-1 Cr/day)
NIFTYADD,DSPAMC - DSPNIFTY,INF740KA1CL0,EQ,NORMAL,False,False,PARTIAL,1151,2021-12-30,2026-08-21,4.64,255.55,28201.0,5836,6693726.27,1358619.08,0.1809,0.1003,0.877,50.311,0.1592,0,0.0,1,0.09,0,0,0,0,0,Tier 4: SmallCap Active (10L-1 Cr/day)
RPPL,RAJSHREE POLYPACK LTD,INE760W01023,BE,NORMAL,False,False,PARTIAL,1633,2018-09-24,2026-08-21,7.91,23.57,194394.7,77778,6686904.1,2029466.4,0.5738,0.1912,0.936,6.444,0.749,0,0.0,156,9.55,5,2,1,1,0,Tier 4: SmallCap Active (10L-1 Cr/day)
CURRENT,CURRENT INFRAPROJECTS LTD,INE1CRQ01014,SM,SME,False,False,PARTIAL,190,2025-09-03,2026-08-20,0.96,100.0,46172.6,9600,6666266.95,1108800.0,0.5845,-0.3952,0.384,4.311,0.386,0,0.0,37,19.47,0,0,0,0,0,Tier 4: SmallCap Active (10L-1 Cr/day)
PUSHPA,PUSHPA JEWELLERS LIMITED,INE154801018,SM,SME,False,False,PARTIAL,277,2025-07-07,2026-08-21,1.12,113.0,53852.0,20000,6659087.73,2152200.0,0.49,0.0821,0.577,7.99,0.4184,0,0.0,12,4.33,0,0,0,0,0,Tier 4: SmallCap Active (10L-1 Cr/day)
AAKASH,AAKASH EXPLORATION SER L,INE087Z01024,EQ,NORMAL,False,False,PARTIAL,1463,2020-09-29,2026-08-21,5.89,8.71,447064.3,213835,6655206.3,1990305.6,0.4975,0.2151,1.159,9.57,0.8304,0,0.0,61,4.17,1,0,1,0,0,Tier 4: SmallCap Active (10L-1 Cr/day)
CANARYS,CANARYS AUTOMATIONS LTD,INE0QG301017,SM,SME,False,False,PARTIAL,709,2023-10-11,2026-08-21,2.86,23.35,162634.7,84000,6615972.64,2603000.0,0.5788,-0.0399,1.201,6.627,0.7697,0,0.0,15,2.12,0,0,0,0,0,Tier 4: SmallCap Active (10L-1 Cr/day)
REPL,RUDRABHISHEK ENTERP LTD,INE364Z01019,BE,NORMAL,False,False,PARTIAL,1759,2018-07-13,2026-08-21,8.11,64.7,34331.8,15000,6606058.36,2297529.56,0.6051,0.2432,0.798,8.959,0.8252,0,0.0,116,6.59,5,1,0,0,0,Tier 4: SmallCap Active (10L-1 Cr/day)
JAYESH,JAYESH LOGISTICS LIMITED,INE1AE401014,SM,SME,False,False,PARTIAL,174,2025-11-03,2026-08-21,0.8,134.5,45448.3,23000,6603954.31,3538500.0,0.5912,0.3658,0.399,7.959,0.3057,0,0.0,17,9.77,0,0,0,0,0,Tier 4: SmallCap Active (10L-1 Cr/day)
SHREEKARNI,SHREE KARNI FABCOM LTD,INE0S4Y01010,SM,SME,False,False,PARTIAL,592,2024-03-14,2026-08-21,2.44,351.65,12913.9,4500,6597373.81,2467320.0,0.5305,0.2445,1.43,9.497,0.6166,0,0.0,40,6.76,0,0,0,0,0,Tier 4: SmallCap Active (10L-1 Cr/day)
MAHASTEEL,MAHAMAYA STEEL INDS LTD,INE451L01014,BE,NORMAL,False,False,PARTIAL,2476,2016-08-22,2026-08-21,10.0,1154.3,45674.7,16389,6592712.33,1913936.0,0.5397,0.267,0.986,8.647,0.8962,0,0.0,59,2.38,8,0,0,0,0,Tier 4: SmallCap Active (10L-1 Cr/day)
UNIONGOLD,UNIONAMC - UNIONGOLD,INF582M01KS4,EQ,NORMAL,False,False,PARTIAL,369,2025-02-21,2026-08-21,1.49,155.2,59152.6,3420,6567556.2,434124.0,0.3128,0.4604,-0.257,15.273,0.2503,0,0.0,1,0.27,0,0,0,0,0,Tier 4: SmallCap Active (10L-1 Cr/day)
CINELINE,CINELINE INDIA LIMITED,INE704H01022,EQ,NORMAL,False,False,PARTIAL,2476,2016-08-22,2026-08-21,10.0,88.03,82629.2,30426,6545256.25,2364807.5,0.5224,0.1837,1.282,8.732,0.8479,0,0.0,19,0.77,1,1,0,0,0,Tier 4: SmallCap Active (10L-1 Cr/day)
ARIHANT,ARIHANT FOUN & HOU LTD,INE413D01011,EQ,NORMAL,False,False,PARTIAL,87,2026-04-20,2026-08-21,0.34,1007.2,7377.6,3508,6541886.17,3196840.4,0.5606,0.4649,-0.936,9.497,0.229,0,0.0,0,0.0,6,0,0,0,0,Tier 4: SmallCap Active (10L-1 Cr/day)
PAR,PAR DRUGS AND CHEM LTD,INE04LG01015,EQ,NORMAL,False,False,PARTIAL,1608,2019-05-16,2026-08-21,7.27,101.33,34831.9,12594,6536071.95,1576800.0,0.587,0.2904,-0.941,28.348,0.7745,0,0.0,154,9.58,5,1,0,0,0,Tier 4: SmallCap Active (10L-1 Cr/day)
INDBANK,INDBANK MERCH BANK,INE841B01017,EQ,NORMAL,False,False,PARTIAL,2476,2016-08-22,2026-08-21,10.0,32.41,209472.7,61165,6519112.16,1324396.7,0.5878,0.2924,1.84,11.334,0.8665,0,0.0,1,0.04,9,0,0,0,0,Tier 4: SmallCap Active (10L-1 Cr/day)
DENEERS,DE NEERS TOOLS LIMITED,INE0JWV01011,SM,SME,False,False,PARTIAL,792,2023-05-11,2026-08-21,3.28,170.0,29993.9,11400,6511056.06,2556960.0,0.543,0.1255,0.973,8.77,0.6162,0,0.0,43,5.43,0,0,0,0,0,Tier 4: SmallCap Active (10L-1 Cr/day)
MANOMAY,MANOMAY TEX INDIA LTD,INE784W01015,EQ,NORMAL,False,False,PARTIAL,883,2023-01-18,2026-08-21,3.59,217.19,30883.4,7937,6509939.43,1362778.95,0.4784,0.2679,0.488,8.385,0.484,0,0.0,20,2.27,3,0,0,0,0,Tier 4: SmallCap Active (10L-1 Cr/day)
TARACHAND,TARA CHAND INFRA SOLN LTD,INE555Z01020,EQ,NORMAL,False,False,PARTIAL,1624,2018-03-23,2026-08-21,8.41,47.97,148776.5,80000,6501338.04,2184000.0,0.677,0.4741,0.351,5.532,0.564,1,0.06,237,14.59,4,2,1,0,0,Tier 4: SmallCap Active (10L-1 Cr/day)
EMMBI,EMMBI INDUSTRIES LIMITED,INE753K01015,BE,NORMAL,False,False,PARTIAL,2476,2016-08-22,2026-08-21,10.0,82.59,54011.9,21303,6470824.33,2396967.3,0.4667,0.064,1.27,10.346,0.833,0,0.0,1,0.04,10,10,0,0,0,Tier 4: SmallCap Active (10L-1 Cr/day)
RKEC,RKEC PROJECTS LIMITED,INE786W01010,EQ,NORMAL,False,False,PARTIAL,1988,2017-10-09,2026-08-21,8.87,22.47,78971.6,29251,6470295.74,1838050.33,0.6992,0.1272,0.994,6.748,0.871,0,0.0,139,6.99,3,1,0,0,0,Tier 4: SmallCap Active (10L-1 Cr/day)
TIGERLOGS,TIGER LOGISTICS (INDIA) L,INE906O01029,EQ,NORMAL,False,False,PARTIAL,229,2025-09-18,2026-08-21,0.92,30.31,170843.8,77043,6453413.39,2627271.36,0.5737,-0.4212,0.858,5.363,0.5407,0,0.0,0,0.0,0,0,0,0,0,Tier 4: SmallCap Active (10L-1 Cr/day)
AMBALALSA,AMBALAL SARABHAI ENT L,INE432A01017,BE,NORMAL,False,False,PARTIAL,87,2026-04-20,2026-08-21,0.34,45.36,164104.2,75272,6435265.54,2384616.96,0.6067,1.1601,1.045,5.154,0.1718,0,0.0,0,0.0,0,0,0,0,0,Tier 4: SmallCap Active (10L-1 Cr/day)
OSWALAGRO,OSWAL AGRO MILLS LTD,INE142A01012,EQ,NORMAL,False,False,PARTIAL,2118,2018-02-01,2026-08-21,8.55,36.93,147522.7,61601,6420722.1,1751088.2,0.582,0.2762,1.217,8.89,0.7414,0,0.0,49,2.31,9,0,0,0,0,Tier 4: SmallCap Active (10L-1 Cr/day)
BEACON,BEACON TRUSTEESHIP LTD,INE639X01027,SM,SME,False,False,PARTIAL,547,2024-06-04,2026-08-21,2.21,84.6,61987.2,23000,6419386.2,1909600.0,0.6379,0.1464,1.207,7.308,0.6329,0,0.0,13,2.38,0,0,0,0,0,Tier 4: SmallCap Active (10L-1 Cr/day)
BALPHARMA,BAL PHARMA LTD.,INE083D01012,EQ,NORMAL,False,False,PARTIAL,2476,2016-08-22,2026-08-21,10.0,85.93,64101.7,21655,6412427.41,1849384.7,0.5121,0.1302,1.769,11.809,0.7898,0,0.0,7,0.28,10,9,0,0,0,Tier 4: SmallCap Active (10L-1 Cr/day)
MOMOMENTUM,MOTILALAMC - MOMOMENTUM,INF247L01BK2,EQ,NORMAL,False,False,PARTIAL,1118,2022-02-17,2026-08-21,4.51,62.4,103688.5,62068,6363480.48,3638337.21,0.2113,0.1237,0.623,23.363,0.3178,0,0.0,0,0.0,0,0,0,0,0,Tier 4: SmallCap Active (10L-1 Cr/day)
DANGEE,DANGEE DUMS LIMITED,INE688Y01022,EQ,NORMAL,False,False,PARTIAL,1432,2020-11-13,2026-08-21,5.77,2.87,461282.2,165376,6358045.35,1628395.5,0.5471,-0.0226,2.251,14.659,0.9132,1,0.07,11,0.77,5,0,1,1,0,Tier 4: SmallCap Active (10L-1 Cr/day)
KRITINUT,KRITI NUTRIENTS LIMITED,INE798K01010,EQ,NORMAL,False,False,PARTIAL,961,2022-10-07,2026-08-21,3.87,84.46,63267.1,28450,6348010.89,2322186.09,0.5365,0.2538,1.7,9.957,0.6607,0,0.0,8,0.83,4,4,0,0,0,Tier 4: SmallCap Active (10L-1 Cr/day)
LANDSMILL,LANDSMILL GREEN LIMITED,INE688J01023,EQ,NORMAL,False,False,PARTIAL,2474,2016-08-22,2026-08-21,10.0,0.75,4277451.3,1642990,6337860.83,1422507.92,14.496,12.6318,18.212,352.495,0.9996,0,0.0,736,29.75,12,0,1,2,0,Tier 4: SmallCap Active (10L-1 Cr/day)
ACCURACY,ACCURACY SHIPPING LIMITED,INE648Z01023,BE,NORMAL,False,False,PARTIAL,1412,2020-12-11,2026-08-21,5.69,4.59,441755.9,217739,6326676.46,2146604.2,0.5474,0.2152,1.521,9.637,0.881,0,0.0,66,4.67,4,3,1,0,0,Tier 4: SmallCap Active (10L-1 Cr/day)
RAJPUTANA,RAJPUTANA BIODIESEL LTD,INE0VHU01019,SM,SME,False,False,PARTIAL,406,2024-12-03,2026-08-21,1.71,219.95,23386.7,5500,6288729.0,1350000.0,0.5344,0.0368,1.143,8.934,0.5097,0,0.0,34,8.37,0,0,0,0,0,Tier 4: SmallCap Active (10L-1 Cr/day)
QUAL30IETF,ICICIPRAMC - ICICIQTY30,INF109KC18V5,EQ,NORMAL,False,False,PARTIAL,751,2023-08-10,2026-08-21,3.03,21.33,304909.7,110083,6282181.23,2265508.14,0.144,0.108,-0.12,14.436,0.2284,0,0.0,1,0.13,0,0,0,0,0,Tier 4: SmallCap Active (10L-1 Cr/day)
MEGASTAR,MEGASTAR FOODS LIMITED,INE00EM01016,EQ,NORMAL,False,False,PARTIAL,1119,2022-02-16,2026-08-21,4.51,305.7,23364.8,9076,6280718.65,2251106.2,0.488,0.3398,1.134,7.604,0.5115,0,0.0,19,1.7,1,0,0,0,0,Tier 4: SmallCap Active (10L-1 Cr/day)
ABCOTS,A B COTSPIN INDIA LIMITED,INE08PH01015,EQ,NORMAL,False,False,PARTIAL,888,2022-01-11,2026-08-21,4.61,209.42,28976.8,10000,6273030.36,1920000.0,0.5891,0.6414,0.079,8.132,0.6004,0,0.0,186,20.95,0,0,0,0,0,Tier 4: SmallCap Active (10L-1 Cr/day)
AGROPHOS,AGRO PHOS INDIA LIMITED,INE740V01019,EQ,NORMAL,False,False,PARTIAL,2322,2016-11-16,2026-08-21,9.76,25.74,120825.1,52081,6253959.99,1503600.0,0.5952,0.1874,0.972,8.028,0.9663,0,0.0,150,6.46,8,2,0,0,0,Tier 4: SmallCap Active (10L-1 Cr/day)
XELPMOC,XELPMOC DESIGN & TECH LTD,INE01P501012,EQ,NORMAL,False,False,PARTIAL,1861,2019-02-18,2026-08-21,7.5,76.96,35504.4,17837,6207833.44,2551552.74,0.5644,0.1445,1.188,7.803,0.8454,0,0.0,25,1.34,0,0,0,0,0,Tier 4: SmallCap Active (10L-1 Cr/day)
SIGMA,SIGMA SOLVE LIMITED,INE0A0S01028,EQ,NORMAL,False,False,PARTIAL,1262,2020-10-19,2026-08-21,5.84,48.65,177145.4,77371,6204266.23,2394000.0,0.5717,0.8191,1.023,7.067,0.579,0,0.0,214,16.96,5,3,1,0,0,Tier 4: SmallCap Active (10L-1 Cr/day)
QUESTLAB,QUEST LABORATORIES LTD,INE0TNW01017,SM,SME,False,False,PARTIAL,548,2024-05-23,2026-08-21,2.25,85.85,52140.9,20400,6200928.07,2192400.0,0.5788,-0.0836,0.721,8.03,0.5446,0,0.0,38,6.93,0,0,0,0,0,Tier 4: SmallCap Active (10L-1 Cr/day)
BBETF0432,EDELAMC - BBETF0432,INF754K01OB1,EQ,NORMAL,False,False,PARTIAL,1161,2021-12-17,2026-08-21,4.68,1350.07,5505.0,2382,6186082.19,2783200.45,0.0331,0.0652,-0.467,8.602,0.0384,0,0.0,0,0.0,0,0,0,0,0,Tier 4: SmallCap Active (10L-1 Cr/day)
NIRLON,NIRLON LTD,INE910A01012,EQ,NORMAL,False,False,PARTIAL,87,2026-04-20,2026-08-21,0.34,624.75,10150.3,5237,6180701.48,3133985.4,0.1343,0.4376,-0.602,7.848,0.0431,0,0.0,0,0.0,0,0,0,0,0,Tier 4: SmallCap Active (10L-1 Cr/day)
HGM,HANDSON GBL MNGMNT LTD,INE596H01014,EQ,NORMAL,False,False,PARTIAL,2476,2016-08-22,2026-08-21,10.0,44.72,44146.2,11766,6132798.25,946386.6,0.5855,0.0846,1.247,8.522,0.9405,0,0.0,17,0.69,8,0,0,0,0,Tier 4: SmallCap Active (10L-1 Cr/day)
POEL,P O C L ENTERPRISES LTD.,INE035S01028,EQ,NORMAL,False,False,PARTIAL,5,2026-08-17,2026-08-21,0.01,165.65,38391.6,39953,6097317.12,6544301.4,0.6457,7.1679,0.732,1.301,0.0,0,0.0,0,0.0,0,0,0,0,0,Tier 4: SmallCap Active (10L-1 Cr/day)
GEECEE,GEECEE VENTURES LIMITED,INE916G01016,BE,NORMAL,False,False,PARTIAL,2476,2016-08-22,2026-08-21,10.0,366.65,31169.6,10485,6086448.44,1770808.75,0.4696,0.1867,1.637,12.735,0.7579,0,0.0,0,0.0,13,5,0,0,0,Tier 4: SmallCap Active (10L-1 Cr/day)
ALPA,ALPA LABORATORIES LTD,INE385I01010,EQ,NORMAL,False,False,PARTIAL,2476,2016-08-22,2026-08-21,10.0,62.75,86227.3,30798,6084042.39,1640822.35,0.5566,0.2141,1.477,10.021,0.7746,0,0.0,21,0.85,9,0,0,0,0,Tier 4: SmallCap Active (10L-1 Cr/day)
REFRACTORY,REFRACTORY SHAPES LIMITED,INE0TNX01015,SM,SME,False,False,PARTIAL,524,2024-05-14,2026-08-21,2.27,27.35,45110.7,11000,6074761.83,640500.0,0.5771,-0.3441,0.426,2.538,0.9086,0,0.0,131,25.0,0,0,0,0,0,Tier 4: SmallCap Active (10L-1 Cr/day)
SUKHJITS,SUKHJIT STARCH & CHEM LTD,INE450E01029,EQ,NORMAL,False,False,PARTIAL,941,2022-11-07,2026-08-21,3.79,159.42,18447.8,10341,6068478.65,3254156.8,0.4727,-0.1337,-5.599,106.045,0.7638,0,0.0,0,0.0,7,4,1,0,0,Tier 4: SmallCap Active (10L-1 Cr/day)
SHREYANIND,SHREYANS INDUSTRIES LTD,INE231C01019,EQ,NORMAL,False,False,PARTIAL,2476,2016-08-22,2026-08-21,10.0,125.33,39287.1,17404,6039406.84,2469646.55,0.5115,0.2022,1.175,10.397,0.7415,0,0.0,30,1.21,12,10,0,0,0,Tier 4: SmallCap Active (10L-1 Cr/day)
EFORCE,ELECTRO FORCE (INDIA) LTD,INE0Q1W01012,SM,SME,False,False,PARTIAL,643,2023-12-27,2026-08-21,2.65,20.85,63391.0,21600,6005945.13,974880.0,0.5504,-0.4859,1.237,8.546,0.8861,0,0.0,53,8.24,0,0,0,0,0,Tier 4: SmallCap Active (10L-1 Cr/day)
HDFCMOMENT,HDFCAMC - HDFCMOMENT,INF179KC1HV6,EQ,NORMAL,False,False,PARTIAL,953,2022-10-17,2026-08-21,3.84,31.16,188913.8,135967,5969401.92,4199495.52,0.1924,0.1521,0.085,5.386,0.3161,0,0.0,1,0.1,0,0,0,0,0,Tier 4: SmallCap Active (10L-1 Cr/day)
VALUE,MIRAEAMC - VALUE,INF769K01QV2,EQ,NORMAL,False,False,PARTIAL,100,2026-03-27,2026-08-21,0.4,16.13,359887.7,31891,5950952.06,514401.83,0.1727,0.1743,0.983,6.087,0.0666,0,0.0,0,0.0,0,0,0,0,0,Tier 4: SmallCap Active (10L-1 Cr/day)
SMARTLINK,SMARTLINK HOLDINGS LTD,INE178C01020,BE,NORMAL,False,False,PARTIAL,2476,2016-08-22,2026-08-21,10.0,226.31,43381.9,11656,5939394.49,1440768.0,0.4917,0.2106,1.885,13.515,0.6915,0,0.0,17,0.69,12,2,0,0,0,Tier 4: SmallCap Active (10L-1 Cr/day)
ANYA,ANYA POLYTECH & FERTI LTD,INE0SI601032,SM,SME,False,False,PARTIAL,376,2025-01-02,2026-08-21,1.63,14.8,275797.9,65000,5928982.05,1380000.0,0.4153,-0.0445,0.737,6.372,0.4712,0,0.0,46,12.23,0,0,0,0,0,Tier 4: SmallCap Active (10L-1 Cr/day)
HALEOSLABS,HALEOS LABS LIMITED,INE320X01016,EQ,NORMAL,False,False,PARTIAL,2231,2017-08-17,2026-08-21,9.01,1465.0,9091.4,2125,5926060.18,1325816.2,0.5582,0.4195,1.824,11.572,0.7909,0,0.0,33,1.48,7,6,0,0,0,Tier 4: SmallCap Active (10L-1 Cr/day)
SHAH,SHAH METACORP LIMITED,INE482J01021,EQ,NORMAL,False,False,PARTIAL,2476,2016-08-22,2026-08-21,10.0,3.33,1219140.9,388224,5920607.09,1460058.6,0.6222,0.1321,0.63,7.477,0.9177,0,0.0,148,5.98,10,0,1,0,2,Tier 4: SmallCap Active (10L-1 Cr/day)
GANGAFORGE,GANGA FORGING LIMITED,INE691Z01023,EQ,NORMAL,False,False,PARTIAL,1264,2021-07-06,2026-08-21,5.13,2.05,783637.0,295097,5917855.23,1521079.15,0.5212,-0.1787,0.716,8.326,0.9264,0,0.0,116,9.18,3,0,1,0,1,Tier 4: SmallCap Active (10L-1 Cr/day)
OLIL,ONECLICK LOGISTICS IND L,INE0OPS01011,SM,SME,False,False,PARTIAL,676,2023-10-11,2026-08-21,2.86,409.1,31923.7,16800,5910633.64,3252800.0,0.5728,0.5786,1.37,8.377,0.5477,0,0.0,67,9.91,0,0,0,0,0,Tier 4: SmallCap Active (10L-1 Cr/day)
ZODIAC,ZODIAC ENERGY LIMITED,INE761Y01019,EQ,NORMAL,False,False,PARTIAL,1729,2017-12-05,2026-08-21,8.71,247.85,28852.3,14336,5895697.44,2210572.6,0.5971,0.5081,0.414,5.516,0.8061,0,0.0,415,24.0,4,1,0,0,0,Tier 4: SmallCap Active (10L-1 Cr/day)
BLACKROSE,BLACK ROSE INDS. LTD.,INE761G01016,BE,NORMAL,False,False,PARTIAL,87,2026-04-20,2026-08-21,0.34,108.49,52477.1,12667,5891705.36,1363969.96,0.6616,0.9814,2.137,10.368,0.2378,0,0.0,1,1.15,1,1,0,0,0,Tier 4: SmallCap Active (10L-1 Cr/day)
ELM250,EDELAMC - ELM250,INF754K01VV4,EQ,NORMAL,False,False,PARTIAL,236,2025-09-09,2026-08-21,0.95,16.8,360184.4,82910,5886034.69,1301157.57,0.1747,0.0542,-0.04,7.608,0.1408,0,0.0,0,0.0,0,0,0,0,0,Tier 4: SmallCap Active (10L-1 Cr/day)
RBS,RAMDEVBABA SOLVENT LTD,INE0RJH01010,SM,SME,False,False,PARTIAL,572,2024-04-23,2026-08-21,2.33,92.0,52938.5,24000,5867633.5,2530880.0,0.4998,0.0148,0.783,9.586,0.594,0,0.0,12,2.1,0,0,0,0,0,Tier 4: SmallCap Active (10L-1 Cr/day)
ADVANIHOTR,ADVANI HOT.& RES.(I) LTD,INE199C01026,EQ,NORMAL,False,False,PARTIAL,2476,2016-08-22,2026-08-21,10.0,49.61,113391.9,35725,5867564.59,1452384.0,0.452,0.1606,0.805,9.751,0.6823,1,0.04,4,0.16,25,15,0,1,0,Tier 4: SmallCap Active (10L-1 Cr/day)
GOKUL,GOKUL REFOILS & SOLV LTD,INE020J01029,EQ,NORMAL,False,False,PARTIAL,2444,2016-08-22,2026-08-21,10.0,42.55,154760.4,48966,5856575.89,1411099.2,0.5754,0.2807,1.176,8.886,0.772,0,0.0,29,1.19,4,0,0,0,0,Tier 4: SmallCap Active (10L-1 Cr/day)
FINKURVE,FINKURVE FINANCIAL SERV L,INE734I01027,EQ,NORMAL,False,False,PARTIAL,220,2025-10-01,2026-08-21,0.89,76.32,80310.4,31132,5810745.42,2933751.0,0.6201,-0.2722,0.535,6.87,0.593,0,0.0,0,0.0,0,0,0,0,0,Tier 4: SmallCap Active (10L-1 Cr/day)
DELPHIFX,DELPHI WORLD MONEY LTD,INE726L01027,BE,NORMAL,False,False,PARTIAL,2476,2016-08-22,2026-08-21,10.0,6.51,226573.6,50000,5767686.63,1385863.6,0.5712,0.0933,1.456,11.409,0.9368,2,0.08,45,1.82,13,2,1,1,1,Tier 4: SmallCap Active (10L-1 Cr/day)
SILGO,SILGO RETAIL LIMITED,INE01II01013,EQ,NORMAL,False,False,PARTIAL,1419,2018-10-10,2026-08-21,7.86,72.4,123706.3,47421,5745654.05,1516214.45,0.6026,0.3248,1.515,10.595,0.7585,0,0.0,70,4.93,6,0,0,0,2,Tier 4: SmallCap Active (10L-1 Cr/day)
MACOBSTECH,MACOBS TECHNOLOGIES LTD,INE0R0J01010,SM,SME,False,False,PARTIAL,458,2024-07-24,2026-08-21,2.08,206.0,33926.6,12000,5728102.97,2257600.0,0.5521,0.5431,0.995,5.677,0.1873,0,0.0,50,10.92,0,0,0,0,0,Tier 4: SmallCap Active (10L-1 Cr/day)
BATLIBOI,BATLIBOI LTD.,INE177C01022,EQ,NORMAL,False,False,PARTIAL,87,2026-04-20,2026-08-21,0.34,85.27,63535.4,24032,5727401.24,2018339.52,0.5395,0.2605,1.119,6.853,0.176,0,0.0,0,0.0,1,1,0,0,0,Tier 4: SmallCap Active (10L-1 Cr/day)
VMOBILE,VINIT MOBILE LIMITED,INE27V201011,SM,SME,False,False,PARTIAL,34,2026-07-07,2026-08-21,0.12,65.8,72000.0,17600,5721990.59,1176000.0,0.7074,-5.8302,0.298,2.136,0.5742,0,0.0,11,32.35,0,0,0,0,0,Tier 4: SmallCap Active (10L-1 Cr/day)
KILITCH,KILITCH DRUGS INDIA LTD,INE729D01010,BE,NORMAL,False,False,PARTIAL,2476,2016-08-22,2026-08-21,10.0,162.33,56115.6,20228,5708254.12,1757050.4,0.5358,0.3706,1.37,9.485,0.6896,0,0.0,27,1.09,11,2,0,1,1,Tier 4: SmallCap Active (10L-1 Cr/day)
EFACTOR,E FACTOR EXPERIENCES LTD,INE0KFF01017,SM,SME,False,False,PARTIAL,683,2023-10-09,2026-08-21,2.87,203.0,29967.2,12000,5691261.84,2442600.0,0.6766,0.4176,0.564,5.838,0.5709,0,0.0,42,6.15,0,0,0,0,0,Tier 4: SmallCap Active (10L-1 Cr/day)
INDOUS,INDO US BIOTECH LTD,INE250Z01010,EQ,NORMAL,False,False,PARTIAL,471,2024-09-27,2026-08-21,1.9,85.56,34526.4,13399,5687847.88,1816921.92,0.573,-0.4985,1.335,11.117,0.7938,0,0.0,0,0.0,1,1,0,0,0,Tier 4: SmallCap Active (10L-1 Cr/day)
ESPRIT,ESPRIT STONES LIMITED,INE0SBP01018,SM,SME,False,False,PARTIAL,494,2024-08-02,2026-08-21,2.05,67.0,55475.3,22400,5686848.42,1920320.0,0.5777,-0.0309,1.182,7.046,0.658,0,0.0,38,7.69,0,0,0,0,0,Tier 4: SmallCap Active (10L-1 Cr/day)
GUJAPOLLO,GUJ. APOLLO IND. LTD.,INE826C01016,EQ,NORMAL,False,False,PARTIAL,2476,2016-08-22,2026-08-21,10.0,358.5,19576.5,6050,5680274.28,1368468.15,0.4786,0.2191,1.648,12.304,0.6567,0,0.0,4,0.16,11,10,0,0,0,Tier 4: SmallCap Active (10L-1 Cr/day)
SURAJLTD,SURAJ LIMITED,INE713C01016,EQ,NORMAL,False,False,PARTIAL,491,2024-08-29,2026-08-21,1.98,202.49,16213.7,2244,5644098.93,745868.2,0.4581,-0.1221,1.943,13.673,0.6306,0,0.0,14,2.85,2,2,0,0,0,Tier 4: SmallCap Active (10L-1 Cr/day)
ANLON,ANLON TECHNOLOGY SOL LTD,INE0LR101013,SM,SME,False,False,PARTIAL,877,2023-01-10,2026-08-21,3.61,670.0,16304.7,6800,5643762.85,2396600.0,0.6033,0.4451,1.221,7.539,0.5893,0,0.0,48,5.47,0,0,0,0,0,Tier 4: SmallCap Active (10L-1 Cr/day)
DISAQ,DISA INDIA LTD.,INE131C01011,EQ,NORMAL,False,False,PARTIAL,87,2026-04-20,2026-08-21,0.34,11836.0,473.8,460,5629580.74,5432509.0,0.2577,-0.0208,-0.371,3.036,0.1079,0,0.0,0,0.0,1,1,0,0,0,Tier 4: SmallCap Active (10L-1 Cr/day)
NIPPOBATRY,INDO-NATIONAL LIMITED,INE567A01028,EQ,NORMAL,False,False,PARTIAL,2476,2016-08-22,2026-08-21,10.0,329.25,11523.6,3700,5571964.87,1429639.3,0.4492,0.0548,1.839,15.956,0.6876,0,0.0,18,0.73,11,10,1,0,0,Tier 4: SmallCap Active (10L-1 Cr/day)
ORBTEXP,ORBIT EXPORTS LIMITED,INE231G01010,BE,NORMAL,False,False,PARTIAL,2476,2016-08-22,2026-08-21,10.0,225.12,38467.3,10919,5561067.67,1427507.9,0.5264,0.194,1.499,11.176,0.7275,0,0.0,9,0.36,13,4,0,0,0,Tier 4: SmallCap Active (10L-1 Cr/day)
RUBFILA,RUBFILA INTERNATIONAL LTD,INE642C01025,EQ,NORMAL,False,False,PARTIAL,506,2024-08-08,2026-08-21,2.03,69.45,69186.7,39892,5554804.51,3047241.68,0.3642,-0.0948,0.869,6.332,0.3978,0,0.0,0,0.0,2,2,0,0,0,Tier 4: SmallCap Active (10L-1 Cr/day)
VIJAYPD,VIJAYPD CEUTICAL LIMITED,INE0WL901019,SM,SME,False,False,PARTIAL,201,2025-10-07,2026-08-21,0.87,56.4,96567.2,30000,5538824.38,1916600.0,0.6486,0.7786,0.065,3.602,0.4838,0,0.0,21,10.45,0,0,0,0,0,Tier 4: SmallCap Active (10L-1 Cr/day)
TERASOFT,TERA SOFTWARE LIMITED,INE482B01010,EQ,NORMAL,False,False,PARTIAL,2390,2016-12-29,2026-08-21,9.64,321.75,66641.7,20567,5525054.55,1328355.5,0.6516,0.3216,1.571,9.16,0.8993,1,0.04,132,5.52,9,1,0,0,0,Tier 4: SmallCap Active (10L-1 Cr/day)
SUPTANERY,SUPER TANNERY LTD.,INE460D01038,EQ,NORMAL,False,False,PARTIAL,5,2026-08-17,2026-08-21,0.01,8.77,652568.4,517793,5519556.51,4043963.33,2.3365,18.1711,-0.005,0.568,0.1074,0,0.0,0,0.0,0,0,0,0,0,Tier 4: SmallCap Active (10L-1 Cr/day)
PRESSTONIC,PRESSTONIC ENGINEERING L,INE0R1601012,SM,SME,False,False,PARTIAL,660,2023-12-18,2026-08-21,2.67,34.8,50067.9,22400,5475965.88,1799280.0,0.6871,-0.3189,0.901,8.08,0.8756,0,0.0,33,5.0,0,0,0,0,0,Tier 4: SmallCap Active (10L-1 Cr/day)
PELATRO,PELATRO LIMITED,INE0VG601013,SM,SME,False,False,PARTIAL,457,2024-09-24,2026-08-21,1.91,340.85,15931.5,4500,5473465.77,1660500.0,0.6032,0.2669,1.537,8.621,0.5351,0,0.0,27,5.91,0,0,0,0,0,Tier 4: SmallCap Active (10L-1 Cr/day)
PATINTLOG,PATEL INT. LOG. LTD,INE529D01014,BE,NORMAL,False,False,PARTIAL,2476,2016-08-22,2026-08-21,10.0,13.62,252219.0,101655,5468093.32,1836929.5,0.534,0.0242,1.191,8.474,0.906,0,0.0,9,0.36,14,10,0,0,3,Tier 4: SmallCap Active (10L-1 Cr/day)
ACL,ANDHRA CEMENTS LIMITED,INE666E01020,EQ,NORMAL,False,False,PARTIAL,817,2023-05-10,2026-08-21,3.28,45.2,60968.5,28201,5465980.38,2056746.51,0.4285,0.016,0.611,5.205,0.7326,0,0.0,32,3.92,3,0,0,0,0,Tier 4: SmallCap Active (10L-1 Cr/day)
PURVFLEXI,PURV FLEXIPACK LIMITED,INE0R6C01012,SM,SME,False,False,PARTIAL,572,2024-03-05,2026-08-20,2.46,48.5,31078.3,10400,5432539.79,1098000.0,0.6105,-0.535,0.974,5.894,0.847,0,0.0,60,10.49,0,0,0,0,0,Tier 4: SmallCap Active (10L-1 Cr/day)
ARCHIDPLY,ARCHIDPLY IND. LTD,INE877I01016,EQ,NORMAL,False,False,PARTIAL,2476,2016-08-22,2026-08-21,10.0,97.98,87021.3,29556,5422671.59,1662730.95,0.5731,0.281,1.272,8.737,0.839,0,0.0,4,0.16,12,0,0,0,0,Tier 4: SmallCap Active (10L-1 Cr/day)
KLL,KAUSHALYA LOGISTICS LTD,INE0Q2V01012,SM,SME,False,False,PARTIAL,644,2024-01-08,2026-08-21,2.62,21.8,57155.3,22400,5404587.45,1814120.0,0.615,-0.4283,0.614,7.337,0.8651,0,0.0,11,1.71,0,0,0,0,0,Tier 4: SmallCap Active (10L-1 Cr/day)
INFRABEES,NIP IND ETF INFRA BEES,INF732E01268,EQ,NORMAL,False,False,PARTIAL,2475,2016-08-22,2026-08-21,10.0,969.57,6882.1,2134,5396407.1,945518.1,0.1988,0.1401,-0.618,11.645,0.4305,0,0.0,5,0.2,0,0,0,0,0,Tier 4: SmallCap Active (10L-1 Cr/day)
GLOBALVECT,GLOBAL VEC HELICORP LTD,INE792H01019,EQ,NORMAL,False,False,PARTIAL,2476,2016-08-22,2026-08-21,10.0,152.51,46338.5,13590,5395753.92,1335654.81,0.5677,0.2429,1.368,9.113,0.8303,0,0.0,94,3.8,8,0,0,0,0,Tier 4: SmallCap Active (10L-1 Cr/day)
TARMAT,TARMAT LIMITED,INE924H01018,EQ,NORMAL,False,False,PARTIAL,2475,2016-08-22,2026-08-21,10.0,50.2,69470.1,17784,5391997.09,933678.2,0.6214,0.1952,1.541,9.187,0.7619,0,0.0,35,1.41,9,0,0,0,0,Tier 4: SmallCap Active (10L-1 Cr/day)
AONETOTAL,AONEAMC - AONETOTAL,INF1J2R01015,EQ,NORMAL,False,False,PARTIAL,362,2025-03-05,2026-08-21,1.46,12.01,467839.3,356831,5388446.68,4114000.08,0.1367,0.1227,0.111,5.889,0.1424,0,0.0,0,0.0,0,0,0,0,0,Tier 4: SmallCap Active (10L-1 Cr/day)
YASHOPTICS,YASH OPTICS & LENS LTD,INE0TO601017,SM,SME,False,False,PARTIAL,574,2024-04-08,2026-08-21,2.37,115.45,54483.6,19200,5375090.31,1933200.0,0.445,0.1933,1.246,8.934,0.3741,0,0.0,22,3.83,0,0,0,0,0,Tier 4: SmallCap Active (10L-1 Cr/day)
MTEDUCARE,MT EDUCARE LTD,INE472M01018,BE,NORMAL,False,False,PARTIAL,2387,2016-08-22,2026-08-21,10.0,1.82,155476.3,58201,5363501.33,803458.0,0.5493,-0.3101,0.94,8.993,0.9919,0,0.0,64,2.68,9,1,0,0,0,Tier 4: SmallCap Active (10L-1 Cr/day)
SREEL,SREELEATHERS LIMITED,INE099F01013,EQ,NORMAL,False,False,PARTIAL,2468,2016-08-22,2026-08-21,10.0,240.84,23361.9,10824,5361069.61,2150357.0,0.4558,0.1372,1.344,12.978,0.694,0,0.0,14,0.57,10,1,0,0,0,Tier 4: SmallCap Active (10L-1 Cr/day)
HSBCGOLD,HSBCAMC - HSBCGOLD,INF336L01RX2,EQ,NORMAL,False,False,PARTIAL,100,2026-03-27,2026-08-21,0.4,138.19,41019.5,5190,5345924.94,655645.2,0.2156,0.3021,0.611,5.49,0.1226,0,0.0,0,0.0,0,0,0,0,0,Tier 4: SmallCap Active (10L-1 Cr/day)
DCG,DCG CABLES & WIRES LTD,INE0S8401018,SM,SME,False,False,PARTIAL,574,2024-04-16,2026-08-21,2.35,55.1,49670.4,19200,5342994.67,1316700.0,0.547,-0.0469,1.081,7.86,0.7123,0,0.0,43,7.49,0,0,0,0,0,Tier 4: SmallCap Active (10L-1 Cr/day)
AVROIND,AVRO INDIA LIMITED,INE652Z01025,EQ,NORMAL,False,False,PARTIAL,1319,2018-07-26,2026-08-21,8.07,8.59,424215.2,245770,5329284.12,2745732.0,0.5955,0.4885,0.335,7.761,0.6438,0,0.0,157,11.9,5,0,1,0,0,Tier 4: SmallCap Active (10L-1 Cr/day)
PRITI,PRITI INTERNATIONAL LTD,INE974Z01015,BE,NORMAL,False,False,PARTIAL,1382,2018-06-21,2026-08-21,8.17,33.48,40814.1,22701,5311555.31,2406298.02,0.7003,0.1438,-2.896,65.928,0.8872,0,0.0,76,5.5,0,0,0,0,0,Tier 4: SmallCap Active (10L-1 Cr/day)
AIRAN,AIRAN LIMITED,INE645W01026,EQ,NORMAL,False,False,PARTIAL,2248,2017-03-24,2026-08-21,9.41,15.03,188771.4,76127,5287565.69,1875000.0,0.6173,0.1039,-3.768,95.745,0.9761,0,0.0,48,2.14,1,0,0,0,0,Tier 4: SmallCap Active (10L-1 Cr/day)
GOYALSALT,GOYAL SALT LIMITED,INE0QFE01017,SM,SME,False,False,PARTIAL,687,2023-10-11,2026-08-21,2.86,108.75,30347.6,11400,5281425.55,1973520.0,0.4902,0.0362,0.757,10.245,0.5763,0,0.0,52,7.57,0,0,0,0,0,Tier 4: SmallCap Active (10L-1 Cr/day)
DRAGARWQ,DR. AGARWAL'S EYE HOSP L,INE934C01018,EQ,NORMAL,False,False,PARTIAL,87,2026-04-20,2026-08-21,0.34,5395.0,1033.4,844,5265776.85,4170035.1,0.2293,0.3761,-0.069,3.191,0.0556,0,0.0,0,0.0,0,0,0,0,0,Tier 4: SmallCap Active (10L-1 Cr/day)
HINDCOMPOS,HINDUSTAN COMPOSITES LTD.,INE310C01029,EQ,NORMAL,False,False,PARTIAL,2476,2016-08-22,2026-08-21,10.0,411.5,12198.7,4565,5265776.36,1642788.0,0.4502,0.0961,1.888,14.291,0.8704,0,0.0,0,0.0,11,10,1,0,0,Tier 4: SmallCap Active (10L-1 Cr/day)
MIDCAP,KOTAKMAMC - KOTAKMID50,INF174KA1ZC5,EQ,NORMAL,False,False,PARTIAL,1127,2022-02-04,2026-08-21,4.54,18.71,340101.0,255860,5265769.82,3640738.5,0.1938,0.1975,-0.019,6.26,0.2007,0,0.0,0,0.0,0,0,0,0,0,Tier 4: SmallCap Active (10L-1 Cr/day)
DURLAX,DURLAX TOP SURFACE LTD,INE0OUW01013,SM,SME,False,False,PARTIAL,520,2024-06-26,2026-08-21,2.15,63.85,85411.5,32000,5264394.42,1689800.0,0.537,-0.0945,1.331,8.293,0.6746,0,0.0,28,5.38,0,0,0,0,0,Tier 4: SmallCap Active (10L-1 Cr/day)
NINSYS,NINTEC SYSTEMS LIMITED,INE395U01014,EQ,NORMAL,False,False,PARTIAL,847,2023-02-21,2026-08-21,3.5,715.2,10860.9,4944,5260435.95,2253384.0,0.4808,0.5666,1.019,6.11,0.5676,0,0.0,20,2.36,2,0,0,1,0,Tier 4: SmallCap Active (10L-1 Cr/day)
PARAGON,PARAGON FINE S.C. LTD.,INE0N4G01012,SM,SME,False,False,PARTIAL,677,2023-11-03,2026-08-21,2.8,48.0,39126.7,18000,5256210.93,1461600.0,0.537,-0.4153,1.186,8.034,0.8335,0,0.0,48,7.09,0,0,0,0,0,Tier 4: SmallCap Active (10L-1 Cr/day)
DCM,DCM LIMITED,INE498A01018,BE,NORMAL,False,False,PARTIAL,2476,2016-08-22,2026-08-21,10.0,80.92,58451.7,23721,5246136.99,1796765.75,0.5277,0.1331,0.046,27.953,0.9157,0,0.0,10,0.4,10,0,0,0,0,Tier 4: SmallCap Active (10L-1 Cr/day)
URAVIDEF,URAVI DEFENCE &TECH LTD,INE568Z01015,BE,NORMAL,False,False,PARTIAL,1186,2018-03-28,2026-08-21,8.4,108.99,28643.0,7200,5230545.39,1605555.9,0.5096,0.2887,1.009,9.646,0.8392,0,0.0,219,18.47,2,0,0,0,0,Tier 4: SmallCap Active (10L-1 Cr/day)
AYMSYNTEX,AYM SYNTEX LIMITED,INE193B01039,EQ,NORMAL,False,False,PARTIAL,2476,2016-08-22,2026-08-21,10.0,258.2,49310.5,23613,5229736.03,1913551.85,0.5059,0.2486,0.836,7.314,0.8543,0,0.0,36,1.45,6,0,0,0,0,Tier 4: SmallCap Active (10L-1 Cr/day)
SUPERHOUSE,SUPERHOUSE LIMITED,INE712B01010,EQ,NORMAL,False,False,PARTIAL,2476,2016-08-22,2026-08-21,10.0,167.8,29588.3,10774,5220525.93,1685809.3,0.4809,0.1258,1.306,11.301,0.7412,0,0.0,2,0.08,12,10,0,0,0,Tier 4: SmallCap Active (10L-1 Cr/day)
KANPRPLA,KANPUR PLASTIPACK LIMITED,INE694E01014,EQ,NORMAL,False,False,PARTIAL,1398,2021-01-01,2026-08-21,5.63,260.91,36286.7,14529,5213904.73,1844271.1,0.5046,0.3286,1.294,9.45,0.628,0,0.0,0,0.0,8,6,0,1,0,Tier 4: SmallCap Active (10L-1 Cr/day)
ORIENTCER,ORIENT CERATECH LIMITED,INE569C01020,EQ,NORMAL,False,False,PARTIAL,2476,2016-08-22,2026-08-21,10.0,45.63,134460.1,52059,5212822.12,1703430.75,0.5099,0.1502,1.081,7.967,0.8384,0,0.0,1,0.04,15,10,0,0,0,Tier 4: SmallCap Active (10L-1 Cr/day)
VARDHACRLC,VARDHAMAN ACRYLICS LTD,INE116G01013,BE,NORMAL,False,False,PARTIAL,2476,2016-08-22,2026-08-21,10.0,44.87,93592.4,35266,5212009.54,1603577.25,0.3985,0.0913,1.075,12.726,0.6661,0,0.0,0,0.0,12,7,0,0,0,Tier 4: SmallCap Active (10L-1 Cr/day)
RULKA,RULKA ELECTRICALS LIMITED,INE0R7301013,SM,SME,False,False,PARTIAL,550,2024-05-24,2026-08-21,2.24,108.0,14236.9,6000,5210973.98,813120.0,0.6002,-0.5261,1.281,7.513,0.8813,0,0.0,46,8.36,0,0,0,0,0,Tier 4: SmallCap Active (10L-1 Cr/day)
RILINFRA,RACHANA INFRA LTD,INE02OY01016,SM,SME,False,False,PARTIAL,920,2022-06-10,2026-08-21,4.2,36.65,48580.3,19300,5200053.04,1018080.0,0.5924,-0.1922,0.91,7.434,0.9783,0,0.0,77,8.37,0,0,0,0,0,Tier 4: SmallCap Active (10L-1 Cr/day)
FIBERWEB,FIBERWEB INDIA LIMITED,INE296C01020,EQ,NORMAL,False,False,PARTIAL,1119,2022-02-16,2026-08-21,4.51,25.89,116908.6,47611,5195812.39,1878544.16,0.5057,-0.0167,1.478,10.302,0.5971,0,0.0,2,0.18,3,0,0,0,0,Tier 4: SmallCap Active (10L-1 Cr/day)
AESTHETIK,AESTHETIK ENGINEERS LTD,INE0TSF01011,SM,SME,False,False,PARTIAL,458,2024-08-16,2026-08-21,2.01,72.0,53650.7,20000,5177380.79,1649000.0,0.5764,-0.0979,0.693,4.847,0.5924,0,0.0,48,10.48,0,0,0,0,0,Tier 4: SmallCap Active (10L-1 Cr/day)
DUCON,DUCON INFRATECHNOLOGIES L,INE741L01018,EQ,NORMAL,False,False,PARTIAL,2476,2016-08-22,2026-08-21,10.0,3.35,426482.0,163555,5171365.17,1932373.8,0.6319,0.0612,0.734,5.78,0.9718,0,0.0,210,8.48,11,0,0,1,1,Tier 4: SmallCap Active (10L-1 Cr/day)
JHS,JHS SVEND. LAB. LTD,INE544H01014,EQ,NORMAL,False,False,PARTIAL,2477,2016-08-22,2026-08-21,10.0,8.29,172272.5,82560,5162812.05,1937286.4,0.549,-0.0026,1.013,6.901,0.9188,1,0.04,68,2.75,5,0,0,0,0,Tier 4: SmallCap Active (10L-1 Cr/day)
SONAMAC,SONA MACHINERY LIMITED,INE0Q6H01012,SM,SME,False,False,PARTIAL,599,2024-03-13,2026-08-21,2.44,33.5,34839.7,12000,5131558.6,886800.0,0.6131,-0.3907,1.006,8.294,0.8861,0,0.0,19,3.17,0,0,0,0,0,Tier 4: SmallCap Active (10L-1 Cr/day)
ENERGYDEV,ENERGY DEVE. CO.LTD,INE306C01019,EQ,NORMAL,False,False,PARTIAL,2450,2016-08-22,2026-08-21,10.0,16.35,137252.0,52417,5130574.47,914714.94,0.5762,-0.0633,0.778,7.068,0.9857,0,0.0,95,3.88,9,5,0,0,0,Tier 4: SmallCap Active (10L-1 Cr/day)
MANAKSTEEL,MANAKSIA STEELS LTD,INE824Q01011,EQ,NORMAL,False,False,PARTIAL,2476,2016-08-22,2026-08-21,10.0,85.46,113682.7,39980,5116646.49,1422481.32,0.6162,0.4004,1.464,8.563,0.8758,0,0.0,58,2.34,9,0,0,0,0,Tier 4: SmallCap Active (10L-1 Cr/day)
DPSCLTD,DPSC LIMITED,INE360C01024,BE,NORMAL,False,False,PARTIAL,2476,2016-08-22,2026-08-21,10.0,7.13,270507.4,61331,5083114.26,901425.0,0.5551,0.0166,1.558,11.152,0.8992,0,0.0,4,0.16,10,10,0,0,0,Tier 4: SmallCap Active (10L-1 Cr/day)
NAMAN,NAMAN INDUSTRE PRXIMA LTD,INE0RJM01010,SM,SME,False,False,PARTIAL,573,2024-04-02,2026-08-21,2.38,44.0,39477.8,10400,5060470.51,908640.0,0.6041,-0.2574,0.732,5.599,0.8253,0,0.0,81,14.14,0,0,0,0,0,Tier 4: SmallCap Active (10L-1 Cr/day)
BCONCEPTS,BRAND CONCEPTS LIMITED,INE977Y01011,EQ,NORMAL,False,False,PARTIAL,1650,2018-01-10,2026-08-21,8.61,161.96,21189.3,10028,5043173.63,1972310.2,0.5857,0.3367,0.688,5.48,0.8329,0,0.0,237,14.36,4,2,0,0,0,Tier 4: SmallCap Active (10L-1 Cr/day)
AAATECH,AAA TECHNOLOGIES LIMITED,INE0D0U01013,EQ,NORMAL,False,False,PARTIAL,1311,2020-10-13,2026-08-21,5.85,95.71,59144.8,20807,5041419.03,1619667.0,0.5407,0.3711,1.484,9.827,0.5445,0,0.0,153,11.67,5,3,0,0,0,Tier 4: SmallCap Active (10L-1 Cr/day)
CONSUMBEES,NIP IND ETF CONSUMPTION,INF204KA1LD7,EQ,NORMAL,False,False,PARTIAL,2446,2016-08-22,2026-08-21,10.0,133.98,42520.5,9886,5031172.1,686780.6,0.2161,0.1472,1.37,57.369,0.2352,0,0.0,46,1.88,0,0,0,0,0,Tier 4: SmallCap Active (10L-1 Cr/day)
CMNL,CHAMAN METALLICS LIMITED,INE06PV01010,SM,SME,False,False,PARTIAL,869,2023-01-16,2026-08-21,3.59,109.95,60744.8,26250,5022992.13,2375100.0,0.5892,0.3234,1.139,7.343,0.4862,0,0.0,38,4.37,0,0,0,0,0,Tier 4: SmallCap Active (10L-1 Cr/day)
GRPLTD,GRP LIMITED,INE137I01015,EQ,NORMAL,False,False,PARTIAL,2462,2016-08-22,2026-08-21,10.0,2039.4,5633.0,2172,5019975.26,1218724.2,0.4896,0.2971,1.484,10.911,0.722,0,0.0,28,1.14,14,11,0,1,0,Tier 4: SmallCap Active (10L-1 Cr/day)
BANARISUG,BANNARI AMMAN SUGARS LTD,INE459A01010,EQ,NORMAL,False,False,PARTIAL,2474,2016-08-22,2026-08-21,10.0,4019.7,2034.4,876,4999736.51,1968790.6,0.3435,0.1373,0.502,9.457,0.7467,0,0.0,0,0.0,10,10,0,0,0,Tier 4: SmallCap Active (10L-1 Cr/day)
SDREAMS,S D RETAIL LIMITED,INE0X6F01017,SM,SME,False,False,PARTIAL,442,2024-09-27,2026-08-21,1.9,82.05,36432.1,10000,4986666.06,1134500.0,0.5713,-0.1872,0.757,7.506,0.665,0,0.0,89,20.14,0,0,0,0,0,Tier 4: SmallCap Active (10L-1 Cr/day)
MAKEINDIA,MIRAEAMC - MAMFGETF,INF769K01IB1,EQ,NORMAL,False,False,PARTIAL,1129,2022-02-02,2026-08-21,4.55,167.76,36924.1,20308,4977206.68,2515847.0,0.1566,0.1763,-0.632,6.109,0.2297,0,0.0,0,0.0,0,0,0,0,0,Tier 4: SmallCap Active (10L-1 Cr/day)
BANKBETF,BFAM - BANKBETF,INF0QA701714,EQ,NORMAL,False,False,PARTIAL,637,2024-01-29,2026-08-21,2.56,58.59,95649.2,20431,4973608.21,1142136.87,0.1876,0.1167,0.007,43.447,0.1796,0,0.0,0,0.0,0,0,0,0,0,Tier 4: SmallCap Active (10L-1 Cr/day)
ONDOOR,ON DOOR CONCEPTS LIMITED,INE00ER01015,SM,SME,False,False,PARTIAL,665,2023-11-01,2026-08-21,2.8,245.05,19799.1,7200,4973488.04,1750560.0,0.5866,0.24,0.67,4.93,0.7999,0,0.0,81,12.18,0,0,0,0,0,Tier 4: SmallCap Active (10L-1 Cr/day)
SBIETFIT,SBIAMC - SBIETFIT,INF200KA1S14,EQ,NORMAL,False,False,PARTIAL,1447,2020-10-22,2026-08-21,5.83,338.93,14338.8,8507,4969512.23,2966011.12,0.2146,0.1016,-0.127,5.351,0.4193,0,0.0,0,0.0,0,0,0,0,0,Tier 4: SmallCap Active (10L-1 Cr/day)
TNIDETF,TATAAML - TNIDETF,INF277KA1364,EQ,NORMAL,False,False,PARTIAL,1084,2022-04-08,2026-08-21,4.37,90.8,58079.7,38721,4965822.07,3191610.18,0.1788,0.089,-0.011,4.743,0.2785,0,0.0,0,0.0,0,0,0,0,0,Tier 4: SmallCap Active (10L-1 Cr/day)
BALAJIPHOS,BALAJI PHOSPHATES LIMITED,INE0PQ601019,SM,SME,False,False,PARTIAL,330,2025-03-07,2026-08-21,1.46,90.1,45669.7,12000,4956942.12,1680000.0,0.5048,0.2706,1.555,12.112,0.5258,0,0.0,51,15.45,0,0,0,0,0,Tier 4: SmallCap Active (10L-1 Cr/day)
APRAMEYA,APRAMEYA ENGINEERING LTD,INE0LQG01010,SM,SME,False,False,PARTIAL,484,2024-08-01,2026-08-21,2.05,139.25,37959.7,16000,4951805.27,2634000.0,0.6282,0.513,0.603,5.398,0.6638,0,0.0,28,5.79,0,0,0,0,0,Tier 4: SmallCap Active (10L-1 Cr/day)
HDFCPVTBAN,HDFCAMC - HDFCPVTBAN,INF179KC1HZ7,EQ,NORMAL,False,False,PARTIAL,929,2022-11-22,2026-08-21,3.75,28.11,189107.8,66177,4951334.92,1756021.8,0.1677,0.0796,-0.028,4.814,0.168,0,0.0,1,0.11,0,0,0,0,0,Tier 4: SmallCap Active (10L-1 Cr/day)
NAHARCAP,NAHAR CAP & FIN.,INE049I01012,EQ,NORMAL,False,False,PARTIAL,2476,2016-08-22,2026-08-21,10.0,255.09,17122.0,6688,4923259.76,1279078.0,0.4768,0.2209,1.726,12.609,0.7862,0,0.0,3,0.12,11,11,0,0,0,Tier 4: SmallCap Active (10L-1 Cr/day)
JAINIK,JAINIK POWER CABLES LTD,INE0XIL01012,SM,SME,False,False,PARTIAL,281,2025-06-17,2026-08-21,1.18,212.5,43511.7,16800,4914411.03,2293200.0,0.5114,0.9774,0.65,4.393,0.3077,0,0.0,23,8.19,0,0,0,0,0,Tier 4: SmallCap Active (10L-1 Cr/day)
ABSLPSE,BIRLASLAMC-ABSLPSE,INF209KB19Z4,EQ,NORMAL,False,False,PARTIAL,559,2024-05-23,2026-08-21,2.25,10.18,473565.5,259331,4904980.78,2611243.36,0.2064,-0.0102,-1.333,17.917,0.2967,0,0.0,0,0.0,0,0,0,0,0,Tier 4: SmallCap Active (10L-1 Cr/day)
MUKTAARTS,MUKTA ARTS LIMITED,INE374B01019,BE,NORMAL,False,False,PARTIAL,2476,2016-08-22,2026-08-21,10.0,56.08,60289.1,15671,4895511.56,805102.35,0.521,0.1222,0.968,7.942,0.877,0,0.0,19,0.77,7,1,0,0,0,Tier 4: SmallCap Active (10L-1 Cr/day)
AAREYDRUGS,AAREY DRUGS & PHARM LTD,INE198H01019,EQ,NORMAL,False,False,PARTIAL,1251,2021-08-06,2026-08-21,5.04,81.2,85640.8,39263,4863823.9,1722675.6,0.4981,0.2478,1.162,8.747,0.631,0,0.0,29,2.32,4,0,0,0,0,Tier 4: SmallCap Active (10L-1 Cr/day)
CLASSICEIL,CLASSIC ELECTRODE (IND) L,INE0UQ601012,SM,SME,False,False,PARTIAL,230,2025-09-01,2026-08-21,0.97,47.4,60883.5,20800,4851055.3,1203200.0,0.7301,-0.5059,1.183,7.756,0.6665,0,0.0,16,6.96,0,0,0,0,0,Tier 4: SmallCap Active (10L-1 Cr/day)
SPELS,SPEL SEMICONDUCTOR LTD,INE252A01019,EQ,NORMAL,False,False,PARTIAL,5,2026-08-17,2026-08-21,0.01,147.71,32431.8,30450,4829904.4,4588206.0,0.276,-1.2227,0.71,1.289,0.0236,0,0.0,0,0.0,0,0,0,0,0,Tier 4: SmallCap Active (10L-1 Cr/day)
PROFX,PRO FX TECH LIMITED,INE0VJT01017,SM,SME,False,False,PARTIAL,253,2025-07-03,2026-08-20,1.13,78.6,49245.8,16000,4817394.78,1205120.0,0.6231,-0.0483,0.873,7.056,0.5578,0,0.0,50,19.76,0,0,0,0,0,Tier 4: SmallCap Active (10L-1 Cr/day)
TRITONV,TRITON VALVES LTD.,INE440G01017,EQ,NORMAL,False,False,PARTIAL,5,2026-08-17,2026-08-21,0.01,1153.7,4128.2,3814,4811423.6,4400211.8,0.3135,0.3158,0.514,1.2,0.022,0,0.0,0,0.0,0,0,0,0,0,Tier 4: SmallCap Active (10L-1 Cr/day)
NAVKARURB,NAVKAR URBANSTRUCTURE LTD,INE268H01044,BE,NORMAL,False,False,PARTIAL,395,2025-01-17,2026-08-21,1.59,0.97,2138167.4,1020323,4795540.03,1696532.71,0.5287,-0.5919,0.024,1.724,0.8273,0,0.0,36,9.11,3,1,1,1,0,Tier 4: SmallCap Active (10L-1 Cr/day)
SPECTSTM,SPECTRUM TALENT MGMT LTD,INE0OL001018,SM,SME,False,False,PARTIAL,747,2023-06-22,2026-08-21,3.16,62.5,37426.5,16800,4794008.25,1845760.0,0.6284,-0.0954,0.814,6.914,0.7616,0,0.0,51,6.83,0,0,0,0,0,Tier 4: SmallCap Active (10L-1 Cr/day)
GROWWNIFTY,GROWWAMC - GROWWNIFTY,INF666M01LL8,EQ,NORMAL,False,False,PARTIAL,269,2025-07-22,2026-08-21,1.08,9.81,488591.7,396645,4793013.72,4006900.5,0.1208,-0.0145,-0.031,6.839,0.1469,0,0.0,0,0.0,0,0,0,0,0,Tier 4: SmallCap Active (10L-1 Cr/day)
ZENITHDRUG,ZENITH DRUGS LIMITED,INE0QWN01013,SM,SME,False,False,PARTIAL,608,2024-02-27,2026-08-21,2.48,42.65,54393.4,18400,4753226.91,1143120.0,0.6502,-0.1678,1.018,7.758,0.7524,0,0.0,34,5.59,0,0,0,0,0,Tier 4: SmallCap Active (10L-1 Cr/day)
PIONEEREMB,PIONEER EMBROIDERIES LTD,INE156C01018,EQ,NORMAL,False,False,PARTIAL,2473,2016-08-22,2026-08-21,10.0,21.71,89860.4,26717,4748490.99,1031665.75,0.5183,0.0647,1.016,7.281,0.8075,0,0.0,5,0.2,9,3,0,0,0,Tier 4: SmallCap Active (10L-1 Cr/day)
BNAGROCHEM,BN AGROCHEM LTD.,INE00HZ01011,EQ,NORMAL,False,False,PARTIAL,87,2026-04-20,2026-08-21,0.34,239.95,17100.8,1752,4731704.37,466634.08,0.562,0.0971,1.607,10.218,0.3838,0,0.0,5,5.75,0,0,0,0,0,Tier 4: SmallCap Active (10L-1 Cr/day)
DELAPLEX,DELAPLEX LIMITED,INE0SK801018,SM,SME,False,False,PARTIAL,623,2024-02-02,2026-08-21,2.55,83.15,21470.9,10200,4724851.4,1749150.0,0.5328,-0.4122,1.163,8.541,0.747,0,0.0,21,3.37,0,0,0,0,0,Tier 4: SmallCap Active (10L-1 Cr/day)
BLIL,BALMER LAWRIE INVSTS. L,INE525F01025,EQ,NORMAL,False,False,PARTIAL,87,2026-04-20,2026-08-21,0.34,71.89,64805.1,49077,4708830.36,3467554.72,0.1527,-0.0394,0.192,9.079,0.101,0,0.0,0,0.0,0,0,0,0,0,Tier 4: SmallCap Active (10L-1 Cr/day)
BILVYAPAR,BIL VYAPAR LIMITED,INE071A01013,BE,NORMAL,False,False,PARTIAL,1652,2016-08-22,2026-08-21,10.0,4.05,59326.3,19534,4707882.24,401191.05,0.6725,-0.2951,9.755,235.87,0.9733,0,0.0,112,6.78,10,0,0,0,0,Tier 4: SmallCap Active (10L-1 Cr/day)
VHL,VARDHMAN HOLDINGS LIMITED,INE701A01023,EQ,NORMAL,False,False,PARTIAL,2471,2016-08-22,2026-08-21,10.0,3453.8,1342.9,581,4704380.44,1572326.4,0.447,0.1923,2.533,19.76,0.8616,0,0.0,2,0.08,9,8,0,0,0,Tier 4: SmallCap Active (10L-1 Cr/day)
ITAXIS,AXISAMC-ITAXIS,INF846K01Y96,EQ,NORMAL,False,False,PARTIAL,1338,2021-03-31,2026-08-21,5.39,337.07,13083.5,2966,4689676.33,1034919.48,0.2278,0.0644,-0.173,6.023,0.4216,0,0.0,0,0.0,0,0,0,0,0,Tier 4: SmallCap Active (10L-1 Cr/day)
EMAPARTNER,EMA PARTNERS INDIA LTD,INE0ZOL01023,SM,SME,False,False,PARTIAL,367,2025-01-24,2026-08-21,1.57,82.0,41250.7,16000,4684827.25,1439900.0,0.4785,-0.2956,0.286,4.919,0.5377,0,0.0,21,5.72,0,0,0,0,0,Tier 4: SmallCap Active (10L-1 Cr/day)
KRISHIVAL,KRISHIVAL FOODS LIMITED,INE0GGO01015,EQ,NORMAL,False,False,PARTIAL,832,2022-03-31,2026-08-21,4.39,405.65,16473.9,5000,4672472.48,1450000.0,0.5019,0.7998,-0.137,3.164,0.3849,0,0.0,220,26.44,2,1,0,0,1,Tier 4: SmallCap Active (10L-1 Cr/day)
CHETANA,CHETANA EDUCATION LIMITED,INE0U1T01012,SM,SME,False,False,PARTIAL,469,2024-07-31,2026-08-21,2.06,43.6,53782.5,19200,4657452.11,1300800.0,0.6714,-0.2487,1.313,7.044,0.7468,0,0.0,34,7.25,0,0,0,0,0,Tier 4: SmallCap Active (10L-1 Cr/day)
BARFLEX,BARFLEX POLYFILMS LIMITED,INE0QX401014,SM,SME,False,False,PARTIAL,394,2025-01-20,2026-08-21,1.58,60.3,71198.0,30000,4654737.82,1918400.0,0.4191,0.0589,0.525,6.739,0.4273,0,0.0,27,6.85,0,0,0,0,0,Tier 4: SmallCap Active (10L-1 Cr/day)
RAJINDLTD,RAJPUTANA INDUSTRIES LTD,INE0PCU01012,SM,SME,False,False,PARTIAL,478,2024-08-06,2026-08-21,2.04,68.75,52154.8,16500,4647373.43,1318500.0,0.4881,0.0649,1.12,6.667,0.4408,0,0.0,32,6.69,0,0,0,0,0,Tier 4: SmallCap Active (10L-1 Cr/day)
TTL,T T LIMITED,INE592B01024,EQ,NORMAL,False,False,PARTIAL,2476,2016-08-22,2026-08-21,10.0,6.25,452061.1,129180,4643815.66,970031.98,0.5095,0.1573,1.507,10.482,0.81,0,0.0,2,0.08,13,3,1,0,1,Tier 4: SmallCap Active (10L-1 Cr/day)
MOMIDMTM,MOTILALAMC - MOMIDMTM,INF247L01FQ0,EQ,NORMAL,False,False,PARTIAL,282,2025-07-03,2026-08-21,1.13,64.74,74401.7,53677,4634764.66,3373108.38,0.1891,0.0204,0.139,7.438,0.1467,0,0.0,0,0.0,0,0,0,0,0,Tier 4: SmallCap Active (10L-1 Cr/day)
CPEDU,CAREER POINT EDUTECH LTD,INE0P6P01016,EQ,NORMAL,False,False,PARTIAL,238,2025-09-05,2026-08-21,0.96,201.2,18481.6,8880,4621612.2,1899213.0,0.5208,-0.0338,0.674,4.163,0.5705,0,0.0,1,0.42,1,1,0,0,0,Tier 4: SmallCap Active (10L-1 Cr/day)
MURUDCERA,MURUDESHWAR CERAMICS LTD,INE692B01014,EQ,NORMAL,False,False,PARTIAL,2476,2016-08-22,2026-08-21,10.0,30.47,123958.8,51256,4599197.42,1644659.9,0.5452,0.1611,1.17,8.407,0.8513,0,0.0,7,0.28,10,3,0,0,0,Tier 4: SmallCap Active (10L-1 Cr/day)
STEL,STEL HOLDINGS LIMITED,INE577L01016,EQ,NORMAL,False,False,PARTIAL,2476,2016-08-22,2026-08-21,10.0,611.05,28377.4,10653,4594562.24,1578404.1,0.5124,0.4353,1.198,8.381,0.773,0,0.0,6,0.24,9,0,0,0,0,Tier 4: SmallCap Active (10L-1 Cr/day)
EVIETF,ICICIPRAMC - EVIETF,INF109K1A153,EQ,NORMAL,False,False,PARTIAL,337,2025-04-15,2026-08-21,1.35,33.69,151840.9,111911,4593728.94,3478782.42,0.182,0.2077,0.176,5.708,0.1952,0,0.0,0,0.0,0,0,0,0,0,Tier 4: SmallCap Active (10L-1 Cr/day)
SHYAMCENT,SHYAM CENTURY FERROUS LTD,INE979R01011,BE,NORMAL,False,False,PARTIAL,2477,2016-08-22,2026-08-21,10.0,4.92,285081.3,91007,4579689.96,781319.2,0.5716,0.1186,0.95,7.248,0.8985,1,0.04,86,3.47,11,1,0,0,0,Tier 4: SmallCap Active (10L-1 Cr/day)
WOMANCART,WOMANCART LIMITED,INE0Q9601016,SM,SME,False,False,PARTIAL,665,2023-10-27,2026-08-21,2.82,121.45,23879.1,11200,4551262.2,2112000.0,0.6583,0.2113,0.255,6.138,0.79,0,0.0,103,15.49,0,0,0,0,0,Tier 4: SmallCap Active (10L-1 Cr/day)
MERCURYEV,MERCURY EV-TECH LIMITED,INE763M01028,EQ,NORMAL,False,False,PARTIAL,58,2026-06-02,2026-08-21,0.22,39.71,126300.4,107544,4547925.52,3817812.0,0.35,0.4775,0.687,3.471,0.1484,0,0.0,15,25.86,0,0,0,0,0,Tier 4: SmallCap Active (10L-1 Cr/day)
KORE,JAY JALARAM TECHNO LTD,INE0J6801010,SM,SME,False,False,PARTIAL,942,2022-09-08,2026-08-21,3.95,127.55,22773.1,6000,4539820.26,1549200.0,0.6679,0.4564,0.756,5.37,0.8959,0,0.0,103,10.93,0,0,0,0,0,Tier 4: SmallCap Active (10L-1 Cr/day)
SKP,SKP BEARING INDUSTRI. LTD,INE0KZA01016,SM,SME,False,False,PARTIAL,994,2022-07-13,2026-08-21,4.11,152.0,26098.1,13000,4537368.84,2656500.0,0.551,0.3357,1.287,8.38,0.5501,0,0.0,38,3.82,0,0,0,0,0,Tier 4: SmallCap Active (10L-1 Cr/day)
BELLACASA,BELLA CASA FASH AND RET L,INE344T01014,EQ,NORMAL,False,False,PARTIAL,271,2025-07-18,2026-08-21,1.09,228.07,14029.8,7609,4527772.56,2461588.8,0.4927,-0.4535,0.953,7.24,0.5279,0,0.0,0,0.0,1,1,0,0,0,Tier 4: SmallCap Active (10L-1 Cr/day)
BBNPPGOLD,BARODABNP - BBNPPGOLD,INF251K01SU9,EQ,NORMAL,False,False,PARTIAL,662,2023-12-19,2026-08-21,2.67,153.5,40932.2,2553,4499873.14,229870.3,0.2439,0.3759,-0.223,15.706,0.2626,0,0.0,0,0.0,0,0,0,0,0,Tier 4: SmallCap Active (10L-1 Cr/day)
RNPL,RENOL POLYCHEM LIMITED,INE0VZX01015,SM,SME,False,False,PARTIAL,244,2025-08-07,2026-08-21,1.04,81.75,37170.5,13200,4496417.46,1437600.0,0.5902,-0.0366,1.103,9.147,0.5289,0,0.0,35,14.34,0,0,0,0,0,Tier 4: SmallCap Active (10L-1 Cr/day)
MULTICAP,MIRAEAMC - MULTICAP,INF769K01LX9,EQ,NORMAL,False,False,PARTIAL,487,2024-09-05,2026-08-21,1.96,16.9,284716.2,162015,4494884.24,2630595.06,0.1566,0.0184,-0.235,4.806,0.1995,0,0.0,0,0.0,0,0,0,0,0,Tier 4: SmallCap Active (10L-1 Cr/day)
QGOLDHALF,QUANTUM GOLD ETF,INF082J01408,EQ,NORMAL,False,False,PARTIAL,2475,2016-08-22,2026-08-21,10.0,131.65,63987.6,31850,4493398.18,1362395.13,0.1541,0.1683,-0.345,18.044,0.2452,0,0.0,3,0.12,0,0,0,0,0,Tier 4: SmallCap Active (10L-1 Cr/day)
SAMBANDAM,SAMBANDAM SPINNING MILL L,INE304D01012,EQ,NORMAL,False,False,PARTIAL,3,2026-08-19,2026-08-21,0.01,151.2,30255.3,8931,4491362.4,1125306.0,0.0,0.0,0.0,3.0,0.0,0,0.0,0,0.0,0,0,0,0,0,Tier 4: SmallCap Active (10L-1 Cr/day)
PILITA,PIL ITALICA LIFESTYLE LTD,INE600A01035,EQ,NORMAL,False,False,PARTIAL,2444,2016-08-22,2026-08-21,10.0,8.11,423391.4,119056,4491256.23,1207062.48,0.528,0.1193,0.634,11.241,0.85,0,0.0,30,1.23,9,0,1,0,0,Tier 4: SmallCap Active (10L-1 Cr/day)
PASHUPATI,PASHUPATI COTSPIN LIMITED,INE124Y01028,EQ,NORMAL,False,False,PARTIAL,1064,2017-09-08,2026-08-21,8.95,87.26,183046.7,32000,4488003.4,882912.0,0.7025,0.8271,0.422,9.12,0.4971,0,0.0,309,29.04,2,1,1,0,0,Tier 4: SmallCap Active (10L-1 Cr/day)
OSWALSEEDS,SHREEOSWAL S AND CHE LTD,INE00IK01029,EQ,NORMAL,False,False,PARTIAL,1535,2018-06-20,2026-08-21,8.17,12.67,181322.6,60852,4483481.88,901525.33,0.5147,0.301,0.6,6.189,0.85,0,0.0,316,20.59,4,0,1,1,0,Tier 4: SmallCap Active (10L-1 Cr/day)
SATTVAENGG,SATTVA ENGINEERING CSTN L,INE14DW01018,SM,SME,False,False,PARTIAL,235,2025-09-03,2026-08-21,0.96,73.0,52643.4,16000,4449402.89,1150400.0,0.6847,-0.1075,0.749,5.934,0.6206,0,0.0,20,8.51,0,0,0,0,0,Tier 4: SmallCap Active (10L-1 Cr/day)
NEXT50BETA,UTIAMC-NEXT50BETA,INF789F1AUW9,EQ,NORMAL,False,False,PARTIAL,2236,2017-08-08,2026-08-21,9.03,79.65,74251.9,19984,4447260.73,797052.96,0.2313,0.1443,-0.075,16.007,0.3066,0,0.0,10,0.45,0,0,0,0,0,Tier 4: SmallCap Active (10L-1 Cr/day)
CPL,CAPTAIN POLYPLAST LIMITED,INE536P01021,EQ,NORMAL,False,False,PARTIAL,22,2026-07-23,2026-08-21,0.08,66.82,63956.0,42371,4435805.87,2965970.0,0.2004,-0.6894,0.205,2.019,0.0832,0,0.0,0,0.0,0,0,0,0,0,Tier 4: SmallCap Active (10L-1 Cr/day)
ARCHIES,ARCHIES LTD,INE731A01020,EQ,NORMAL,False,False,PARTIAL,2476,2016-08-22,2026-08-21,10.0,13.68,153986.1,47533,4417860.3,969875.53,0.5341,0.0904,1.433,9.309,0.8415,0,0.0,3,0.12,9,0,0,0,0,Tier 4: SmallCap Active (10L-1 Cr/day)
CHEMBONDCH,CHEMBOND CHEMICAL LIMITED,INE0TGX01019,BE,NORMAL,False,False,PARTIAL,268,2025-07-23,2026-08-21,1.08,284.38,24062.5,12914,4404474.91,2263951.44,0.6071,0.6179,1.291,7.656,0.5108,0,0.0,0,0.0,2,2,0,0,0,Tier 4: SmallCap Active (10L-1 Cr/day)
BEWLTD,BEW ENGINEERING LIMITED,INE0HQI01014,SM,SME,False,False,PARTIAL,1202,2016-08-22,2026-08-21,10.0,50.65,26351.2,12000,4402191.45,2210000.0,0.7476,0.0173,-3.874,67.389,0.9043,6,0.5,101,8.4,0,0,0,0,0,Tier 4: SmallCap Active (10L-1 Cr/day)
RAJSREESUG,RAJSHREE SUGAR & CHEMICAL,INE562B01019,EQ,NORMAL,False,False,PARTIAL,2450,2016-08-22,2026-08-21,10.0,39.1,81824.4,34529,4396222.22,1321498.56,0.568,0.1319,1.462,9.08,0.8755,0,0.0,35,1.43,9,1,0,0,0,Tier 4: SmallCap Active (10L-1 Cr/day)
VIRAT,VIRAT INDUSTRIES LTD.,INE467D01017,EQ,NORMAL,False,False,PARTIAL,5,2026-08-17,2026-08-21,0.01,401.7,11050.2,1066,4391934.3,355990.7,1.621,12.5932,0.659,1.256,0.0264,0,0.0,0,0.0,0,0,0,0,0,Tier 4: SmallCap Active (10L-1 Cr/day)
MAYASHEEL,MAYASHEEL VENTURES LTD,INE0ZTO01018,SM,SME,False,False,PARTIAL,235,2025-06-27,2026-08-19,1.14,37.5,73774.5,21000,4385954.04,1114200.0,0.67,-0.3,0.491,5.393,0.5361,0,0.0,45,19.15,0,0,0,0,0,Tier 4: SmallCap Active (10L-1 Cr/day)
PTL,PTL ENTERPRISES LTD,INE034D01049,EQ,NORMAL,False,False,PARTIAL,2476,2016-08-22,2026-08-21,10.0,38.33,128329.4,55399,4381326.48,1690796.7,0.4092,0.0536,-4.741,152.733,0.8534,0,0.0,8,0.32,15,12,1,0,0,Tier 4: SmallCap Active (10L-1 Cr/day)
NDLVENTURE,NDL VENTURES LIMITED,INE353A01023,EQ,NORMAL,False,False,PARTIAL,2476,2016-08-22,2026-08-21,10.0,119.04,18792.2,5747,4379888.84,1499178.6,0.5318,0.0822,-5.528,168.867,0.9324,0,0.0,15,0.61,16,9,0,0,1,Tier 4: SmallCap Active (10L-1 Cr/day)
PRIMO,PRIMO CHEMICALS LIMITED,INE607A01022,EQ,NORMAL,False,False,PARTIAL,333,2025-04-22,2026-08-21,1.33,20.89,178865.4,109176,4354455.43,2574700.8,0.4466,-0.1243,1.573,10.903,0.4465,0,0.0,0,0.0,0,0,0,0,0,Tier 4: SmallCap Active (10L-1 Cr/day)
ZODIACLOTH,ZODIAC CLOTHING CO. LTD.,INE206B01013,EQ,NORMAL,False,False,PARTIAL,2474,2016-08-22,2026-08-21,10.0,74.13,34333.4,9251,4346437.59,1142236.7,0.4386,-0.0107,1.376,12.448,0.7849,0,0.0,2,0.08,7,3,0,0,0,Tier 4: SmallCap Active (10L-1 Cr/day)
SENSEXIETF,ICICI PRUD SENSEX ETF,INF346A01034,EQ,NORMAL,False,False,PARTIAL,2406,2016-08-23,2026-08-21,9.99,894.42,5438.2,1646,4345780.43,984296.61,0.1695,0.1329,0.277,24.141,0.3239,0,0.0,70,2.91,0,0,0,0,0,Tier 4: SmallCap Active (10L-1 Cr/day)
RAPPID,RAPPID VALVES (INDIA) LTD,INE0MVO01012,SM,SME,False,False,PARTIAL,462,2024-09-30,2026-08-21,1.89,311.65,14548.1,7800,4342158.38,2103660.0,0.6163,0.1892,1.013,5.985,0.4977,0,0.0,21,4.55,0,0,0,0,0,Tier 4: SmallCap Active (10L-1 Cr/day)
JETFREIGHT,JET FREIGHT LOGISTICS LTD,INE982V01025,EQ,NORMAL,False,False,PARTIAL,1159,2021-12-21,2026-08-21,4.67,22.34,254332.9,89885,4328781.87,1454761.36,0.555,0.167,1.113,7.908,0.7587,0,0.0,5,0.43,2,0,1,0,1,Tier 4: SmallCap Active (10L-1 Cr/day)
TREJHARA,TREJHARA SOLUTIONS LTD,INE00CA01015,EQ,NORMAL,False,False,PARTIAL,1886,2019-01-11,2026-08-21,7.61,156.45,45768.5,18124,4323509.39,1720111.8,0.5826,0.3538,0.774,5.472,0.893,0,0.0,144,7.64,6,2,0,0,0,Tier 4: SmallCap Active (10L-1 Cr/day)
UYFINCORP,U. Y. FINCORP LIMITED,INE152C01025,BE,NORMAL,False,False,PARTIAL,468,2024-10-03,2026-08-21,1.88,20.14,234500.3,90870,4310124.73,1678890.29,0.4986,-0.1677,0.439,9.522,0.6649,0,0.0,0,0.0,0,0,0,0,0,Tier 4: SmallCap Active (10L-1 Cr/day)
SBIETFPB,SBIAMC - SBIETFPB,INF200KA1S22,EQ,NORMAL,False,False,PARTIAL,1447,2020-10-22,2026-08-21,5.83,282.33,16422.5,3125,4303994.34,715828.15,0.1778,0.1447,0.074,6.195,0.2335,0,0.0,0,0.0,0,0,0,0,0,Tier 4: SmallCap Active (10L-1 Cr/day)
SYLVANPLY,SYLVAN PLYBOARD (INDIA) L,INE01IH01015,SM,SME,False,False,PARTIAL,415,2024-07-01,2026-08-21,2.14,49.3,46901.2,10000,4302245.3,687600.0,0.6584,0.0034,1.161,8.015,0.7039,0,0.0,97,23.37,0,0,0,0,0,Tier 4: SmallCap Active (10L-1 Cr/day)
WORTHPERI,WORTH PERIPHERALS LIMITED,INE196Y01018,EQ,NORMAL,False,False,PARTIAL,1961,2017-09-27,2026-08-21,8.9,157.27,39412.3,15038,4299615.43,1464580.69,0.5687,0.3006,1.317,9.998,0.7315,1,0.05,112,5.71,7,7,0,0,0,Tier 4: SmallCap Active (10L-1 Cr/day)
GROWWNET,GROWWAMC - GROWWNET,INF666M01LI4,EQ,NORMAL,False,False,PARTIAL,282,2025-07-03,2026-08-21,1.13,10.76,432258.1,294756,4280086.58,2843594.4,0.2142,0.0903,0.236,3.648,0.2858,0,0.0,0,0.0,0,0,0,0,0,Tier 4: SmallCap Active (10L-1 Cr/day)
DRCSYSTEMS,DRC SYSTEMS INDIA LIMITED,INE03RS01027,EQ,NORMAL,False,False,PARTIAL,1483,2016-08-22,2026-08-21,10.0,12.6,171731.8,54513,4262818.94,1438392.57,0.6796,0.1681,-6.107,136.845,0.9507,0,0.0,129,8.7,6,0,1,1,0,Tier 4: SmallCap Active (10L-1 Cr/day)
LTGILTCASE,ZERODHAAMC - LTGILTCASE,INF0R8F01133,EQ,NORMAL,False,False,PARTIAL,249,2025-08-20,2026-08-21,1.0,30.55,142270.2,104967,4245685.56,3165373.48,0.0329,0.0444,0.001,4.938,0.0226,0,0.0,0,0.0,0,0,0,0,0,Tier 4: SmallCap Active (10L-1 Cr/day)
PIGL,POWER INSTRUMENT (G) LTD,INE557Z01018,EQ,NORMAL,False,False,PARTIAL,1264,2018-04-23,2026-08-21,8.33,103.72,39941.7,16000,4243135.23,1288651.3,0.6082,0.4036,-0.194,5.429,0.7837,1,0.08,436,34.49,5,3,0,0,0,Tier 4: SmallCap Active (10L-1 Cr/day)
LATTEYS,LATTEYS INDUSTRIES LTD,INE262Z01023,EQ,NORMAL,False,False,PARTIAL,1118,2018-06-05,2026-08-21,8.21,23.28,174726.1,66822,4242134.63,1278758.0,0.7304,0.3392,-4.41,81.129,0.8906,0,0.0,296,26.48,2,0,0,0,0,Tier 4: SmallCap Active (10L-1 Cr/day)
SHRENIK,SHRENIK LIMITED,INE632X01030,BZ,NORMAL,False,False,PARTIAL,1749,2019-08-02,2026-08-21,7.05,0.29,1847742.5,961566,4240074.64,1556769.5,0.9764,-0.2446,15.712,517.676,0.9936,0,0.0,103,5.89,4,1,1,1,0,Tier 4: SmallCap Active (10L-1 Cr/day)
HITECHCORP,HITECH CORPORATION LTD,INE120D01012,BE,NORMAL,False,False,PARTIAL,2475,2016-08-22,2026-08-21,10.0,331.5,19376.9,7431,4225897.56,1380461.7,0.5233,0.2153,1.552,11.029,0.813,0,0.0,15,0.61,10,9,0,0,0,Tier 4: SmallCap Active (10L-1 Cr/day)
HDFCNIFIT,HDFCAMC - HDFCNIFIT,INF179KC1IA8,EQ,NORMAL,False,False,PARTIAL,931,2022-11-22,2026-08-21,3.75,32.66,120039.1,41191,4220289.27,1568486.1,0.2221,0.051,0.133,5.747,0.4191,0,0.0,1,0.11,0,0,0,0,0,Tier 4: SmallCap Active (10L-1 Cr/day)
AKIKO,AKIKO GLOBAL SERVICES L,INE0PMR01017,SM,SME,False,False,PARTIAL,517,2024-07-02,2026-08-21,2.14,392.25,31116.4,14400,4180933.85,2259360.0,0.5429,0.8469,0.641,5.449,0.3398,1,0.19,44,8.51,0,0,0,0,0,Tier 4: SmallCap Active (10L-1 Cr/day)
ALKALI,ALKALI METALS LTD,INE773I01017,BE,NORMAL,False,False,PARTIAL,2476,2016-08-22,2026-08-21,10.0,67.87,42772.8,13263,4173071.04,1022238.35,0.5758,0.1785,1.873,11.569,0.7733,0,0.0,6,0.24,12,10,0,0,0,Tier 4: SmallCap Active (10L-1 Cr/day)
GROWWCHEM,GROWWAMC - GROWWCHEM,INF666M01NP5,EQ,NORMAL,False,False,PARTIAL,148,2026-01-16,2026-08-21,0.59,29.88,139879.8,53155,4170313.09,1470534.6,0.2061,0.0944,-0.076,3.106,0.144,0,0.0,0,0.0,0,0,0,0,0,Tier 4: SmallCap Active (10L-1 Cr/day)
DCI,DC INFOTECH AND COMUN LTD,INE0A1101019,EQ,NORMAL,False,False,PARTIAL,1153,2019-12-27,2026-08-21,6.65,381.35,17687.4,8345,4169471.22,1437099.15,0.6418,0.6882,-1.134,35.426,0.6375,0,0.0,152,13.18,2,0,0,0,0,Tier 4: SmallCap Active (10L-1 Cr/day)
SITINET,SITI NETWORKS LIMITED,INE965H01011,BZ,NORMAL,False,False,PARTIAL,2407,2016-08-22,2026-08-21,10.0,0.28,1902788.9,514699,4162768.97,1226848.75,0.5276,-0.3699,0.349,4.667,0.9931,0,0.0,344,14.29,3,0,0,0,0,Tier 4: SmallCap Active (10L-1 Cr/day)
GREENCHEF,GREENCHEF APPLIANCES LTD,INE0O7P01015,SM,SME,False,False,PARTIAL,760,2023-07-06,2026-08-21,3.13,51.0,42953.7,17600,4149196.53,1229600.0,0.5259,-0.1177,1.212,8.456,0.703,0,0.0,30,3.95,0,0,0,0,0,Tier 4: SmallCap Active (10L-1 Cr/day)
TECHNVISN,TECHNVISION VENTURES LTD.,INE314H01012,EQ,NORMAL,False,False,PARTIAL,86,2026-04-21,2026-08-21,0.33,4932.0,851.4,261,4146214.27,1175779.8,0.665,-0.4086,2.143,9.563,0.4577,0,0.0,1,1.16,0,0,0,0,0,Tier 4: SmallCap Active (10L-1 Cr/day)
STRIDERS,STRIDERS IMPEX LIMITED,INE1XWN01017,SM,SME,False,False,PARTIAL,97,2026-03-06,2026-08-21,0.46,59.4,64940.2,17600,4122766.19,1051200.0,0.681,-0.0707,0.808,7.297,0.3208,0,0.0,12,12.37,0,0,0,0,0,Tier 4: SmallCap Active (10L-1 Cr/day)
PARIN,PARIN ENTERPRISES LIMITED,INE00U801010,SM,SME,False,False,PARTIAL,786,2018-10-09,2026-08-21,7.87,707.0,14302.8,5000,4111170.63,1560000.0,0.6547,0.9831,-0.098,8.64,0.5864,0,0.0,224,28.5,0,0,0,0,0,Tier 4: SmallCap Active (10L-1 Cr/day)
SHUBHSHREE,SHUBHSHREE BIOFUELS ENE L,INE0UL701015,SM,SME,False,False,PARTIAL,428,2024-09-16,2026-08-21,1.93,353.0,13622.7,4800,4103708.9,1798320.0,0.5343,0.4822,0.132,5.017,0.406,0,0.0,95,22.2,0,0,0,0,0,Tier 4: SmallCap Active (10L-1 Cr/day)
ARHAM,ARHAM TECHNOLOGIES LTD,INE0L2Y01011,SM,SME,False,False,PARTIAL,899,2022-12-15,2026-08-21,3.68,197.2,50661.8,24000,4088496.55,2348400.0,0.5901,0.6849,1.016,5.748,0.589,0,0.0,46,5.12,0,0,0,0,0,Tier 4: SmallCap Active (10L-1 Cr/day)
MARC,MARC TECHNOCRATS LIMITED,INE0TD401015,SM,SME,False,False,PARTIAL,156,2025-12-24,2026-08-21,0.66,140.2,62723.1,19200,4087802.31,1607400.0,0.6986,1.3516,0.823,3.786,0.4123,0,0.0,15,9.62,0,0,0,0,0,Tier 4: SmallCap Active (10L-1 Cr/day)
LANCORHOL,LANCOR HOLDINGS LIMITED,INE572G01025,EQ,NORMAL,False,False,PARTIAL,606,2024-03-12,2026-08-21,2.44,30.95,134705.5,77140,4067862.76,2343821.0,0.5726,-0.0543,1.212,8.127,0.6622,0,0.0,0,0.0,2,2,0,0,0,Tier 4: SmallCap Active (10L-1 Cr/day)
NGIL,NAKODA GROUP OF IND. LTD,INE236Y01012,EQ,NORMAL,False,False,PARTIAL,1242,2021-08-20,2026-08-21,5.0,39.95,75715.5,23939,4058519.45,1244762.1,0.5362,0.0975,0.887,7.44,0.9071,0,0.0,11,0.89,10,3,0,0,3,Tier 4: SmallCap Active (10L-1 Cr/day)
VAL30IETF,ICICIPRAMC - VAL30IETF,INF109KC16X5,EQ,NORMAL,False,False,PARTIAL,455,2024-10-22,2026-08-21,1.83,15.23,273984.9,153212,4051111.25,2052742.5,0.1868,0.096,-0.258,4.162,0.1814,0,0.0,0,0.0,0,0,0,0,0,Tier 4: SmallCap Active (10L-1 Cr/day)
CCCL,CONS. CONST. CONSORT LTD,INE429I01024,EQ,NORMAL,False,False,PARTIAL,1727,2016-08-22,2026-08-21,10.0,15.49,339874.4,148201,4043569.8,426513.6,2.697,1.2986,34.32,1336.808,0.9848,0,0.0,253,14.65,9,0,0,0,0,Tier 4: SmallCap Active (10L-1 Cr/day)
LOWVOL1,KOTAKMAMC - KOTAKLOVOL,INF174KA1IY5,EQ,NORMAL,False,False,PARTIAL,1092,2022-03-29,2026-08-21,4.4,21.36,202929.1,44442,4036153.65,841578.54,0.1991,0.1432,0.549,23.387,0.1834,0,0.0,0,0.0,0,0,0,0,0,Tier 4: SmallCap Active (10L-1 Cr/day)
ELGIRUBCO,ELGI RUBBER CO. LTD,INE819L01012,EQ,NORMAL,False,False,PARTIAL,2476,2016-08-22,2026-08-21,10.0,60.07,73440.5,24917,4033269.06,1031977.0,0.5669,0.2176,1.523,9.918,0.8398,1,0.04,64,2.58,10,3,0,0,0,Tier 4: SmallCap Active (10L-1 Cr/day)
TEJASCARGO,TEJAS CARGO INDIA LIMITED,INE17WC01013,SM,SME,False,False,PARTIAL,260,2025-02-24,2026-08-19,1.48,402.0,19412.3,4400,3996666.85,1079200.0,0.5069,0.9769,0.397,3.579,0.3028,0,0.0,83,31.92,0,0,0,0,0,Tier 4: SmallCap Active (10L-1 Cr/day)
EUROBOND,EURO PANEL PRODUCTS LTD,INE505V01016,EQ,NORMAL,False,False,PARTIAL,1103,2021-12-24,2026-08-21,4.66,157.38,28473.7,10660,3986651.54,1661600.0,0.4755,0.2907,1.515,10.541,0.4387,0,0.0,64,5.8,0,0,0,0,0,Tier 4: SmallCap Active (10L-1 Cr/day)
AROGRANITE,ARO GRANITE IND. LTD.,INE210C01013,EQ,NORMAL,False,False,PARTIAL,2476,2016-08-22,2026-08-21,10.0,25.0,64877.2,21852,3976770.78,1044929.55,0.4976,0.0167,1.075,8.553,0.8347,0,0.0,1,0.04,9,3,0,0,0,Tier 4: SmallCap Active (10L-1 Cr/day)
ALMONDZ,ALMONDZ GLOBAL SEC LTD,INE326B01035,EQ,NORMAL,False,False,PARTIAL,2458,2016-08-22,2026-08-21,10.0,14.16,231661.0,76995,3971186.5,702300.16,0.5689,0.3659,1.057,8.146,0.7858,0,0.0,54,2.2,10,0,1,0,0,Tier 4: SmallCap Active (10L-1 Cr/day)
AVANCE,AVANCE TECHNOLOGIES LTD.,INE758A01072,EQ,NORMAL,False,False,PARTIAL,5,2026-08-17,2026-08-21,0.01,0.88,4415653.2,3087303,3924192.12,2716826.64,0.1764,-1.4,-0.75,1.313,0.0222,0,0.0,0,0.0,0,0,0,0,0,Tier 4: SmallCap Active (10L-1 Cr/day)
IPHL,INDIAN PHOSPHATE LIMITED,INE0DHF01018,SM,SME,False,False,PARTIAL,478,2024-09-03,2026-08-21,1.96,67.0,41721.3,14400,3909744.6,864240.0,0.5706,-0.3604,1.584,9.731,0.7504,0,0.0,54,11.3,0,0,0,0,0,Tier 4: SmallCap Active (10L-1 Cr/day)
ZEAL,ZEAL GLOBAL SERVICES LTD,INE0PPS01018,SM,SME,False,False,PARTIAL,721,2023-08-09,2026-08-21,3.03,61.3,21444.4,8400,3903650.42,1270500.0,0.6114,-0.1402,1.04,8.339,0.7909,0,0.0,59,8.18,0,0,0,0,0,Tier 4: SmallCap Active (10L-1 Cr/day)
VLINFRA,V.L.INFRAPROJECTS LIMITED,INE0QXL01015,SM,SME,False,False,PARTIAL,488,2024-07-30,2026-08-21,2.06,26.1,49752.0,15000,3900351.02,583200.0,0.6233,-0.4103,0.519,5.749,0.8484,0,0.0,78,15.98,0,0,0,0,0,Tier 4: SmallCap Active (10L-1 Cr/day)
APOLSINHOT,APOLLO SINDOORI HOTEL LTD,INE451F01024,EQ,NORMAL,False,False,PARTIAL,2417,2016-08-22,2026-08-21,10.0,1207.4,3135.4,1265,3898439.89,1096352.55,0.6658,0.4358,7.386,205.809,0.7571,0,0.0,52,2.15,12,10,1,0,0,Tier 4: SmallCap Active (10L-1 Cr/day)
VARDMNPOLY,VARDHMAN POLYTEX LTD.,INE835A01029,EQ,NORMAL,False,False,PARTIAL,2466,2016-08-22,2026-08-21,10.0,6.1,631078.5,209090,3897667.02,757712.0,0.6816,0.2634,1.134,10.7,0.984,0,0.0,380,15.41,11,0,1,0,1,Tier 4: SmallCap Active (10L-1 Cr/day)
BALAXI,BALAXI PHARMA LTD,INE618N01022,EQ,NORMAL,False,False,PARTIAL,1935,2016-08-24,2026-08-21,9.99,22.4,59214.7,16590,3879463.12,1306525.5,0.6544,0.4109,9.074,226.572,0.9247,2,0.1,183,9.46,4,1,1,0,0,Tier 4: SmallCap Active (10L-1 Cr/day)
SAHYADRI,SAHYADRI INDUSTRIES LTD,INE280H01015,EQ,NORMAL,False,False,PARTIAL,838,2023-04-06,2026-08-21,3.38,374.05,10898.6,6427,3864082.73,2081989.05,0.4039,0.0912,0.723,6.535,0.5687,0,0.0,0,0.0,5,5,0,0,0,Tier 4: SmallCap Active (10L-1 Cr/day)
MSCIINDIA,KOTAKMAMC - MSCIINDIA,INF174KA1VD2,EQ,NORMAL,False,False,PARTIAL,366,2025-02-27,2026-08-21,1.48,30.16,132347.9,12645,3853761.45,381683.25,0.1725,0.0993,-0.672,15.404,0.1367,0,0.0,0,0.0,0,0,0,0,0,Tier 4: SmallCap Active (10L-1 Cr/day)
ECORECO,ECO RECYCLING LTD.,INE316A01038,EQ,NORMAL,False,False,PARTIAL,5,2026-08-17,2026-08-21,0.01,454.75,8336.4,6674,3843635.0,3078382.5,0.203,-3.2363,0.556,1.183,0.0506,0,0.0,0,0.0,0,0,0,0,0,Tier 4: SmallCap Active (10L-1 Cr/day)
INM,INTERIORS & MORE LIMITED,INE0OPC01015,SM,SME,False,False,PARTIAL,520,2024-02-23,2026-08-19,2.49,164.05,21355.4,6000,3829899.69,1109700.0,0.577,0.2366,0.192,4.687,0.5394,0,0.0,94,18.08,0,0,0,0,0,Tier 4: SmallCap Active (10L-1 Cr/day)
CORALFINAC,CORAL INDIA FIN & HOUS LT,INE558D01021,EQ,NORMAL,False,False,PARTIAL,2326,2017-03-29,2026-08-21,9.4,34.53,81598.0,22928,3823613.27,775324.9,0.6321,0.0679,-2.23,75.398,0.9636,0,0.0,28,1.2,12,10,1,0,0,Tier 4: SmallCap Active (10L-1 Cr/day)
NIFTYBETF,BFAM - NIFTYBETF,INF0QA701722,EQ,NORMAL,False,False,PARTIAL,637,2024-01-29,2026-08-21,2.56,250.09,15609.8,2865,3810180.38,723599.46,0.1341,0.0641,-0.385,9.121,0.1581,0,0.0,0,0.0,0,0,0,0,0,Tier 4: SmallCap Active (10L-1 Cr/day)
VITAL,VITAL CHEMTECH LIMITED,INE0L4K01016,BE,NORMAL,False,False,PARTIAL,920,2022-11-14,2026-08-21,3.77,51.22,36694.8,16800,3788040.67,1271284.8,0.5014,-0.1953,1.561,10.481,0.7858,0,0.0,43,4.67,0,0,0,0,0,Tier 4: SmallCap Active (10L-1 Cr/day)
ENFUSE,ENFUSE SOLUTIONS LIMITED,INE0S3X01014,SM,SME,False,False,PARTIAL,539,2024-03-22,2026-08-21,2.41,153.0,23099.4,7800,3786301.84,1518000.0,0.6715,0.3526,0.794,5.435,0.4536,0,0.0,67,12.43,0,0,0,0,0,Tier 4: SmallCap Active (10L-1 Cr/day)
VCL,VAXTEX COTFAB LIMITED,INE098201036,BE,NORMAL,False,False,PARTIAL,1015,2022-04-19,2026-08-21,4.34,2.13,1031581.8,398006,3783918.44,747327.1,0.7864,-0.0978,4.971,122.457,0.9792,0,0.0,102,10.05,5,0,1,0,1,Tier 4: SmallCap Active (10L-1 Cr/day)
GROWWMOM50,GROWWAMC - GROWWMOM50,INF666M01KJ4,EQ,NORMAL,False,False,PARTIAL,331,2025-04-24,2026-08-21,1.33,10.97,360512.6,223236,3761884.56,2395198.7,0.1758,0.0732,0.45,5.404,0.1716,0,0.0,0,0.0,0,0,0,0,0,Tier 4: SmallCap Active (10L-1 Cr/day)
VISDEM,VISDEM TECHNOSYS LIMITED,INE0OWX01025,SM,SME,False,False,PARTIAL,631,2023-09-26,2026-08-21,2.9,83.25,27465.0,8400,3752027.83,1001400.0,0.6755,0.2455,0.832,6.035,0.7612,0,0.0,102,16.16,0,0,0,0,0,Tier 4: SmallCap Active (10L-1 Cr/day)
SHRITECH,SHRI TECHTEX LIMITED,INE0OMF01015,SM,SME,False,False,PARTIAL,642,2023-08-04,2026-08-20,3.04,56.7,46763.2,20000,3749392.52,1380000.0,0.5334,-0.0205,0.94,7.438,0.5053,0,0.0,72,11.21,0,0,0,0,0,Tier 4: SmallCap Active (10L-1 Cr/day)
WEALTH,WEALTH FRST PORT. MG. LTD,INE658T01017,EQ,NORMAL,False,False,PARTIAL,1516,2016-09-09,2026-08-21,9.95,866.85,4801.8,2111,3740834.06,768381.95,0.6045,0.6623,0.191,15.882,0.5426,5,0.33,159,10.49,10,10,0,0,0,Tier 4: SmallCap Active (10L-1 Cr/day)
MAJESAUT,MAJESTIC AUTO LTD.,INE201B01022,BE,NORMAL,False,False,PARTIAL,87,2026-04-20,2026-08-21,0.34,363.85,8816.8,3080,3740546.98,1036246.7,0.4077,0.6483,-0.085,7.093,0.2884,0,0.0,4,4.6,1,1,0,0,0,Tier 4: SmallCap Active (10L-1 Cr/day)
DIGISPICE,DIGISPICE TECHNOLOGIES LT,INE927C01020,EQ,NORMAL,False,False,PARTIAL,2476,2016-08-22,2026-08-21,10.0,16.99,115310.2,50986,3739996.35,1206558.36,0.5799,0.1719,0.92,6.435,0.9078,0,0.0,120,4.85,8,1,0,0,0,Tier 4: SmallCap Active (10L-1 Cr/day)
SANDESH,SANDESH LTD,INE583B01015,EQ,NORMAL,False,False,PARTIAL,2476,2016-08-22,2026-08-21,10.0,1038.75,3292.9,1204,3726876.32,1048293.75,0.3938,0.0974,1.959,21.131,0.7318,0,0.0,0,0.0,18,11,0,0,0,Tier 4: SmallCap Active (10L-1 Cr/day)
HINDCON,HINDCON CHEMICALS LIMITED,INE642Y01029,EQ,NORMAL,False,False,PARTIAL,1569,2018-03-09,2026-08-21,8.45,22.21,158200.7,51770,3713851.73,1008768.0,0.6145,0.3975,1.373,10.088,0.7381,0,0.0,202,12.87,7,5,1,0,0,Tier 4: SmallCap Active (10L-1 Cr/day)
MOBILISE,MOBILISE APP LAB LIMITED,INE1YNB01019,SM,SME,False,False,PARTIAL,104,2026-03-02,2026-08-20,0.47,105.25,44261.5,24000,3689659.23,2044800.0,0.7359,1.3594,0.571,4.456,0.3314,0,0.0,21,20.19,0,0,0,0,0,Tier 4: SmallCap Active (10L-1 Cr/day)
RELCHEMQ,RELIANCE CHEMOTEX IND LTD,INE750D01016,EQ,NORMAL,False,False,PARTIAL,1054,2022-05-25,2026-08-21,4.24,112.18,17191.6,6425,3688532.12,1180096.65,0.4088,-0.0869,1.449,11.76,0.6598,0,0.0,0,0.0,4,4,0,0,0,Tier 4: SmallCap Active (10L-1 Cr/day)
BLUEPEBBLE,BLUE PEBBLE LIMITED,INE0SAK01011,SM,SME,False,False,PARTIAL,582,2024-04-03,2026-08-21,2.38,66.2,15773.2,7200,3683695.19,1355420.0,0.6418,-0.2918,0.065,4.967,0.8183,1,0.17,30,5.15,0,0,0,0,0,Tier 4: SmallCap Active (10L-1 Cr/day)
MODINATUR,MODI NATURALS LIMITED,INE537F01012,BE,NORMAL,False,False,PARTIAL,172,2025-12-11,2026-08-21,0.69,336.95,9295.6,4356,3677284.16,1575205.0,0.5441,-0.0353,2.411,14.467,0.3071,0,0.0,0,0.0,0,0,0,0,0,Tier 4: SmallCap Active (10L-1 Cr/day)
RUDRA,RUDRA GLOBAL INFRA PROD L,INE027T01023,EQ,NORMAL,False,False,PARTIAL,166,2025-12-19,2026-08-21,0.67,21.28,169355.7,43144,3666207.21,824884.72,0.5771,-0.2324,2.396,13.773,0.4612,0,0.0,0,0.0,0,0,0,0,0,Tier 4: SmallCap Active (10L-1 Cr/day)
MGSL,MATRIX GEO SOLUTIONS LTD,INE132901013,SM,SME,False,False,PARTIAL,205,2025-09-30,2026-08-21,0.89,91.0,40665.4,16800,3661329.37,1308720.0,0.7587,0.1708,1.224,6.256,0.5026,0,0.0,14,6.83,0,0,0,0,0,Tier 4: SmallCap Active (10L-1 Cr/day)
DHUNINV,DHUNSERI INVESTMENTS LTD,INE320L01011,EQ,NORMAL,False,False,PARTIAL,2476,2016-08-22,2026-08-21,10.0,975.65,5063.0,1649,3658422.01,896543.4,0.5486,0.3436,1.742,12.508,0.7852,0,0.0,3,0.12,10,10,0,0,0,Tier 4: SmallCap Active (10L-1 Cr/day)
AARVI,AARVI ENCON LIMITED,INE754X01016,EQ,NORMAL,False,False,PARTIAL,1887,2017-10-05,2026-08-21,8.88,152.5,31604.7,13045,3644128.56,1355618.4,0.5527,0.2855,1.496,9.75,0.8273,0,0.0,159,8.43,8,8,0,0,0,Tier 4: SmallCap Active (10L-1 Cr/day)
SCML,SHARP CHUCKS N MACHINES L,INE460Q01014,SM,SME,False,False,PARTIAL,671,2023-10-12,2026-08-21,2.86,82.4,36928.5,15000,3643616.24,1509750.0,0.6563,0.3012,0.639,8.021,0.5117,0,0.0,65,9.69,0,0,0,0,0,Tier 4: SmallCap Active (10L-1 Cr/day)
COMMITTED,COMMITTED CARGO CARE LTD,INE597Z01014,SM,SME,False,False,PARTIAL,598,2023-10-18,2026-08-21,2.84,345.0,29539.8,11200,3629241.4,1074720.0,0.5554,0.7373,0.947,6.609,0.435,0,0.0,112,18.73,0,0,0,0,0,Tier 4: SmallCap Active (10L-1 Cr/day)
SUNTECH,SUNTECH INFRA SOLUTIONS L,INE0SGZ01016,SM,SME,False,False,PARTIAL,275,2025-07-02,2026-08-21,1.14,35.05,50938.2,19200,3626131.2,889280.0,0.635,-0.7981,0.701,5.591,0.7235,0,0.0,22,8.0,0,0,0,0,0,Tier 4: SmallCap Active (10L-1 Cr/day)
DHRUV,DHRUV CONSULTANCY SER LTD,INE506Z01015,EQ,NORMAL,False,False,PARTIAL,1188,2017-01-04,2026-08-21,9.63,24.35,48548.8,21547,3621578.17,1339767.0,3.227,1.3407,33.155,1127.78,0.8555,8,0.67,62,5.22,7,4,0,0,0,Tier 4: SmallCap Active (10L-1 Cr/day)
NIF100BEES,NIP IND ETF NIFTY 100,INF204K014N5,EQ,NORMAL,False,False,PARTIAL,2443,2016-08-22,2026-08-21,10.0,269.9,14898.4,2576,3615729.01,396651.6,0.1999,0.1342,-1.274,32.967,0.3159,0,0.0,85,3.48,0,0,0,0,0,Tier 4: SmallCap Active (10L-1 Cr/day)
NEPTUNE,NEPTUNE PETROCHEMICALS L,INE156901014,SM,SME,False,False,PARTIAL,290,2025-06-04,2026-08-21,1.21,179.05,22932.8,6000,3612871.9,1006500.0,0.4867,0.3334,1.481,9.595,0.2872,0,0.0,49,16.9,0,0,0,0,0,Tier 4: SmallCap Active (10L-1 Cr/day)
UTKAL,UTKAL SPEC INDUS INDIA L,INE1V1R01014,SM,SME,False,False,PARTIAL,47,2026-06-17,2026-08-21,0.18,52.55,96978.7,30000,3602712.77,1315800.0,0.8249,-0.6284,-0.26,1.461,0.6212,0,0.0,22,46.81,0,0,0,0,0,Tier 4: SmallCap Active (10L-1 Cr/day)
BSL,BSL LTD,INE594B01012,EQ,NORMAL,False,False,PARTIAL,2476,2016-08-22,2026-08-21,10.0,122.23,27065.2,9256,3591788.05,799134.7,0.5643,0.2204,1.578,9.739,0.86,0,0.0,20,0.81,10,7,0,0,0,Tier 4: SmallCap Active (10L-1 Cr/day)
MAITREYA,MAITREYA MEDICARE LIMITED,INE0PLQ01011,SM,SME,False,False,PARTIAL,650,2023-11-07,2026-08-20,2.78,118.5,18204.9,6400,3583939.35,1472000.0,0.5708,0.0578,0.603,5.06,0.7214,0,0.0,51,7.85,0,0,0,0,0,Tier 4: SmallCap Active (10L-1 Cr/day)
FMNL,FUTURE MKT NETWORKS LTD,INE360L01017,EQ,NORMAL,False,False,PARTIAL,2476,2016-08-22,2026-08-21,10.0,8.77,98090.9,44752,3579080.58,702238.6,0.5897,0.0378,0.891,6.866,0.9798,0,0.0,187,7.55,10,0,0,0,0,Tier 4: SmallCap Active (10L-1 Cr/day)
SGRL,SHREE GANESH REMEDIES LTD,INE414Y01015,EQ,NORMAL,False,False,PARTIAL,5,2026-08-17,2026-08-21,0.01,507.6,6857.8,7823,3554924.13,3919714.15,0.3192,-3.4838,0.338,1.039,0.0669,0,0.0,0,0.0,0,0,0,0,0,Tier 4: SmallCap Active (10L-1 Cr/day)
SUNRAKSHAK,SUNRAKSHAKK INDUS IND L,INE671K01027,EQ,NORMAL,False,False,PARTIAL,5,2026-08-17,2026-08-21,0.01,378.45,9403.2,7222,3550831.13,2711138.8,0.0941,0.0116,0.418,1.031,0.0079,0,0.0,0,0.0,0,0,0,0,0,Tier 4: SmallCap Active (10L-1 Cr/day)
VASWANI,VASWANI IND LTD,INE590L01019,EQ,NORMAL,False,False,PARTIAL,2474,2016-08-22,2026-08-21,10.0,46.55,103212.0,34101,3548370.96,669096.45,0.6624,0.4001,1.124,7.401,0.8935,0,0.0,60,2.43,8,0,0,0,0,Tier 4: SmallCap Active (10L-1 Cr/day)
SHIVATEX,SHIVA TEXYARN LIMITED,INE705C01020,EQ,NORMAL,False,False,PARTIAL,2142,2017-12-26,2026-08-21,8.65,165.7,18109.2,5779,3538741.14,942418.8,0.576,0.0424,1.213,9.05,0.922,0,0.0,9,0.42,8,6,0,0,0,Tier 4: SmallCap Active (10L-1 Cr/day)
SICAGEN,SICAGEN INDIA LIMITED,INE176J01011,EQ,NORMAL,False,False,PARTIAL,87,2026-04-20,2026-08-21,0.34,55.66,54662.8,10396,3536965.25,560908.8,0.6294,0.243,2.626,15.918,0.2595,0,0.0,0,0.0,5,5,0,0,0,Tier 4: SmallCap Active (10L-1 Cr/day)
AARADHYA,AARADHYA DISPOSAL INDUS L,INE124401014,SM,SME,False,False,PARTIAL,191,2025-08-11,2026-08-21,1.03,69.95,29736.1,4800,3536034.97,595440.0,0.6089,-0.4922,0.234,3.649,0.6101,0,0.0,54,28.27,0,0,0,0,0,Tier 4: SmallCap Active (10L-1 Cr/day)
NV20IETF,ICICI PRUDENTIAL NV20 ETF,INF109KC11V0,EQ,NORMAL,False,False,PARTIAL,2370,2016-08-31,2026-08-21,9.97,13.6,295056.8,178970,3525932.06,1660217.5,0.182,0.1525,-1.186,76.82,0.3639,0,0.0,90,3.8,0,0,0,0,0,Tier 4: SmallCap Active (10L-1 Cr/day)
KOTHARIPRO,KOTHARI PRODUCTS LTD,INE823A01017,EQ,NORMAL,False,False,PARTIAL,2476,2016-08-22,2026-08-21,10.0,68.05,47065.1,13062,3525535.91,814353.8,0.532,0.1178,2.355,15.456,0.8664,0,0.0,8,0.32,10,3,0,1,0,Tier 4: SmallCap Active (10L-1 Cr/day)
AGRITECH,AGRI-TECH (INDIA) LIMITED,INE449G01018,EQ,NORMAL,False,False,PARTIAL,2450,2016-08-22,2026-08-21,10.0,103.02,27968.9,9852,3524340.91,813636.75,0.6016,0.2691,1.578,10.028,0.9074,0,0.0,51,2.08,9,0,0,0,0,Tier 4: SmallCap Active (10L-1 Cr/day)
JOCIL,JOCIL LIMITED,INE839G01010,BE,NORMAL,False,False,PARTIAL,2474,2016-08-22,2026-08-21,10.0,149.99,17217.8,5874,3523510.39,995303.7,0.4608,0.0803,1.37,11.436,0.6949,0,0.0,4,0.16,9,9,0,0,0,Tier 4: SmallCap Active (10L-1 Cr/day)
PODDARMENT,PODDAR PIGMENTS LIMITED,INE371C01013,EQ,NORMAL,False,False,PARTIAL,2416,2016-11-22,2026-08-21,9.74,249.45,11759.3,4598,3518890.89,1214662.95,0.4114,0.1054,1.23,9.49,0.6963,0,0.0,1,0.04,12,9,0,0,0,Tier 4: SmallCap Active (10L-1 Cr/day)
PRITIKA,PRITIKA ENG COMPO LTD,INE0MJQ01020,SM,SME,False,False,PARTIAL,1029,2019-09-11,2026-08-19,6.94,59.55,77163.6,26000,3518143.65,1200000.0,0.801,0.2321,-6.424,129.9,0.9764,0,0.0,187,18.17,0,0,0,0,0,Tier 4: SmallCap Active (10L-1 Cr/day)
BANKPSU,MIRAEAMC - BANKPSU,INF769K01LZ4,EQ,NORMAL,False,False,PARTIAL,465,2024-10-08,2026-08-21,1.87,86.59,45283.5,13648,3509486.43,1016201.34,0.2417,0.1783,-0.137,4.002,0.2128,0,0.0,0,0.0,0,0,0,0,0,Tier 4: SmallCap Active (10L-1 Cr/day)
NIRAJ,NIRAJ CEMENT STRUC LTD,INE368I01016,EQ,NORMAL,False,False,PARTIAL,1461,2020-10-01,2026-08-21,5.89,27.92,75382.7,23356,3505399.47,922605.09,0.5135,0.0749,0.982,8.423,0.7131,0,0.0,19,1.3,4,0,0,0,0,Tier 4: SmallCap Active (10L-1 Cr/day)
DTIL,DHUNSERI TEA & IND. LTD.,INE341R01014,EQ,NORMAL,False,False,PARTIAL,2476,2016-08-22,2026-08-21,10.0,138.69,15362.0,6006,3502168.08,1114264.4,0.4247,0.0592,1.376,13.772,0.787,0,0.0,4,0.16,2,2,0,0,0,Tier 4: SmallCap Active (10L-1 Cr/day)
BNKETFAXIS,AXISAMC-BNKETFAXIS,INF846K01X63,EQ,NORMAL,False,False,PARTIAL,1434,2020-11-09,2026-08-21,5.78,595.7,7181.0,1266,3499059.78,543886.49,0.1775,0.1536,-0.066,7.198,0.2049,0,0.0,0,0.0,0,0,0,0,0,Tier 4: SmallCap Active (10L-1 Cr/day)
THOMASCOTT,THOMAS SCOTT (INDIA) LTD,INE480M01011,EQ,NORMAL,False,False,PARTIAL,1981,2016-08-24,2026-08-21,9.99,286.35,12662.5,1872,3497221.83,80033.8,0.5601,0.5442,-0.145,5.107,0.8361,1,0.05,587,29.63,9,0,0,0,0,Tier 4: SmallCap Active (10L-1 Cr/day)
SURANASOL,SURANA SOLAR LIMITED,INE272L01022,EQ,NORMAL,False,False,PARTIAL,2476,2016-08-22,2026-08-21,10.0,25.85,119875.1,53616,3495723.16,1054053.0,0.5379,0.1429,1.651,10.636,0.8034,0,0.0,60,2.42,9,0,0,0,0,Tier 4: SmallCap Active (10L-1 Cr/day)
DHANSA,DHANSA LABS LIMITED,INE0M3I01029,SM,SME,False,False,PARTIAL,482,2024-07-11,2026-08-21,2.11,21.5,55170.1,20000,3492855.81,756700.0,0.6139,-0.5604,1.017,6.321,0.8015,0,0.0,63,13.07,0,0,0,0,0,Tier 4: SmallCap Active (10L-1 Cr/day)
INDOWIND,INDOWIND ENERGY LTD,INE227G01018,EQ,NORMAL,False,False,PARTIAL,2474,2016-08-22,2026-08-21,10.0,9.17,223996.4,99344,3484744.13,888426.0,0.5649,0.2381,0.67,5.647,0.8844,0,0.0,149,6.02,12,0,0,0,3,Tier 4: SmallCap Active (10L-1 Cr/day)
NILASPACES,NILA SPACES LIMITED,INE00S901012,EQ,NORMAL,False,False,PARTIAL,1888,2019-01-11,2026-08-21,7.61,13.08,462066.6,250981,3480842.75,829682.07,0.5804,0.3493,0.804,5.29,0.8936,1,0.05,213,11.28,6,0,0,0,0,Tier 4: SmallCap Active (10L-1 Cr/day)
HISARMETAL,HISAR METAL IND. LIMITED,INE598C01011,EQ,NORMAL,False,False,PARTIAL,2383,2017-01-05,2026-08-21,9.62,149.16,25650.0,7203,3476309.6,793364.0,0.6049,0.3501,1.756,10.89,0.7507,0,0.0,12,0.5,10,10,0,0,0,Tier 4: SmallCap Active (10L-1 Cr/day)
OBCL,OBCL LIMITED,INE426Z01016,EQ,NORMAL,False,False,PARTIAL,1085,2022-04-07,2026-08-21,4.37,54.25,54361.3,23040,3474398.32,1557887.6,0.4788,-0.1401,2.176,16.653,0.7153,0,0.0,0,0.0,0,0,0,0,0,Tier 4: SmallCap Active (10L-1 Cr/day)
BIOFILCHEM,BIOFIL CHEM & PHARMA LTD,INE829A01014,EQ,NORMAL,False,False,PARTIAL,2178,2017-07-27,2026-08-21,9.07,30.26,50075.9,16953,3473337.2,763655.55,0.5527,0.1863,1.053,7.497,0.924,0,0.0,248,11.39,9,0,0,0,0,Tier 4: SmallCap Active (10L-1 Cr/day)
CENTEXT,CENTURY EXTRUSIONS LTD,INE281A01026,EQ,NORMAL,False,False,PARTIAL,2476,2016-08-22,2026-08-21,10.0,20.64,266958.6,116992,3457789.32,1181556.53,0.6467,0.4257,1.353,7.625,0.8465,0,0.0,64,2.58,10,0,0,0,0,Tier 4: SmallCap Active (10L-1 Cr/day)
INVICTA,INVICTA DIAGNOSTIC LTD,INE0XJ501010,SM,SME,False,False,PARTIAL,164,2025-12-08,2026-08-20,0.7,69.5,42975.6,16000,3456952.2,1040000.0,0.7139,-0.2651,1.29,6.243,0.4165,0,0.0,24,14.63,0,0,0,0,0,Tier 4: SmallCap Active (10L-1 Cr/day)
SUNDRMBRAK,SUNDARAMBRAKE LININGS LTD,INE073D01013,BE,NORMAL,False,False,PARTIAL,2476,2016-08-22,2026-08-21,10.0,793.25,6494.5,2248,3454238.84,1036211.4,0.4764,0.1789,1.942,14.386,0.8059,0,0.0,3,0.12,10,3,0,0,0,Tier 4: SmallCap Active (10L-1 Cr/day)
CUBEXTUB,CUBEX TUBINGS LTD,INE144D01012,EQ,NORMAL,False,False,PARTIAL,2396,2016-08-22,2026-08-21,10.0,79.11,42536.0,11294,3451213.8,335581.2,0.6077,0.3909,0.699,6.397,0.803,0,0.0,194,8.1,8,0,0,0,0,Tier 4: SmallCap Active (10L-1 Cr/day)
MONEYBOXX,MONEYBOXX FINANCE LIMITED,INE296Q01012,EQ,NORMAL,False,False,PARTIAL,211,2025-10-15,2026-08-21,0.85,55.15,51695.9,34004,3440800.28,2384292.58,0.6775,-0.9788,-5.46,62.357,0.6846,0,0.0,0,0.0,1,0,0,1,0,Tier 4: SmallCap Active (10L-1 Cr/day)
DUCOL,DUCOL ORGS AND COLOURS LT,INE0LZO01015,SM,SME,False,False,PARTIAL,846,2023-01-19,2026-08-21,3.59,106.7,25679.4,13600,3437938.3,1780800.0,0.5452,0.1175,0.766,6.133,0.5628,0,0.0,38,4.49,0,0,0,0,0,Tier 4: SmallCap Active (10L-1 Cr/day)
SPLIL,SPL INDUSTRIES LIMITED,INE978G01016,EQ,NORMAL,False,False,PARTIAL,2476,2016-08-22,2026-08-21,10.0,30.25,62886.4,26459,3436674.7,1095981.7,0.5564,0.1616,1.285,9.602,0.7436,0,0.0,21,0.85,9,0,0,0,0,Tier 4: SmallCap Active (10L-1 Cr/day)
AKASH,AKASH INFRA-PROJECTS LTD,INE737W01013,EQ,NORMAL,False,False,PARTIAL,1979,2017-03-15,2026-08-21,9.43,24.97,45785.0,16231,3428490.45,715182.0,0.6922,0.1163,0.828,8.561,0.9143,1,0.05,158,7.98,2,2,0,0,0,Tier 4: SmallCap Active (10L-1 Cr/day)
MITTAL,MITTAL LIFE STYLE LIMITED,INE997Y01027,EQ,NORMAL,False,False,PARTIAL,1865,2018-04-02,2026-08-21,8.39,0.88,1467459.3,524880,3422469.55,803480.0,0.848,0.1465,16.541,517.104,0.9533,0,0.0,313,16.78,9,0,1,1,1,Tier 4: SmallCap Active (10L-1 Cr/day)
HVAX,HVAX TECHNOLOGIES LIMITED,INE0TO501019,SM,SME,False,False,PARTIAL,383,2024-10-07,2026-08-21,1.87,640.0,5135.2,1500,3419922.16,1022580.0,0.644,0.3785,0.837,6.358,0.4211,0,0.0,70,18.28,0,0,0,0,0,Tier 4: SmallCap Active (10L-1 Cr/day)
NATCAPSUQ,NATURAL CAPSULES LIMITED,INE936B01015,EQ,NORMAL,False,False,PARTIAL,374,2025-02-14,2026-08-21,1.51,151.88,16776.2,5347,3416848.38,955275.62,0.5281,-0.2011,1.865,10.874,0.4943,0,0.0,0,0.0,0,0,0,0,0,Tier 4: SmallCap Active (10L-1 Cr/day)
LAGNAM,LAGNAM SPINTEX LIMITED,INE548Z01017,EQ,NORMAL,False,False,PARTIAL,1625,2018-09-18,2026-08-21,7.92,76.91,42326.1,17037,3404696.23,1197420.29,0.5529,0.2554,0.948,7.42,0.8228,0,0.0,242,14.89,5,3,0,0,0,Tier 4: SmallCap Active (10L-1 Cr/day)
HEALTHY,BIRLASLAMC - HEALTHY,INF209KB10C2,EQ,NORMAL,False,False,PARTIAL,1195,2021-10-28,2026-08-21,4.81,16.89,254536.2,141862,3402946.02,1813834.27,0.1434,0.1525,-0.114,3.96,0.1779,0,0.0,0,0.0,0,0,0,0,0,Tier 4: SmallCap Active (10L-1 Cr/day)
DIGIDRIVE,DIGIDRIVE DISTRIBUTORS L,INE0PSC01024,EQ,NORMAL,False,False,PARTIAL,649,2024-01-10,2026-08-21,2.61,17.9,80032.9,37323,3399142.22,1119879.68,0.4654,-0.5549,0.826,7.906,0.8288,0,0.0,20,3.08,1,0,0,0,0,Tier 4: SmallCap Active (10L-1 Cr/day)
MCL,M TEK COPPER LIMITED,INE813V01022,EQ,NORMAL,False,False,PARTIAL,2128,2017-02-06,2026-08-21,9.54,58.23,62316.8,22035,3387359.57,1061521.6,0.8124,0.4122,6.73,175.019,0.8309,0,0.0,195,9.16,5,0,0,0,0,Tier 4: SmallCap Active (10L-1 Cr/day)
CTE,CAMBRIDGE TECH ENTER LTD,INE627H01017,EQ,NORMAL,False,False,PARTIAL,2477,2016-08-22,2026-08-21,10.0,49.53,44752.2,13681,3369007.83,743028.3,0.5638,0.0559,1.244,8.067,0.9129,1,0.04,150,6.06,9,0,0,0,0,Tier 4: SmallCap Active (10L-1 Cr/day)
SUNDARAM,SUNDARAM MULTI PAP LTD,INE108E01023,EQ,NORMAL,False,False,PARTIAL,2476,2016-08-22,2026-08-21,10.0,1.23,1041924.9,409674,3349835.81,954733.5,0.5654,0.0294,0.962,8.113,0.823,0,0.0,98,3.96,8,0,0,0,0,Tier 4: SmallCap Active (10L-1 Cr/day)
IVP,IVP LIMITED,INE043C01018,BE,NORMAL,False,False,PARTIAL,2472,2016-08-22,2026-08-21,10.0,185.46,18736.9,5785,3329620.43,834351.36,0.5417,0.1834,1.261,9.603,0.8633,0,0.0,25,1.01,10,9,0,0,0,Tier 4: SmallCap Active (10L-1 Cr/day)
HEADSUP,HEADS UP VENTURES LIMITED,INE759V01019,EQ,NORMAL,False,False,PARTIAL,2400,2016-12-14,2026-08-21,9.68,6.69,93418.4,39467,3318124.36,706953.0,0.5539,-0.2187,1.199,9.245,0.9779,0,0.0,71,2.96,8,0,0,0,0,Tier 4: SmallCap Active (10L-1 Cr/day)
MOMENTUM30,KOTAKMAMC - MOMENTUM30,INF174KA1XS6,EQ,NORMAL,False,False,PARTIAL,209,2025-10-17,2026-08-21,0.84,30.96,111015.5,28217,3308016.28,867788.01,0.2271,-0.0696,0.387,6.325,0.1851,0,0.0,0,0.0,0,0,0,0,0,Tier 4: SmallCap Active (10L-1 Cr/day)
VELJAN,VELJAN DENISON LTD.,INE232E01013,BE,NORMAL,False,False,PARTIAL,87,2026-04-20,2026-08-21,0.34,1785.2,1959.6,398,3306909.3,523241.5,0.6677,1.9381,2.235,10.911,0.1471,0,0.0,0,0.0,1,1,0,0,0,Tier 4: SmallCap Active (10L-1 Cr/day)
RHL,ROBUST HOTELS LIMITED,INE508K01013,EQ,NORMAL,False,False,PARTIAL,830,2016-08-25,2026-08-21,9.99,169.22,19179.5,8791,3306429.85,1554485.2,0.7343,-0.0107,-11.347,256.533,0.9915,0,0.0,17,2.05,4,0,0,0,0,Tier 4: SmallCap Active (10L-1 Cr/day)
GSTL,GLOBESECURE TECHNO LTD,INE00WS01056,SM,SME,False,False,PARTIAL,957,2022-06-02,2026-08-21,4.22,13.9,50428.4,18000,3305165.05,745000.0,0.5699,-0.0967,0.191,4.125,0.9636,0,0.0,205,21.42,0,0,0,0,0,Tier 4: SmallCap Active (10L-1 Cr/day)
IITL,INDUSTRIAL INV TRUST LTD,INE886A01014,EQ,NORMAL,False,False,PARTIAL,2359,2016-08-22,2026-08-21,10.0,149.59,21585.5,2285,3304028.46,207888.0,0.5531,0.2445,0.824,6.819,0.7139,0,0.0,228,9.67,10,0,0,0,0,Tier 4: SmallCap Active (10L-1 Cr/day)
SHEETAL,SHEETAL UNIVERSAL LIMITED,INE04VX01019,SM,SME,False,False,PARTIAL,670,2023-12-11,2026-08-21,2.69,323.0,34911.2,18000,3299903.81,2070000.0,0.3414,0.6057,1.295,8.857,0.356,0,0.0,28,4.18,0,0,0,0,0,Tier 4: SmallCap Active (10L-1 Cr/day)
PRAXIS,PRAXIS HOME RETAIL LTD,INE546Y01022,EQ,NORMAL,False,False,PARTIAL,2066,2018-01-31,2026-08-21,8.55,5.45,140290.8,39106,3279646.6,917944.2,0.5482,-0.2326,0.476,4.185,0.9577,0,0.0,243,11.76,5,0,0,0,3,Tier 4: SmallCap Active (10L-1 Cr/day)
BIRLAPREC,BIRLA PRECISION TECH L,INE372E01025,EQ,NORMAL,False,False,PARTIAL,87,2026-04-20,2026-08-21,0.34,44.4,80179.5,33597,3278002.08,1207985.92,0.6428,0.8976,0.228,9.313,0.2779,0,0.0,0,0.0,0,0,0,0,0,Tier 4: SmallCap Active (10L-1 Cr/day)
DELTIC,DELTA AUTOCORP LIMITED,INE0XRN01019,SM,SME,False,False,PARTIAL,397,2025-01-14,2026-08-21,1.6,36.9,38052.9,19000,3272838.41,981400.0,0.5911,-0.7863,0.431,5.661,0.8299,0,0.0,14,3.53,0,0,0,0,0,Tier 4: SmallCap Active (10L-1 Cr/day)
JISLDVREQS,JAIN DVR EQUITY SHARES,IN9175A01010,EQ,NORMAL,False,False,PARTIAL,2476,2016-08-22,2026-08-21,10.0,21.14,81435.8,41181,3262163.13,1150543.1,0.5025,0.0324,0.611,5.918,0.9645,0,0.0,56,2.26,9,4,0,0,0,Tier 4: SmallCap Active (10L-1 Cr/day)
ENSER,ENSER COMMUNICATIONS LTD,INE0R9I01021,SM,SME,False,False,PARTIAL,569,2024-03-22,2026-08-21,2.41,15.35,204754.0,65000,3254622.58,1290000.0,0.5992,0.5249,0.694,5.575,0.75,0,0.0,131,23.02,0,0,0,0,0,Tier 4: SmallCap Active (10L-1 Cr/day)
RVTH,REVATHI EQUIPMENT INDIA L,INE0DAB01012,EQ,NORMAL,False,False,PARTIAL,483,2024-09-11,2026-08-21,1.94,733.9,2311.1,1047,3252938.26,1034987.0,0.4938,-0.6335,0.147,9.551,0.8545,0,0.0,15,3.11,0,0,0,0,0,Tier 4: SmallCap Active (10L-1 Cr/day)
CONSOFINVT,CONSO. FIN. & HOLD. LTD.,INE025A01027,BE,NORMAL,False,False,PARTIAL,2462,2016-08-22,2026-08-21,10.0,272.5,20364.6,6270,3250354.11,685536.0,0.4994,0.2743,1.125,9.579,0.778,0,0.0,38,1.54,9,1,0,0,0,Tier 4: SmallCap Active (10L-1 Cr/day)
SAIFL,SAMEERA AGRO AND INFRA L,INE0PZA01015,SM,SME,False,False,PARTIAL,619,2024-01-01,2026-08-21,2.64,5.1,222920.8,72000,3244810.34,1024800.0,0.6066,-0.5949,1.071,6.943,0.8553,0,0.0,51,8.24,0,0,0,0,0,Tier 4: SmallCap Active (10L-1 Cr/day)
LAL,LORENZINI APPARELS LTD,INE740X01023,EQ,NORMAL,False,False,PARTIAL,836,2023-04-10,2026-08-21,3.36,8.76,170521.2,51050,3236892.44,653920.0,0.4977,0.1551,0.746,5.196,0.8294,0,0.0,50,5.98,3,0,1,1,0,Tier 4: SmallCap Active (10L-1 Cr/day)
WHITEFORCE,HAPPY SQUARE OUTSOURC S L,INE0TLP01015,SM,SME,False,False,PARTIAL,212,2025-07-10,2026-08-21,1.11,39.5,46649.1,11200,3236890.57,609840.0,0.913,-0.448,0.745,4.21,0.6413,0,0.0,60,28.3,0,0,0,0,0,Tier 4: SmallCap Active (10L-1 Cr/day)
CONSUMER,MIRAEAMC - CONSUMER,INF769K01NS5,EQ,NORMAL,False,False,PARTIAL,407,2025-01-01,2026-08-21,1.63,12.28,280192.1,162338,3230088.84,1823538.45,0.1884,0.0414,-0.175,4.69,0.2186,0,0.0,0,0.0,0,0,0,0,0,Tier 4: SmallCap Active (10L-1 Cr/day)
ARCIIL,ARC INSULATION & INSU LTD,INE0YDV01010,SM,SME,False,False,PARTIAL,230,2025-08-29,2026-08-21,0.98,35.5,34378.3,11000,3229907.17,581000.0,0.6892,-1.2553,0.934,6.565,0.7474,0,0.0,27,11.74,0,0,0,0,0,Tier 4: SmallCap Active (10L-1 Cr/day)
ALUWIND,ALUWIND INFRA-TECH LTD,INE0STM01017,SM,SME,False,False,PARTIAL,564,2024-04-09,2026-08-21,2.37,50.75,54308.5,21000,3219550.27,1345050.0,0.5199,0.1655,0.511,3.71,0.5318,0,0.0,38,6.74,0,0,0,0,0,Tier 4: SmallCap Active (10L-1 Cr/day)
CAPTRUST,CAPITAL TRUST LIMITED,INE707C01018,BE,NORMAL,False,False,PARTIAL,2331,2017-01-16,2026-08-21,9.59,19.49,30968.1,8270,3215617.35,989433.6,0.5913,-0.1689,1.1,10.229,0.9803,0,0.0,63,2.7,7,3,0,0,2,Tier 4: SmallCap Active (10L-1 Cr/day)
SIGIND,SIGNET INDUSTRIES LIMITED,INE529F01035,EQ,NORMAL,False,False,PARTIAL,1976,2018-08-29,2026-08-21,7.98,72.26,55297.8,18340,3212168.7,764650.13,0.5764,0.1736,1.689,10.376,0.7762,0,0.0,0,0.0,8,8,0,0,0,Tier 4: SmallCap Active (10L-1 Cr/day)
DTL,DIENSTEN TECH LIMITED,INE0JRD01019,SM,SME,False,False,PARTIAL,392,2024-07-03,2026-08-21,2.13,120.0,17458.2,6000,3205026.12,882300.0,0.6968,-0.2396,0.75,5.249,0.6382,0,0.0,96,24.49,0,0,0,0,0,Tier 4: SmallCap Active (10L-1 Cr/day)
ITADD,DSPAMC - DSPIT,INF740KA1SX1,EQ,NORMAL,False,False,PARTIAL,772,2023-07-13,2026-08-21,3.11,32.25,95833.5,23160,3203781.87,809037.0,0.2362,0.0549,0.396,9.208,0.4176,0,0.0,0,0.0,0,0,0,0,0,Tier 4: SmallCap Active (10L-1 Cr/day)
TOKYOPLAST,TOKYO PLAST INTL LTD,INE932C01012,EQ,NORMAL,False,False,PARTIAL,2476,2016-08-22,2026-08-21,10.0,75.88,29022.0,8758,3197321.15,794395.8,0.5062,0.1411,1.896,12.752,0.7596,0,0.0,2,0.08,9,1,0,0,0,Tier 4: SmallCap Active (10L-1 Cr/day)
MAGSON,MAGSON RETAIL AND DIST L,INE0O1S01012,SM,SME,False,False,PARTIAL,662,2023-07-06,2026-08-21,3.13,183.2,26930.5,10000,3195933.16,1052000.0,0.5477,0.3953,0.693,6.512,0.4287,0,0.0,132,19.94,0,0,0,0,0,Tier 4: SmallCap Active (10L-1 Cr/day)
TECH,BIRLASLAMC - TECH,INF209KB11D8,EQ,NORMAL,False,False,PARTIAL,1191,2021-11-03,2026-08-21,4.8,33.53,88721.8,18398,3194264.44,646425.78,0.2165,0.0126,-0.051,5.451,0.414,0,0.0,0,0.0,0,0,0,0,0,Tier 4: SmallCap Active (10L-1 Cr/day)
SELLOWRAP,SELLOWRAP INDUSTRIES LTD,INE0IJF01013,SM,SME,False,False,PARTIAL,209,2025-08-01,2026-08-21,1.05,67.5,34090.0,8000,3181536.08,590000.0,0.5584,-0.2514,-0.052,4.372,0.5215,0,0.0,48,22.97,0,0,0,0,0,Tier 4: SmallCap Active (10L-1 Cr/day)
BI,BILCARE LTD.,INE986A01012,BE,NORMAL,False,False,PARTIAL,87,2026-04-20,2026-08-21,0.34,93.66,36507.0,5681,3177200.45,346608.0,0.7231,1.3747,2.103,9.414,0.2208,0,0.0,0,0.0,0,0,0,0,0,Tier 4: SmallCap Active (10L-1 Cr/day)
CONSUMIETF,ICICIPRAMC - ICICICONSU,INF109KC1V42,EQ,NORMAL,False,False,PARTIAL,1192,2021-11-02,2026-08-21,4.8,124.56,29662.2,12835,3163147.16,1376277.7,0.1417,0.1277,-0.045,4.93,0.2201,0,0.0,0,0.0,0,0,0,0,0,Tier 4: SmallCap Active (10L-1 Cr/day)
SHREEOSFM,SHREE OSFM E-MOBILITY LTD,INE02S501018,SM,SME,False,False,PARTIAL,642,2023-12-21,2026-08-21,2.67,60.5,28426.8,15000,3157448.99,1695600.0,0.6558,0.163,0.866,5.99,0.7521,0,0.0,32,4.98,0,0,0,0,0,Tier 4: SmallCap Active (10L-1 Cr/day)
AKCAPIT,A K CAPITAL SERVICES LTD.,INE701G01012,EQ,NORMAL,False,False,PARTIAL,87,2026-04-20,2026-08-21,0.34,1750.0,1811.1,1377,3154778.36,2188938.5,0.2445,0.3869,-0.058,2.514,0.0762,0,0.0,0,0.0,1,1,0,0,0,Tier 4: SmallCap Active (10L-1 Cr/day)
UNITEDPOLY,UNITED POLYFAB GUJ. LTD.,INE368U01029,EQ,NORMAL,False,False,PARTIAL,1498,2016-08-26,2026-08-21,9.98,36.72,443169.7,91240,3140100.08,819504.6,0.6311,0.7802,-1.374,24.343,0.8667,2,0.13,400,26.7,1,0,1,0,0,Tier 4: SmallCap Active (10L-1 Cr/day)
SHREERAMA,SHREE RAMA MULTI TECH LTD,INE879A01019,EQ,NORMAL,False,False,PARTIAL,2476,2016-08-22,2026-08-21,10.0,45.04,118773.6,48468,3133984.61,620617.0,0.5819,0.3302,1.129,6.987,0.8507,0,0.0,134,5.41,13,0,0,0,1,Tier 4: SmallCap Active (10L-1 Cr/day)
ASHALOG,ASHAPURA LOGISTICS LTD,INE0LAA01017,SM,SME,False,False,PARTIAL,486,2024-08-06,2026-08-21,2.04,60.1,26779.8,9000,3123510.8,634050.0,0.51,-0.4288,0.818,6.714,0.7155,0,0.0,46,9.47,0,0,0,0,0,Tier 4: SmallCap Active (10L-1 Cr/day)
RAMANEWS,SHREE RAMA NEWSPRINT LTD,INE278B01020,EQ,NORMAL,False,False,PARTIAL,2451,2016-08-22,2026-08-21,10.0,31.79,136554.6,48606,3097685.49,1031964.85,0.5324,0.168,1.547,10.136,0.7447,1,0.04,58,2.37,8,0,0,0,0,Tier 4: SmallCap Active (10L-1 Cr/day)
ZFSTEERING,Z F STEERING GEAR (I) LTD,INE116C01012,EQ,NORMAL,False,False,PARTIAL,86,2026-04-21,2026-08-21,0.33,671.9,4499.9,2414,3088961.33,1697684.9,0.3607,-0.5964,0.72,6.381,0.2489,0,0.0,0,0.0,0,0,0,0,0,Tier 4: SmallCap Active (10L-1 Cr/day)
AONENIFTY,AONEAMC - AONENIFTY,INF1J2R01064,EQ,NORMAL,False,False,PARTIAL,308,2025-05-28,2026-08-21,1.23,10.0,305339.4,236258,3084396.7,2407712.48,0.1195,0.0006,0.102,6.271,0.1495,0,0.0,0,0.0,0,0,0,0,0,Tier 4: SmallCap Active (10L-1 Cr/day)
SEMAC,SEMAC CONSTRUCTION LTD,INE617A01013,EQ,NORMAL,False,False,PARTIAL,2468,2016-08-22,2026-08-21,10.0,296.0,3660.8,1161,3082888.37,666736.95,0.5163,0.0488,0.742,14.923,0.9387,0,0.0,68,2.76,12,2,0,0,0,Tier 4: SmallCap Active (10L-1 Cr/day)
UNIVPHOTO,UNIVERSUS IMAGINGS LTD,INE03V001013,BE,NORMAL,False,False,PARTIAL,1617,2020-02-14,2026-08-21,6.52,450.05,7933.0,2164,3077358.55,630870.3,0.5673,0.4691,1.697,10.902,0.8089,0,0.0,45,2.78,6,1,0,0,0,Tier 4: SmallCap Active (10L-1 Cr/day)
MOMENTUM,BIRLASLAMC - MOMENTUM,INF209KB14K7,EQ,NORMAL,False,False,PARTIAL,993,2022-08-22,2026-08-21,4.0,31.21,97804.8,50810,3077026.06,1519209.24,0.1857,0.1495,-0.241,4.612,0.3077,0,0.0,0,0.0,0,0,0,0,0,Tier 4: SmallCap Active (10L-1 Cr/day)
IVZINGOLD,INVESCO INDIA GOLD ETF,INF205KA1BP1,EQ,NORMAL,False,False,PARTIAL,2382,2016-08-22,2026-08-21,10.0,138.5,34469.0,6500,3067423.1,291720.0,0.2271,0.192,0.28,15.617,0.2513,0,0.0,196,8.23,0,0,0,0,0,Tier 4: SmallCap Active (10L-1 Cr/day)
INNOVANA,INNOVANA THINKLABS LTD,INE403Y01018,EQ,NORMAL,False,False,PARTIAL,1725,2017-12-12,2026-08-21,8.69,318.0,14771.0,4774,3062949.1,921836.2,0.6007,0.6088,0.568,4.347,0.6401,0,0.0,443,25.68,0,0,0,0,0,Tier 4: SmallCap Active (10L-1 Cr/day)
PALREDTEC,PALRED TECHNOLOGIES LTD,INE218G01033,BE,NORMAL,False,False,PARTIAL,2476,2016-08-22,2026-08-21,10.0,55.6,22557.3,7022,3054024.46,536096.35,0.6107,0.1559,1.127,7.557,0.9485,1,0.04,85,3.43,9,0,0,0,0,Tier 4: SmallCap Active (10L-1 Cr/day)
MMEL,MOVING MEDIA ENTER LTD,INE0XM301010,SM,SME,False,False,PARTIAL,239,2025-07-03,2026-08-21,1.13,25.4,47824.3,12000,3049949.37,608000.0,0.7337,-0.8744,0.88,6.034,0.7304,0,0.0,52,21.76,0,0,0,0,0,Tier 4: SmallCap Active (10L-1 Cr/day)
SHRADHA,SHRADHA REALTY LIMITED,INE715Y01031,EQ,NORMAL,False,False,PARTIAL,1439,2020-10-22,2026-08-21,5.83,33.62,105683.5,21320,3046660.69,543945.2,0.899,0.618,6.705,136.656,0.7379,0,0.0,91,6.32,16,5,2,0,1,Tier 4: SmallCap Active (10L-1 Cr/day)
ANSALAPI,ANSAL PROP & INFRA LTD,INE436A01026,BZ,NORMAL,False,False,PARTIAL,2253,2016-08-22,2026-08-21,10.0,3.4,192597.4,84026,3046638.5,902369.7,0.5449,-0.049,0.449,4.496,0.9268,0,0.0,211,9.37,9,0,0,0,0,Tier 4: SmallCap Active (10L-1 Cr/day)
BRACEPORT,BRACE PORT LOGISTICS LTD,INE0R4Z01018,SM,SME,False,False,PARTIAL,433,2024-08-26,2026-08-21,1.98,64.1,25023.6,8000,3020406.47,593200.0,0.6318,-0.3345,0.615,6.608,0.7371,0,0.0,98,22.63,0,0,0,0,0,Tier 4: SmallCap Active (10L-1 Cr/day)
ARVINDPORT,ARVIND PORT AND INFRA LTD,INE0P4T01013,SM,SME,False,False,PARTIAL,671,2023-10-25,2026-08-21,2.82,31.25,44023.1,18000,3018290.16,969000.0,0.653,-0.1434,0.591,4.109,0.8238,0,0.0,103,15.35,0,0,0,0,0,Tier 4: SmallCap Active (10L-1 Cr/day)
HALDER,HALDER VENTURE LIMITED,INE115S01010,EQ,NORMAL,False,False,PARTIAL,146,2026-01-19,2026-08-21,0.59,304.56,12074.7,1918,3017170.66,504721.7,0.4225,0.2818,0.671,3.49,0.2345,0,0.0,1,0.68,0,0,0,0,0,Tier 4: SmallCap Active (10L-1 Cr/day)
HDFCBSE500,HDFCAMC - HDFCBSE500,INF179KC1EZ4,EQ,NORMAL,False,False,PARTIAL,867,2023-02-21,2026-08-21,3.5,37.89,83097.9,24143,3014699.54,809259.2,0.2214,0.1624,-1.362,27.549,0.2469,0,0.0,0,0.0,0,0,0,0,0,Tier 4: SmallCap Active (10L-1 Cr/day)
SILINV,SIL INVESTMENTS LIMITED,INE923A01015,EQ,NORMAL,False,False,PARTIAL,2469,2016-08-22,2026-08-21,10.0,475.25,7558.7,3036,3009715.39,811281.6,0.4851,0.2752,1.289,11.184,0.8702,0,0.0,7,0.28,11,10,0,0,0,Tier 4: SmallCap Active (10L-1 Cr/day)
DUGLOBAL,DUDIGITAL GLOBAL LIMITED,INE0HPK01020,SM,SME,False,False,PARTIAL,1109,2021-08-26,2026-08-21,4.99,23.8,73900.6,27651,3007650.66,1035000.0,0.6375,0.6852,0.156,3.239,0.728,0,0.0,285,25.7,0,0,0,0,0,Tier 4: SmallCap Active (10L-1 Cr/day)
VDEAL,VDEAL SYSTEM LIMITED,INE0U2M01015,SM,SME,False,False,PARTIAL,445,2024-09-03,2026-08-21,1.96,155.6,18165.8,6000,3004551.01,994200.0,0.6966,0.1592,0.838,5.92,0.4872,0,0.0,67,15.06,0,0,0,0,0,Tier 4: SmallCap Active (10L-1 Cr/day)
MITCON,MITCON CON & ENG SER LTD,INE828O01033,BE,NORMAL,False,False,PARTIAL,1596,2016-08-22,2026-08-21,10.0,79.49,33005.0,12133,3003215.99,954495.92,0.5776,0.2067,0.901,7.017,0.7152,1,0.06,272,17.04,1,0,0,0,1,Tier 4: SmallCap Active (10L-1 Cr/day)
EMPIND,EMPIRE INDUSTRIES LTD.,INE515H01014,EQ,NORMAL,False,False,PARTIAL,5,2026-08-17,2026-08-21,0.01,1192.0,2536.2,3435,2980998.18,4094520.0,0.3329,5.0058,0.728,1.296,0.0,0,0.0,0,0.0,0,0,0,0,0,Tier 4: SmallCap Active (10L-1 Cr/day)
COMPUSOFT,COMPUCOM SOFTWARE LTD,INE453B01029,EQ,NORMAL,False,False,PARTIAL,2476,2016-08-22,2026-08-21,10.0,13.98,134546.8,53764,2976467.56,805849.65,0.5748,0.185,1.496,10.862,0.8419,0,0.0,49,1.98,10,10,0,0,0,Tier 4: SmallCap Active (10L-1 Cr/day)
INFINIUM,INFINIUM PHARMACHEM LTD,INE0MRE01011,SM,SME,False,False,PARTIAL,810,2023-04-17,2026-08-21,3.35,227.75,15839.5,5500,2974983.49,1347500.0,0.4538,0.4524,0.667,5.142,0.5061,0,0.0,70,8.64,0,0,0,0,0,Tier 4: SmallCap Active (10L-1 Cr/day)
RTL,RAMA TELECOM LIMITED,INE14W901010,SM,SME,False,False,PARTIAL,225,2025-07-02,2026-08-19,1.13,83.95,40097.8,12000,2958489.33,865000.0,0.5913,0.4,1.161,6.47,0.2288,0,0.0,36,16.0,0,0,0,0,0,Tier 4: SmallCap Active (10L-1 Cr/day)
CPS,C P S SHAPERS LIMITED,INE0QBU01012,SM,SME,False,False,PARTIAL,603,2023-09-07,2026-08-21,2.95,1146.05,5668.7,2400,2950988.48,1181250.0,0.5634,0.5287,0.219,2.561,0.4961,0,0.0,151,25.04,0,0,0,0,0,Tier 4: SmallCap Active (10L-1 Cr/day)
AIROLAM,AIRO LAM LIMITED,INE801L01010,EQ,NORMAL,False,False,PARTIAL,1718,2017-10-06,2026-08-21,8.87,89.0,32484.3,10578,2950277.54,792636.75,0.6277,0.2924,0.697,8.805,0.7373,0,0.0,176,10.24,3,0,0,0,0,Tier 4: SmallCap Active (10L-1 Cr/day)
ACTIVEINFR,ACTIVE INFRASTRUCTURES L,INE0KLO01025,SM,SME,False,False,PARTIAL,203,2025-03-28,2026-08-21,1.4,181.25,16575.4,1800,2948803.74,306000.0,0.3182,0.0897,0.268,5.682,0.1142,0,0.0,136,67.0,0,0,0,0,0,Tier 4: SmallCap Active (10L-1 Cr/day)
MARUSHIKA,MARUSHIKA TECHNOLOGY LTD,INE0X7G01013,SM,SME,False,False,PARTIAL,92,2026-02-19,2026-08-19,0.5,111.0,28043.5,7200,2946808.04,612000.0,0.6433,0.127,0.735,3.45,0.2899,0,0.0,15,16.3,0,0,0,0,0,Tier 4: SmallCap Active (10L-1 Cr/day)
MID150,KOTAKMAMC - MID150,INF174KA1VW2,EQ,NORMAL,False,False,PARTIAL,346,2025-03-28,2026-08-21,1.4,23.77,137982.7,42893,2946064.32,939069.67,0.2045,0.1762,-0.684,10.312,0.16,0,0.0,0,0.0,0,0,0,0,0,Tier 4: SmallCap Active (10L-1 Cr/day)
ASPIRE,ASPIRE & INNOVATIVE ADV L,INE0S7801010,SM,SME,False,False,PARTIAL,516,2024-04-03,2026-08-20,2.38,13.25,41418.6,14000,2944991.28,370800.0,0.6479,-0.5232,0.3,5.634,0.9189,0,0.0,123,23.84,0,0,0,0,0,Tier 4: SmallCap Active (10L-1 Cr/day)
MYMUDRA,MY MUDRA FINCORP LIMITED,INE0RVQ01016,SM,SME,False,False,PARTIAL,466,2024-09-12,2026-08-21,1.94,76.65,33764.8,15600,2943629.23,1167300.0,0.589,-0.0881,0.819,6.086,0.5822,0,0.0,43,9.23,0,0,0,0,0,Tier 4: SmallCap Active (10L-1 Cr/day)
PSFL,PARAMOUNT SPECIALI FORG L,INE0Q6001012,SM,SME,False,False,PARTIAL,442,2024-09-25,2026-08-21,1.9,31.05,50579.2,22000,2940168.55,859000.0,0.5856,-0.4232,1.5,8.856,0.7303,0,0.0,45,10.18,0,0,0,0,0,Tier 4: SmallCap Active (10L-1 Cr/day)
PRAKASHSTL,PRAKASH STEELAGE LTD,INE696K01024,EQ,NORMAL,False,False,PARTIAL,2229,2016-08-22,2026-08-21,10.0,3.91,548975.7,232513,2932112.4,752909.55,1.1331,0.7231,1.875,27.527,0.9767,0,0.0,409,18.35,9,0,0,0,0,Tier 4: SmallCap Active (10L-1 Cr/day)
SUVIDHAA,SUVIDHAA INFOSERVE LTD,INE018401013,EQ,NORMAL,False,False,PARTIAL,1338,2021-03-31,2026-08-21,5.39,2.32,342876.2,145222,2929928.3,793585.6,0.5454,-0.5715,1.224,10.993,0.9784,0,0.0,61,4.56,4,0,0,0,0,Tier 4: SmallCap Active (10L-1 Cr/day)
IMPAL,IND MOTOR PART & ACC LTD,INE547E01014,EQ,NORMAL,False,False,PARTIAL,2475,2016-08-22,2026-08-21,10.0,1092.4,3362.4,1644,2929345.11,1236459.25,0.3091,0.1131,1.584,18.226,0.5705,0,0.0,1,0.04,17,15,0,1,0,Tier 4: SmallCap Active (10L-1 Cr/day)
MOTOUR,MOTILALAMC - MOTOUR,INF247L01FP2,EQ,NORMAL,False,False,PARTIAL,297,2025-06-12,2026-08-21,1.19,79.3,37739.0,14467,2924407.29,1165650.22,0.2091,-0.08,0.174,6.261,0.3157,0,0.0,0,0.0,0,0,0,0,0,Tier 4: SmallCap Active (10L-1 Cr/day)
ELDEHSG,ELDECO HSG & IND LTD.,INE668G01021,EQ,NORMAL,False,False,PARTIAL,1082,2022-04-12,2026-08-21,4.36,835.4,3548.2,1568,2916219.25,1124875.5,0.429,0.1086,1.625,12.748,0.3836,0,0.0,0,0.0,7,4,0,0,0,Tier 4: SmallCap Active (10L-1 Cr/day)
LOTUSEYE,LOTUS EYE HOSP & INST L,INE947I01017,EQ,NORMAL,False,False,PARTIAL,2452,2016-08-22,2026-08-21,10.0,115.6,46460.5,12506,2907277.72,608829.5,0.5495,0.3505,1.248,8.745,0.6076,0,0.0,11,0.45,10,6,0,0,0,Tier 4: SmallCap Active (10L-1 Cr/day)
ARIHANTACA,ARIHANT ACADEMY LIMITED,INE0NCC01015,SM,SME,False,False,PARTIAL,713,2022-12-29,2026-08-21,3.64,465.0,16890.3,4400,2897251.61,832000.0,0.587,0.6283,1.533,9.228,0.3762,0,0.0,154,21.6,0,0,0,0,0,Tier 4: SmallCap Active (10L-1 Cr/day)
MIEL,MANGLAM INFRA & ENG LTD,INE0R3101011,SM,SME,False,False,PARTIAL,474,2024-07-31,2026-08-21,2.06,12.1,45957.8,12000,2894363.5,295800.0,0.6089,-0.9993,0.883,5.38,0.907,0,0.0,96,20.25,0,0,0,0,0,Tier 4: SmallCap Active (10L-1 Cr/day)
COMFINTE,COMFORT INTECH LTD.,INE819A01049,EQ,NORMAL,False,False,PARTIAL,87,2026-04-20,2026-08-21,0.34,6.32,421070.1,187003,2884430.15,1131390.82,0.5444,-0.3388,1.31,7.531,0.3772,0,0.0,0,0.0,0,0,0,0,0,Tier 4: SmallCap Active (10L-1 Cr/day)
BRAHMINFRA,BRAHMAPUTRA INFRA L,INE320I01017,EQ,NORMAL,False,False,PARTIAL,5,2026-08-17,2026-08-21,0.01,164.15,16914.6,11764,2879612.77,2005762.0,0.4899,-2.3891,0.592,1.23,0.0714,0,0.0,0,0.0,0,0,0,0,0,Tier 4: SmallCap Active (10L-1 Cr/day)
AUROIMPEX,AURO IMPEX & CHEMICALS L,INE0NUL01018,SM,SME,False,False,PARTIAL,742,2023-05-23,2026-08-20,3.24,25.0,38124.0,16000,2875326.68,1050480.0,0.6573,-0.1639,0.732,6.552,0.8122,0,0.0,73,9.84,0,0,0,0,0,Tier 4: SmallCap Active (10L-1 Cr/day)
USASEEDS,UPSURGE SEEDS OF AGRI LTD,INE0CBM01019,SM,SME,False,False,PARTIAL,823,2022-08-11,2026-08-21,4.03,94.9,14146.8,2571,2874734.16,521913.0,0.6265,0.1685,0.603,4.426,0.8676,0,0.0,206,25.03,0,0,0,0,0,Tier 4: SmallCap Active (10L-1 Cr/day)
KREBSBIO,KREBS BIOCHEMICALS & IND,INE268B01013,EQ,NORMAL,False,False,PARTIAL,2379,2016-10-27,2026-08-21,9.82,53.61,23703.5,5419,2869918.24,440279.25,0.5769,0.0941,1.346,8.976,0.8134,0,0.0,79,3.32,8,0,0,0,1,Tier 4: SmallCap Active (10L-1 Cr/day)
SALSTEEL,S.A.L. STEEL LTD.,INE658G01014,EQ,NORMAL,False,False,PARTIAL,2476,2016-08-22,2026-08-21,10.0,78.93,146039.2,67438,2861596.07,698683.2,0.5811,0.5018,0.945,6.21,0.8229,0,0.0,176,7.11,7,0,0,0,0,Tier 4: SmallCap Active (10L-1 Cr/day)
GOLDTECH,AION-TECH SOLUTIONS LTD,INE805A01014,BE,NORMAL,False,False,PARTIAL,2461,2016-08-22,2026-08-21,10.0,49.65,51125.6,24880,2849224.08,811827.96,0.63,0.3738,1.033,6.683,0.8183,0,0.0,177,7.19,9,0,0,0,0,Tier 4: SmallCap Active (10L-1 Cr/day)
SUPREMEINF,SUPREME INFRA. LTD.,INE550H01011,EQ,NORMAL,False,False,PARTIAL,2290,2016-08-22,2026-08-21,10.0,88.3,41161.4,15733,2847371.75,651456.0,0.55,0.1303,0.307,3.681,0.9492,1,0.04,347,15.15,7,0,0,0,0,Tier 4: SmallCap Active (10L-1 Cr/day)
AMDIND,AMD INDUSTRIES LIMITED,INE005I01014,EQ,NORMAL,False,False,PARTIAL,2476,2016-08-22,2026-08-21,10.0,54.3,55829.2,16171,2840046.15,644236.5,0.5917,0.2407,1.235,9.2,0.8431,0,0.0,13,0.53,8,2,0,0,0,Tier 4: SmallCap Active (10L-1 Cr/day)
WINNY,WINNY IMMIGRA & EDU SER L,INE0S9101013,SM,SME,False,False,PARTIAL,281,2024-06-27,2026-08-21,2.15,33.7,11151.2,1500,2829500.0,284000.0,0.7951,-1.4964,1.048,6.337,0.9106,0,0.0,114,40.57,0,0,0,0,0,Tier 4: SmallCap Active (10L-1 Cr/day)
QUICKTOUCH,QUICKTOUCH TECHNOLOGIES L,INE0K4D01020,SM,SME,False,False,PARTIAL,787,2023-05-02,2026-08-21,3.3,16.7,21475.9,8500,2828230.81,813750.0,0.6177,-0.3724,0.359,4.88,0.9413,0,0.0,88,11.18,0,0,0,0,0,Tier 4: SmallCap Active (10L-1 Cr/day)
SHIGAN,SHIGAN QUANTUM TECH LTD,INE03KJ01013,SM,SME,False,False,PARTIAL,961,2022-03-11,2026-08-20,4.44,68.0,28231.5,9000,2819615.56,864000.0,0.6809,0.2438,0.657,5.639,0.7428,0,0.0,183,19.04,0,0,0,0,0,Tier 4: SmallCap Active (10L-1 Cr/day)
MANILAM,MANILAM INDUSTRIES IND L,INE1ERK01013,SM,SME,False,False,PARTIAL,88,2026-02-27,2026-08-18,0.47,47.0,51250.0,12000,2815901.14,687000.0,0.5042,-0.1921,0.138,2.585,0.2999,0,0.0,17,19.32,0,0,0,0,0,Tier 4: SmallCap Active (10L-1 Cr/day)
EMULTIMQ,EDELAMC - EMULTIMQ,INF754K01TF1,EQ,NORMAL,False,False,PARTIAL,443,2024-11-07,2026-08-21,1.79,42.05,68236.9,43744,2813810.22,1794228.87,0.1782,-0.0493,-0.091,4.786,0.2702,0,0.0,0,0.0,0,0,0,0,0,Tier 4: SmallCap Active (10L-1 Cr/day)
TAMBOLIIN,TAMBOLI INDUSTRIES LTD.,INE864J01012,BE,NORMAL,False,False,PARTIAL,87,2026-04-20,2026-08-21,0.34,240.07,13292.7,4994,2813376.46,988363.08,0.5286,1.1631,0.649,6.284,0.1417,0,0.0,0,0.0,1,1,0,0,0,Tier 4: SmallCap Active (10L-1 Cr/day)
RAPIDFLEET,RAPID FLEET MGT SERVICE L,INE0QX901013,SM,SME,False,False,PARTIAL,186,2025-03-28,2026-08-21,1.4,168.0,14032.3,1800,2806753.06,352800.0,0.4549,-0.142,0.914,9.325,0.2465,0,0.0,59,31.72,0,0,0,0,0,Tier 4: SmallCap Active (10L-1 Cr/day)
VALUEAXIS,AXISAMC-VALUEAXIS,INF846KA1119,EQ,NORMAL,False,False,PARTIAL,352,2025-03-20,2026-08-21,1.42,32.75,89064.0,49674,2805688.16,1486820.45,0.167,0.1833,-0.098,4.567,0.1231,0,0.0,0,0.0,0,0,0,0,0,Tier 4: SmallCap Active (10L-1 Cr/day)
XTGLOBAL,XTGLOBAL INFOTECH LIMITED,INE547B01028,EQ,NORMAL,False,False,PARTIAL,480,2024-09-16,2026-08-21,1.93,28.49,72710.8,34665,2804689.28,1164796.9,0.6084,-0.1207,1.71,9.959,0.4878,0,0.0,0,0.0,2,1,0,0,0,Tier 4: SmallCap Active (10L-1 Cr/day)
BCPL,BCPL RAILWAY INFRA LTD,INE00SW01015,EQ,NORMAL,False,False,PARTIAL,100,2026-03-27,2026-08-21,0.4,70.42,36247.7,17796,2800421.37,1354125.85,0.4523,0.0324,1.427,7.643,0.2327,0,0.0,0,0.0,1,1,0,0,0,Tier 4: SmallCap Active (10L-1 Cr/day)
UMIYA-MRO,UMIYA BUILDCON LIMITED,INE398B01018,EQ,NORMAL,False,False,PARTIAL,2316,2016-08-22,2026-08-21,10.0,90.27,36269.6,9658,2799815.42,563385.03,0.6067,0.254,1.417,9.073,0.8186,0,0.0,149,6.43,9,0,0,0,0,Tier 4: SmallCap Active (10L-1 Cr/day)
PANACHE,PANACHE DIGILIFE LIMITED,INE895W01019,BE,NORMAL,False,False,PARTIAL,1940,2017-04-25,2026-08-21,9.32,533.15,21575.9,8386,2786682.5,779642.7,0.5979,0.4227,-0.589,21.749,0.777,2,0.1,234,12.06,4,1,0,0,0,Tier 4: SmallCap Active (10L-1 Cr/day)
AGNI,AGNI GREEN POWER LTD,INE0LF301013,SM,SME,False,False,PARTIAL,914,2022-08-01,2026-08-21,4.05,15.3,74149.3,27500,2782344.37,734625.0,0.6676,0.0684,0.987,5.959,0.8315,0,0.0,175,19.15,0,0,0,0,0,Tier 4: SmallCap Active (10L-1 Cr/day)
AMJLAND,AMJ LAND HOLDINGS LIMITED,INE606A01024,EQ,NORMAL,False,False,PARTIAL,2476,2016-08-22,2026-08-21,10.0,38.77,73891.3,24828,2773930.26,748166.4,0.5365,0.2077,1.498,9.871,0.6156,0,0.0,0,0.0,11,10,0,0,0,Tier 4: SmallCap Active (10L-1 Cr/day)
NIFTYJBLK,JIOBLACKROCKAMC-NIFTYJBLK,INF22M001184,EQ,NORMAL,False,False,PARTIAL,2,2026-08-20,2026-08-21,0.0,12.46,222080.5,306540,2773253.83,3831750.0,0.0,0.0,0.0,3.0,0.0032,0,0.0,0,0.0,0,0,0,0,0,Tier 4: SmallCap Active (10L-1 Cr/day)
CURIS,CURIS LIFESCIENCES LTD,INE1BZN01016,SM,SME,False,False,PARTIAL,169,2025-11-14,2026-08-21,0.77,121.0,22213.0,8000,2773087.28,832000.0,0.5158,-0.0985,0.59,4.743,0.3702,0,0.0,28,16.57,0,0,0,0,0,Tier 4: SmallCap Active (10L-1 Cr/day)
FONEBOX,FONEBOX RETAIL LIMITED,INE0Q4701019,SM,SME,False,False,PARTIAL,534,2024-02-02,2026-08-21,2.55,94.7,17889.5,6000,2764783.71,650000.0,0.6165,-0.1904,0.968,6.847,0.7155,0,0.0,131,24.53,0,0,0,0,0,Tier 4: SmallCap Active (10L-1 Cr/day)
MAGNUM,MAGNUM VENTURES LTD.,INE387I01016,EQ,NORMAL,False,False,PARTIAL,2458,2016-08-22,2026-08-21,10.0,19.25,98615.9,34731,2751092.81,442036.0,0.5994,0.3814,0.878,5.907,0.8814,0,0.0,154,6.27,10,0,0,0,1,Tier 4: SmallCap Active (10L-1 Cr/day)
ONIXSOLAR,ONIX SOLAR ENERGY LTD.,INE173M01012,EQ,NORMAL,False,False,PARTIAL,5,2026-08-17,2026-08-21,0.01,305.9,8240.2,10000,2750966.32,3558534.7,0.0007,-12.5737,-0.163,0.912,0.1851,0,0.0,3,60.0,0,0,0,0,0,Tier 4: SmallCap Active (10L-1 Cr/day)
ISHANCH,ISHAN DYES N CHEMICALS L,INE561M01018,EQ,NORMAL,False,False,PARTIAL,350,2025-03-24,2026-08-21,1.41,48.21,44365.6,15144,2750838.2,893529.74,0.4763,0.2089,1.228,9.467,0.4261,0,0.0,0,0.0,0,0,0,0,0,Tier 4: SmallCap Active (10L-1 Cr/day)
SANGINITA,SANGINITA CHEMICALS LTD,INE753W01010,BE,NORMAL,False,False,PARTIAL,2148,2017-03-10,2026-08-21,9.45,56.42,91186.7,34476,2750111.81,898597.7,0.5783,0.282,0.724,8.161,0.9502,0,0.0,283,13.18,7,0,0,0,1,Tier 4: SmallCap Active (10L-1 Cr/day)
UDAYJEW,UDAY JEWELLERY INDS. LTD.,INE551B01012,EQ,NORMAL,False,False,PARTIAL,5,2026-08-17,2026-08-21,0.01,141.4,19009.4,11329,2738902.55,1642365.13,0.3402,-1.6903,-0.136,1.107,0.0444,0,0.0,0,0.0,0,0,0,0,0,Tier 4: SmallCap Active (10L-1 Cr/day)
DICIND,DIC INDIA LIMITED,INE303A01010,EQ,NORMAL,False,False,PARTIAL,2476,2016-08-22,2026-08-21,10.0,593.9,5546.0,2242,2730345.74,1016558.6,0.3574,0.0712,1.249,11.822,0.5898,0,0.0,3,0.12,10,7,0,0,0,Tier 4: SmallCap Active (10L-1 Cr/day)
SICALLOG,SICAL LOGISTICS LIMITED,INE075B01020,BE,NORMAL,False,False,PARTIAL,587,2023-10-12,2026-08-21,2.86,111.21,21036.2,9275,2726900.5,1143999.5,0.5246,0.1754,-0.02,3.034,0.7888,0,0.0,59,10.05,1,0,0,0,1,Tier 4: SmallCap Active (10L-1 Cr/day)
ALUFLUOR,ALUFLUORIDE LTD.,INE058F01019,EQ,NORMAL,False,False,PARTIAL,5,2026-08-17,2026-08-21,0.01,460.45,6040.8,5718,2720780.8,2517635.4,0.2796,3.7762,0.081,1.127,0.0059,0,0.0,0,0.0,0,0,0,0,0,Tier 4: SmallCap Active (10L-1 Cr/day)
AAKAAR,AAKAAR MEDICAL TECHNO LTD,INE1GYP01013,SM,SME,False,False,PARTIAL,261,2025-06-27,2026-08-21,1.15,61.3,33826.8,12800,2709036.63,940800.0,0.6295,0.047,1.019,5.935,0.5264,0,0.0,36,13.79,0,0,0,0,0,Tier 4: SmallCap Active (10L-1 Cr/day)
PRANIK,PRANIK LOGISTICS LIMITED,INE0VJG01014,SM,SME,False,False,PARTIAL,356,2024-10-17,2026-08-21,1.84,42.0,33460.7,9600,2698678.88,628400.0,0.8142,-0.1592,0.832,5.767,0.6641,0,0.0,81,22.75,0,0,0,0,0,Tier 4: SmallCap Active (10L-1 Cr/day)
STARTECK,STARTECK FINANCE LIMITED,INE992I01013,EQ,NORMAL,False,False,PARTIAL,1061,2022-05-04,2026-08-21,4.3,247.95,12252.4,9220,2693005.11,2028304.95,0.5154,0.2268,2.117,14.748,0.4873,0,0.0,27,2.54,4,4,0,0,0,Tier 4: SmallCap Active (10L-1 Cr/day)
HOMESFY,HOMESFY REALTY LIMITED,INE0N7F01017,SM,SME,False,False,PARTIAL,738,2023-01-02,2026-08-21,3.63,107.45,6233.3,2100,2684905.39,727200.0,0.6042,-0.1559,0.426,4.561,0.8923,0,0.0,152,20.6,0,0,0,0,0,Tier 4: SmallCap Active (10L-1 Cr/day)
FOCE,FOCE INDIA LIMITED,INE0I7D01019,SM,SME,False,False,PARTIAL,783,2021-12-28,2026-08-19,4.64,537.0,10386.7,2400,2680083.52,931284.2,0.548,0.7113,0.194,5.403,0.4346,0,0.0,339,43.3,0,0,0,0,0,Tier 4: SmallCap Active (10L-1 Cr/day)
SILKY,SILKY OVERSEAS LIMITED,INE0SN801015,SM,SME,False,False,PARTIAL,206,2025-07-07,2026-08-17,1.11,81.55,20462.1,6400,2664955.53,726040.0,0.758,-0.5579,0.041,5.298,0.5805,0,0.0,37,17.96,0,0,0,0,0,Tier 4: SmallCap Active (10L-1 Cr/day)
MARALOVER,MARAL OVERSEAS LTD,INE882A01013,EQ,NORMAL,False,False,PARTIAL,2475,2016-08-22,2026-08-21,10.0,56.34,41885.0,17946,2653767.32,838887.0,0.5226,0.202,0.77,6.539,0.8571,0,0.0,5,0.2,9,1,0,0,0,Tier 4: SmallCap Active (10L-1 Cr/day)
USHAFIN,USHA FINANCIAL SERVICES L,INE0LS001014,SM,SME,False,False,PARTIAL,418,2024-10-31,2026-08-21,1.8,45.0,56061.2,17600,2652478.85,668800.0,0.6428,-0.1286,0.757,6.054,0.6752,0,0.0,69,16.51,0,0,0,0,0,Tier 4: SmallCap Active (10L-1 Cr/day)
PROPEQUITY,P. E. ANALYTICS LIMITED,INE0KN801013,SM,SME,False,False,PARTIAL,1198,2019-02-21,2026-08-21,7.5,212.0,12664.7,4200,2647932.71,856800.0,0.6941,0.0325,-5.276,108.629,0.8743,0,0.0,229,19.12,0,0,0,0,0,Tier 4: SmallCap Active (10L-1 Cr/day)
HDFCSENSEX,HDFCAMC - HDFCSENSEX,INF179KC1HX2,EQ,NORMAL,False,False,PARTIAL,2302,2016-08-22,2026-08-21,10.0,87.91,38009.9,22145,2643705.76,1460310.6,0.2127,0.1467,0.451,24.461,0.3592,0,0.0,182,7.91,0,0,0,0,0,Tier 4: SmallCap Active (10L-1 Cr/day)
SRGHFL,SRG HOUSING FINANCE L,INE559N01010,EQ,NORMAL,False,False,PARTIAL,745,2023-08-21,2026-08-21,3.0,264.25,8509.0,3729,2640261.34,1137136.4,0.426,0.1087,1.15,9.256,0.4255,0,0.0,0,0.0,1,0,0,0,0,Tier 4: SmallCap Active (10L-1 Cr/day)
RELIABLE,RELIABLE DATA SERVICE LTD,INE375Y01018,EQ,NORMAL,False,False,PARTIAL,1296,2017-10-11,2026-08-21,8.86,138.54,29021.9,8038,2636919.41,518400.0,0.612,0.3593,0.232,5.45,0.6898,0,0.0,417,32.18,3,2,0,0,0,Tier 4: SmallCap Active (10L-1 Cr/day)
VHLTD,VICEROY HOTELS LIMITED,INE048C01025,BE,NORMAL,False,False,PARTIAL,537,2024-04-03,2026-08-21,2.38,119.76,20759.7,9226,2631442.6,1155215.22,0.3768,0.5689,0.037,3.759,0.3276,0,0.0,26,4.84,3,0,0,0,2,Tier 4: SmallCap Active (10L-1 Cr/day)
AARNAV,AARNAV FASHIONS LIMITED,INE750R01016,BE,NORMAL,False,False,PARTIAL,120,2026-02-25,2026-08-21,0.48,33.78,99106.1,38799,2623113.73,982575.84,0.604,0.5763,1.811,9.993,0.2234,0,0.0,0,0.0,0,0,0,0,0,Tier 4: SmallCap Active (10L-1 Cr/day)
FIDEL,FIDEL SOFTECH LIMITED,INE0LQQ01019,SM,SME,False,False,PARTIAL,964,2022-06-10,2026-08-21,4.2,140.0,28119.3,9000,2621571.52,1045000.0,0.638,0.4091,1.469,8.092,0.4867,0,0.0,134,13.9,0,0,0,0,0,Tier 4: SmallCap Active (10L-1 Cr/day)
SILKFLEX,SILKFLEX POLYMERS INDIA L,INE0STN01015,SM,SME,False,False,PARTIAL,471,2024-05-15,2026-08-21,2.27,210.0,29806.8,12000,2615345.01,1108800.0,0.6207,0.8739,0.497,3.679,0.5185,0,0.0,89,18.9,0,0,0,0,0,Tier 4: SmallCap Active (10L-1 Cr/day)
MANAKALUCO,MANAK ALUMINIUM CO. LTD.,INE859Q01017,EQ,NORMAL,False,False,PARTIAL,2476,2016-08-22,2026-08-21,10.0,37.87,94920.8,32090,2607393.23,574902.0,0.6489,0.4088,1.155,7.133,0.8693,0,0.0,36,1.45,11,3,0,0,0,Tier 4: SmallCap Active (10L-1 Cr/day)
MALUPAPER,MALU PAPER MILLS LIMITED,INE383H01017,EQ,NORMAL,False,False,PARTIAL,2476,2016-08-22,2026-08-21,10.0,31.24,66866.7,18986,2604328.51,621847.0,0.5824,0.2342,1.5,9.564,0.6386,0,0.0,16,0.65,9,0,0,0,0,Tier 4: SmallCap Active (10L-1 Cr/day)
ROYALARC,ROYAL ARC ELECTRODES LTD,INE0EO401019,SM,SME,False,False,PARTIAL,249,2025-02-24,2026-08-21,1.49,179.0,17739.8,3600,2596378.8,594180.0,0.588,0.5626,1.349,7.896,0.2801,0,0.0,81,32.53,0,0,0,0,0,Tier 4: SmallCap Active (10L-1 Cr/day)
GROWWRLTY,GROWWAMC - GROWWRLTY,INF666M01MN2,EQ,NORMAL,False,False,PARTIAL,215,2025-10-09,2026-08-21,0.87,10.23,281611.7,236041,2596088.67,2044460.0,0.2632,0.0683,0.164,4.226,0.329,0,0.0,0,0.0,0,0,0,0,0,Tier 4: SmallCap Active (10L-1 Cr/day)
HOLMARC,HOLMARC OPTO MECHATRO L,INE0LXA01019,SM,SME,False,False,PARTIAL,669,2023-09-25,2026-08-21,2.9,107.0,23506.7,6750,2595273.04,786600.0,0.6608,0.3826,0.705,5.353,0.7128,0,0.0,121,18.09,0,0,0,0,0,Tier 4: SmallCap Active (10L-1 Cr/day)
PROV,PROVENTUS AGROCOM LIMITED,INE0ONE01016,SM,SME,False,False,PARTIAL,673,2018-01-30,2026-08-21,8.56,1845.0,2560.6,640,2581884.06,861120.0,44.9764,27.9761,25.802,667.833,0.5124,4,0.59,104,15.45,0,0,0,0,0,Tier 4: SmallCap Active (10L-1 Cr/day)
PRECOT,PRECOT LIMITED,INE283A01014,EQ,NORMAL,False,False,PARTIAL,2438,2016-08-22,2026-08-21,10.0,697.35,9619.0,4003,2581007.47,725376.8,0.5766,0.4418,0.832,6.644,0.8194,0,0.0,71,2.91,11,4,0,0,0,Tier 4: SmallCap Active (10L-1 Cr/day)
ASHOKAMET,ASHOKA METCAST LIMITED,INE760Y01011,EQ,NORMAL,False,False,PARTIAL,783,2023-06-27,2026-08-21,3.15,13.75,110786.6,35985,2580874.32,664855.84,0.5102,0.0581,1.856,12.903,0.6455,0,0.0,14,1.79,2,0,0,0,0,Tier 4: SmallCap Active (10L-1 Cr/day)
BHANDARI,BHANDARI HOSIERY EXP LTD,INE474E01029,EQ,NORMAL,False,False,PARTIAL,2368,2017-01-30,2026-08-21,9.56,3.05,474945.8,249878,2575095.31,900519.0,0.6095,0.1907,0.993,6.57,0.8879,0,0.0,94,3.97,12,9,0,0,3,Tier 4: SmallCap Active (10L-1 Cr/day)
DHANLAXMI,DHANLAXMI CROP SCIENCE L,INE0V9V01010,SM,SME,False,False,PARTIAL,377,2024-12-16,2026-08-21,1.68,25.0,41023.9,12000,2568013.0,519200.0,0.6474,-0.7823,0.655,6.86,0.7967,0,0.0,56,14.85,0,0,0,0,0,Tier 4: SmallCap Active (10L-1 Cr/day)
GROWWN200,GROWWAMC - GROWWN200,INF666M01JV1,EQ,NORMAL,False,False,PARTIAL,365,2025-02-28,2026-08-21,1.48,11.48,239365.4,101700,2553519.69,1139321.12,0.1785,0.1254,0.119,15.557,0.1459,0,0.0,0,0.0,0,0,0,0,0,Tier 4: SmallCap Active (10L-1 Cr/day)
PPSL,PICTUREPOST STUDIOS LTD,INE0YAL01017,SM,SME,False,False,PARTIAL,485,2024-08-09,2026-08-21,2.03,2.85,111080.4,42000,2549374.02,670950.0,0.6691,-1.0286,0.955,6.077,0.9477,0,0.0,56,11.55,0,0,0,0,0,Tier 4: SmallCap Active (10L-1 Cr/day)
NIFTYAXIS,AXISAMC-NIFTYAXIS,INF846K01W98,EQ,NORMAL,False,False,PARTIAL,2244,2017-07-10,2026-08-21,9.11,268.56,10634.8,3576,2537482.39,701817.2,0.213,0.1539,2.769,57.045,0.3245,0,0.0,58,2.58,0,0,0,0,0,Tier 4: SmallCap Active (10L-1 Cr/day)
BANARBEADS,BANARAS BEADS LTD,INE655B01011,EQ,NORMAL,False,False,PARTIAL,2472,2016-08-22,2026-08-21,10.0,112.3,27247.6,5955,2531294.86,453654.0,0.5565,0.2519,1.789,11.622,0.7372,0,0.0,14,0.57,12,5,0,0,0,Tier 4: SmallCap Active (10L-1 Cr/day)
KANDARP,KANDARP DG SMART BPO LTD,INE0MOT01016,SM,SME,False,False,PARTIAL,803,2022-09-28,2026-08-21,3.9,101.5,40926.5,16000,2529316.81,697600.0,0.6975,0.6417,0.185,6.035,0.5,0,0.0,186,23.16,0,0,0,0,0,Tier 4: SmallCap Active (10L-1 Cr/day)
LICNMID100,LICNAMC - LICNMID100,INF767K01RN1,EQ,NORMAL,False,False,PARTIAL,622,2024-02-19,2026-08-21,2.5,63.94,43473.2,7494,2527995.64,425519.64,0.2176,0.1363,-0.674,22.294,0.214,0,0.0,0,0.0,0,0,0,0,0,Tier 4: SmallCap Active (10L-1 Cr/day)
THEINVEST,THE INVEST TRUST OF IND L,INE924D01017,EQ,NORMAL,False,False,PARTIAL,2242,2017-08-02,2026-08-21,9.05,96.73,17871.3,7596,2525613.14,954612.95,0.502,-0.0098,1.043,9.569,0.8,0,0.0,1,0.04,5,0,0,0,0,Tier 4: SmallCap Active (10L-1 Cr/day)
VINNY,VINNY OVERSEAS LIMITED,INE01KI01027,EQ,NORMAL,False,False,PARTIAL,927,2022-11-28,2026-08-21,3.73,1.06,773806.5,430287,2515305.31,1118232.75,0.7056,-0.4814,-10.327,229.256,0.9946,0,0.0,110,11.87,5,0,1,1,1,Tier 4: SmallCap Active (10L-1 Cr/day)
LLOYDS,LLOYDS LUXURIES LIMITED,INE0DTQ01028,SM,SME,False,False,PARTIAL,848,2022-10-11,2026-08-21,3.86,64.0,32396.2,11000,2499871.76,818100.0,0.6837,0.347,0.916,5.677,0.7609,0,0.0,128,15.09,0,0,0,0,0,Tier 4: SmallCap Active (10L-1 Cr/day)
READYMIX,READYMIX CONSTRU MACHI L,INE10QL01011,SM,SME,False,False,PARTIAL,353,2025-02-13,2026-08-21,1.52,96.4,22878.2,11000,2498438.95,1097600.0,0.6472,0.0693,0.508,6.983,0.5794,0,0.0,56,15.86,0,0,0,0,0,Tier 4: SmallCap Active (10L-1 Cr/day)
BENGALASM,BENGAL & ASSAM CO. LTD.,INE083K01017,EQ,NORMAL,False,False,PARTIAL,87,2026-04-20,2026-08-21,0.34,6256.0,385.8,208,2496170.35,1313312.0,0.2653,0.2161,0.27,3.356,0.1309,0,0.0,0,0.0,0,0,0,0,0,Tier 4: SmallCap Active (10L-1 Cr/day)
MOHITIND,MOHIT INDUSTRIES LTD,INE954E01012,EQ,NORMAL,False,False,PARTIAL,2381,2016-08-22,2026-08-21,10.0,24.04,65373.9,16778,2493505.75,295149.8,0.592,0.0897,1.03,8.105,0.9551,0,0.0,108,4.54,8,0,0,0,0,Tier 4: SmallCap Active (10L-1 Cr/day)
AKG,AKG EXIM LIMITED,INE00Y801016,EQ,NORMAL,False,False,PARTIAL,1631,2018-09-25,2026-08-21,7.9,8.99,110227.5,35948,2492017.28,692588.5,0.5691,0.0629,0.323,15.163,0.8576,1,0.06,152,9.32,5,0,0,0,1,Tier 4: SmallCap Active (10L-1 Cr/day)
UNIENTER,UNIPHOS ENTERPRISES LTD,INE037A01022,EQ,NORMAL,False,False,PARTIAL,2475,2016-08-22,2026-08-21,10.0,94.46,21424.8,8489,2490049.71,962931.65,0.4489,0.151,0.858,11.053,0.7487,0,0.0,0,0.0,8,6,0,0,0,Tier 4: SmallCap Active (10L-1 Cr/day)
ARABIAN,ARABIAN PETROLEUM LIMITED,INE08NJ01024,SM,SME,False,False,PARTIAL,611,2023-10-09,2026-08-21,2.87,82.0,28062.2,12000,2477515.88,950000.0,0.5103,0.1564,1.485,10.044,0.4508,0,0.0,107,17.51,0,0,0,0,0,Tier 4: SmallCap Active (10L-1 Cr/day)
SHKSIL,SHRI HARE-KRI SPO IRON L,INE0NON01025,SM,SME,False,False,PARTIAL,226,2025-07-01,2026-08-21,1.14,34.4,39699.1,14000,2455308.41,630000.0,0.6152,-0.518,0.726,5.532,0.5854,0,0.0,41,18.14,0,0,0,0,0,Tier 4: SmallCap Active (10L-1 Cr/day)
SEKURITIND,SAINT GOBAIN SEKUR IND L,INE068B01017,EQ,NORMAL,False,False,PARTIAL,5,2026-08-17,2026-08-21,0.01,118.71,20345.2,14877,2442157.23,1780628.13,0.3501,0.6325,0.591,1.231,0.0242,0,0.0,0,0.0,0,0,0,0,0,Tier 4: SmallCap Active (10L-1 Cr/day)
SURYALAXMI,SURYALAKSHMI COT MIL LTD,INE713B01026,EQ,NORMAL,False,False,PARTIAL,2476,2016-08-22,2026-08-21,10.0,57.32,29115.4,11975,2439953.41,708022.8,0.4983,0.0312,1.019,8.47,0.9105,0,0.0,11,0.44,8,1,0,0,0,Tier 4: SmallCap Active (10L-1 Cr/day)
MEDIORG,MEDICAMEN ORGANICS LTD,INE0PE401018,SM,SME,False,False,PARTIAL,477,2024-06-28,2026-08-19,2.14,24.3,31911.9,12000,2433673.17,427500.0,0.6108,-0.7564,0.118,2.287,0.8723,0,0.0,144,30.19,0,0,0,0,0,Tier 4: SmallCap Active (10L-1 Cr/day)
JYOTIGLOBL,JYOTI GLOBAL PLAST LTD,INE1M3T01017,SM,SME,False,False,PARTIAL,237,2025-08-11,2026-08-21,1.03,39.65,44227.8,16000,2431591.14,688800.0,0.7149,-0.2925,1.122,7.463,0.5934,0,0.0,38,16.03,0,0,0,0,0,Tier 4: SmallCap Active (10L-1 Cr/day)
BALKRISHNA,BALKRISHNA PAPER MILLS L,INE875R01011,EQ,NORMAL,False,False,PARTIAL,2446,2016-08-22,2026-08-21,10.0,17.27,64300.2,21013,2426879.21,510661.9,0.5676,0.1122,1.166,9.192,0.9352,0,0.0,68,2.78,10,0,0,0,1,Tier 4: SmallCap Active (10L-1 Cr/day)
VGL,VARVEE GLOBAL LIMITED,INE273D01027,EQ,NORMAL,False,False,PARTIAL,2476,2016-08-22,2026-08-21,10.0,56.05,91462.1,31726,2425055.21,608358.4,0.5502,0.1905,1.056,9.472,0.9277,1,0.04,66,2.67,6,0,1,0,0,Tier 4: SmallCap Active (10L-1 Cr/day)
DECCANTRAN,DECCAN TRANSCON LEASING L,INE0S7C01019,SM,SME,False,False,PARTIAL,429,2024-09-24,2026-08-20,1.9,22.75,39849.0,13200,2419329.93,433440.0,0.5816,-0.7613,0.911,7.126,0.8494,0,0.0,37,8.62,0,0,0,0,0,Tier 4: SmallCap Active (10L-1 Cr/day)
NEELAM,NEELAM LINENS & GAR (I) L,INE0N1401016,SM,SME,False,False,PARTIAL,312,2024-11-18,2026-08-20,1.75,8.0,77500.0,30000,2412008.65,580500.0,0.6805,-1.0304,0.355,3.757,0.8826,0,0.0,87,27.88,0,0,0,0,0,Tier 4: SmallCap Active (10L-1 Cr/day)
IBLFL,IBL FINANCE LIMITED,INE0O7401018,SM,SME,False,False,PARTIAL,566,2024-01-16,2026-08-19,2.59,61.45,39074.2,16000,2409021.02,856000.0,0.4772,0.1329,0.201,3.098,0.4774,0,0.0,117,20.67,0,0,0,0,0,Tier 4: SmallCap Active (10L-1 Cr/day)
SETUINFRA,SETUBANDHAN INFRA LTD,INE023M01027,BZ,NORMAL,False,False,PARTIAL,2212,2016-08-22,2026-08-21,10.0,0.44,358291.8,126901,2407325.06,180244.75,0.6624,-0.1455,0.338,3.978,0.981,0,0.0,291,13.16,9,1,0,0,0,Tier 4: SmallCap Active (10L-1 Cr/day)
TWCGOLDETF,WEALTH - TWCGOLDETF,INF2F0001370,EQ,NORMAL,False,False,PARTIAL,157,2026-01-02,2026-08-21,0.63,158.24,15903.2,4057,2406936.6,624638.4,0.3388,0.3556,0.017,7.655,0.2275,0,0.0,0,0.0,0,0,0,0,0,Tier 4: SmallCap Active (10L-1 Cr/day)
DCCL,DAR CREDIT & CAPITAL LTD,INE04Q901010,SM,SME,False,False,PARTIAL,259,2025-05-28,2026-08-21,1.23,46.7,43042.5,16000,2392774.13,818400.0,0.5753,-0.144,0.613,4.013,0.4759,0,0.0,46,17.76,0,0,0,0,0,Tier 4: SmallCap Active (10L-1 Cr/day)
KAYTEX,KAYTEX FABRICS LIMITED,INE13ZD01013,SM,SME,False,False,PARTIAL,255,2025-08-05,2026-08-21,1.04,59.9,23510.6,9600,2380166.59,710400.0,0.5396,-0.7705,1.06,8.302,0.6529,0,0.0,12,4.71,0,0,0,0,0,Tier 4: SmallCap Active (10L-1 Cr/day)
MARCO,MARCO CABLE & CONDUCTOR L,INE0QP001012,SM,SME,False,False,PARTIAL,688,2023-09-28,2026-08-21,2.9,32.5,45512.4,19500,2369151.56,891000.0,0.6241,0.1094,0.815,6.22,0.6623,0,0.0,42,6.1,0,0,0,0,0,Tier 4: SmallCap Active (10L-1 Cr/day)
WATERBASE,WATERBASE LTD.,INE054C01015,EQ,NORMAL,False,False,PARTIAL,5,2026-08-17,2026-08-21,0.01,52.39,46398.4,54472,2336077.66,2680567.12,0.5401,6.8895,-0.248,1.0,0.0168,0,0.0,0,0.0,4,2,0,0,0,Tier 4: SmallCap Active (10L-1 Cr/day)
DSFCL,DCM SHRIRAM FINE CHEM LTD,INE0OFM01015,BE,PCA,False,False,PARTIAL,126,2026-02-17,2026-08-21,0.51,27.6,91402.8,80327,2325685.56,2017114.0,0.5619,-0.9348,0.036,3.613,0.6345,0,0.0,16,12.7,1,1,0,0,0,Tier 4: SmallCap Active (10L-1 Cr/day)
GRADIENTE,GRADIENTE INFOTAINMENT L,INE361K01017,EQ,NORMAL,False,False,PARTIAL,74,2026-05-08,2026-08-21,0.29,2.93,809086.4,316655,2305992.81,913464.48,0.666,-3.5964,0.125,1.853,0.757,0,0.0,27,36.49,0,0,0,0,0,Tier 4: SmallCap Active (10L-1 Cr/day)
TIRUPATI,SHREE TIRUPATI BALAJEE,INE238Y01018,SM,SME,False,False,PARTIAL,953,2017-10-05,2026-08-19,8.87,332.0,11669.7,3125,2295091.99,513000.0,0.6239,0.7361,-0.029,5.646,0.6676,0,0.0,436,45.75,0,0,0,0,0,Tier 4: SmallCap Active (10L-1 Cr/day)
MCON,MCON RASAYAN INDIA LTD,INE0O4M01019,SM,SME,False,False,PARTIAL,785,2023-03-20,2026-08-19,3.42,48.5,21335.0,10000,2290477.01,1107000.0,0.6255,0.181,0.461,3.51,0.8376,0,0.0,104,13.25,0,0,0,0,0,Tier 4: SmallCap Active (10L-1 Cr/day)
SURANI,SURANI STEEL TUBES LTD.,INE01ZJ01015,SM,SME,False,False,PARTIAL,1211,2019-02-21,2026-08-21,7.5,101.85,13632.0,4400,2290391.61,439280.0,0.6769,0.366,0.087,5.537,0.9314,0,0.0,364,30.06,0,0,0,0,0,Tier 4: SmallCap Active (10L-1 Cr/day)
NV20BEES,NIP IND ETF ETF NV20,INF204KB18I3,EQ,NORMAL,False,False,PARTIAL,2221,2016-08-29,2026-08-21,9.98,139.76,17646.7,6755,2286385.21,619087.59,0.2074,0.1699,-0.256,48.847,0.297,0,0.0,135,6.08,0,0,0,0,0,Tier 4: SmallCap Active (10L-1 Cr/day)
RCDL,RAJGOR CASTOR DERIVATI L,INE0BZQ01011,SM,SME,False,False,PARTIAL,617,2023-10-31,2026-08-21,2.81,28.6,57991.9,18000,2283446.84,554250.0,0.6732,-0.0888,0.931,6.648,0.726,0,0.0,94,15.24,0,0,0,0,0,Tier 4: SmallCap Active (10L-1 Cr/day)
GLOSTERLTD,GLOSTER LIMITED,INE350Z01018,EQ,NORMAL,False,False,PARTIAL,577,2024-04-26,2026-08-21,2.32,601.0,3222.3,1957,2257016.43,1303414.0,0.3269,-0.1322,0.597,6.057,0.4538,0,0.0,0,0.0,3,3,0,0,0,Tier 4: SmallCap Active (10L-1 Cr/day)
LANCER,LANCER CONTAINER LINES L,INE359U01028,EQ,NORMAL,False,False,PARTIAL,5,2026-08-17,2026-08-21,0.01,10.42,212594.8,205983,2253987.4,2142223.2,0.3657,-3.732,-0.545,1.16,0.0623,0,0.0,0,0.0,2,0,1,0,0,Tier 4: SmallCap Active (10L-1 Cr/day)
CELEBRITY,CELEBRITY FASHIONS LTD,INE185H01016,EQ,NORMAL,False,False,PARTIAL,2476,2016-08-22,2026-08-21,10.0,6.75,139404.9,52654,2249721.51,604349.16,0.5896,0.113,1.049,7.101,0.8528,0,0.0,43,1.74,9,0,0,0,0,Tier 4: SmallCap Active (10L-1 Cr/day)
IDENTICAL,IDENTICAL BRAINS STUDIO L,INE0TD101011,SM,SME,False,False,PARTIAL,380,2024-12-26,2026-08-20,1.65,17.55,38457.9,12000,2247688.95,341200.0,0.6662,-0.9333,0.624,6.67,0.8461,0,0.0,79,20.79,0,0,0,0,0,Tier 4: SmallCap Active (10L-1 Cr/day)
NEXT50ETF,KOTAKMAMC - NEXT50ETF,INF174KA1YO3,EQ,NORMAL,False,False,PARTIAL,149,2026-01-14,2026-08-21,0.6,74.61,32547.6,21441,2245663.87,1503853.26,0.2136,0.1497,-0.198,3.722,0.1547,0,0.0,0,0.0,0,0,0,0,0,Tier 4: SmallCap Active (10L-1 Cr/day)
SIDDHICOTS,SIDDHI COTSPIN LIMITED,INE0SVO01019,SM,SME,False,False,PARTIAL,217,2025-09-26,2026-08-21,0.9,27.3,60315.2,16800,2239076.41,507360.0,0.3708,-1.2121,-0.343,4.153,0.676,0,0.0,22,10.14,0,0,0,0,0,Tier 4: SmallCap Active (10L-1 Cr/day)
BEDMUTHA,BEDMUTHA INDUST LTD,INE844K01012,EQ,NORMAL,False,False,PARTIAL,2450,2016-08-22,2026-08-21,10.0,108.42,29689.7,11488,2215204.54,584317.5,0.5615,0.3187,1.222,8.406,0.7916,0,0.0,49,2.0,9,0,0,0,0,Tier 4: SmallCap Active (10L-1 Cr/day)
SEL,SUNGARNER ENERGIES LTD,INE0O3O01017,SM,SME,False,False,PARTIAL,697,2023-08-31,2026-08-21,2.97,302.0,6682.1,2600,2210905.21,784630.0,0.6769,0.2771,0.478,4.266,0.8614,0,0.0,101,14.49,0,0,0,0,0,Tier 4: SmallCap Active (10L-1 Cr/day)
BANKA,BANKA BIOLOO LIMITED,INE862Y01015,EQ,NORMAL,False,False,PARTIAL,1645,2018-02-27,2026-08-21,8.48,78.0,24025.3,8227,2208074.07,609985.7,0.9192,0.4252,12.718,386.536,0.7418,1,0.06,185,11.25,4,0,0,0,0,Tier 4: SmallCap Active (10L-1 Cr/day)
BBTCL,B&B TRIPLEWALL CONT LTD,INE01EE01011,EQ,NORMAL,False,False,PARTIAL,1456,2016-09-01,2026-08-21,9.97,240.11,13245.6,5120,2203864.26,899100.0,0.736,0.3224,-5.169,140.237,0.9829,4,0.27,229,15.73,2,2,0,0,0,Tier 4: SmallCap Active (10L-1 Cr/day)
IDEALTECHO,IDEAL TECHNOPLAST IND LTD,INE0T9I01011,SM,SME,False,False,PARTIAL,363,2024-08-28,2026-08-21,1.98,175.0,16147.4,3500,2190407.78,590850.0,0.6452,0.3705,-0.142,4.002,0.3784,0,0.0,92,25.34,0,0,0,0,0,Tier 4: SmallCap Active (10L-1 Cr/day)
CEMNTGROWW,GROWWAMC - CEMNTGROWW,INF666M01PH7,EQ,NORMAL,False,False,PARTIAL,19,2026-07-28,2026-08-21,0.07,14.88,143754.9,91597,2181328.29,1382198.73,0.1892,-0.4271,-0.527,3.801,0.0583,0,0.0,0,0.0,0,0,0,0,0,Tier 4: SmallCap Active (10L-1 Cr/day)
BLBLIMITED,BLB LIMITED,INE791A01024,EQ,NORMAL,False,False,PARTIAL,2467,2016-08-22,2026-08-21,10.0,16.0,101675.3,25835,2172881.82,324632.0,0.6216,0.3238,1.089,7.2,0.7587,0,0.0,141,5.72,5,0,0,0,0,Tier 4: SmallCap Active (10L-1 Cr/day)
CHAMUNDA,CHAMUNDA ELECTRICAL LTD,INE11HG01018,SM,SME,False,False,PARTIAL,357,2025-02-11,2026-08-20,1.52,43.95,43949.6,21000,2172674.37,953100.0,0.565,-0.1349,0.418,5.099,0.4271,0,0.0,44,12.32,0,0,0,0,0,Tier 4: SmallCap Active (10L-1 Cr/day)
SIMBHALS,SIMBHAOLI SUGARS LTD.,INE748T01016,BZ,NORMAL,False,False,PARTIAL,2431,2016-08-22,2026-08-21,10.0,8.28,82678.4,31958,2172249.77,567392.7,0.5571,0.006,0.783,7.082,0.9139,0,0.0,55,2.26,9,0,0,0,0,Tier 4: SmallCap Active (10L-1 Cr/day)
BANG,BANG OVERSEAS LTD.,INE863I01016,EQ,NORMAL,False,False,PARTIAL,2476,2016-08-22,2026-08-21,10.0,28.69,41683.5,11261,2169604.46,452563.2,0.5637,0.1776,1.096,8.226,0.8197,0,0.0,30,1.21,9,0,0,0,0,Tier 4: SmallCap Active (10L-1 Cr/day)
NOIDATOLL,NOIDA TOLL BRIDGE CO LTD,INE781B01015,EQ,NORMAL,False,False,PARTIAL,2477,2016-08-22,2026-08-21,10.0,4.04,226376.1,101268,2161016.1,710648.25,0.5565,-0.0236,1.164,8.877,0.8979,1,0.04,201,8.11,9,1,0,0,0,Tier 4: SmallCap Active (10L-1 Cr/day)
GROWWSC250,GROWWAMC - GROWWSC250,INF666M01MO0,EQ,NORMAL,False,False,PARTIAL,201,2025-10-30,2026-08-21,0.81,10.6,227750.7,185203,2159331.16,1814999.0,0.1902,0.0851,0.001,5.582,0.1933,0,0.0,0,0.0,0,0,0,0,0,Tier 4: SmallCap Active (10L-1 Cr/day)
GRETEX,GRETEX INDUSTRIES LTD.,INE985P01012,SM,SME,False,False,PARTIAL,454,2016-10-14,2026-08-12,9.83,300.0,25564.4,6000,2151644.6,330825.0,0.9182,1.8349,-0.235,6.438,0.7886,5,1.1,292,64.32,0,0,0,0,0,Tier 4: SmallCap Active (10L-1 Cr/day)
MOHEALTH,MOTILALAMC - MOHEALTH,INF247L01BB1,EQ,NORMAL,False,False,PARTIAL,1003,2022-08-04,2026-08-21,4.05,51.4,50319.1,33285,2146423.0,1403429.76,0.1849,0.2174,0.458,12.251,0.1741,0,0.0,2,0.2,0,0,0,0,0,Tier 4: SmallCap Active (10L-1 Cr/day)
AUSOMENT,AUSOM ENTERPRISE LIMITED,INE218C01016,EQ,NORMAL,False,False,PARTIAL,2465,2016-08-22,2026-08-21,10.0,146.83,23545.8,4565,2138954.53,300303.0,0.6401,0.41,1.389,8.723,0.7809,0,0.0,26,1.05,11,5,0,0,0,Tier 4: SmallCap Active (10L-1 Cr/day)
FORGEAUTO,FORGE AUTO INTERNATION L,INE0YKW01013,SM,SME,False,False,PARTIAL,382,2024-10-04,2026-08-21,1.88,101.0,20422.0,7200,2132175.86,739800.0,0.6856,0.1751,1.165,7.036,0.5973,0,0.0,81,21.2,0,0,0,0,0,Tier 4: SmallCap Active (10L-1 Cr/day)
TGBHOTELS,TGB BANQUETS&HOTELS LTD,INE797H01018,EQ,NORMAL,False,False,PARTIAL,2474,2016-08-22,2026-08-21,10.0,9.82,70527.6,29807,2131090.18,359813.16,0.5373,-0.0527,0.645,6.154,0.9822,0,0.0,72,2.91,6,0,0,0,0,Tier 4: SmallCap Active (10L-1 Cr/day)
IPSL,INTEGRATED PERSO SER LTD,INE02EE01019,SM,SME,False,False,PARTIAL,519,2022-11-11,2026-08-20,3.77,216.0,17195.6,3500,2124359.3,595000.0,0.9481,0.9916,0.475,4.64,0.5065,0,0.0,156,30.06,0,0,0,0,0,Tier 4: SmallCap Active (10L-1 Cr/day)
PEARLPOLY,PEARL POLYMERS LTD,INE844A01013,EQ,NORMAL,False,False,PARTIAL,2465,2016-08-22,2026-08-21,10.0,15.71,69580.9,16344,2122130.49,368752.0,0.6106,0.164,1.288,8.113,0.8536,0,0.0,50,2.03,9,0,0,0,0,Tier 4: SmallCap Active (10L-1 Cr/day)
DAICHI,DAI-ICHI KARKARIA LTD.,INE928C01010,EQ,NORMAL,False,False,PARTIAL,87,2026-04-20,2026-08-21,0.34,324.35,7052.6,2496,2115352.4,686933.65,0.4164,0.6947,1.057,5.958,0.1424,0,0.0,0,0.0,1,1,0,0,0,Tier 4: SmallCap Active (10L-1 Cr/day)
GVPTECH,GVP INFOTECH LIMITED,INE382T01030,EQ,NORMAL,False,False,PARTIAL,981,2022-09-08,2026-08-21,3.95,7.34,129403.8,60614,2108809.19,630756.25,2.348,1.1453,28.136,857.321,0.9398,0,0.0,149,15.19,8,2,1,0,1,Tier 4: SmallCap Active (10L-1 Cr/day)
VISAMAN,VISAMAN GLOBAL SALES LTD,INE0BHK01012,SM,SME,False,False,PARTIAL,331,2024-07-01,2026-08-21,2.14,102.25,40105.7,9000,2092744.26,720000.0,0.5906,0.7579,1.115,7.118,0.3172,0,0.0,110,33.23,0,0,0,0,0,Tier 4: SmallCap Active (10L-1 Cr/day)
TANAA,TANEJA AEROSPACE & AVIA L,INE692C01020,EQ,NORMAL,False,False,PARTIAL,5,2026-08-17,2026-08-21,0.01,306.55,6795.2,6494,2092045.9,1999177.9,0.4051,1.2245,0.718,1.292,0.0233,0,0.0,0,0.0,0,0,0,0,0,Tier 4: SmallCap Active (10L-1 Cr/day)
INDIANCARD,INDIAN CARD CLOTHING CO.,INE061A01014,EQ,NORMAL,False,False,PARTIAL,2472,2016-08-22,2026-08-21,10.0,209.5,8041.8,2529,2083498.32,474798.8,0.4398,0.0724,1.27,10.603,0.6906,0,0.0,15,0.61,11,4,0,0,0,Tier 4: SmallCap Active (10L-1 Cr/day)
ORIENTLTD,ORIENT PRESS LIMITED,INE609C01024,BE,NORMAL,False,False,PARTIAL,2382,2016-08-22,2026-08-21,10.0,81.16,17523.7,3235,2080234.72,269756.5,0.5582,0.1677,1.521,10.462,0.8595,0,0.0,56,2.35,6,4,0,0,0,Tier 4: SmallCap Active (10L-1 Cr/day)
SNEHAA,SNEHAA ORGANICS LIMITED,INE1OIC01018,SM,SME,False,False,PARTIAL,224,2025-09-05,2026-08-21,0.96,44.6,26200.9,9000,2073276.56,455500.0,0.6675,-0.8566,0.506,5.41,0.6682,0,0.0,30,13.39,0,0,0,0,0,Tier 4: SmallCap Active (10L-1 Cr/day)
SUPREMEENG,SUPREME ENGINEERING LTD,INE319Z01021,BZ,PCA,False,False,PARTIAL,1258,2020-12-04,2026-08-21,5.71,2.53,913442.0,354040,2056046.96,606550.0,0.5954,0.1755,0.03,2.554,0.8795,1,0.08,264,20.99,3,0,1,0,0,Tier 4: SmallCap Active (10L-1 Cr/day)
AZADIND,AZAD INDIA MOBILITY LTD.,INE566M01017,EQ,NORMAL,False,False,PARTIAL,5,2026-08-17,2026-08-21,0.01,90.47,22511.0,23654,2044973.95,2139977.38,0.2273,-0.679,-0.343,0.941,0.0216,0,0.0,0,0.0,0,0,0,0,0,Tier 4: SmallCap Active (10L-1 Cr/day)
IL&FSENGG,IL&FS ENG AND CONS CO LTD,INE369I01014,BZ,NORMAL,False,False,PARTIAL,2418,2016-08-22,2026-08-21,10.0,36.39,63960.5,28702,2044772.3,389662.2,0.5208,0.1034,0.49,5.386,0.975,0,0.0,240,9.93,9,0,0,0,0,Tier 4: SmallCap Active (10L-1 Cr/day)
INTERNET,MIRAEAMC - INTERNET,INF769K01PB6,EQ,NORMAL,False,False,PARTIAL,279,2025-07-08,2026-08-21,1.12,14.58,156456.1,101277,2037831.53,1320325.05,0.2691,0.1092,0.217,21.907,0.2898,0,0.0,0,0.0,0,0,0,0,0,Tier 4: SmallCap Active (10L-1 Cr/day)
BTTL,BHILWARA TECHNICAL TEXT L,INE274K01012,BE,NORMAL,False,False,PARTIAL,87,2026-04-20,2026-08-21,0.34,45.26,43408.9,8363,2037634.22,345723.48,0.7233,0.86,1.855,8.439,0.2575,0,0.0,0,0.0,0,0,0,0,0,Tier 4: SmallCap Active (10L-1 Cr/day)
NIFTY100EW,KOTAKMAMC - NIFTY100EW,INF174KA1UW4,EQ,NORMAL,False,False,PARTIAL,363,2025-03-04,2026-08-21,1.46,35.53,60844.6,20493,2036060.34,694448.71,0.2025,0.179,1.008,34.859,0.2073,0,0.0,0,0.0,0,0,0,0,0,Tier 4: SmallCap Active (10L-1 Cr/day)
SHIVAMILLS,SHIVA MILLS LIMITED,INE644Y01017,EQ,NORMAL,False,False,PARTIAL,2098,2018-02-26,2026-08-21,8.48,59.91,21621.2,6544,2033489.47,408581.4,0.5721,0.1035,1.275,8.781,0.806,0,0.0,24,1.14,6,4,0,0,0,Tier 4: SmallCap Active (10L-1 Cr/day)
RVHL,RAVINDER HEIGHTS LIMITED,INE09E501017,EQ,NORMAL,False,False,PARTIAL,1407,2020-12-18,2026-08-21,5.67,43.02,52230.2,23301,2023745.27,786075.4,0.5325,0.2056,1.179,7.456,0.634,0,0.0,19,1.35,4,0,0,0,0,Tier 4: SmallCap Active (10L-1 Cr/day)
PRAENG,PRAJAY ENG. SYN. LTD.,INE505C01016,EQ,NORMAL,False,False,PARTIAL,2475,2016-08-22,2026-08-21,10.0,19.04,109509.4,50766,2019621.55,746132.4,0.6028,0.2708,1.065,6.676,0.794,0,0.0,72,2.91,9,0,0,0,0,Tier 4: SmallCap Active (10L-1 Cr/day)
SETF10GILT,SBIAMC - SETF10GILT,INF200KA1JT1,EQ,NORMAL,False,False,PARTIAL,2042,2016-08-22,2026-08-21,10.0,264.69,8337.5,871,2019332.59,176730.0,0.3165,0.1312,1.559,48.028,0.2173,1,0.05,185,9.06,0,0,0,0,0,Tier 4: SmallCap Active (10L-1 Cr/day)
OILCOUNTUB,OIL COUNTRY TUBULAR LTD.,INE591A01010,BE,NORMAL,False,False,PARTIAL,2417,2016-08-22,2026-08-21,10.0,57.86,57024.4,22586,2011940.8,538348.35,0.5796,0.2463,1.032,7.287,0.9539,0,0.0,223,9.23,8,0,0,0,0,Tier 4: SmallCap Active (10L-1 Cr/day)
NIFTYQLITY,BIRLASLAMC - NIFTYQLITY,INF209KB15K4,EQ,NORMAL,False,False,PARTIAL,993,2022-08-22,2026-08-21,4.0,21.6,100700.9,45297,2011053.04,897869.28,0.1428,0.1119,0.435,11.755,0.2238,0,0.0,0,0.0,0,0,0,0,0,Tier 4: SmallCap Active (10L-1 Cr/day)
KAMANWALA,KAMANWALA HOUSING CONST L,INE344D01018,EQ,NORMAL,False,False,PARTIAL,5,2026-08-17,2026-08-21,0.01,16.77,109752.6,11564,2008041.91,156692.2,2.1889,15.5284,-0.146,0.824,0.1047,0,0.0,0,0.0,0,0,0,0,0,Tier 4: SmallCap Active (10L-1 Cr/day)
LAXMICOT,LAXMI COTSPIN LIMITED,INE801V01019,EQ,NORMAL,False,False,PARTIAL,1632,2017-03-31,2026-08-21,9.39,13.92,71124.3,19900,2005023.94,423296.25,0.7667,0.2324,0.876,7.86,0.7136,0,0.0,207,12.68,4,0,0,0,0,Tier 4: SmallCap Active (10L-1 Cr/day)
KAVDEFENCE,KAVVERI DFS & WIR TEC LTD,INE641C01019,EQ,NORMAL,False,False,PARTIAL,2120,2016-08-22,2026-08-21,10.0,56.9,44515.3,13321,2002404.47,162646.6,0.5973,0.322,0.394,4.803,0.9024,2,0.09,474,22.36,9,0,0,0,0,Tier 4: SmallCap Active (10L-1 Cr/day)
ODIGMA,ODIGMA CONSULTANCY SOL L,INE054301028,EQ,NORMAL,False,False,PARTIAL,421,2024-12-12,2026-08-21,1.69,22.51,40709.1,17836,1996084.97,597639.0,0.4618,-0.9909,0.513,3.963,0.8545,1,0.24,49,11.64,0,0,0,0,0,Tier 4: SmallCap Active (10L-1 Cr/day)
YUDIZ,YUDIZ SOLUTIONS LIMITED,INE09FA01019,SM,SME,False,False,PARTIAL,691,2023-08-17,2026-08-21,3.01,22.95,16761.8,6400,1991367.0,285760.0,0.5703,-0.5906,-0.044,3.936,0.8936,0,0.0,118,17.08,0,0,0,0,0,Tier 4: SmallCap Active (10L-1 Cr/day)
MADHUCON,MADHUCON PROJECTS LTD.,INE378D01032,BE,NORMAL,False,False,PARTIAL,2446,2016-08-22,2026-08-21,10.0,5.23,84966.3,40136,1989606.85,269525.94,0.5541,-0.0794,0.572,4.795,0.9752,0,0.0,193,7.89,8,2,0,0,0,Tier 4: SmallCap Active (10L-1 Cr/day)
AKI,AKI INDIA LIMITED,INE642Z01026,EQ,NORMAL,False,False,PARTIAL,839,2023-04-06,2026-08-21,3.38,4.18,127270.9,56071,1982346.1,653733.6,0.5121,-0.2776,0.798,9.199,0.8788,2,0.24,131,15.61,3,0,1,0,0,Tier 4: SmallCap Active (10L-1 Cr/day)
INCREDIBLE,INCREDIBLE INDUSTRIES LTD,INE452L01012,EQ,NORMAL,False,False,PARTIAL,2445,2016-08-22,2026-08-21,10.0,33.01,36852.5,14902,1980347.62,528165.6,0.5581,0.0041,0.706,9.817,0.9175,1,0.04,83,3.39,9,0,0,0,0,Tier 4: SmallCap Active (10L-1 Cr/day)
MAL,MANGALAM ALLOYS LIMITED,INE00C401011,SM,SME,False,False,PARTIAL,677,2023-10-04,2026-08-20,2.88,32.0,42049.0,20800,1979329.28,943360.0,0.5407,-0.1788,0.91,6.357,0.6493,0,0.0,83,12.26,0,0,0,0,0,Tier 4: SmallCap Active (10L-1 Cr/day)
TVVISION,TV VISION LIMITED,INE871L01013,BE,NORMAL,False,False,PARTIAL,2304,2016-09-15,2026-08-21,9.93,3.57,39773.7,13438,1970834.31,65295.3,0.5401,-0.3145,0.293,3.757,0.9969,1,0.04,758,32.9,8,0,0,0,0,Tier 4: SmallCap Active (10L-1 Cr/day)
ECAPINSURE,EDELAMC - ECAPINSURE,INF754K01TX4,EQ,NORMAL,False,False,PARTIAL,404,2025-01-06,2026-08-21,1.62,24.32,85102.5,53387,1968305.89,1235445.54,0.2123,0.1239,0.093,4.38,0.1664,0,0.0,0,0.0,0,0,0,0,0,Tier 4: SmallCap Active (10L-1 Cr/day)
PARTYCRUS,PARTY CRUISERS LIMITED,INE06ZX01015,SM,SME,False,False,PARTIAL,1205,2021-03-05,2026-08-21,5.46,77.35,26971.0,12000,1963632.28,874200.0,0.6113,0.4165,0.361,5.726,0.7459,0,0.0,240,19.92,0,0,0,0,0,Tier 4: SmallCap Active (10L-1 Cr/day)
AVIANSH,AVI ANSH TEXTILE LIMITED,INE0TFB01017,SM,SME,False,False,PARTIAL,471,2024-09-27,2026-08-21,1.9,102.0,21753.7,9000,1961985.03,920000.0,0.2514,0.2245,0.718,6.96,0.1803,0,0.0,33,7.01,0,0,0,0,0,Tier 4: SmallCap Active (10L-1 Cr/day)
KSR,KSR FOOTWEAR LIMITED,INE1SPP01016,EQ,NORMAL,False,False,PARTIAL,182,2025-11-27,2026-08-21,0.73,28.2,76984.8,20623,1960126.43,616637.64,0.6487,0.0145,1.375,8.057,0.5455,0,0.0,10,5.49,0,0,0,0,0,Tier 4: SmallCap Active (10L-1 Cr/day)
SENSEXETF,MIRAEAMC - SENSEXETF,INF769K01KT9,EQ,NORMAL,False,False,PARTIAL,714,2023-10-06,2026-08-21,2.87,80.18,24331.2,11933,1945241.45,981790.8,0.1828,0.0843,-3.789,94.638,0.1776,0,0.0,0,0.0,0,0,0,0,0,Tier 4: SmallCap Active (10L-1 Cr/day)
GKWLIMITED,GKW LIMITED,INE528A01020,EQ,NORMAL,False,False,PARTIAL,2469,2016-08-22,2026-08-21,10.0,1606.5,1583.1,345,1940259.85,270480.0,0.4892,0.2106,1.584,12.06,0.6534,1,0.04,35,1.42,7,0,0,0,0,Tier 4: SmallCap Active (10L-1 Cr/day)
HDFCVALUE,HDFCAMC - HDFCVALUE,INF179KC1DK8,EQ,NORMAL,False,False,PARTIAL,970,2017-04-13,2026-08-21,9.36,125.64,9010.1,4473,1938232.06,557134.9,0.5043,-0.0879,-25.745,754.723,0.9297,0,0.0,3,0.31,0,0,0,0,0,Tier 4: SmallCap Active (10L-1 Cr/day)
HPTL,HP TELECOM INDIA LIMITED,INE0VA601019,SM,SME,False,False,PARTIAL,273,2025-02-28,2026-08-21,1.48,341.1,11160.4,3600,1937940.66,719400.0,0.5658,1.1647,0.939,6.504,0.2247,0,0.0,81,29.67,0,0,0,0,0,Tier 4: SmallCap Active (10L-1 Cr/day)
MOLOWVOL,MOTILALAMC - MOLOWVOL,INF247L01BL0,EQ,NORMAL,False,False,PARTIAL,1216,2017-04-11,2026-08-21,9.36,36.81,56578.7,7400,1937286.64,178011.51,2.7499,1.0552,34.395,1193.609,0.7888,0,0.0,18,1.48,0,0,0,0,0,Tier 4: SmallCap Active (10L-1 Cr/day)
GRAPHISAD,GRAPHISADS LIMITED,INE0POU01017,SM,SME,False,False,PARTIAL,629,2023-12-13,2026-08-21,2.69,26.15,32823.5,13200,1932899.71,628800.0,0.5178,-0.4273,0.242,3.061,0.7546,0,0.0,73,11.61,0,0,0,0,0,Tier 4: SmallCap Active (10L-1 Cr/day)
MAHAPEXLTD,MAHA RASHTRA APEX COPR. L,INE843B01013,EQ,NORMAL,False,False,PARTIAL,1974,2018-04-05,2026-08-21,8.38,61.13,14984.6,4423,1930316.54,434340.0,0.5562,0.0461,-1.365,36.929,0.8314,0,0.0,100,5.07,10,0,0,0,1,Tier 4: SmallCap Active (10L-1 Cr/day)
PENTAGON,PENTAGON RUBBER LIMITED,INE0ORS01017,SM,SME,False,False,PARTIAL,686,2023-07-07,2026-08-21,3.12,53.0,18712.8,8000,1927278.21,750000.0,0.6145,-0.1266,1.033,6.678,0.6758,0,0.0,83,12.1,0,0,0,0,0,Tier 4: SmallCap Active (10L-1 Cr/day)
WEIZMANIND,WEIZMANN LTD,INE080A01014,EQ,NORMAL,False,False,PARTIAL,2475,2016-08-22,2026-08-21,10.0,76.5,20514.1,5675,1920502.59,320416.52,0.6049,0.273,1.007,13.412,0.8248,1,0.04,56,2.26,14,10,0,0,0,Tier 4: SmallCap Active (10L-1 Cr/day)
GATECHDVR,GACM TECHNOLOGIES LIMITED,INE224E01036,BE,NORMAL,False,False,PARTIAL,2178,2017-10-10,2026-08-21,8.86,0.51,434230.2,133510,1906012.14,225841.0,0.8649,0.0908,0.849,13.658,0.986,0,0.0,399,18.32,7,0,0,0,2,Tier 4: SmallCap Active (10L-1 Cr/day)
NITIRAJ,NITIRAJ ENGINEERS LTD,INE439T01012,EQ,NORMAL,False,False,PARTIAL,1705,2017-03-09,2026-08-21,9.45,198.91,12227.6,4270,1899679.75,465360.0,0.5298,0.2831,0.869,6.93,0.6085,0,0.0,221,12.96,7,2,0,0,0,Tier 4: SmallCap Active (10L-1 Cr/day)
SVLL,SHREE VASU LOGISTICS LTD,INE00CE01017,BE,PCA,False,False,PARTIAL,1411,2018-06-04,2026-08-21,8.21,781.05,7241.8,1858,1898809.22,355050.0,0.4873,0.6847,1.68,16.104,0.4616,0,0.0,419,29.7,3,0,0,0,0,Tier 4: SmallCap Active (10L-1 Cr/day)
UNITEDTEA,UNITED NILGIRI TEA LTD,INE458F01011,EQ,NORMAL,False,False,PARTIAL,2468,2016-08-22,2026-08-21,10.0,453.95,4781.2,1502,1897811.05,529690.8,0.4334,0.1043,1.704,14.282,0.6708,0,0.0,5,0.2,20,19,0,0,0,Tier 4: SmallCap Active (10L-1 Cr/day)
SELECTIPO,MIRAEAMC - SELECTIPO,INF769K01ON4,EQ,NORMAL,False,False,PARTIAL,355,2025-03-17,2026-08-21,1.43,48.84,42273.4,14668,1892252.7,681264.76,0.1901,0.1701,-0.239,5.251,0.2461,0,0.0,0,0.0,0,0,0,0,0,Tier 4: SmallCap Active (10L-1 Cr/day)
MIDQ50ADD,DSPAMC - DSPQ50ETF,INF740KA1ZF3,EQ,NORMAL,False,False,PARTIAL,1152,2021-12-30,2026-08-21,4.64,25.52,92634.0,45500,1890146.96,969188.7,0.152,0.0918,-0.443,5.432,0.214,0,0.0,0,0.0,0,0,0,0,0,Tier 4: SmallCap Active (10L-1 Cr/day)
AHLEAST,ASIAN HOTELS (EAST) LTD,INE926K01017,EQ,NORMAL,False,False,PARTIAL,2473,2016-08-22,2026-08-21,10.0,139.93,12470.2,4373,1889418.86,591078.0,0.4139,0.0906,0.548,11.532,0.7124,0,0.0,17,0.69,10,6,0,1,0,Tier 4: SmallCap Active (10L-1 Cr/day)
ISHAN,ISHAN INTERNATIONAL LTD,INE0LCW01025,SM,SME,False,False,PARTIAL,904,2022-09-22,2026-08-21,3.91,0.5,845946.9,336000,1887560.18,367200.0,0.6899,-0.2382,0.214,3.11,0.9231,0,0.0,384,42.48,0,0,0,0,0,Tier 4: SmallCap Active (10L-1 Cr/day)
GILLANDERS,GILLANDERS ARBUTHNOT LTD,INE047B01011,EQ,NORMAL,False,False,PARTIAL,2473,2016-08-22,2026-08-21,10.0,96.13,20665.9,5588,1884288.34,370600.45,0.4849,0.1608,0.501,5.829,0.8229,0,0.0,27,1.09,9,0,0,0,0,Tier 4: SmallCap Active (10L-1 Cr/day)
DHTL,DOCMODE HEALTH TECH LTD,INE0OGG01015,SM,SME,False,False,PARTIAL,437,2024-02-02,2026-08-21,2.55,31.45,12027.5,4000,1882070.39,304080.0,0.6986,-0.7681,0.603,3.811,0.8869,0,0.0,193,44.16,0,0,0,0,0,Tier 4: SmallCap Active (10L-1 Cr/day)
ORIENTALTL,ORIENTAL TRIMEX LTD,INE998H01012,EQ,NORMAL,False,False,PARTIAL,2476,2016-08-22,2026-08-21,10.0,5.02,164977.4,44093,1880825.88,417844.7,0.585,0.1036,1.044,8.994,0.7936,0,0.0,109,4.4,9,0,0,0,1,Tier 4: SmallCap Active (10L-1 Cr/day)
PNC,PRITISH NANDY COMMUNICATI,INE392B01011,EQ,NORMAL,False,False,PARTIAL,2475,2016-08-22,2026-08-21,10.0,18.15,42433.6,11562,1878152.59,275420.25,0.6188,0.2092,1.391,8.25,0.7892,1,0.04,49,1.98,8,0,0,0,0,Tier 4: SmallCap Active (10L-1 Cr/day)
DOLLEX,DOLLEX AGROTECH LIMITED,INE0JHH01011,SM,SME,False,False,PARTIAL,828,2022-12-28,2026-08-21,3.65,33.1,46434.8,28000,1875884.54,1138800.0,0.4701,0.1241,0.734,7.929,0.517,0,0.0,75,9.06,0,0,0,0,0,Tier 4: SmallCap Active (10L-1 Cr/day)
BIRDYS,GRILL SPLENDOUR SER LTD,INE0PC901019,SM,SME,False,False,PARTIAL,385,2024-04-23,2026-08-21,2.33,86.2,17401.6,2400,1870936.05,257040.0,0.5674,-0.0954,0.077,3.216,0.5351,0,0.0,187,48.57,0,0,0,0,0,Tier 4: SmallCap Active (10L-1 Cr/day)
PARAMATRIX,PARAMATRIX TECHNOLOGIES L,INE0S2W01018,SM,SME,False,False,PARTIAL,331,2024-09-04,2026-08-19,1.95,58.5,18826.6,4800,1859975.53,441600.0,0.7597,-0.2689,0.551,4.434,0.5584,0,0.0,84,25.38,0,0,0,0,0,Tier 4: SmallCap Active (10L-1 Cr/day)
NV20,KOTAKMAMC - KTKNV20ETF,INF174KA1ZE1,EQ,NORMAL,False,False,PARTIAL,2394,2016-08-22,2026-08-21,10.0,13.98,167898.7,96740,1857226.51,914230.8,0.1894,0.1551,0.694,38.717,0.3195,0,0.0,64,2.67,0,0,0,0,0,Tier 4: SmallCap Active (10L-1 Cr/day)
UMA,UMA CONVERTER LIMITED,INE067901012,SM,SME,False,False,PARTIAL,778,2022-12-29,2026-08-20,3.64,14.6,54699.2,24000,1853916.2,601600.0,0.5553,-0.1173,1.801,11.179,0.688,0,0.0,124,15.94,0,0,0,0,0,Tier 4: SmallCap Active (10L-1 Cr/day)
CELLPOINT,CELL POINT (INDIA) LTD,INE0O0001013,SM,SME,False,False,PARTIAL,739,2023-06-28,2026-08-21,3.15,15.25,37554.0,13200,1852020.24,369000.0,0.5009,-0.4996,0.723,10.985,0.8737,0,0.0,68,9.2,0,0,0,0,0,Tier 4: SmallCap Active (10L-1 Cr/day)
NFPSAMPOOR,NFP SAMPOORNA FOODS LTD,INE0T1501010,SM,SME,False,False,PARTIAL,62,2026-05-25,2026-08-21,0.24,22.6,71419.4,24000,1845777.42,559200.0,0.7882,-3.0821,-0.871,6.582,0.5724,0,0.0,12,19.35,0,0,0,0,0,Tier 4: SmallCap Active (10L-1 Cr/day)
AMEYA,AMEYA PRECISION ENG LTD,INE0KT901015,SM,SME,False,False,PARTIAL,849,2022-09-08,2026-08-21,3.95,108.5,24318.0,9000,1838904.3,672000.0,0.6095,0.333,0.735,5.919,0.4885,0,0.0,158,18.61,0,0,0,0,0,Tier 4: SmallCap Active (10L-1 Cr/day)
ESG,MIRAEAMC - MAESGETF,INF769K01GS9,EQ,NORMAL,False,False,PARTIAL,1424,2020-11-24,2026-08-21,5.74,41.71,56069.7,13376,1837159.37,492937.34,0.1404,0.1189,-0.323,5.658,0.1781,0,0.0,0,0.0,0,0,0,0,0,Tier 4: SmallCap Active (10L-1 Cr/day)
ELCIDIN,ELCID INVESTMENTS LTD.,INE927X01018,EQ,NORMAL,False,False,PARTIAL,87,2026-04-20,2026-08-21,0.34,109005.0,15.5,12,1832084.56,1392540.0,0.1634,-0.5861,-0.68,4.311,0.1892,0,0.0,1,1.15,1,1,0,0,0,Tier 4: SmallCap Active (10L-1 Cr/day)
KONTOR,KONTOR SPACE LIMITED,INE0KZ301010,SM,SME,False,False,PARTIAL,660,2023-10-10,2026-08-21,2.86,55.95,17962.7,8400,1819708.82,773670.0,0.6438,-0.0738,0.585,5.453,0.7205,0,0.0,98,14.85,0,0,0,0,0,Tier 4: SmallCap Active (10L-1 Cr/day)
ABHAPOWER,ABHA POWER N STEEL LTD,INE0UYG01015,SM,SME,False,False,PARTIAL,399,2024-12-04,2026-08-21,1.71,24.75,36234.6,11200,1801262.16,358400.0,0.5549,-0.5722,0.684,5.257,0.6941,0,0.0,49,12.28,0,0,0,0,0,Tier 4: SmallCap Active (10L-1 Cr/day)
DIVOPPBEES,NIP IND ETF DIV OPP,INF204KA1MS3,EQ,NORMAL,False,False,PARTIAL,2423,2016-08-22,2026-08-21,10.0,77.67,24019.3,4174,1774056.66,161292.6,0.2385,0.1568,1.35,35.044,0.3455,0,0.0,117,4.83,0,0,0,0,0,Tier 4: SmallCap Active (10L-1 Cr/day)
BAGFILMS,B.A.G FILMS AND MEDIA LTD,INE116D01028,EQ,NORMAL,False,False,PARTIAL,2476,2016-08-22,2026-08-21,10.0,4.35,258302.6,124149,1771657.88,590928.0,0.5613,0.1406,1.149,8.042,0.8427,0,0.0,97,3.92,9,0,0,0,0,Tier 4: SmallCap Active (10L-1 Cr/day)
VSCL,VADIVARHE SPCLTY CHEM LTD,INE551Q01028,SM,SME,False,False,PARTIAL,1066,2017-06-02,2026-08-21,9.22,21.65,24258.9,6000,1766573.36,239400.0,0.6704,0.024,0.161,2.728,0.9594,1,0.09,577,54.13,0,0,0,0,0,Tier 4: SmallCap Active (10L-1 Cr/day)
JAINAM,JAINAM FER ALLOYS (I) LTD,INE02KC01010,SM,SME,False,False,PARTIAL,908,2021-10-08,2026-08-20,4.87,234.0,11908.6,5500,1761829.52,825000.0,0.6084,0.5051,0.733,5.318,0.5101,0,0.0,261,28.74,0,0,0,0,0,Tier 4: SmallCap Active (10L-1 Cr/day)
KALANA,KALANA ISPAT LIMITED,INE0T0L01014,SM,SME,False,False,PARTIAL,430,2024-09-26,2026-08-21,1.9,24.3,43474.4,14000,1755918.7,459000.0,0.5969,-0.2187,1.197,8.469,0.7165,0,0.0,73,16.98,0,0,0,0,0,Tier 4: SmallCap Active (10L-1 Cr/day)
BULKCORP,BULKCORP INTERNATIONAL L,INE0SZ301012,SM,SME,False,False,PARTIAL,378,2024-08-06,2026-08-21,2.04,67.4,16139.7,3600,1754177.78,230400.0,0.68,-0.2462,1.037,6.311,0.7147,0,0.0,137,36.24,0,0,0,0,0,Tier 4: SmallCap Active (10L-1 Cr/day)
BPLPHARMA,BHARAT PARENTERALS LTD.,INE365Y01019,EQ,NORMAL,False,False,PARTIAL,5,2026-08-17,2026-08-21,0.01,1397.1,1284.4,290,1753346.5,366792.0,0.7317,4.4304,0.275,1.136,0.0323,0,0.0,0,0.0,0,0,0,0,0,Tier 4: SmallCap Active (10L-1 Cr/day)
SUNSHIEL,SUNSHIELD CHEMICALS LTD.,INE199E01014,EQ,NORMAL,False,False,PARTIAL,5,2026-08-17,2026-08-21,0.01,1232.6,1384.0,1312,1735594.24,1656268.8,0.3582,0.2837,0.038,0.951,0.032,0,0.0,0,0.0,0,0,0,0,0,Tier 4: SmallCap Active (10L-1 Cr/day)
SHAHALLOYS,SHAH ALLOYS LIMITED,INE640C01011,EQ,NORMAL,False,False,PARTIAL,2394,2016-08-22,2026-08-21,10.0,77.31,29382.2,9843,1731859.81,350189.0,0.5973,0.3937,0.671,5.026,0.9022,1,0.04,153,6.39,8,0,0,0,0,Tier 4: SmallCap Active (10L-1 Cr/day)
SOMICONVEY,SOMI CONVEYOR BELT. LTD.,INE323J01019,EQ,NORMAL,False,False,PARTIAL,2459,2016-08-23,2026-08-21,9.99,101.17,21301.4,7645,1723130.24,430086.02,0.6491,0.2871,1.676,11.625,0.8798,0,0.0,86,3.5,9,2,0,0,0,Tier 4: SmallCap Active (10L-1 Cr/day)
SAGARDEEP,SAGARDEEP ALLOYS LIMITED,INE976T01013,EQ,NORMAL,False,False,PARTIAL,1919,2016-08-22,2026-08-21,10.0,23.4,39582.1,15721,1716720.54,474398.46,0.4869,0.1406,0.859,7.752,0.8065,11,0.57,122,6.36,7,0,0,1,0,Tier 4: SmallCap Active (10L-1 Cr/day)
UEL,UJAAS ENERGY LIMITED,INE899L01030,EQ,NORMAL,False,False,PARTIAL,291,2024-04-16,2026-08-21,2.35,181.23,9378.9,2944,1716253.39,542808.0,2.6933,3.5555,13.047,209.458,0.8302,0,0.0,114,39.18,5,0,0,3,0,Tier 4: SmallCap Active (10L-1 Cr/day)
BMETRICS,BOMBAY METRICS S C LTD,INE0I3Y01014,SM,SME,False,False,PARTIAL,1070,2021-10-12,2026-08-21,4.86,34.5,29947.7,10400,1714043.1,715520.0,0.6049,0.413,0.44,4.591,0.8784,1,0.09,195,18.22,0,0,0,0,0,Tier 4: SmallCap Active (10L-1 Cr/day)
SERVICE,SERVICE CARE LIMITED,INE0P1Q01015,SM,SME,False,False,PARTIAL,607,2023-07-26,2026-08-21,3.07,61.4,24945.6,8000,1713729.49,513000.0,0.6427,0.1621,0.929,6.649,0.5681,0,0.0,145,23.89,0,0,0,0,0,Tier 4: SmallCap Active (10L-1 Cr/day)
AMBICAAGAR,AMBICA AGAR & AROMAINDLTD,INE792B01012,EQ,NORMAL,False,False,PARTIAL,1320,2021-04-22,2026-08-21,5.33,24.77,57245.5,22226,1707795.9,579231.0,0.5357,0.2594,1.767,11.976,0.5987,0,0.0,26,1.97,8,0,0,0,0,Tier 4: SmallCap Active (10L-1 Cr/day)
HRHNEXT,HRH NEXT SERVICES LIMITED,INE0R3501012,SM,SME,False,False,PARTIAL,583,2024-01-03,2026-08-21,2.63,27.0,32845.6,12000,1700066.81,504000.0,0.6356,-0.0025,0.52,3.997,0.8211,0,0.0,149,25.56,0,0,0,0,0,Tier 4: SmallCap Active (10L-1 Cr/day)
CCHHL,COUNTRY CLUB HOSP HOL LTD,INE652F01027,EQ,NORMAL,False,False,PARTIAL,2476,2016-08-22,2026-08-21,10.0,12.99,122455.1,51591,1697580.24,486379.05,0.5166,0.1324,1.446,9.276,0.9153,0,0.0,50,2.02,8,0,0,0,0,Tier 4: SmallCap Active (10L-1 Cr/day)
SMALLADD,DSPAMC - SMALLADD,INF740KA1WX3,EQ,NORMAL,False,False,PARTIAL,167,2025-12-18,2026-08-21,0.67,18.53,102705.0,45839,1694500.4,771939.87,0.2222,0.2286,0.123,4.817,0.1562,0,0.0,0,0.0,0,0,0,0,0,Tier 4: SmallCap Active (10L-1 Cr/day)
SOTAC,SOTAC PHARMACEUTICALS LTD,INE0O2D01012,SM,SME,False,False,PARTIAL,458,2023-04-13,2026-08-20,3.35,90.05,13933.6,2400,1685024.93,313680.0,0.6599,0.0538,0.405,4.371,0.5377,0,0.0,197,43.01,0,0,0,0,0,Tier 4: SmallCap Active (10L-1 Cr/day)
HBSL,HB STOCKHOLDINGS LIMITED,INE550B01022,EQ,NORMAL,False,False,PARTIAL,1869,2018-07-26,2026-08-21,8.07,55.13,22823.5,6486,1679624.98,344132.0,0.5766,0.3807,1.17,7.855,0.7686,0,0.0,208,11.13,11,4,0,0,0,Tier 4: SmallCap Active (10L-1 Cr/day)
VIVIMEDLAB,VIVIMED LABS LIMITED,INE526G01021,BE,NORMAL,False,False,PARTIAL,167,2025-12-18,2026-08-21,0.67,6.24,213363.0,91175,1676884.12,559650.26,0.5755,-2.0258,0.099,2.258,0.8165,0,0.0,19,11.38,9,2,0,0,0,Tier 4: SmallCap Active (10L-1 Cr/day)
MADHAV,MADHAV MARBLE & GRANITE,INE925C01016,EQ,NORMAL,False,False,PARTIAL,2476,2016-08-22,2026-08-21,10.0,36.25,29726.1,9337,1674729.65,438510.99,0.5121,0.0981,0.985,8.1,0.7878,0,0.0,10,0.4,10,5,0,0,0,Tier 4: SmallCap Active (10L-1 Cr/day)
MASTER,MASTER COMPONENTS LIMITED,INE0OJM01017,SM,SME,False,False,PARTIAL,511,2023-09-29,2026-08-20,2.89,465.0,6860.1,2000,1672346.72,562000.0,0.5193,0.7255,0.768,6.388,0.3349,0,0.0,181,35.42,0,0,0,0,0,Tier 4: SmallCap Active (10L-1 Cr/day)
GANGESSECU,GANGES SECURITIES LIMITED,INE335W01016,EQ,NORMAL,False,False,PARTIAL,2209,2017-07-28,2026-08-21,9.07,121.93,14023.1,4955,1662742.35,438838.4,0.5492,0.2035,0.936,7.952,0.8377,0,0.0,24,1.09,8,0,0,0,0,Tier 4: SmallCap Active (10L-1 Cr/day)
FLEXIADD,DSPAMC - FLEXIADD,INF740KA1WU9,EQ,NORMAL,False,False,PARTIAL,210,2025-10-16,2026-08-21,0.85,10.19,163091.7,126078,1650933.7,1253852.62,0.1478,-0.0435,-0.216,3.545,0.1795,0,0.0,0,0.0,0,0,0,0,0,Tier 4: SmallCap Active (10L-1 Cr/day)
AURUS,AURUS GEM CORP LIMITED,INE142K01011,EQ,NORMAL,False,False,PARTIAL,2450,2016-08-22,2026-08-21,10.0,4.68,89673.3,38668,1643240.69,231303.8,0.5691,-0.075,1.287,8.347,0.9517,0,0.0,66,2.69,10,0,0,1,0,Tier 4: SmallCap Active (10L-1 Cr/day)
EMKAYTOOLS,EMKAY TAP & CUT. TOOL LTD,INE332S01011,SM,SME,False,False,PARTIAL,1315,2016-08-22,2026-08-21,10.0,93.5,4557.7,1600,1622689.79,425670.0,0.808,0.2193,-4.807,74.721,0.9557,1,0.08,474,36.05,0,0,0,0,0,Tier 4: SmallCap Active (10L-1 Cr/day)
MLKFOOD,MILKFOOD LTD.,INE588G01021,EQ,NORMAL,False,False,PARTIAL,5,2026-08-17,2026-08-21,0.01,90.2,19280.4,22749,1622679.62,1815608.34,0.8749,6.803,-0.293,1.148,0.047,0,0.0,0,0.0,0,0,0,0,0,Tier 4: SmallCap Active (10L-1 Cr/day)
ARISTO,ARISTO BIO T AND LIFESC L,INE082101010,SM,SME,False,False,PARTIAL,693,2023-01-30,2026-08-13,3.53,108.0,18584.7,8000,1616186.84,714720.0,0.6833,0.3197,0.852,6.057,0.5312,0,0.0,158,22.8,0,0,0,0,0,Tier 4: SmallCap Active (10L-1 Cr/day)
MONOPHARMA,MONO PHARMACARE LIMITED,INE0OIP01012,SM,SME,False,False,PARTIAL,539,2023-09-07,2026-08-21,2.95,8.45,44530.6,10000,1605138.03,280000.0,0.5911,-0.4267,0.446,3.573,0.8947,0,0.0,146,27.09,0,0,0,0,0,Tier 4: SmallCap Active (10L-1 Cr/day)
REXPRO,REXPRO ENTERPRISES LTD,INE113601012,SM,SME,False,False,PARTIAL,344,2025-01-29,2026-08-17,1.55,39.95,19770.3,6000,1600562.94,416000.0,0.5669,-0.5943,1.348,10.431,0.6608,0,0.0,55,15.99,0,0,0,0,0,Tier 4: SmallCap Active (10L-1 Cr/day)
INSPIRISYS,INSPIRISYS SOLUTIONS LTD,INE020G01017,BE,NORMAL,False,False,PARTIAL,2282,2016-08-22,2026-08-21,10.0,93.94,22071.0,9796,1600399.79,582953.96,0.5608,0.1889,0.845,6.249,0.7929,0,0.0,78,3.42,9,0,0,0,0,Tier 4: SmallCap Active (10L-1 Cr/day)
SEYAIND,SEYA INDUSTRIES LIMITED,INE573R01012,BE,NORMAL,False,False,PARTIAL,1486,2019-07-11,2026-08-21,7.11,12.45,25056.5,12447,1591066.33,470087.75,0.5316,-0.4726,0.341,4.776,0.9812,0,0.0,204,13.73,2,1,0,0,0,Tier 4: SmallCap Active (10L-1 Cr/day)
BEARDSELL,BEARDSELL LIMITED,INE520H01022,EQ,NORMAL,False,False,PARTIAL,2471,2016-08-22,2026-08-21,10.0,25.99,51949.1,16545,1586315.35,397249.4,2.3665,1.0351,30.721,1046.424,0.9894,0,0.0,104,4.21,17,10,1,0,1,Tier 4: SmallCap Active (10L-1 Cr/day)
VR,V R INFRASPACE LIMITED,INE0QQM01017,SM,SME,False,False,PARTIAL,440,2024-03-12,2026-08-21,2.44,136.6,11636.4,1600,1576640.0,438720.0,0.732,0.5173,0.908,6.386,0.7232,0,0.0,136,30.91,0,0,0,0,0,Tier 4: SmallCap Active (10L-1 Cr/day)
SBINEQWETF,SBIAMC - SBINEQWETF,INF200KB1282,EQ,NORMAL,False,False,PARTIAL,518,2024-07-23,2026-08-21,2.08,33.66,49680.6,27570,1575628.99,887323.92,0.1587,0.0332,0.472,13.924,0.183,0,0.0,0,0.0,0,0,0,0,0,Tier 4: SmallCap Active (10L-1 Cr/day)
MNC,KOTAKMAMC - KOTAKMNC,INF174KA1JF2,EQ,NORMAL,False,False,PARTIAL,997,2022-08-16,2026-08-21,4.01,34.09,53095.4,27716,1574085.63,808312.06,0.1658,0.1539,-0.152,6.93,0.2356,0,0.0,0,0.0,0,0,0,0,0,Tier 4: SmallCap Active (10L-1 Cr/day)
RAJPALAYAM,RAJAPALAYAM MILLS LTD.,INE296E01026,EQ,NORMAL,False,False,PARTIAL,87,2026-04-20,2026-08-21,0.34,816.05,1908.2,1117,1567802.52,908800.2,0.2881,0.1193,0.299,2.978,0.1091,0,0.0,0,0.0,1,1,0,0,0,Tier 4: SmallCap Active (10L-1 Cr/day)
BABAFP,BABA FOOD PROCESSING,INE0QW501012,SM,SME,False,False,PARTIAL,609,2023-11-15,2026-08-20,2.76,22.25,26845.3,11200,1566898.78,491520.0,0.5805,-0.3214,0.778,7.405,0.7425,0,0.0,96,15.76,0,0,0,0,0,Tier 4: SmallCap Active (10L-1 Cr/day)
SPCON,SRINIBAS PRADHAN CONST L,INE0TPJ01019,SM,SME,False,False,PARTIAL,80,2026-03-13,2026-08-21,0.44,151.0,13545.0,4800,1565734.5,672000.0,0.7604,1.4628,0.183,2.628,0.2109,0,0.0,21,26.25,0,0,0,0,0,Tier 4: SmallCap Active (10L-1 Cr/day)
VEEKAYEM,VEEKAYEM FASH & APP LTD,INE0KTW01013,SM,SME,False,False,PARTIAL,789,2022-08-22,2026-08-21,4.0,102.9,15231.3,6000,1557537.9,774000.0,0.6248,0.4249,0.273,5.437,0.7524,0,0.0,159,20.15,0,0,0,0,0,Tier 4: SmallCap Active (10L-1 Cr/day)
RUCHINFRA,RUCHI INFRASTRUCTURE LTD,INE413B01023,EQ,NORMAL,False,False,PARTIAL,2410,2016-08-22,2026-08-21,10.0,5.72,143123.6,59686,1553675.74,459372.2,0.5052,0.1321,-0.243,10.853,0.8325,0,0.0,301,12.49,0,0,0,0,0,Tier 4: SmallCap Active (10L-1 Cr/day)
LFIC,LAKSHMI FIN IND CORP LTD,INE850E01012,EQ,NORMAL,False,False,PARTIAL,2284,2016-08-23,2026-08-21,9.99,140.94,8438.0,1361,1553324.49,141332.4,0.6069,0.302,1.373,8.553,0.7206,0,0.0,149,6.52,9,9,0,0,0,Tier 4: SmallCap Active (10L-1 Cr/day)
DAMODARIND,DAMODAR INDUSTRIES LTD,INE497D01022,BE,NORMAL,False,False,PARTIAL,2474,2016-08-22,2026-08-21,10.0,27.18,30110.7,10519,1552414.74,429070.01,0.5115,0.0906,0.904,7.406,0.7723,0,0.0,10,0.4,9,4,1,0,0,Tier 4: SmallCap Active (10L-1 Cr/day)
TOP15IETF,ICICIPRAMC - TOP15IETF,INF109K1A344,EQ,NORMAL,False,False,PARTIAL,283,2025-07-02,2026-08-21,1.14,9.97,150846.7,72150,1546490.78,755567.36,0.1281,-0.0304,-0.002,5.736,0.1685,0,0.0,0,0.0,0,0,0,0,0,Tier 4: SmallCap Active (10L-1 Cr/day)
PRUDMOULI,PRUDENTIAL SUGAR CORPORAT,INE024D01016,BE,NORMAL,False,False,PARTIAL,659,2023-12-22,2026-08-21,2.66,15.24,47882.8,13948,1544435.28,393040.86,0.5114,-0.1277,0.16,2.674,0.8515,0,0.0,85,12.9,2,0,0,0,0,Tier 4: SmallCap Active (10L-1 Cr/day)
BEEKAY,BEEKAY STEEL INDS. LTD.,INE213D01015,EQ,NORMAL,False,False,PARTIAL,87,2026-04-20,2026-08-21,0.34,435.3,3718.7,1491,1537758.98,611380.05,0.4035,0.1552,0.303,6.459,0.1335,0,0.0,0,0.0,0,0,0,0,0,Tier 4: SmallCap Active (10L-1 Cr/day)
GROWWPSE,GROWWAMC - GROWWPSE,INF666M01NQ3,EQ,NORMAL,False,False,PARTIAL,130,2026-02-11,2026-08-21,0.52,98.46,14892.4,4835,1533958.65,492541.45,0.168,-0.0866,-0.424,3.254,0.0984,0,0.0,0,0.0,0,0,0,0,0,Tier 4: SmallCap Active (10L-1 Cr/day)
KANANIIND,KANANI INDUSTRIES LTD,INE879E01037,EQ,NORMAL,False,False,PARTIAL,2473,2016-08-22,2026-08-21,10.0,1.5,334920.1,80350,1531225.33,265082.4,0.6155,-0.0216,0.846,6.368,0.96,0,0.0,186,7.52,11,0,0,1,0,Tier 4: SmallCap Active (10L-1 Cr/day)
GRANDOAK,GRAND OAK CANYONS DIST L,INE926B01016,EQ,NORMAL,False,False,PARTIAL,87,2026-04-20,2026-08-21,0.34,37.97,40327.1,6943,1526066.97,263428.55,0.8559,1.1506,0.964,4.077,0.366,0,0.0,6,6.9,0,0,0,0,0,Tier 4: SmallCap Active (10L-1 Cr/day)
SFML,SUPREME FACILITY MGMT LTD,INE0U6N01014,SM,SME,False,False,PARTIAL,392,2024-12-18,2026-08-21,1.67,22.25,33751.0,12800,1517905.51,366480.0,0.6225,-0.5581,0.682,5.703,0.7516,0,0.0,65,16.58,0,0,0,0,0,Tier 4: SmallCap Active (10L-1 Cr/day)
GRAVISSHO,GRAVISS HOSPITALITY LTD.,INE214F01026,EQ,NORMAL,False,False,PARTIAL,86,2026-04-20,2026-08-21,0.34,28.8,53611.5,2755,1517109.42,82457.15,0.5228,0.2093,1.439,7.813,0.1258,0,0.0,2,2.33,0,0,0,0,0,Tier 4: SmallCap Active (10L-1 Cr/day)
SALONA,SALONA COTSPIN LTD.,INE498E01010,EQ,NORMAL,False,False,PARTIAL,2446,2016-08-22,2026-08-21,10.0,263.3,7050.0,1560,1507976.45,235694.25,0.6112,0.3946,1.224,8.178,0.8334,0,0.0,42,1.72,7,6,0,0,0,Tier 4: SmallCap Active (10L-1 Cr/day)
SAHLIBHFI,SHALIBHADRA FINANCE LTD,INE861D01011,EQ,NORMAL,False,False,PARTIAL,92,2026-04-10,2026-08-21,0.36,74.0,19113.4,9223,1503352.12,702958.08,0.4147,-0.2774,1.44,9.778,0.1696,0,0.0,0,0.0,0,0,0,0,0,Tier 4: SmallCap Active (10L-1 Cr/day)
HDFCGROWTH,HDFCAMC - HDFCGROWTH,INF179KC1DJ0,EQ,NORMAL,False,False,PARTIAL,966,2022-09-29,2026-08-21,3.89,120.73,12752.7,6804,1497789.27,793397.92,0.147,0.0953,0.047,4.393,0.211,0,0.0,0,0.0,0,0,0,0,0,Tier 4: SmallCap Active (10L-1 Cr/day)
HPIL,HINDPRAKASH INDUSTRY LTD,INE05X901010,EQ,NORMAL,False,False,PARTIAL,1171,2020-01-27,2026-08-21,6.57,126.1,12394.4,3150,1494547.89,380950.08,0.537,0.381,1.239,9.019,0.444,0,0.0,142,12.13,2,2,0,0,0,Tier 4: SmallCap Active (10L-1 Cr/day)
AONETMMQ50,AONEAMC - AONETMMQ50,INF1J2R01148,EQ,NORMAL,False,False,PARTIAL,182,2025-11-27,2026-08-21,0.73,10.31,150065.9,79362,1492454.52,784812.24,0.188,0.0587,0.123,4.596,0.1229,0,0.0,0,0.0,0,0,0,0,0,Tier 4: SmallCap Active (10L-1 Cr/day)
NETF,TATAAML - NETF,INF277K015R5,EQ,NORMAL,False,False,PARTIAL,1828,2019-01-07,2026-08-21,7.62,264.35,7709.3,1583,1492026.32,326364.9,0.2553,0.1568,0.501,32.904,0.3614,0,0.0,165,9.03,0,0,0,0,0,Tier 4: SmallCap Active (10L-1 Cr/day)
ZSARACOM,SARASWATI COMM (INDIA) L,INE967G01019,EQ,NORMAL,False,False,PARTIAL,86,2026-04-20,2026-08-21,0.34,12433.0,122.6,27,1485645.22,297631.0,0.5933,0.8698,1.891,10.695,0.1737,0,0.0,1,1.16,0,0,0,0,0,Tier 4: SmallCap Active (10L-1 Cr/day)
SOMATEX,SOMA TEXTILES & INDUST LT,INE314C01013,EQ,NORMAL,False,False,PARTIAL,2404,2016-08-22,2026-08-21,10.0,86.24,47094.7,14970,1480480.6,225846.4,0.5887,0.4296,0.863,5.569,0.9305,0,0.0,380,15.81,10,1,0,0,0,Tier 4: SmallCap Active (10L-1 Cr/day)
DESTINY,DESTINY LOGISTICS & I LTD,INE0IGO01011,SM,SME,False,False,PARTIAL,783,2021-10-13,2026-08-11,4.83,100.65,35171.4,16357,1455269.93,436723.0,0.6196,0.8183,-0.149,1.662,0.6034,0,0.0,350,44.7,0,0,0,0,0,Tier 4: SmallCap Active (10L-1 Cr/day)
ADL,ARCHIDPLY DECOR LIMITED,INE0CHO01012,EQ,NORMAL,False,False,PARTIAL,1916,2016-08-22,2026-08-21,10.0,71.98,183224.4,2923,1443271.87,176392.0,3.0109,1.3003,41.183,1767.051,0.8212,0,0.0,35,1.83,5,0,0,0,0,Tier 4: SmallCap Active (10L-1 Cr/day)
SBIETFQLTY,SBIAMC - SBIETFQLTY,INF200KA1WX6,EQ,NORMAL,False,False,PARTIAL,1905,2018-12-17,2026-08-21,7.68,225.25,7738.4,2380,1431112.54,371321.82,0.1643,0.1265,-1.453,32.006,0.2297,0,0.0,0,0.0,0,0,0,0,0,Tier 4: SmallCap Active (10L-1 Cr/day)
GANGABATH,GANGA BATH FITTINGS LTD,INE0ZI101018,SM,SME,False,False,PARTIAL,284,2025-06-11,2026-08-20,1.19,22.55,47112.7,24000,1430303.87,523500.0,0.4973,-0.6886,1.244,9.804,0.7181,0,0.0,21,7.39,0,0,0,0,0,Tier 4: SmallCap Active (10L-1 Cr/day)
INDOKEM,INDOKEM LTD.,INE716F01012,EQ,NORMAL,False,False,PARTIAL,5,2026-08-17,2026-08-21,0.01,600.85,2421.4,2565,1429640.45,1541180.25,0.1707,1.1026,0.041,1.112,0.0086,0,0.0,0,0.0,0,0,0,0,0,Tier 4: SmallCap Active (10L-1 Cr/day)
LRRPL,LEAD REC AND RUB PROD LTD,INE0H4B01011,SM,SME,False,False,PARTIAL,725,2023-02-21,2026-08-21,3.5,86.0,27444.8,12000,1427672.79,681075.0,0.6426,0.5994,0.402,4.695,0.579,0,0.0,203,28.0,0,0,0,0,0,Tier 4: SmallCap Active (10L-1 Cr/day)
PREMIUM,PREMIUM PLAST LIMITED,INE0M1F01011,SM,SME,False,False,PARTIAL,368,2024-10-28,2026-08-21,1.81,38.0,34646.7,15000,1426425.82,469200.0,0.6186,0.0151,0.662,5.321,0.4479,0,0.0,98,26.63,0,0,0,0,0,Tier 4: SmallCap Active (10L-1 Cr/day)
AUSL,ADITYA ULTRA STEEL LTD,INE01YQ01013,SM,SME,False,False,PARTIAL,399,2024-09-16,2026-08-21,1.93,25.05,33288.2,8000,1425215.79,242000.0,0.6402,-0.4141,0.664,8.202,0.7364,0,0.0,115,28.82,0,0,0,0,0,Tier 4: SmallCap Active (10L-1 Cr/day)
NAGREEKEXP,NAGREEKA EXPORTS LTD.,INE123B01028,EQ,NORMAL,False,False,PARTIAL,2475,2016-08-22,2026-08-21,10.0,22.41,51117.5,13837,1424884.85,261047.1,0.6147,0.1968,1.482,9.234,0.8549,0,0.0,44,1.78,10,0,0,0,1,Tier 4: SmallCap Active (10L-1 Cr/day)
PULZ,PULZ ELECTRONICS LIMITED,INE335X01014,SM,SME,False,False,PARTIAL,1218,2017-11-24,2026-08-21,8.74,24.45,40809.5,16000,1422093.84,432800.0,0.6738,0.4576,0.159,4.023,0.7884,0,0.0,453,37.19,0,0,0,0,0,Tier 4: SmallCap Active (10L-1 Cr/day)
QVCEL,QVC EXPORTS LIMITED,INE0KZF01015,SM,SME,False,False,PARTIAL,427,2024-08-28,2026-08-21,1.98,26.1,21931.6,6400,1421160.47,181760.0,0.5053,-0.9159,0.006,2.135,0.8575,0,0.0,123,28.81,0,0,0,0,0,Tier 4: SmallCap Active (10L-1 Cr/day)
AISL,ANI INTEGRATED SERV LTD.,INE635Y01015,SM,SME,False,False,PARTIAL,1441,2017-11-20,2026-08-21,8.75,57.85,12900.2,3600,1420334.09,260280.0,0.6226,0.0642,0.477,4.777,0.9226,0,0.0,458,31.78,0,0,0,0,0,Tier 4: SmallCap Active (10L-1 Cr/day)
VIAZ,VIAZ TYRES LIMITED,INE0MO401019,SM,SME,False,False,PARTIAL,641,2023-03-01,2026-08-21,3.47,70.0,22680.2,8000,1419942.9,484000.0,0.5426,0.1576,0.222,3.646,0.421,0,0.0,174,27.15,0,0,0,0,0,Tier 4: SmallCap Active (10L-1 Cr/day)
WARDINMOBI,WARDWIZARD INNO & MOB L,INE945P01024,EQ,NORMAL,False,False,PARTIAL,5,2026-08-17,2026-08-21,0.01,6.18,227132.2,225119,1417205.15,1391235.42,0.2244,-0.6895,-0.707,1.282,0.0237,0,0.0,0,0.0,0,0,0,0,0,Tier 4: SmallCap Active (10L-1 Cr/day)
ALCODIS,ALCOKRAFT DISTILLERIE LTD,INE448V01019,SM,SME,False,False,PARTIAL,1310,2016-10-17,2026-08-21,9.84,63.5,12961.4,5000,1416659.35,458000.0,0.6673,0.3433,0.324,4.001,0.8565,0,0.0,444,33.89,0,0,0,0,0,Tier 4: SmallCap Active (10L-1 Cr/day)
GOLDSTAR,GOLDSTAR POWER LIMITED,INE405Y01021,SM,SME,False,False,PARTIAL,1105,2017-10-10,2026-08-21,8.86,7.8,284457.0,135000,1412461.93,579375.0,0.5814,0.6052,0.241,3.628,0.8043,1,0.09,477,43.17,0,0,0,0,0,Tier 4: SmallCap Active (10L-1 Cr/day)
MMWL,MEDIA MATRIX WORLDWIDE L,INE200D01020,EQ,NORMAL,False,False,PARTIAL,87,2026-04-20,2026-08-21,0.34,14.75,97655.9,28930,1405715.84,343158.6,0.6878,1.1089,2.034,10.697,0.2141,0,0.0,0,0.0,0,0,0,0,0,Tier 4: SmallCap Active (10L-1 Cr/day)
AATMAJ,AATMAJ HEALTHCARE LIMITED,INE0OB201016,SM,SME,False,False,PARTIAL,678,2023-06-30,2026-08-21,3.14,18.55,35059.0,16000,1399841.3,388300.0,0.6227,-0.1991,0.393,7.183,0.7498,0,0.0,83,12.24,0,0,0,0,0,Tier 4: SmallCap Active (10L-1 Cr/day)
ATLASCYCLE,ATLAS CYCLE (HARYANA) LTD,INE446A01025,EQ,NORMAL,False,False,PARTIAL,411,2024-12-27,2026-08-21,1.65,97.45,12129.0,4933,1398309.72,520303.16,0.4939,0.3564,1.468,8.454,0.5539,1,0.24,61,14.84,7,0,1,0,0,Tier 4: SmallCap Active (10L-1 Cr/day)
VIVIDHA,VISAGAR POLYTEX LTD,INE370E01029,EQ,NORMAL,False,False,PARTIAL,2476,2016-08-22,2026-08-21,10.0,0.54,1077902.1,463738,1397669.46,439526.05,0.9986,0.3241,0.89,10.159,0.9444,0,0.0,222,8.97,10,0,0,0,0,Tier 4: SmallCap Active (10L-1 Cr/day)
ANIKINDS,ANIK INDUSTRIES LTD,INE087B01017,EQ,NORMAL,False,False,PARTIAL,2469,2016-08-22,2026-08-21,10.0,45.46,35588.6,11505,1394863.97,417035.52,0.5511,0.2018,0.619,5.348,0.9311,1,0.04,112,4.54,9,0,0,0,0,Tier 4: SmallCap Active (10L-1 Cr/day)
RAJTV,RAJ TV NETWORK LTD,INE952H01027,EQ,NORMAL,False,False,PARTIAL,2444,2016-08-22,2026-08-21,10.0,10.49,26752.3,7053,1386575.98,316709.75,0.4969,-0.0648,1.004,11.993,0.9291,0,0.0,89,3.64,9,2,0,0,0,Tier 4: SmallCap Active (10L-1 Cr/day)
ARUNAYA,ARUNAYA ORGANICS LIMITED,INE0TTG01017,SM,SME,False,False,PARTIAL,306,2025-05-07,2026-08-21,1.29,15.5,50150.3,16000,1376136.93,342000.0,0.6078,-0.4119,2.054,11.186,0.6998,0,0.0,48,15.69,0,0,0,0,0,Tier 4: SmallCap Active (10L-1 Cr/day)
ADROITINFO,ADROIT INFOTECH LIMITED,INE737B01033,EQ,NORMAL,False,False,PARTIAL,2442,2016-08-22,2026-08-21,10.0,10.04,60841.3,25765,1375806.15,353314.5,0.5405,-0.0168,0.4,3.797,0.9416,1,0.04,176,7.21,10,1,0,0,1,Tier 4: SmallCap Active (10L-1 Cr/day)
HEALTHCARE,MIRAEAMC - HEALTHCARE,INF769K01QA6,EQ,NORMAL,False,False,PARTIAL,127,2026-02-16,2026-08-21,0.51,21.43,69086.1,49472,1375116.56,971919.11,0.1423,0.314,-0.189,3.606,0.075,0,0.0,0,0.0,0,0,0,0,0,Tier 4: SmallCap Active (10L-1 Cr/day)
ETL,EMKAY TOOLS LIMITED,INE0PXC01024,SM,SME,False,False,PARTIAL,229,2025-07-08,2026-08-21,1.12,1055.0,1495.4,750,1374564.69,667500.0,0.4574,0.4589,0.539,5.128,0.2857,0,0.0,54,23.58,0,0,0,0,0,Tier 4: SmallCap Active (10L-1 Cr/day)
MEDISTEP,MEDISTEP HEALTHCARE LTD,INE0UOY01019,SM,SME,False,False,PARTIAL,197,2025-08-18,2026-08-21,1.01,18.95,38619.3,12000,1370803.55,248400.0,0.7282,-0.9902,0.319,3.525,0.6723,0,0.0,63,31.98,0,0,0,0,0,Tier 4: SmallCap Active (10L-1 Cr/day)
CALSOFT,CALIFORNIA SOFTWARE CO LT,INE526B01014,EQ,NORMAL,False,False,PARTIAL,2240,2017-07-11,2026-08-21,9.11,27.82,62166.1,27899,1369366.92,482768.64,0.6137,0.3387,0.294,10.06,0.9356,0,0.0,225,10.04,10,0,0,0,1,Tier 4: SmallCap Active (10L-1 Cr/day)
ACGL,AUTOMOBILE CORPN OF GOA L,INE451C01013,EQ,NORMAL,False,False,PARTIAL,5,2026-08-17,2026-08-21,0.01,1806.2,765.6,592,1360755.34,1066784.0,0.1874,1.41,0.347,1.144,0.0066,0,0.0,0,0.0,0,0,0,0,0,Tier 4: SmallCap Active (10L-1 Cr/day)
VISACHROME,VISA CHROME LIMITED,INE286H01012,EQ,NORMAL,False,False,PARTIAL,2208,2016-08-22,2026-08-21,10.0,36.99,70420.5,21105,1357152.92,303784.0,0.5725,0.2499,0.77,5.717,0.9082,0,0.0,122,5.53,9,0,0,0,0,Tier 4: SmallCap Active (10L-1 Cr/day)
KEN,KEN ENTERPRISES LIMITED,INE15DO01012,SM,SME,False,False,PARTIAL,368,2025-02-12,2026-08-21,1.52,40.6,28262.0,12000,1355166.85,542160.0,0.5225,-0.3377,0.902,5.971,0.6118,0,0.0,25,6.79,0,0,0,0,0,Tier 4: SmallCap Active (10L-1 Cr/day)
KHFM,KHFM HOS FAC MANA SER LTD,INE00UG01014,SM,SME,False,False,PARTIAL,1172,2019-04-12,2026-08-21,7.36,47.45,25717.0,12400,1349884.08,606515.0,0.6583,0.314,-0.006,5.222,0.6228,0,0.0,262,22.35,0,0,0,0,0,Tier 4: SmallCap Active (10L-1 Cr/day)
ROLLT,ROLLATAINERS LIMITED,INE927A01040,BE,NORMAL,False,False,PARTIAL,2403,2016-11-22,2026-08-21,9.74,3.64,364774.8,98426,1342812.79,213483.51,0.5856,0.0201,0.43,4.209,0.9543,0,0.0,328,13.65,8,0,0,0,0,Tier 4: SmallCap Active (10L-1 Cr/day)
MONEXT50,MOTILALAMC - MONEXT50,INF247L01FD8,EQ,NORMAL,False,False,PARTIAL,318,2025-05-14,2026-08-21,1.27,73.98,18811.2,3569,1342140.8,246417.72,0.1602,0.1175,-0.085,5.844,0.1409,0,0.0,0,0.0,0,0,0,0,0,Tier 4: SmallCap Active (10L-1 Cr/day)
ROML,RAJ OIL MILLS LIMITED,INE294G01026,EQ,NORMAL,False,False,PARTIAL,1446,2020-10-07,2026-08-21,5.87,43.6,22392.1,7219,1338051.92,361120.8,0.5361,0.6278,1.546,10.009,0.7089,1,0.07,101,6.98,6,0,0,0,1,Tier 4: SmallCap Active (10L-1 Cr/day)
EQUAL50,MIRAEAMC - EQUAL50,INF769K01OO2,EQ,NORMAL,False,False,PARTIAL,314,2025-05-15,2026-08-21,1.27,334.94,4132.4,725,1335037.24,227807.1,0.1263,0.062,-0.264,5.141,0.1231,0,0.0,6,1.91,0,0,0,0,0,Tier 4: SmallCap Active (10L-1 Cr/day)
MOGSEC,MOTILALAMC - G5,INF247L01AK4,EQ,NORMAL,False,False,PARTIAL,1409,2020-12-16,2026-08-21,5.68,65.34,23446.5,4525,1334577.79,250599.3,0.1186,0.0632,2.456,231.176,0.1601,0,0.0,3,0.21,0,0,0,0,0,Tier 4: SmallCap Active (10L-1 Cr/day)
TREEHOUSE,TREE HOUSE EDU LTD,INE040M01013,EQ,NORMAL,False,False,PARTIAL,2450,2016-08-22,2026-08-21,10.0,6.17,77582.6,34302,1333971.98,347944.5,0.5467,-0.0335,0.633,6.655,0.9207,0,0.0,49,2.0,9,0,0,0,0,Tier 4: SmallCap Active (10L-1 Cr/day)
VERITAAS,VERITAAS ADVERTISING LTD,INE0SRI01019,SM,SME,False,False,PARTIAL,318,2024-05-21,2026-08-07,2.21,33.3,9539.6,3600,1333151.51,308160.0,0.6396,-1.4246,-0.307,4.993,0.8725,0,0.0,132,41.51,0,0,0,0,0,Tier 4: SmallCap Active (10L-1 Cr/day)
COMPEAU,COMPETENT AUTOMOB CO. L,INE823B01015,EQ,NORMAL,False,False,PARTIAL,5,2026-08-17,2026-08-21,0.01,353.95,3768.0,1648,1330479.86,566994.4,0.3929,0.568,-0.32,1.099,0.031,0,0.0,0,0.0,0,0,0,0,0,Tier 4: SmallCap Active (10L-1 Cr/day)
BOSS,BOSS PACKAGING SOLU LTD,INE0QNI01012,SM,SME,False,False,PARTIAL,323,2024-09-06,2026-08-21,1.95,53.05,21715.2,6000,1329758.82,291000.0,0.5954,-0.2071,0.24,3.218,0.6149,0,0.0,108,33.44,0,0,0,0,0,Tier 4: SmallCap Active (10L-1 Cr/day)
HDFCNIF100,HDFCAMC - HDFCNIF100,INF179KC1HR4,EQ,NORMAL,False,False,PARTIAL,998,2022-08-11,2026-08-21,4.03,26.21,53802.1,31468,1327371.21,762901.52,0.1756,0.113,0.426,19.41,0.1907,0,0.0,0,0.0,0,0,0,0,0,Tier 4: SmallCap Active (10L-1 Cr/day)
GIRIRAJ,GIRIRAJ CIVIL DEVP LTD,INE614Z01017,SM,SME,False,False,PARTIAL,1005,2018-04-02,2026-08-21,8.39,83.5,32866.2,6000,1325731.79,430400.0,0.7113,0.623,-0.995,12.658,0.9466,0,0.0,434,43.18,0,0,0,0,0,Tier 4: SmallCap Active (10L-1 Cr/day)
TEAMGTY,TEAM INDIA GUARANTY LTD,INE289C01025,EQ,NORMAL,False,False,PARTIAL,2416,2016-08-23,2026-08-21,9.99,232.44,13332.4,2675,1313984.91,163590.0,0.6501,0.4604,1.18,6.89,0.8516,1,0.04,130,5.38,8,0,0,0,0,Tier 4: SmallCap Active (10L-1 Cr/day)
DRSDILIP,DRS DILIP ROADLINES LTD.,INE02CV01017,SM,SME,False,False,PARTIAL,429,2019-02-22,2026-08-18,7.49,108.0,17042.4,4800,1303022.1,360240.0,0.703,0.4537,1.058,9.488,0.6542,0,0.0,289,67.37,0,0,0,0,0,Tier 4: SmallCap Active (10L-1 Cr/day)
MAKERSL,MAKERS LABORATORIES LTD.,INE987A01010,EQ,NORMAL,False,False,PARTIAL,5,2026-08-17,2026-08-21,0.01,186.88,7282.6,6660,1301385.4,1157374.8,0.2991,13.1319,0.064,1.058,0.0,0,0.0,0,0.0,0,0,0,0,0,Tier 4: SmallCap Active (10L-1 Cr/day)
SANGANI,SANGANI HOSPITALS LIMITED,INE0OVI01010,SM,SME,False,False,PARTIAL,568,2023-08-17,2026-08-20,3.01,52.25,25537.0,9000,1297560.34,447300.0,0.5564,0.2491,1.272,8.883,0.5086,0,0.0,171,30.11,0,0,0,0,0,Tier 4: SmallCap Active (10L-1 Cr/day)
MADHAVIPL,MADHAV INFRA PROJECTS L,INE631R01026,EQ,NORMAL,False,False,PARTIAL,87,2026-04-20,2026-08-21,0.34,7.31,152532.1,115913,1295664.01,971350.94,0.3086,-0.5295,1.113,6.656,0.2688,0,0.0,0,0.0,0,0,0,0,0,Tier 4: SmallCap Active (10L-1 Cr/day)
NEXT30ADD,DSPAMC - NEXT30ADD,INF740KA1VE5,EQ,NORMAL,False,False,PARTIAL,381,2025-02-05,2026-08-21,1.54,44.76,33984.3,6043,1287871.38,244713.0,0.163,0.1459,-0.29,4.844,0.1116,0,0.0,0,0.0,0,0,0,0,0,Tier 4: SmallCap Active (10L-1 Cr/day)
PHOGLOBAL,PHOENIX OVERSEAS LIMITED,INE0FPO01018,SM,SME,False,False,PARTIAL,420,2024-09-27,2026-08-21,1.9,16.0,37509.5,12000,1269465.24,266000.0,0.5359,-0.6585,0.264,5.265,0.7459,0,0.0,70,16.67,0,0,0,0,0,Tier 4: SmallCap Active (10L-1 Cr/day)
MANUFGBEES,NIPPONAMC - MANUFGBEES,INF204KC1GH6,EQ,NORMAL,False,False,PARTIAL,243,2025-08-29,2026-08-21,0.98,165.93,8266.6,4945,1268871.8,762244.01,0.1562,0.1702,-0.094,3.925,0.1219,0,0.0,0,0.0,0,0,0,0,0,Tier 4: SmallCap Active (10L-1 Cr/day)
VTMLTD,V T M LTD.,INE222F01029,EQ,NORMAL,False,False,PARTIAL,5,2026-08-17,2026-08-21,0.01,46.13,27121.2,27848,1256578.03,1284628.24,0.0592,-1.0929,-0.5,1.197,0.0173,0,0.0,0,0.0,0,0,0,0,0,Tier 4: SmallCap Active (10L-1 Cr/day)
SIL,STANDARD INDUSTRIES LTD.,INE173A01025,EQ,NORMAL,False,False,PARTIAL,2405,2016-08-22,2026-08-21,10.0,20.84,50798.2,21960,1256426.02,399996.7,0.4258,0.0618,0.279,4.006,0.7381,0,0.0,90,3.74,11,11,0,0,0,Tier 4: SmallCap Active (10L-1 Cr/day)
SHRIKANHA,SHRI KANHA STAINLESS LTD,INE1V4601019,SM,SME,False,False,PARTIAL,159,2025-12-10,2026-08-20,0.69,22.45,41660.4,14400,1247677.99,339840.0,0.7284,-1.8146,-0.808,5.098,0.8104,0,0.0,35,22.01,0,0,0,0,0,Tier 4: SmallCap Active (10L-1 Cr/day)
STUDIOLSD,STUDIO LSD LIMITED,INE17VO01028,SM,SME,False,False,PARTIAL,246,2025-08-25,2026-08-21,0.99,9.05,71365.9,40000,1246979.27,479600.0,0.5928,-1.3783,1.04,7.855,0.8197,0,0.0,15,6.1,0,0,0,0,0,Tier 4: SmallCap Active (10L-1 Cr/day)
TOUCHWOOD,TOUCHWOOD ENTERTAIN LTD.,INE486Y01013,EQ,NORMAL,False,False,PARTIAL,1918,2017-12-21,2026-08-21,8.67,62.92,12178.4,3750,1245798.49,342998.0,0.6023,0.2302,-1.241,33.922,0.7133,0,0.0,194,10.11,6,4,0,0,0,Tier 4: SmallCap Active (10L-1 Cr/day)
UNILEX,UNILEX COLOURS AND CHEM L,INE0B2801011,SM,SME,False,False,PARTIAL,381,2024-10-03,2026-08-21,1.88,27.55,21631.5,8000,1245229.19,375360.0,0.6456,-0.5638,0.519,6.221,0.7504,0,0.0,86,22.57,0,0,0,0,0,Tier 4: SmallCap Active (10L-1 Cr/day)
EQUAL200,MIRAEAMC - EQUAL200,INF769K01OA1,EQ,NORMAL,False,False,PARTIAL,355,2025-03-17,2026-08-21,1.43,13.97,99303.6,16334,1241351.09,215600.55,0.1799,0.1659,0.468,16.549,0.1365,0,0.0,0,0.0,0,0,0,0,0,Tier 4: SmallCap Active (10L-1 Cr/day)
WELINV,WELSPUN INV & COMM LTD,INE389K01018,BE,NORMAL,False,False,PARTIAL,2445,2016-08-22,2026-08-21,10.0,2022.0,2266.1,571,1231219.85,193262.4,0.5677,0.5101,1.228,8.31,0.6278,0,0.0,98,4.01,8,0,0,0,0,Tier 4: SmallCap Active (10L-1 Cr/day)
SPRL,SP REFRACTORIES LIMITED,INE0JW501011,SM,SME,False,False,PARTIAL,462,2022-03-22,2026-08-21,4.42,102.5,7174.0,2400,1230244.76,288400.0,0.6056,0.2534,0.009,1.984,0.7947,0,0.0,249,53.9,0,0,0,0,0,Tier 4: SmallCap Active (10L-1 Cr/day)
MAHICKRA,MAHICKRA CHEMICAL LIMITED,INE961Y01015,SM,SME,False,False,PARTIAL,1464,2018-04-26,2026-08-21,8.32,257.5,13159.8,6000,1228454.15,516000.0,0.5341,0.4766,0.525,6.222,0.3728,0,0.0,343,23.43,0,0,0,0,0,Tier 4: SmallCap Active (10L-1 Cr/day)
INSPIRE,INSPIRE FILMS LIMITED,INE0NDX01019,SM,SME,False,False,PARTIAL,609,2023-10-05,2026-08-21,2.88,8.55,29405.6,14000,1221871.26,374400.0,0.6533,-0.6445,0.345,5.904,0.9043,0,0.0,85,13.96,0,0,0,0,0,Tier 4: SmallCap Active (10L-1 Cr/day)
SABAR,SABAR FLEX INDIA LIMITED,INE0DZ101013,SM,SME,False,False,PARTIAL,704,2022-09-21,2026-08-21,3.92,6.95,72436.1,25000,1221550.07,340500.0,0.7601,-0.1303,0.749,5.506,0.8658,0,0.0,235,33.38,0,0,0,0,0,Tier 4: SmallCap Active (10L-1 Cr/day)
CMRSL,CYBER MEDIA RES & SER LTD,INE075Z01011,SM,SME,False,False,PARTIAL,770,2017-07-14,2026-08-20,9.1,69.0,7581.2,3200,1220620.11,367200.0,0.6401,-0.2517,0.068,2.097,0.8507,0,0.0,244,31.69,0,0,0,0,0,Tier 4: SmallCap Active (10L-1 Cr/day)
TIMESCAN,TIMESCAN LOGISTICS IND L,INE0IJY01014,SM,SME,False,False,PARTIAL,799,2022-01-12,2026-08-21,4.61,39.6,20490.6,8000,1213130.04,552600.0,0.7217,0.2306,0.502,4.847,0.6119,0,0.0,281,35.17,0,0,0,0,0,Tier 4: SmallCap Active (10L-1 Cr/day)
HAZOOR,HAZOOR MULTI PROJECTS LTD,INE550F01049,EQ,NORMAL,False,False,PARTIAL,5,2026-08-17,2026-08-21,0.01,21.12,56802.2,54020,1209124.58,1140902.4,0.0452,-1.091,0.028,0.611,0.0172,0,0.0,0,0.0,0,0,0,0,0,Tier 4: SmallCap Active (10L-1 Cr/day)
MONIFTY100,MOTILALAMC - MONIFTY100,INF247L01GG9,EQ,NORMAL,False,False,PARTIAL,210,2025-10-16,2026-08-21,0.85,25.51,47166.7,15143,1202923.0,402459.36,0.1675,-0.0205,0.204,6.083,0.1611,0,0.0,0,0.0,0,0,0,0,0,Tier 4: SmallCap Active (10L-1 Cr/day)
MANDEEP,MANDEEP AUTO INDUSTRIES L,INE0R3T01013,SM,SME,False,False,PARTIAL,417,2024-05-21,2026-08-21,2.25,17.5,23889.7,8000,1198641.25,228000.0,0.5073,-0.6689,0.318,2.671,0.7572,0,0.0,114,27.34,0,0,0,0,0,Tier 4: SmallCap Active (10L-1 Cr/day)
ANDREWYU,ANDREW YULE & CO. LTD.,INE449C01025,EQ,NORMAL,False,False,PARTIAL,5,2026-08-17,2026-08-21,0.01,26.08,45847.4,36629,1196719.37,951621.42,0.0948,-0.3577,-0.356,1.116,0.0095,0,0.0,0,0.0,4,1,0,0,0,Tier 4: SmallCap Active (10L-1 Cr/day)
SURYALA,SURYALATA SPINNING MILL L,INE132C01027,EQ,NORMAL,False,False,PARTIAL,87,2026-04-20,2026-08-21,0.34,398.75,2733.0,804,1192714.19,348989.85,0.5173,0.448,2.5,16.963,0.2295,0,0.0,0,0.0,1,1,0,0,0,Tier 4: SmallCap Active (10L-1 Cr/day)
ITALIANE,ITALIAN EDIBLES LIMITED,INE0R7R01018,SM,SME,False,False,PARTIAL,531,2024-02-12,2026-08-21,2.52,33.6,26101.7,8000,1180669.3,330000.0,0.6663,-0.0415,1.101,6.601,0.6211,0,0.0,119,22.41,0,0,0,0,0,Tier 4: SmallCap Active (10L-1 Cr/day)
GOLDENTOBC,GOLDEN TOBACCO LIMITED,INE973A01010,BZ,NORMAL,False,False,PARTIAL,2237,2016-08-22,2026-08-21,10.0,25.48,15347.7,3052,1178318.94,125691.8,0.5122,0.0671,1.254,8.451,0.8822,0,0.0,109,4.87,6,0,0,0,0,Tier 4: SmallCap Active (10L-1 Cr/day)
REXPIPES,REX PIPES AND CABLES LTD,INE00D001018,SM,SME,False,False,PARTIAL,922,2021-08-10,2026-08-11,5.0,169.1,19439.3,8000,1177803.58,580800.0,0.5373,0.6472,0.426,4.373,0.54,0,0.0,305,33.08,0,0,0,0,0,Tier 4: SmallCap Active (10L-1 Cr/day)
ORCHASP,ORCHASP LIMITED,INE215B01022,EQ,NORMAL,False,False,PARTIAL,379,2025-02-07,2026-08-21,1.53,1.41,424420.0,214085,1169519.04,534852.22,0.6004,-0.4462,1.509,9.546,0.6591,0,0.0,10,2.64,0,0,0,0,0,Tier 4: SmallCap Active (10L-1 Cr/day)
LAHOTIOV,LAHOTI OVERSEAS LTD.,INE515C01023,EQ,NORMAL,False,False,PARTIAL,85,2026-04-20,2026-08-21,0.34,41.61,25771.0,5791,1167697.14,240963.51,0.5049,-0.0511,1.177,7.355,0.1962,0,0.0,0,0.0,0,0,0,0,0,Tier 4: SmallCap Active (10L-1 Cr/day)
VERTEXPLUS,VERTEXPLUS TECHNOLOGIES L,INE0NLB01018,SM,SME,False,False,PARTIAL,506,2023-03-15,2026-08-20,3.43,50.4,9841.9,1800,1164597.63,235080.0,0.6573,-0.1572,0.405,2.859,0.8458,0,0.0,254,50.2,0,0,0,0,0,Tier 4: SmallCap Active (10L-1 Cr/day)
LOYALTEX,LOYAL TEXTILE MILLS LTD,INE970D01010,EQ,NORMAL,False,False,PARTIAL,993,2022-08-11,2026-08-21,4.03,211.04,2310.9,757,1164574.8,341982.6,0.4958,-0.2696,0.878,11.614,0.8231,0,0.0,24,2.42,3,1,0,0,0,Tier 4: SmallCap Active (10L-1 Cr/day)
MORARJEE,MORARJEE TEXTILES LIMITED,INE161G01027,BZ,NORMAL,False,False,PARTIAL,2281,2016-08-22,2026-08-17,9.98,10.19,37627.1,11402,1164564.82,217712.4,0.5875,0.0074,0.845,6.115,0.9338,0,0.0,74,3.24,7,1,0,0,0,Tier 4: SmallCap Active (10L-1 Cr/day)
SELMC,SEL MANUFACTURING CO LTD,INE105I01020,EQ,NORMAL,False,False,PARTIAL,1085,2021-10-28,2026-08-21,4.81,28.01,15608.9,7063,1160601.8,413216.96,0.5029,0.5275,0.767,5.431,0.9863,0,0.0,299,27.56,2,0,0,0,0,Tier 4: SmallCap Active (10L-1 Cr/day)
ARTNIRMAN,ART NIRMAN LIMITED,INE738V01013,EQ,NORMAL,False,False,PARTIAL,1300,2016-10-19,2026-08-21,9.84,41.06,15515.1,4246,1147613.95,217753.71,0.622,0.251,0.798,7.996,0.8425,4,0.31,149,11.46,3,0,0,0,0,Tier 4: SmallCap Active (10L-1 Cr/day)
AGARWALFT,AGARWAL FLOAT GLASS I LTD,INE0MLA01012,SM,SME,False,False,PARTIAL,688,2023-02-23,2026-08-18,3.48,36.8,19844.5,9000,1134914.39,509700.0,0.5596,0.0892,0.437,4.99,0.7787,0,0.0,169,24.56,0,0,0,0,0,Tier 4: SmallCap Active (10L-1 Cr/day)
SMALLIETF,ICICIPRAMC - SMALLIETF,INF109K1A476,EQ,NORMAL,False,False,PARTIAL,42,2026-06-24,2026-08-21,0.16,18.48,62517.8,43277,1131633.39,796296.8,0.1538,0.2663,-0.068,4.085,0.0293,0,0.0,0,0.0,0,0,0,0,0,Tier 4: SmallCap Active (10L-1 Cr/day)
TCIFINANCE,TCIFINANCELTD-ROLL SETT,INE911B01018,BE,NORMAL,False,False,PARTIAL,2101,2016-08-22,2026-08-21,10.0,15.34,47665.0,14009,1113149.57,155309.0,0.5871,0.1121,1.206,7.427,0.9239,0,0.0,246,11.71,8,0,0,0,0,Tier 4: SmallCap Active (10L-1 Cr/day)
NEUEON,NEUEON CORPORATION LTD,INE333I01044,BE,NORMAL,False,False,PARTIAL,69,2025-12-23,2026-08-21,0.66,15.24,76489.1,38243,1111522.04,508872.0,0.7186,3.8874,-0.648,1.479,0.5291,0,0.0,38,55.07,7,0,0,0,0,Tier 4: SmallCap Active (10L-1 Cr/day)
GROWWPSUBK,GROWWAMC - GROWWPSUBK,INF666M01OG2,EQ,NORMAL,False,False,PARTIAL,100,2026-03-27,2026-08-21,0.4,86.36,13014.8,9514,1107505.78,816776.9,0.2516,0.1346,0.572,4.685,0.1218,0,0.0,0,0.0,0,0,0,0,0,Tier 4: SmallCap Active (10L-1 Cr/day)
NMSTEEL,NEWMALAYALAM STEEL LTD,INE0TP801012,SM,SME,False,False,PARTIAL,343,2024-12-27,2026-08-20,1.65,23.75,24769.7,8000,1105659.94,229600.0,0.617,-0.7554,0.888,6.111,0.7819,0,0.0,87,25.36,0,0,0,0,0,Tier 4: SmallCap Active (10L-1 Cr/day)
NIDAN,NIDAN LABS AND HEALTH LTD,INE0J6L01013,SM,SME,False,False,PARTIAL,1145,2021-11-12,2026-08-21,4.77,13.35,28215.7,10000,1103090.83,360600.0,0.5648,-0.3228,1.045,8.254,0.8938,0,0.0,96,8.38,0,0,0,0,0,Tier 4: SmallCap Active (10L-1 Cr/day)
FLEXITUFF,FLEXITUFF VENTURES INT L,INE060J01017,BE,NORMAL,False,False,PARTIAL,2446,2016-08-22,2026-08-21,10.0,2.76,23417.0,10860,1097697.02,302508.8,0.565,-0.2883,0.505,4.647,0.9872,0,0.0,229,9.36,2,0,0,0,0,Tier 4: SmallCap Active (10L-1 Cr/day)
SAMPANN,SAMPANN UTPADAN INDIA LTD,INE735M01018,EQ,NORMAL,False,False,PARTIAL,2421,2016-08-22,2026-08-21,10.0,25.95,52077.0,17166,1091483.3,213990.6,0.6224,0.3268,0.734,5.435,0.9439,0,0.0,233,9.62,9,0,0,0,0,Tier 4: SmallCap Active (10L-1 Cr/day)
SBISMLETF,SBIAMC - SBISMLETF,INF200KB1AY9,EQ,NORMAL,False,False,PARTIAL,63,2026-05-25,2026-08-21,0.24,18.39,61170.6,50657,1087510.23,898614.45,0.1354,0.3334,0.137,3.918,0.0312,0,0.0,0,0.0,0,0,0,0,0,Tier 4: SmallCap Active (10L-1 Cr/day)
PVTBANK,KOTAKMAMC - PVTBANK,INF174KA1A94,EQ,NORMAL,False,False,PARTIAL,23,2026-07-22,2026-08-21,0.08,27.72,39321.7,10542,1082288.06,295176.0,0.1062,0.0717,0.116,1.806,0.0257,0,0.0,0,0.0,0,0,0,0,0,Tier 4: SmallCap Active (10L-1 Cr/day)
EBANKNIFTY,EDELAMC - EBANKNIFTY,INF754K01TE4,EQ,NORMAL,False,False,PARTIAL,480,2024-09-16,2026-08-21,1.93,58.17,19654.2,1970,1080379.96,109248.88,0.1627,0.0696,0.347,7.039,0.1848,0,0.0,0,0.0,0,0,0,0,0,Tier 4: SmallCap Active (10L-1 Cr/day)
MANUGRAPH,MANUGRAPH INDIA LIMITED,INE867A01022,BE,NORMAL,False,False,PARTIAL,2475,2016-08-22,2026-08-21,10.0,16.02,36205.2,12108,1070199.78,241801.2,0.5691,0.0455,1.37,8.533,0.9029,0,0.0,19,0.77,8,3,0,0,0,Tier 4: SmallCap Active (10L-1 Cr/day)
QNIFTY,QUANTUM NIFTY 50 ETF,INF082J01499,EQ,NORMAL,False,False,PARTIAL,2157,2016-08-23,2026-08-21,9.99,267.28,4637.2,1380,1047632.87,248520.0,0.1653,0.1391,0.012,15.765,0.3541,0,0.0,231,10.71,0,0,0,0,0,Tier 4: SmallCap Active (10L-1 Cr/day)
SECMARK,SECMARK CONSULTANCY LTD,INE0BTM01013,EQ,NORMAL,False,False,PARTIAL,704,2023-10-16,2026-08-21,2.85,126.48,8770.1,2136,1044325.23,245114.1,0.6112,0.285,1.727,9.54,0.4002,0,0.0,12,1.7,0,0,0,0,0,Tier 4: SmallCap Active (10L-1 Cr/day)
MEGAFLEX,MEGA FLEX PLASTICS LTD,INE0G1D01014,SM,SME,False,False,PARTIAL,681,2022-09-19,2026-08-21,3.92,95.0,19768.0,9000,1043437.89,441900.0,0.6087,0.3756,0.158,2.835,0.5666,0,0.0,239,35.1,0,0,0,0,0,Tier 4: SmallCap Active (10L-1 Cr/day)
EBIX,EBIX LIMITED,INE432F01032,EQ,NORMAL,False,False,PARTIAL,5,2026-08-17,2026-08-21,0.01,19.74,60822.2,32196,1042169.73,523185.0,0.002,12.5599,0.1,1.117,0.0,0,0.0,2,40.0,0,0,0,0,0,Tier 4: SmallCap Active (10L-1 Cr/day)
ITBETA,UTIAMC-ITBETA,INF789F1AZD8,EQ,NORMAL,False,False,PARTIAL,633,2024-02-01,2026-08-21,2.55,319.15,2967.4,1131,1042122.55,418236.5,0.2423,-0.0233,0.299,8.958,0.4186,0,0.0,0,0.0,0,0,0,0,0,Tier 4: SmallCap Active (10L-1 Cr/day)
MAKS,MAKS ENERGY SOL INDIA LTD,INE0CDK01019,SM,SME,False,False,PARTIAL,565,2022-09-28,2026-08-21,3.9,14.05,22646.0,6000,1036136.81,343800.0,0.629,0.0157,0.514,3.919,0.8804,0,0.0,238,42.12,0,0,0,0,0,Tier 4: SmallCap Active (10L-1 Cr/day)
BAFNAPH,BAFNA PHARMACEUTICALS LTD,INE878I01022,BE,PCA,False,False,PARTIAL,1439,2020-03-02,2026-08-21,6.47,242.45,7452.0,2870,1031630.15,331794.4,0.4791,0.8094,0.346,3.097,0.681,0,0.0,206,14.32,4,0,0,0,0,Tier 4: SmallCap Active (10L-1 Cr/day)
MIDCAPBETA,UTIAMC-MIDCAPBETA,INF789F1AYX9,EQ,NORMAL,False,False,PARTIAL,734,2023-09-05,2026-08-21,2.96,235.99,5480.9,1560,1028395.17,326649.33,0.2355,0.1813,0.272,38.394,0.2093,0,0.0,0,0.0,0,0,0,0,0,Tier 4: SmallCap Active (10L-1 Cr/day)
GOLDKART,GOLDKART JEWELS LIMITED,INE06MH01016,SM,SME,False,False,PARTIAL,292,2019-10-15,2026-08-21,6.85,84.0,30376.7,10000,1024776.65,393937.5,0.7607,2.0247,-0.189,4.954,0.7133,0,0.0,158,54.11,0,0,0,0,0,Tier 4: SmallCap Active (10L-1 Cr/day)
ENKEIWHEL,ENKEI WHEELS (INDIA) LTD.,INE130L01014,EQ,NORMAL,False,False,PARTIAL,5,2026-08-17,2026-08-21,0.01,414.15,2497.6,2398,1024327.52,980542.2,0.4225,2.1322,-0.675,1.268,0.0308,0,0.0,0,0.0,0,0,0,0,0,Tier 4: SmallCap Active (10L-1 Cr/day)
EQUIPPP,EQUIPPP SOC IMP TECH LTD,INE217G01035,BE,NORMAL,False,False,PARTIAL,1193,2021-05-20,2026-08-21,5.25,24.06,23721.1,10511,1013048.82,314834.35,0.547,0.7424,0.442,4.455,0.9175,0,0.0,160,13.41,4,0,0,0,0,Tier 4: SmallCap Active (10L-1 Cr/day)
MIDCAPADD,DSPAMC - MIDCAPADD,INF740KA1WW5,EQ,NORMAL,False,False,PARTIAL,167,2025-12-18,2026-08-21,0.67,23.42,46866.4,13230,1011679.95,290259.86,0.3275,0.1531,0.215,14.537,0.1772,0,0.0,0,0.0,0,0,0,0,0,Tier 4: SmallCap Active (10L-1 Cr/day)
LOTUSCHO,LOTUS CHOCOLATE CO. LTD.,INE026D01011,EQ,NORMAL,False,False,PARTIAL,5,2026-08-17,2026-08-21,0.01,614.9,1638.4,1484,1011500.96,912511.6,0.1648,-0.7171,0.24,0.947,0.0134,0,0.0,0,0.0,0,0,0,0,0,Tier 4: SmallCap Active (10L-1 Cr/day)
QFIL,QUALITY FOILS (INDIA) LTD,INE0O1M01015,SM,SME,False,False,PARTIAL,499,2023-03-24,2026-08-17,3.4,60.0,9857.7,4000,1005231.96,310500.0,0.6632,-0.0286,0.348,4.158,0.7626,0,0.0,185,37.07,0,0,0,0,0,Tier 4: SmallCap Active (10L-1 Cr/day)
BVCL,BARAK VALLEY CEM. LTD.,INE139I01011,EQ,NORMAL,False,False,PARTIAL,2400,2016-08-22,2026-08-21,10.0,42.13,24080.8,8207,1004553.01,226828.35,0.4997,0.1885,0.962,7.116,0.8084,0,0.0,68,2.83,9,0,0,0,0,Tier 4: SmallCap Active (10L-1 Cr/day)
MOM50,MOTILAL OSWAL M50 ETF,INF247L01536,EQ,NORMAL,False,False,PARTIAL,2476,2016-08-22,2026-08-21,10.0,253.33,5448.7,2052,1002340.2,297357.8,0.1723,0.1303,-0.201,8.4,0.3353,0,0.0,7,0.28,0,0,0,0,0,Tier 4: SmallCap Active (10L-1 Cr/day)
SUPERSPIN,SUPER SPINNING MILLS LTD,INE662A01027,BE,PCA,False,False,PARTIAL,2476,2016-08-22,2026-08-21,10.0,6.1,85849.0,37848,1000492.94,333151.0,0.5825,0.1193,0.842,5.714,0.913,0,0.0,115,4.64,9,0,0,0,0,Tier 4: SmallCap Active (10L-1 Cr/day)
RITEZONE,RITE ZONE CHEMCON IND LTD,INE0MRA01019,SM,SME,False,False,PARTIAL,641,2022-11-11,2026-08-21,3.78,17.95,16289.5,4800,1000352.2,232080.0,0.7397,-0.3494,0.44,4.872,0.8519,0,0.0,207,32.29,0,0,0,0,0,Tier 4: SmallCap Active (10L-1 Cr/day)
ABSLNN50ET,BIRLASLAMC - ABSLNN50ET,INF209KB16D7,EQ,NORMAL,False,False,PARTIAL,1837,2018-12-27,2026-08-21,7.65,77.74,17537.5,5204,986399.81,240045.38,0.3384,0.1829,1.086,32.346,0.3876,0,0.0,78,4.25,0,0,0,0,0,Tier 5: Microcap / Illiquid (<10L/day)
RSDFIN,R S D FINANCE LTD.,INE616F01022,BE,NORMAL,False,False,PARTIAL,80,2026-04-20,2026-08-21,0.34,96.1,7720.8,324,982082.31,29658.02,0.9692,0.8473,1.663,5.939,0.4296,0,0.0,17,21.25,0,0,0,0,0,Tier 5: Microcap / Illiquid (<10L/day)
MOXSH,MOXSH OVERSEAS EDUCON LTD,INE0N6D01014,SM,SME,False,False,PARTIAL,527,2022-12-30,2026-08-20,3.64,109.0,23884.6,6400,980999.01,337920.0,0.7136,0.8397,0.429,4.932,0.5538,0,0.0,252,47.82,0,0,0,0,0,Tier 5: Microcap / Illiquid (<10L/day)
TOP20,MIRAEAMC - TOP20,INF769K01PZ5,EQ,NORMAL,False,False,PARTIAL,166,2025-12-19,2026-08-21,0.67,9.0,109489.4,54931,974782.9,484758.75,0.1578,-0.0941,0.152,3.989,0.1593,0,0.0,0,0.0,0,0,0,0,0,Tier 5: Microcap / Illiquid (<10L/day)
NDGL,NAGA DHUNSERI GROUP LTD,INE756C01015,EQ,NORMAL,False,False,PARTIAL,2434,2016-08-30,2026-08-21,9.97,2726.0,571.6,194,974071.74,277134.0,0.5761,0.2923,1.289,8.722,0.8618,0,0.0,50,2.05,10,10,0,0,0,Tier 5: Microcap / Illiquid (<10L/day)
SHEKHAWATI,SHEKHAWATI INDUSTRIES LTD,INE268L01046,BE,NORMAL,False,False,PARTIAL,484,2024-09-10,2026-08-21,1.94,18.6,44124.1,18715,972393.24,395414.98,0.5719,-0.64,1.038,7.968,0.8918,0,0.0,51,10.54,8,0,0,0,0,Tier 5: Microcap / Illiquid (<10L/day)
SHBAJRG,SHRI BAJRANG ALLIANCE L,INE402H01015,EQ,NORMAL,False,False,PARTIAL,87,2026-04-20,2026-08-21,0.34,172.89,5115.2,2531,970086.46,449668.0,0.4529,0.0411,0.753,3.787,0.1591,0,0.0,1,1.15,0,0,0,0,0,Tier 5: Microcap / Illiquid (<10L/day)
JFLLIFE,JFL LIFE SCIENCES LIMITED,INE0LA901015,SM,SME,False,False,PARTIAL,792,2022-09-08,2026-08-21,3.95,10.9,28724.7,14000,969289.52,375200.0,0.6912,-0.2789,-3.822,64.97,0.8816,0,0.0,197,24.87,0,0,0,0,0,Tier 5: Microcap / Illiquid (<10L/day)
UNIINFO,UNIINFO TELECOM SERVI LTD,INE481Z01011,EQ,NORMAL,False,False,PARTIAL,1772,2018-03-15,2026-08-21,8.44,11.37,28595.2,10000,965334.14,219541.55,0.6442,-0.0224,0.724,7.348,0.8598,1,0.06,203,11.46,3,0,0,0,0,Tier 5: Microcap / Illiquid (<10L/day)
YCCL,YASONS CHEMEX CARE LTD,INE08S201019,SM,SME,False,False,PARTIAL,629,2023-08-03,2026-08-14,3.03,9.65,34130.4,15000,964522.66,262500.0,0.5725,-0.3394,0.95,7.183,0.7902,0,0.0,134,21.3,0,0,0,0,0,Tier 5: Microcap / Illiquid (<10L/day)
MICROPRO,MICROPRO SOFTWARE SOL L,INE0PZK01014,SM,SME,False,False,PARTIAL,572,2023-11-10,2026-08-18,2.77,18.9,20744.1,9600,958414.83,284480.0,0.6373,-0.4139,0.803,5.856,0.7921,0,0.0,98,17.13,0,0,0,0,0,Tier 5: Microcap / Illiquid (<10L/day)
PARAMOUNT,PARAMOUNT DYE TEC LIMITED,INE0TG801013,SM,SME,False,False,PARTIAL,373,2024-10-08,2026-08-21,1.87,32.05,14258.4,4800,946145.15,294120.0,0.6745,-0.5943,1.132,7.077,0.7006,0,0.0,109,29.22,0,0,0,0,0,Tier 5: Microcap / Illiquid (<10L/day)
GRCL,GAYATRI RUBB AND CHEM LTD,INE0LVM01018,SM,SME,False,False,PARTIAL,625,2023-02-07,2026-08-21,3.53,531.2,8430.0,2000,940096.6,498800.0,0.6556,1.2944,0.143,4.604,0.4158,0,0.0,234,37.44,0,0,0,0,0,Tier 5: Microcap / Illiquid (<10L/day)
TAPIFRUIT,TAPI FRUIT PROCESSING LTD,INE0M7001010,SM,SME,False,False,PARTIAL,640,2022-09-22,2026-08-18,3.9,52.0,7449.6,3000,920743.48,354000.0,0.5788,0.1467,0.198,3.495,0.8032,0,0.0,233,36.41,0,0,0,0,0,Tier 5: Microcap / Illiquid (<10L/day)
DKEGL,D K ENTERPRISES GLOBAL L,INE0GN101014,SM,SME,False,False,PARTIAL,797,2021-10-22,2026-08-21,4.83,70.0,15660.6,6000,916348.21,396450.0,0.8263,0.4867,0.617,4.15,0.4561,0,0.0,220,27.6,0,0,0,0,0,Tier 5: Microcap / Illiquid (<10L/day)
AGUL,A G UNIVERSAL LIMITED,INE0O6N01012,SM,SME,False,False,PARTIAL,548,2023-04-24,2026-08-11,3.3,53.65,13861.3,6000,915261.86,312000.0,0.689,0.1801,0.794,5.892,0.6856,0,0.0,245,44.71,0,0,0,0,0,Tier 5: Microcap / Illiquid (<10L/day)
PATTECH,PATTECH FITWELL TUB COM L,INE0NZW01014,SM,SME,False,False,PARTIAL,461,2023-04-21,2026-06-09,3.13,114.85,11176.8,3000,905529.99,365400.0,0.6764,0.6016,0.59,4.649,0.6211,0,0.0,228,49.46,0,0,0,0,0,Tier 5: Microcap / Illiquid (<10L/day)
AHLWEST,ASIAN HOTELS (WEST) LTD,INE915K01010,BE,NORMAL,False,False,PARTIAL,96,2026-04-06,2026-08-21,0.38,559.95,1751.3,758,897200.12,328662.54,0.5759,3.7934,-0.134,2.113,0.2734,0,0.0,33,34.38,5,3,0,0,0,Tier 5: Microcap / Illiquid (<10L/day)
JIWANRAM,JIWANRAM SHEODUTTRA IND L,INE0N5H01017,SM,SME,False,False,PARTIAL,605,2023-09-18,2026-08-21,2.92,4.7,56271.1,24000,896226.45,262800.0,0.5934,-0.5769,0.67,6.531,0.8474,0,0.0,176,29.09,0,0,0,0,0,Tier 5: Microcap / Illiquid (<10L/day)
SHUBHLAXMI,SHUBHLAXMI JEWEL ART LTD,INE01Z401013,SM,SME,False,False,PARTIAL,1634,2019-02-21,2026-08-19,7.49,19.9,15033.0,7000,895836.2,240500.0,0.6032,0.0281,-0.223,3.41,0.9441,0,0.0,386,23.62,0,0,0,0,0,Tier 5: Microcap / Illiquid (<10L/day)
SBINMID150,SBIAMC - SBINMID150,INF200KB1AK8,EQ,NORMAL,False,False,PARTIAL,96,2026-04-06,2026-08-21,0.38,23.44,39760.0,21441,893738.08,492310.44,0.1581,0.3954,1.015,7.477,0.0496,0,0.0,0,0.0,0,0,0,0,0,Tier 5: Microcap / Illiquid (<10L/day)
SOCL,SUNDREX OIL COMPANY LTD,INE0CTB01014,SM,SME,False,False,PARTIAL,148,2025-12-30,2026-08-21,0.64,29.2,27340.5,11200,888308.11,314160.0,0.6187,-1.1866,-0.13,2.554,0.6307,0,0.0,32,21.62,0,0,0,0,0,Tier 5: Microcap / Illiquid (<10L/day)
PVTBKGROWW,GROWWAMC - PVTBKGROWW,INF666M01OT5,EQ,NORMAL,False,False,PARTIAL,62,2026-05-26,2026-08-21,0.24,27.76,32190.1,21989,885168.32,585923.22,0.1442,0.1433,0.231,3.684,0.0435,0,0.0,0,0.0,0,0,0,0,0,Tier 5: Microcap / Illiquid (<10L/day)
PIONRINV,PIONEER INVESTCORP LTD.,INE746D01014,BE,NORMAL,False,False,PARTIAL,87,2026-04-20,2026-08-21,0.34,79.3,8820.3,2137,882047.65,197030.4,0.7157,-0.607,1.18,6.646,0.4053,0,0.0,2,2.3,0,0,0,0,0,Tier 5: Microcap / Illiquid (<10L/day)
CYBERMEDIA,CYBER MEDIA (INDIA) LTD.,INE278G01037,EQ,NORMAL,False,False,PARTIAL,1924,2016-10-10,2026-08-21,9.86,16.9,38549.6,9790,881509.79,147169.0,0.5832,0.2439,0.474,5.405,0.8889,0,0.0,368,19.13,10,0,0,0,1,Tier 5: Microcap / Illiquid (<10L/day)
KIRANVYPAR,KIRAN VYAPAR LTD.,INE555P01013,EQ,NORMAL,False,False,PARTIAL,86,2026-04-20,2026-08-21,0.34,198.0,4955.4,1453,879952.63,289914.75,0.4321,0.22,1.458,7.04,0.2454,0,0.0,0,0.0,0,0,0,0,0,Tier 5: Microcap / Illiquid (<10L/day)
SAMBHAAV,SAMBHAAV MEDIA LTD,INE699B01027,EQ,NORMAL,False,False,PARTIAL,2476,2016-08-22,2026-08-21,10.0,6.18,123407.4,43564,879244.49,201946.4,0.6076,0.1895,1.014,6.989,0.9224,0,0.0,65,2.63,9,0,0,0,0,Tier 5: Microcap / Illiquid (<10L/day)
MILTON,MILTON INDUSTRIES LIMITED,INE376Y01016,SM,SME,False,False,PARTIAL,856,2017-10-16,2026-08-21,8.85,40.5,34464.5,8800,877181.85,193600.0,0.7009,0.3222,0.036,4.583,0.7767,1,0.12,472,55.14,0,0,0,0,0,Tier 5: Microcap / Illiquid (<10L/day)
GROBTEA,THE GROB TEA COMPANY LTD,INE646C01018,EQ,NORMAL,False,False,PARTIAL,2419,2016-08-22,2026-08-21,10.0,927.0,908.3,274,875261.62,193914.0,0.5714,0.2625,1.328,8.437,0.9115,0,0.0,112,4.63,12,11,0,0,0,Tier 5: Microcap / Illiquid (<10L/day)
SIDDHIKA,SIDDHIKA COATINGS LIMITED,INE0A1E01018,SM,SME,False,False,PARTIAL,793,2021-04-07,2026-08-21,5.37,208.0,9155.7,4000,867246.09,439200.0,0.5763,0.7985,0.072,2.952,0.3191,0,0.0,324,40.86,0,0,0,0,0,Tier 5: Microcap / Illiquid (<10L/day)
FELDVR,FUTURE ENTERPRISES LTD,IN9623B01058,BZ,NORMAL,False,False,PARTIAL,2405,2016-08-22,2026-08-21,10.0,2.39,42365.8,15449,866581.53,210974.4,0.5623,-0.0602,0.708,6.091,0.9587,0,0.0,129,5.36,2,1,0,0,0,Tier 5: Microcap / Illiquid (<10L/day)
DBSTOCKBRO,DB (INT) STOCK BROKERS,INE921B01025,BE,NORMAL,False,False,PARTIAL,2104,2016-08-22,2026-08-21,10.0,30.32,25191.6,4399,856060.48,93994.2,0.5276,0.2045,1.204,8.633,0.6367,0,0.0,379,18.01,10,0,0,0,0,Tier 5: Microcap / Illiquid (<10L/day)
AXTEL,AXTEL INDUSTRIES LTD.,INE767C01012,EQ,NORMAL,False,False,PARTIAL,5,2026-08-17,2026-08-21,0.01,411.95,2099.6,1088,854821.64,448201.6,0.2666,-0.8902,0.358,1.164,0.0333,0,0.0,0,0.0,0,0,0,0,0,Tier 5: Microcap / Illiquid (<10L/day)
HDFCQUAL,HDFCAMC - HDFCQUAL,INF179KC1DL6,EQ,NORMAL,False,False,PARTIAL,965,2022-09-29,2026-08-21,3.89,59.25,15429.7,9468,848256.81,505824.81,0.153,0.1305,-0.079,5.036,0.2066,0,0.0,1,0.1,0,0,0,0,0,Tier 5: Microcap / Illiquid (<10L/day)
PKTEA,THE P K TEA PROD CO LTD,INE431F01018,EQ,NORMAL,False,False,PARTIAL,2376,2016-08-22,2026-08-21,10.0,732.2,2017.7,469,846420.77,124119.45,0.5236,0.311,0.957,7.43,0.8949,0,0.0,122,5.13,9,9,0,0,0,Tier 5: Microcap / Illiquid (<10L/day)
BNALTD,B & A LTD.,INE489D01011,BE,NORMAL,False,False,PARTIAL,75,2026-04-20,2026-08-20,0.33,395.0,1696.4,156,845723.55,56160.0,0.8381,0.1218,1.521,7.736,0.2957,0,0.0,11,14.67,0,0,0,0,0,Tier 5: Microcap / Illiquid (<10L/day)
DGCONTENT,DIGICONTENT LIMITED,INE03JI01017,EQ,NORMAL,False,False,PARTIAL,1738,2019-06-18,2026-08-21,7.18,24.85,43556.6,17126,833770.73,310160.0,0.56,0.2264,0.496,4.593,0.7895,0,0.0,153,8.8,0,0,0,0,0,Tier 5: Microcap / Illiquid (<10L/day)
AMBANIORGO,AMBANI ORGOCHEM LIMITED,INE00C501018,SM,SME,False,False,PARTIAL,589,2018-07-18,2026-08-21,8.09,110.1,8624.8,4000,823269.86,320000.0,0.6447,0.4228,0.011,3.78,0.5232,1,0.17,298,50.59,0,0,0,0,0,Tier 5: Microcap / Illiquid (<10L/day)
LOWVOL,MIRAEAMC - MANV30F,INF769K01JU9,EQ,NORMAL,False,False,PARTIAL,824,2023-03-31,2026-08-21,3.39,207.92,4222.0,494,823231.69,91739.0,0.1451,0.1788,0.691,13.16,0.1808,0,0.0,14,1.7,0,0,0,0,0,Tier 5: Microcap / Illiquid (<10L/day)
CONS,KOTAKMAMC - KOTAKCONS,INF174KA1ZF8,EQ,NORMAL,False,False,PARTIAL,989,2022-08-04,2026-08-21,4.05,12.38,69528.3,19570,822944.2,208625.0,0.1782,0.1377,0.239,19.085,0.2434,0,0.0,14,1.42,0,0,0,0,0,Tier 5: Microcap / Illiquid (<10L/day)
SPPPOLY,SPP POLYMER LIMITED,INE0QR801013,SM,SME,False,False,PARTIAL,371,2024-09-17,2026-08-21,1.92,11.75,23115.9,8000,812946.09,146800.0,0.4834,-0.9896,0.14,3.561,0.8195,0,0.0,91,24.53,0,0,0,0,0,Tier 5: Microcap / Illiquid (<10L/day)
LICNETFSEN,LICNAMC - LICNFESGP,INF767K01OT5,EQ,NORMAL,False,False,PARTIAL,1944,2016-08-31,2026-08-21,9.97,880.97,1291.9,105,812013.29,68552.0,0.4136,0.2305,1.296,24.608,0.4206,1,0.05,132,6.79,0,0,0,0,0,Tier 5: Microcap / Illiquid (<10L/day)
GROWWNXT50,GROWWAMC - GROWWNXT50,INF666M01LZ8,EQ,NORMAL,False,False,PARTIAL,245,2025-08-26,2026-08-21,0.99,74.52,11602.4,8619,804070.48,593619.75,0.1738,0.1234,0.213,5.831,0.1458,0,0.0,0,0.0,0,0,0,0,0,Tier 5: Microcap / Illiquid (<10L/day)
NIBL,NRB INDUS. BEARINGS LTD.,INE047O01014,EQ,NORMAL,False,False,PARTIAL,2432,2016-08-22,2026-08-21,10.0,31.08,26859.5,9731,799965.42,222948.0,0.562,0.1246,0.795,8.279,0.9216,0,0.0,115,4.73,9,0,0,0,0,Tier 5: Microcap / Illiquid (<10L/day)
PLADAINFO,PLADA INFOTECH SERVICES L,INE0PXD01014,SM,SME,False,False,PARTIAL,442,2023-10-13,2026-08-20,2.85,9.9,20823.5,9000,794011.43,186000.0,0.7192,-0.7345,0.7,4.709,0.8376,0,0.0,151,34.16,0,0,0,0,0,Tier 5: Microcap / Illiquid (<10L/day)
SKIL,SKIL INFRASTRUCTURE LTD.,INE429F01012,BZ,NORMAL,False,False,PARTIAL,213,2022-07-25,2026-08-17,4.06,0.86,208649.9,127593,790292.13,360690.0,0.6345,-1.3563,0.139,1.329,0.9065,0,0.0,48,22.54,8,0,0,0,0,Tier 5: Microcap / Illiquid (<10L/day)
HEALTHAXIS,AXISAMC-HEALTHAXIS,INF846K01Z12,EQ,NORMAL,False,False,PARTIAL,1305,2021-05-21,2026-08-21,5.25,167.33,7087.5,4225,775535.38,506343.6,0.1596,0.1451,-0.216,5.664,0.192,0,0.0,0,0.0,0,0,0,0,0,Tier 5: Microcap / Illiquid (<10L/day)
SHANTHALA,SHANTHALA FMCG PRODUCTS L,INE0Q9Q01017,SM,SME,False,False,PARTIAL,534,2023-11-03,2026-08-21,2.8,16.5,11732.6,4800,768753.71,204900.0,0.8036,-0.5468,0.464,5.751,0.8844,0,0.0,169,31.65,0,0,0,0,0,Tier 5: Microcap / Illiquid (<10L/day)
CINEVISTA,CINEVISTA LIMITED,INE039B01026,EQ,NORMAL,False,False,PARTIAL,2471,2016-08-22,2026-08-21,10.0,14.21,48394.9,18536,766481.23,233534.0,0.58,0.2447,0.903,6.405,0.8422,0,0.0,87,3.52,9,0,0,0,0,Tier 5: Microcap / Illiquid (<10L/day)
SBIETFCON,SBIAMC - SBIETFCON,INF200KA1X17,EQ,NORMAL,False,False,PARTIAL,1257,2021-07-29,2026-08-21,5.06,124.06,7595.0,4810,765625.37,451660.4,0.1428,0.1431,-0.103,4.558,0.2215,0,0.0,0,0.0,0,0,0,0,0,Tier 5: Microcap / Illiquid (<10L/day)
PROLIFE,PROLIFE INDUSTRIES LTD,INE994V01012,SM,SME,False,False,PARTIAL,1054,2017-01-09,2026-08-21,9.61,79.45,6565.0,3000,755907.78,390000.0,0.6759,0.41,0.117,3.438,0.8362,0,0.0,449,42.6,0,0,0,0,0,Tier 5: Microcap / Illiquid (<10L/day)
SHIVACEM,SHIVA CEMENT LTD.,INE555C01029,EQ,NORMAL,False,False,PARTIAL,5,2026-08-17,2026-08-21,0.01,16.67,44994.8,34643,755131.35,582002.4,0.2452,-1.9777,0.089,0.787,0.0314,0,0.0,0,0.0,0,0,0,0,0,Tier 5: Microcap / Illiquid (<10L/day)
BALCO,SOLVE PLASTIC PRODUCTS L,INE0U0201016,SM,SME,False,False,PARTIAL,363,2024-08-21,2026-08-21,2.0,18.9,11613.2,3600,742829.09,113040.0,0.6363,-1.0046,0.583,3.947,0.8808,0,0.0,146,40.22,0,0,0,0,0,Tier 5: Microcap / Illiquid (<10L/day)
SHILGRAVQ,SHILP GRAVURES LTD.,INE960A01017,EQ,NORMAL,False,False,PARTIAL,5,2026-08-17,2026-08-21,0.01,166.5,4482.6,1506,741005.59,243806.34,0.6048,3.4609,-0.572,1.227,0.0412,0,0.0,0,0.0,0,0,0,0,0,Tier 5: Microcap / Illiquid (<10L/day)
SANWARIA,SANWARIA CONSUMER LIMITED,INE890C01046,BZ,NORMAL,False,False,PARTIAL,892,2022-01-10,2026-08-21,4.61,0.19,1038817.4,698844,739084.86,330296.4,0.7227,-0.3593,0.33,4.831,0.8944,0,0.0,110,12.33,11,2,0,1,0,Tier 5: Microcap / Illiquid (<10L/day)
BURNPUR,BURNPUR CEMENT LIMITED,INE817H01022,BE,NORMAL,False,False,PARTIAL,9,2026-08-11,2026-08-21,0.03,14.2,36248.3,6727,738190.88,129696.56,0.0023,-12.5241,-0.624,2.034,0.3349,0,0.0,7,77.78,10,0,0,0,0,Tier 5: Microcap / Illiquid (<10L/day)
RETAIL,JHS SVENDGAARD RETAIL V L,INE03DD01011,EQ,NORMAL,False,False,PARTIAL,535,2024-06-26,2026-08-21,2.15,17.01,18584.2,7396,735643.58,215069.77,0.6295,-0.1885,1.084,7.338,0.7108,0,0.0,6,1.12,0,0,0,0,0,Tier 5: Microcap / Illiquid (<10L/day)
GILT5BETA,UTIAMC-GILT5BETA,INF789F1AZE6,EQ,NORMAL,False,False,PARTIAL,602,2024-02-05,2026-08-21,2.54,66.39,12502.8,639,734216.2,38286.93,0.1738,0.0384,-4.664,87.197,0.177,0,0.0,31,5.15,0,0,0,0,0,Tier 5: Microcap / Illiquid (<10L/day)
BENARAS,BENARES HOTELS LTD.,INE664D01019,EQ,NORMAL,False,False,PARTIAL,5,2026-08-17,2026-08-21,0.01,10200.0,71.8,61,732049.2,622200.0,0.0282,0.1364,0.001,0.995,0.0016,0,0.0,0,0.0,0,0,0,0,0,Tier 5: Microcap / Illiquid (<10L/day)
MODIRUBBER,MODI RUBBER LTD,INE832A01018,EQ,NORMAL,False,False,PARTIAL,1853,2018-06-20,2026-08-21,8.17,134.24,6152.8,1628,727604.68,131846.0,0.4889,0.1933,0.876,7.103,0.7442,0,0.0,215,11.6,7,0,0,0,0,Tier 5: Microcap / Illiquid (<10L/day)
DEEP,DEEP POLYMERS LTD.,INE00IY01012,EQ,NORMAL,False,False,PARTIAL,5,2026-08-17,2026-08-21,0.01,36.64,19722.8,10406,727031.29,384605.76,0.3922,1.1525,-0.01,0.575,0.0332,0,0.0,0,0.0,0,0,0,0,0,Tier 5: Microcap / Illiquid (<10L/day)
EKI,EKI ENERGY SERVICES LTD,INE0CPR01018,EQ,NORMAL,False,False,PARTIAL,5,2026-08-17,2026-08-21,0.01,78.07,9191.0,9420,726718.98,735419.4,0.1771,-2.1751,-0.007,0.687,0.0343,0,0.0,0,0.0,0,0,0,0,0,Tier 5: Microcap / Illiquid (<10L/day)
KALYANIFRG,KALYANI FORGE LIMITED,INE314G01014,EQ,NORMAL,False,False,PARTIAL,2403,2016-08-22,2026-08-21,10.0,691.5,1636.3,853,724937.41,240109.65,0.4127,0.1841,0.648,6.77,0.7936,0,0.0,103,4.29,10,10,0,0,0,Tier 5: Microcap / Illiquid (<10L/day)
DIGJAMLMTD,DIGJAM LTD,INE731U01028,EQ,NORMAL,False,False,PARTIAL,1075,2021-10-18,2026-08-21,4.84,51.64,7247.4,2144,711996.37,178937.25,0.4799,0.3717,0.299,2.868,0.9049,0,0.0,126,11.72,3,0,0,0,0,Tier 5: Microcap / Illiquid (<10L/day)
JENBURPH,JENBURKT PHARMACEUTICAL L,INE354A01013,EQ,NORMAL,False,False,PARTIAL,5,2026-08-17,2026-08-21,0.01,1028.5,683.6,450,711841.04,474480.0,0.1648,-0.9964,-0.11,0.816,0.0246,0,0.0,0,0.0,0,0,0,0,0,Tier 5: Microcap / Illiquid (<10L/day)
MOIPO,MOTILALAMC - MOIPO,INF247L01GI5,EQ,NORMAL,False,False,PARTIAL,186,2025-11-20,2026-08-21,0.75,49.08,17899.0,2487,706011.66,109780.44,0.2379,0.0271,-0.259,7.645,0.2402,0,0.0,2,1.08,0,0,0,0,0,Tier 5: Microcap / Illiquid (<10L/day)
ONELIFECAP,ONELIFE CAP ADVISORS LTD,INE912L01015,BE,NORMAL,False,False,PARTIAL,2392,2016-08-22,2026-08-21,10.0,33.51,38150.0,8733,704445.07,139057.1,0.6061,0.2008,0.46,12.144,0.9064,0,0.0,183,7.65,11,0,0,0,1,Tier 5: Microcap / Illiquid (<10L/day)
MOQUALITY,MOTILALAMC - MOQUALITY,INF247L01BH8,EQ,NORMAL,False,False,PARTIAL,944,2022-08-26,2026-08-21,3.99,203.56,3762.9,1051,703090.61,189120.96,0.1969,0.1268,-0.94,18.034,0.2477,0,0.0,15,1.59,0,0,0,0,0,Tier 5: Microcap / Illiquid (<10L/day)
FALCONTECH,FALCON TECHNOPROJ IND LTD,INE0PQK01013,SM,SME,False,False,PARTIAL,484,2024-06-26,2026-08-21,2.15,12.8,22143.0,9600,702224.5,219960.0,0.5916,-0.826,-0.625,8.781,0.8842,0,0.0,51,10.54,0,0,0,0,0,Tier 5: Microcap / Illiquid (<10L/day)
SMALLGROWW,GROWWAMC - SMALLGROWW,INF666M01PG9,EQ,NORMAL,False,False,PARTIAL,46,2026-06-18,2026-08-21,0.18,49.08,14869.8,9256,701623.24,435524.24,0.1384,0.3192,-0.449,3.421,0.0315,0,0.0,0,0.0,0,0,0,0,0,Tier 5: Microcap / Illiquid (<10L/day)
CONTI,CONTINENTAL SEED CHEM LTD,INE340Z01019,SM,SME,False,False,PARTIAL,1029,2018-04-04,2026-08-20,8.38,11.1,25024.7,9999,695258.97,156651.0,0.6844,0.0487,-1.098,10.934,0.9111,3,0.29,509,49.47,0,0,0,0,0,Tier 5: Microcap / Illiquid (<10L/day)
VILINBIO,VILIN BIO MED LIMITED,INE0L4V01013,SM,SME,False,False,PARTIAL,581,2023-06-30,2026-08-20,3.14,41.1,26327.0,12000,691989.33,319200.0,0.7034,0.4027,0.571,5.732,0.4658,0,0.0,208,35.8,0,0,0,0,0,Tier 5: Microcap / Illiquid (<10L/day)
GSEC10YEAR,MIRAEAMC - MAGS813ETF,INF769K01KF8,EQ,NORMAL,False,False,PARTIAL,798,2023-04-10,2026-08-21,3.36,30.39,24336.2,3188,690389.41,87519.6,0.1844,0.089,1.134,103.37,0.165,0,0.0,33,4.14,0,0,0,0,0,Tier 5: Microcap / Illiquid (<10L/day)
VIJIFIN,VIJI FINANCE LIMITED,INE159N01027,BE,PCA,False,False,PARTIAL,2373,2016-08-22,2026-08-21,10.0,13.65,253847.6,143610,689906.98,254436.7,0.8878,0.4786,0.468,8.315,0.9894,0,0.0,534,22.5,12,3,0,1,1,Tier 5: Microcap / Illiquid (<10L/day)
HMT,HMT LTD -,INE262A01018,BZ,NORMAL,False,False,PARTIAL,2419,2016-08-22,2026-08-21,10.0,60.79,14036.6,7069,689373.29,231053.9,0.4237,0.1366,0.121,2.927,0.8409,0,0.0,79,3.27,9,0,0,0,0,Tier 5: Microcap / Illiquid (<10L/day)
ACEINTEG,ACE INTEGRATED SOLU. LTD.,INE543V01017,EQ,NORMAL,False,False,PARTIAL,1228,2016-08-22,2026-08-21,10.0,17.89,20782.6,5563,688764.97,175538.16,0.6501,0.0856,0.361,9.406,0.7939,1,0.08,208,16.94,3,0,0,0,0,Tier 5: Microcap / Illiquid (<10L/day)
DIVIDEND,MIRAEAMC - DIVIDEND,INF769K01PY8,EQ,NORMAL,False,False,PARTIAL,166,2025-12-19,2026-08-21,0.67,35.63,19143.3,10467,682571.42,376602.66,0.163,0.0158,-0.553,3.363,0.1206,0,0.0,0,0.0,0,0,0,0,0,Tier 5: Microcap / Illiquid (<10L/day)
NEXT50ADD,DSPAMC - NEXT50ADD,INF740KA1XU7,EQ,NORMAL,False,False,PARTIAL,152,2026-01-09,2026-08-21,0.61,74.33,10075.0,4299,680848.19,297898.71,0.3846,0.2098,-0.356,16.119,0.1907,0,0.0,0,0.0,0,0,0,0,0,Tier 5: Microcap / Illiquid (<10L/day)
BONLON,BONLON INDUSTRIES LIMITED,INE0B9A01018,EQ,NORMAL,False,False,PARTIAL,123,2026-02-20,2026-08-21,0.5,39.37,14502.1,7807,674004.82,320995.82,0.444,-0.2529,0.316,2.197,0.2932,0,0.0,0,0.0,0,0,0,0,0,Tier 5: Microcap / Illiquid (<10L/day)
HYBRIDETF,MIRAEAMC - HYBRIDETF,INF769K01RJ5,EQ,NORMAL,False,False,PARTIAL,16,2026-07-31,2026-08-21,0.06,10.07,66402.3,42360,671968.35,426141.6,0.0573,0.0684,-0.271,1.972,0.0128,0,0.0,0,0.0,0,0,0,0,0,Tier 5: Microcap / Illiquid (<10L/day)
VISHAL,VISHAL FABRICS LTD.,INE755Q01025,EQ,NORMAL,False,False,PARTIAL,5,2026-08-17,2026-08-21,0.01,18.68,36640.6,35959,671355.82,664881.91,0.2079,1.9409,0.054,1.054,0.0077,0,0.0,0,0.0,7,2,0,2,0,Tier 5: Microcap / Illiquid (<10L/day)
SUNREST,SUNREST LIFESCIENCE LTD,INE0PLZ01012,SM,SME,False,False,PARTIAL,415,2023-11-20,2026-08-21,2.75,41.0,11057.3,4800,670768.39,235200.0,0.7822,-0.103,0.455,4.31,0.6234,0,0.0,142,34.22,0,0,0,0,0,Tier 5: Microcap / Illiquid (<10L/day)
LICNETFGSC,LICNAMC - LICNMFET,INF767K01MV5,EQ,NORMAL,False,False,PARTIAL,2417,2016-08-22,2026-08-21,10.0,29.55,25157.5,8471,647726.29,188163.24,0.2265,0.0908,0.469,12.254,0.1422,0,0.0,122,5.05,0,0,0,0,0,Tier 5: Microcap / Illiquid (<10L/day)
RRIL,R R I L LTD.,INE951M01037,EQ,NORMAL,False,False,PARTIAL,87,2026-04-20,2026-08-21,0.34,17.45,34470.3,26329,646956.03,481294.12,0.4209,0.463,0.33,3.997,0.2197,0,0.0,0,0.0,0,0,0,0,0,Tier 5: Microcap / Illiquid (<10L/day)
METROGLOBL,METROGLOBAL LTD.,INE085D01033,EQ,NORMAL,False,False,PARTIAL,87,2026-04-20,2026-08-21,0.34,140.98,4477.5,1198,642361.6,154170.62,0.4692,0.3635,0.537,5.0,0.1278,0,0.0,2,2.3,0,0,0,0,0,Tier 5: Microcap / Illiquid (<10L/day)
GSEC10IETF,ICICIPRAMC - ICICI10GS,INF109KC18O0,EQ,NORMAL,False,False,PARTIAL,798,2022-12-19,2026-08-21,3.67,266.19,2583.1,413,642010.76,98772.24,0.0648,0.0726,-0.227,8.353,0.0309,0,0.0,73,9.15,0,0,0,0,0,Tier 5: Microcap / Illiquid (<10L/day)
GML,GALAXY MEDICARE LIMITED,INE09A801015,SM,SME,False,False,PARTIAL,200,2025-09-17,2026-08-19,0.92,18.5,27360.0,12000,640932.0,240000.0,0.5862,-1.1166,0.074,2.551,0.7027,0,0.0,54,27.0,0,0,0,0,0,Tier 5: Microcap / Illiquid (<10L/day)
GURUNANAK,GURUNANAK AGRICULTUR IN L,INE1CCX01012,SM,SME,False,False,PARTIAL,201,2025-10-01,2026-08-21,0.89,34.25,18316.4,11200,635974.13,355200.0,0.6503,-0.4309,0.163,2.287,0.5991,0,0.0,47,23.38,0,0,0,0,0,Tier 5: Microcap / Illiquid (<10L/day)
AEPL,ARTEMIS ELECTRICALS & P L,INE757T01025,EQ,NORMAL,False,False,PARTIAL,110,2026-03-12,2026-08-21,0.44,14.64,37739.1,15091,632148.01,231420.0,0.5296,-0.3676,1.945,11.481,0.2838,0,0.0,0,0.0,0,0,0,0,0,Tier 5: Microcap / Illiquid (<10L/day)
SILLYMONKS,SILLY MONKS ENTERTAIN LTD,INE203Y01012,EQ,NORMAL,False,False,PARTIAL,1807,2018-01-18,2026-08-21,8.59,15.69,24927.5,7505,629762.94,164076.25,0.6333,-0.0016,0.699,6.72,0.8369,0,0.0,119,6.59,1,1,0,0,0,Tier 5: Microcap / Illiquid (<10L/day)
GTECJAINX,G-TEC JAINX EDUCATION LTD,INE586X01012,BE,NORMAL,False,False,PARTIAL,1538,2017-08-07,2026-08-21,9.04,29.98,22789.9,4411,629556.46,128500.0,0.6269,0.287,1.105,8.268,0.876,0,0.0,302,19.64,4,0,0,0,0,Tier 5: Microcap / Illiquid (<10L/day)
MKEXIM,M K EXIM (INDIA) LTD.,INE227F01010,EQ,NORMAL,False,False,PARTIAL,5,2026-08-17,2026-08-21,0.01,57.24,11165.0,3750,627656.86,214650.0,0.2845,3.8341,0.594,1.236,0.0,0,0.0,0,0.0,0,0,0,0,0,Tier 5: Microcap / Illiquid (<10L/day)
BIMETAL,BIMETAL BEARINGS LTD.,INE469A01019,EQ,NORMAL,False,False,PARTIAL,87,2026-04-20,2026-08-21,0.34,624.85,952.9,352,625080.26,215311.5,0.409,0.1996,1.501,9.616,0.1327,0,0.0,2,2.3,1,1,0,0,0,Tier 5: Microcap / Illiquid (<10L/day)
GILT10BETA,UTIAMC-GILT10BETA,INF789F1AZF3,EQ,NORMAL,False,False,PARTIAL,629,2024-02-05,2026-08-21,2.54,26.79,25756.0,1319,617910.33,33058.75,0.2053,0.0162,-1.306,91.887,0.1709,0,0.0,3,0.48,0,0,0,0,0,Tier 5: Microcap / Illiquid (<10L/day)
SBIVALETF,SBIAMC - SBIVALETF,INF200KB1AX1,EQ,NORMAL,False,False,PARTIAL,63,2026-05-25,2026-08-21,0.24,14.78,39904.6,11398,614424.6,173612.25,0.3031,-0.1855,2.025,23.597,0.1177,0,0.0,0,0.0,0,0,0,0,0,Tier 5: Microcap / Illiquid (<10L/day)
HDFCLOWVOL,HDFCAMC - HDFCLOWVOL,INF179KC1HU8,EQ,NORMAL,False,False,PARTIAL,945,2022-10-17,2026-08-21,3.84,20.87,30955.6,13540,600862.81,253635.07,0.2107,0.16,0.017,32.785,0.1863,0,0.0,10,1.06,0,0,0,0,0,Tier 5: Microcap / Illiquid (<10L/day)
WIPL,THE WESTERN INDIA PLY LTD,INE215F01023,EQ,NORMAL,False,False,PARTIAL,2048,2017-04-18,2026-08-21,9.34,165.0,4271.9,1094,599311.83,103124.0,0.4749,0.2945,1.666,23.783,0.57,1,0.05,255,12.45,9,6,0,0,0,Tier 5: Microcap / Illiquid (<10L/day)
GROWWMC150,GROWWAMC - GROWWMC150,INF666M01MV5,EQ,NORMAL,False,False,PARTIAL,190,2025-11-17,2026-08-21,0.76,236.1,2731.3,1365,598190.3,303616.95,0.1944,0.0928,0.165,4.407,0.1323,0,0.0,0,0.0,0,0,0,0,0,Tier 5: Microcap / Illiquid (<10L/day)
INDIFRA,INDIFRA LIMITED,INE0PS301014,SM,SME,False,False,PARTIAL,420,2023-12-29,2026-08-06,2.6,11.95,14790.5,6000,592344.76,140000.0,0.6354,-0.848,0.674,5.522,0.8333,0,0.0,172,40.95,0,0,0,0,0,Tier 5: Microcap / Illiquid (<10L/day)
3PLAND,3P LAND HOLDINGS LIMITED,INE105C01023,EQ,NORMAL,False,False,PARTIAL,2345,2016-08-22,2026-08-21,10.0,32.11,19601.8,5730,584093.65,109476.25,0.5921,0.2963,1.146,7.529,0.8247,0,0.0,199,8.49,9,0,0,0,0,Tier 5: Microcap / Illiquid (<10L/day)
INFRA,MIRAEAMC - INFRA,INF769K01QB4,EQ,NORMAL,False,False,PARTIAL,125,2026-02-18,2026-08-21,0.5,12.18,48840.2,42134,580249.41,468747.6,0.2031,0.1197,-0.205,4.123,0.1207,0,0.0,0,0.0,0,0,0,0,0,Tier 5: Microcap / Illiquid (<10L/day)
AMIABLE,AMIABLE LOGISTICS (I) LTD,INE0MTP01013,SM,SME,False,False,PARTIAL,491,2022-11-16,2026-08-13,3.74,65.0,6038.3,3200,579069.65,259200.0,0.8111,-0.0543,0.326,4.997,0.5927,0,0.0,209,42.57,0,0,0,0,0,Tier 5: Microcap / Illiquid (<10L/day)
SHARDUL,SHARDUL SECURITIES LTD.,INE037B01020,BE,NORMAL,False,False,PARTIAL,87,2026-04-20,2026-08-21,0.34,52.63,12918.1,3803,576046.41,118402.08,0.7921,2.1853,1.138,5.901,0.3098,0,0.0,11,12.64,0,0,0,0,0,Tier 5: Microcap / Illiquid (<10L/day)
LPDC,LANDMARK PR.DEV.CO.LTD,INE197J01017,EQ,NORMAL,False,False,PARTIAL,2471,2016-08-22,2026-08-21,10.0,7.24,71027.3,27654,574349.09,153549.42,0.605,0.2418,1.353,8.079,0.8769,0,0.0,189,7.65,9,0,0,0,0,Tier 5: Microcap / Illiquid (<10L/day)
S&SPOWER,S&S POWER SWITCHGEARS LTD,INE902B01017,EQ,NORMAL,False,False,PARTIAL,1398,2020-03-30,2026-08-21,6.39,298.85,3284.9,1839,574195.83,178704.0,0.5488,0.7147,0.08,2.433,0.7511,0,0.0,323,23.1,7,0,0,0,0,Tier 5: Microcap / Illiquid (<10L/day)
BOHRAIND,BOHRA INDUSTRIES LIMITED,INE802W01023,EQ,NORMAL,False,False,PARTIAL,784,2022-10-27,2026-08-21,3.82,14.8,21829.1,8984,574018.85,236008.5,0.5317,-0.3529,0.339,2.409,0.9403,0,0.0,134,17.09,0,0,0,0,0,Tier 5: Microcap / Illiquid (<10L/day)
BRIGHTBR,BRIGHT BROTHERS LTD.,INE630D01010,EQ,NORMAL,False,False,PARTIAL,5,2026-08-17,2026-08-21,0.01,248.12,2322.8,2713,572872.33,628330.8,1.0406,4.7734,0.187,0.954,0.0501,0,0.0,0,0.0,0,0,0,0,0,Tier 5: Microcap / Illiquid (<10L/day)
KARMAENG,KARMA ENERGY LIMITED,INE725L01011,EQ,NORMAL,False,False,PARTIAL,2456,2016-08-22,2026-08-21,10.0,38.59,11884.6,4220,572140.15,140364.9,0.6074,0.2387,1.005,6.985,0.8846,1,0.04,137,5.58,9,0,0,0,0,Tier 5: Microcap / Illiquid (<10L/day)
GSEC5IETF,ICICIPRAMC - ICICI5GSEC,INF109KC14A8,EQ,NORMAL,False,False,PARTIAL,1097,2022-03-10,2026-08-21,4.45,66.9,9357.7,2055,570253.68,116269.12,0.1013,0.0718,-0.105,5.006,0.0356,0,0.0,15,1.37,0,0,0,0,0,Tier 5: Microcap / Illiquid (<10L/day)
HEALTHADD,DSPAMC - HEALTHADD,INF740KA1ZG1,EQ,NORMAL,False,False,PARTIAL,629,2024-02-07,2026-08-21,2.54,16.57,38703.2,14220,567451.97,200488.0,0.1589,0.1506,0.12,4.619,0.1545,0,0.0,5,0.79,0,0,0,0,0,Tier 5: Microcap / Illiquid (<10L/day)
VEDAVAAG,VEDAVAAG SYSTEMS LTD.,INE359B01010,EQ,NORMAL,False,False,PARTIAL,5,2026-08-17,2026-08-21,0.01,18.42,30413.4,27999,566394.65,515741.58,0.1919,-2.4227,-0.555,1.165,0.0381,0,0.0,0,0.0,0,0,0,0,0,Tier 5: Microcap / Illiquid (<10L/day)
CGVAK,C G V A K SOFTWARE & EX L,INE084D01010,EQ,NORMAL,False,False,PARTIAL,5,2026-08-17,2026-08-21,0.01,156.93,3582.8,534,564149.29,81168.0,1.3158,2.6423,0.461,1.189,0.0741,0,0.0,0,0.0,0,0,0,0,0,Tier 5: Microcap / Illiquid (<10L/day)
ABANSENT,ABANS ENTERPRISES LTD.,INE365O01028,EQ,NORMAL,False,False,PARTIAL,87,2026-04-20,2026-08-21,0.34,27.98,17385.6,7884,561705.66,215872.02,0.7529,0.4256,1.726,7.945,0.4646,0,0.0,12,13.79,0,0,0,0,0,Tier 5: Microcap / Illiquid (<10L/day)
GAJANAND,GAJANAND INTERNATIONAL L,INE0QTE01018,SM,SME,False,False,PARTIAL,358,2024-09-16,2026-08-20,1.92,8.0,25986.0,9000,559817.18,116400.0,0.681,-0.9041,0.831,6.06,0.8409,0,0.0,113,31.56,0,0,0,0,0,Tier 5: Microcap / Illiquid (<10L/day)
WALPAR,WALPAR NUTRITIONS LIMITED,INE0G2G01015,SM,SME,False,False,PARTIAL,777,2021-07-13,2026-08-21,5.11,31.5,15021.9,8000,558644.66,290700.0,0.6245,0.2261,0.265,3.072,0.6951,0,0.0,344,44.27,0,0,0,0,0,Tier 5: Microcap / Illiquid (<10L/day)
VIRTUALG,VIRTUAL GLOBAL EDU LTD,INE247C01023,EQ,NORMAL,False,False,PARTIAL,5,2026-08-17,2026-08-21,0.01,0.55,1059800.2,306406,554866.51,131754.58,1.2119,19.6987,0.528,1.123,0.0,0,0.0,0,0.0,0,0,0,0,0,Tier 5: Microcap / Illiquid (<10L/day)
KANCHI,KANCHI KARPOORAM LTD.,INE081G01019,EQ,NORMAL,False,False,PARTIAL,87,2026-04-20,2026-08-21,0.34,373.5,1420.4,853,554090.7,312011.7,0.4659,-0.1013,1.701,12.282,0.2416,0,0.0,0,0.0,0,0,0,0,0,Tier 5: Microcap / Illiquid (<10L/day)
RKDL,RAVI KUMAR DIST. LTD.,INE722J01012,EQ,NORMAL,False,False,PARTIAL,2378,2016-08-22,2026-08-21,10.0,18.28,33744.7,14536,547520.23,198350.4,0.5751,0.2326,1.22,7.784,0.8256,0,0.0,155,6.52,9,0,0,0,0,Tier 5: Microcap / Illiquid (<10L/day)
KAUSHALYA,KAUSHALYA INFRA DEV LTD.,INE234I01028,BE,NORMAL,False,False,PARTIAL,2055,2016-08-22,2026-08-21,10.0,872.2,36530.4,6775,537431.05,115404.75,34.8033,12.5488,45.216,2047.647,0.9583,0,0.0,394,19.17,9,0,0,0,0,Tier 5: Microcap / Illiquid (<10L/day)
ABMKNO,A B M KNOWLEDGEWARE LTD.,INE850B01026,EQ,NORMAL,False,False,PARTIAL,87,2026-04-20,2026-08-21,0.34,189.87,2526.9,1663,533494.47,331732.06,0.4692,-0.7189,0.004,3.13,0.2692,0,0.0,0,0.0,1,1,0,0,0,Tier 5: Microcap / Illiquid (<10L/day)
ITL,ITL INDUSTRIES LTD.,INE478D01014,EQ,NORMAL,False,False,PARTIAL,5,2026-08-17,2026-08-21,0.01,321.8,1663.2,1440,533124.51,457704.0,0.3397,0.7137,-0.539,1.186,0.0277,0,0.0,0,0.0,0,0,0,0,0,Tier 5: Microcap / Illiquid (<10L/day)
MFML,MAHALAXMI FABRIC MILLS LT,INE0US801024,EQ,NORMAL,False,False,PARTIAL,494,2024-08-27,2026-08-21,1.98,19.22,14154.4,3753,528617.42,111397.44,0.5317,-0.7593,0.432,5.175,0.8381,0,0.0,18,3.64,1,0,0,0,0,Tier 5: Microcap / Illiquid (<10L/day)
RAJRILTD,RAJ RAYON INDUSTRIES LTD,INE533D01032,BE,NORMAL,False,False,PARTIAL,1027,2022-03-16,2026-08-21,4.43,22.72,20363.4,10441,527181.48,261520.0,0.2945,0.7374,0.223,2.315,0.8261,0,0.0,381,37.1,0,0,0,0,0,Tier 5: Microcap / Illiquid (<10L/day)
COUNCODOS,COUNTRY CONDO S LIMITED,INE695B01025,BE,NORMAL,False,False,PARTIAL,2471,2016-08-22,2026-08-21,10.0,6.65,99673.6,41371,522041.95,170900.72,0.6372,0.2574,1.12,6.685,0.8544,0,0.0,211,8.54,9,0,0,0,0,Tier 5: Microcap / Illiquid (<10L/day)
ANTGRAPHIC,ANTARCTICA LTD,INE414B01021,EQ,NORMAL,False,False,PARTIAL,2068,2016-08-22,2026-08-21,10.0,0.74,395091.0,168015,520865.45,161445.6,0.6289,0.1796,0.305,3.872,0.8281,0,0.0,280,13.54,9,0,0,0,0,Tier 5: Microcap / Illiquid (<10L/day)
GSEC10ABSL,BIRLASLAMC - GSEC10ABSL,INF209KC1142,EQ,NORMAL,False,False,PARTIAL,347,2024-08-19,2026-08-21,2.0,110.3,4971.3,110,519554.25,11722.54,0.0918,0.0752,-0.05,5.382,0.0403,0,0.0,86,24.78,0,0,0,0,0,Tier 5: Microcap / Illiquid (<10L/day)
SNXT30BEES,NIPPONAMC - SNXT30BEES,INF204KC1EZ3,EQ,NORMAL,False,False,PARTIAL,296,2025-06-13,2026-08-21,1.19,43.28,12799.2,7899,519087.11,308139.99,0.138,0.1213,-0.254,4.438,0.114,0,0.0,0,0.0,0,0,0,0,0,Tier 5: Microcap / Illiquid (<10L/day)
ISTLTD,I S T LTD.,INE684B01029,EQ,NORMAL,False,False,PARTIAL,5,2026-08-17,2026-08-21,0.01,674.8,774.6,326,515146.3,207694.6,0.5287,0.8465,0.333,0.929,0.0447,0,0.0,0,0.0,0,0,0,0,0,Tier 5: Microcap / Illiquid (<10L/day)
INDPRUD,INDUSTRIAL & PRU INV CO L,INE620D01011,EQ,NORMAL,False,False,PARTIAL,82,2026-04-20,2026-08-21,0.34,6289.5,79.4,35,514164.8,227500.0,0.298,-0.0931,0.083,3.2,0.1115,0,0.0,11,13.41,1,1,0,0,0,Tier 5: Microcap / Illiquid (<10L/day)
MOTOGENFIN,MOTOR & GENERAL FINANCE L,INE861B01023,BE,NORMAL,False,False,PARTIAL,2425,2016-08-22,2026-08-21,10.0,25.77,16768.4,4289,508151.94,102126.15,0.5759,0.1727,1.461,9.53,0.6337,0,0.0,99,4.08,11,0,1,0,0,Tier 5: Microcap / Illiquid (<10L/day)
FMCGADD,DSPAMC - FMCGADD,INF740KA1ZA4,EQ,NORMAL,False,False,PARTIAL,64,2026-05-22,2026-08-21,0.25,47.91,10330.3,6457,505767.87,320520.51,0.1414,-0.1808,-0.233,3.594,0.0532,0,0.0,0,0.0,0,0,0,0,0,Tier 5: Microcap / Illiquid (<10L/day)
KHANDSE,KHANDWALA SECURITIES LTD,INE060B01014,EQ,NORMAL,False,False,PARTIAL,2132,2016-08-22,2026-08-21,10.0,17.5,18354.8,4480,501339.83,84137.92,0.5695,0.1645,0.548,5.727,0.7388,1,0.05,203,9.52,9,0,0,0,0,Tier 5: Microcap / Illiquid (<10L/day)
MOALPHA50,MOTILALAMC - MOALPHA50,INF247L01FR8,EQ,NORMAL,False,False,PARTIAL,277,2025-07-10,2026-08-21,1.11,56.23,9722.3,4959,497729.46,248510.88,0.188,0.0787,0.038,4.7,0.1654,0,0.0,0,0.0,0,0,0,0,0,Tier 5: Microcap / Illiquid (<10L/day)
SIEL,SUPERIOR INDUSTRIAL ENT L,INE843L01012,EQ,NORMAL,False,False,PARTIAL,5,2026-08-17,2026-08-21,0.01,38.29,12803.6,8968,496601.02,361410.4,1.3723,6.2853,-0.0,0.563,0.0974,0,0.0,1,20.0,0,0,0,0,0,Tier 5: Microcap / Illiquid (<10L/day)
VERA,VERA SYNTHETIC LIMITED,INE709Z01015,SM,SME,False,False,PARTIAL,332,2018-04-12,2026-08-18,8.35,86.25,8503.0,3000,493925.83,252000.0,0.8315,0.8777,0.242,5.341,0.8123,2,0.6,197,59.34,0,0,0,0,0,Tier 5: Microcap / Illiquid (<10L/day)
NEXTMEDIA,NEXT MEDIAWORKS LIMITED,INE747B01016,EQ,NORMAL,False,False,PARTIAL,2388,2016-08-22,2026-08-21,10.0,3.91,33848.0,12659,483626.69,85987.2,0.5655,-0.0105,1.097,7.701,0.8864,0,0.0,121,5.07,1,0,0,0,0,Tier 5: Microcap / Illiquid (<10L/day)
SAPPL,SHREE AJIT PULP & PAPER L,INE185C01017,EQ,NORMAL,False,False,PARTIAL,86,2026-04-21,2026-08-21,0.33,281.1,1654.5,943,478359.44,265403.25,0.4667,0.1299,0.003,2.645,0.1764,0,0.0,0,0.0,0,0,0,0,0,Tier 5: Microcap / Illiquid (<10L/day)
QUADPRO,QUADPRO ITES LIMITED,INE0GOJ01027,SM,SME,False,False,PARTIAL,879,2021-09-30,2026-08-13,4.87,2.4,76286.7,36000,467992.49,185400.0,0.6279,-0.2129,0.828,5.624,0.8131,0,0.0,329,37.43,0,0,0,0,0,Tier 5: Microcap / Illiquid (<10L/day)
ASCOM,ASCOM LEASIN & INVEST LTD,INE08KD01015,SM,SME,False,False,PARTIAL,459,2019-12-06,2026-08-19,6.7,221.95,7289.8,3000,466004.41,257900.0,0.656,1.5376,-0.022,3.327,0.7903,0,0.0,337,73.42,0,0,0,0,0,Tier 5: Microcap / Illiquid (<10L/day)
LAKSHMIMIL,LAKSHMI MILLS CO. LTD.,INE938C01019,EQ,NORMAL,False,False,PARTIAL,4,2026-08-18,2026-08-21,0.01,8344.5,55.8,54,455103.88,450603.0,0.2171,3.566,0.377,0.667,0.0,0,0.0,0,0.0,0,0,0,0,0,Tier 5: Microcap / Illiquid (<10L/day)
AUSTENG,AUSTIN ENGINEERING CO. L,INE759F01012,EQ,NORMAL,False,False,PARTIAL,5,2026-08-17,2026-08-21,0.01,126.82,3697.2,1067,452358.63,135316.94,0.9282,2.3284,-0.386,1.022,0.0697,0,0.0,0,0.0,0,0,0,0,0,Tier 5: Microcap / Illiquid (<10L/day)
PREMCO,PREMCO GLOBAL LTD.,INE001E01012,EQ,NORMAL,False,False,PARTIAL,87,2026-04-20,2026-08-21,0.34,390.0,1141.1,526,449475.83,211668.0,0.379,-0.1447,-2.759,24.392,0.2412,0,0.0,0,0.0,1,1,0,0,0,Tier 5: Microcap / Illiquid (<10L/day)
DNAMEDIA,DILIGENT MEDIA CORP LTD.,INE016M01021,EQ,NORMAL,False,False,PARTIAL,2087,2017-12-11,2026-08-21,8.69,2.6,100471.6,48170,444193.67,146622.0,0.8058,0.1756,-0.131,10.814,0.982,0,0.0,298,14.28,0,0,0,0,0,Tier 5: Microcap / Illiquid (<10L/day)
HYBRIDFIN,HYBRID FINANCIAL SERVICE,INE965B01022,BE,NORMAL,False,False,PARTIAL,920,2022-12-06,2026-08-21,3.71,17.25,23003.3,6944,443230.9,93822.8,0.5792,0.2487,1.372,8.084,0.7313,0,0.0,95,10.33,2,0,0,0,0,Tier 5: Microcap / Illiquid (<10L/day)
SHRJAGP,SHRI JAGDAMBA POLYMERS L,INE564J01026,EQ,NORMAL,False,False,PARTIAL,5,2026-08-17,2026-08-21,0.01,692.85,622.6,589,439368.42,412771.2,0.3883,-3.0839,-0.028,0.653,0.0537,0,0.0,0,0.0,0,0,0,0,0,Tier 5: Microcap / Illiquid (<10L/day)
TIJARIA,TIJARIA POLYPIPES LTD,INE440L01017,EQ,NORMAL,False,False,PARTIAL,2474,2016-08-22,2026-08-21,10.0,5.92,47832.3,16284,433384.82,121506.85,0.5837,0.1696,0.776,5.974,0.8641,1,0.04,172,6.95,13,0,0,0,0,Tier 5: Microcap / Illiquid (<10L/day)
MSCIADD,DSPAMC - MSCIADD,INF740KA1WV7,EQ,NORMAL,False,False,PARTIAL,178,2025-12-01,2026-08-21,0.72,29.89,14398.8,2182,433123.61,65606.24,0.1668,-0.0247,-0.153,5.563,0.1442,0,0.0,1,0.56,0,0,0,0,0,Tier 5: Microcap / Illiquid (<10L/day)
NPBET,TATAAML - NPBET,INF277K010X4,EQ,NORMAL,False,False,PARTIAL,1721,2019-09-09,2026-08-21,6.95,286.0,1909.7,616,426638.29,135858.39,0.258,0.1225,-0.476,17.723,0.4542,0,0.0,15,0.87,0,0,0,0,0,Tier 5: Microcap / Illiquid (<10L/day)
GROWWLOVOL,GROWWAMC - GROWWLOVOL,INF666M01LB9,EQ,NORMAL,False,False,PARTIAL,294,2025-06-17,2026-08-21,1.18,10.37,40936.6,26439,422031.16,271784.2,0.1315,0.0364,0.439,6.595,0.1234,0,0.0,0,0.0,0,0,0,0,0,Tier 5: Microcap / Illiquid (<10L/day)
ANKITMETAL,ANKIT MET & POW LTD,INE106I01010,BZ,NORMAL,False,False,PARTIAL,2066,2016-08-22,2026-08-21,10.0,1.64,88495.5,45970,420049.06,79273.3,0.7624,0.2737,0.313,3.893,0.9378,0,0.0,349,16.89,3,0,0,0,0,Tier 5: Microcap / Illiquid (<10L/day)
CONSUMAXIS,AXISAMC-CONSUMAXIS,INF846K016C7,EQ,NORMAL,False,False,PARTIAL,1219,2021-09-23,2026-08-21,4.91,123.65,4039.2,1775,419088.71,182984.21,0.1856,0.1221,1.07,14.813,0.2222,0,0.0,1,0.08,0,0,0,0,0,Tier 5: Microcap / Illiquid (<10L/day)
ENIFTY,EDELAMC - ENIFTY,INF754K01VX0,EQ,NORMAL,False,False,PARTIAL,182,2025-11-27,2026-08-21,0.73,24.46,17353.7,4656,417516.64,112995.79,0.1562,-0.0819,0.25,4.718,0.1649,0,0.0,0,0.0,0,0,0,0,0,Tier 5: Microcap / Illiquid (<10L/day)
LICNETFN50,LICNAMC - LICNFENGP,INF767K01OS7,EQ,NORMAL,False,False,PARTIAL,2399,2016-09-01,2026-08-21,9.97,271.85,1885.7,444,413724.45,81952.64,0.2748,0.1558,0.631,35.1,0.4151,0,0.0,223,9.3,0,0,0,0,0,Tier 5: Microcap / Illiquid (<10L/day)
VOITHPAPR,VOITH PAPER FABRICS IND L,INE285C01015,EQ,NORMAL,False,False,PARTIAL,5,2026-08-17,2026-08-21,0.01,1469.5,276.4,335,411052.22,508329.0,0.5805,2.5575,0.093,1.009,0.0316,0,0.0,0,0.0,0,0,0,0,0,Tier 5: Microcap / Illiquid (<10L/day)
BBNPNBETF,BARODABNP - BBNPNBETF,INF251K01TL6,EQ,NORMAL,False,False,PARTIAL,538,2024-06-24,2026-08-21,2.16,58.21,7741.2,1180,401488.33,64968.1,0.2042,0.0793,2.561,47.395,0.1939,0,0.0,0,0.0,0,0,0,0,0,Tier 5: Microcap / Illiquid (<10L/day)
HBESD,H B ESTATE DEVELOPERS L,INE640B01021,EQ,NORMAL,False,False,PARTIAL,87,2026-04-20,2026-08-21,0.34,75.2,4906.3,1334,389981.03,99396.34,0.6013,0.5394,2.097,11.441,0.1946,0,0.0,1,1.15,0,0,0,0,0,Tier 5: Microcap / Illiquid (<10L/day)
MOINFRA,MOTILALAMC - MOINFRA,INF247L01FL1,EQ,NORMAL,False,False,PARTIAL,313,2025-05-21,2026-08-21,1.25,59.6,6454.4,3639,387586.34,218111.4,0.1804,0.0095,0.123,5.752,0.1226,0,0.0,0,0.0,0,0,0,0,0,Tier 5: Microcap / Illiquid (<10L/day)
AMARJOTHI,AMARJOTHI SPINNING MILL L,INE484D01012,EQ,NORMAL,False,False,PARTIAL,5,2026-08-17,2026-08-21,0.01,161.2,2412.8,2196,387082.6,346023.72,0.5913,-0.1834,0.694,1.281,0.0422,0,0.0,0,0.0,1,1,0,0,0,Tier 5: Microcap / Illiquid (<10L/day)
VASA,VASA RETAIL & OVERSEA LTD,INE068Z01016,SM,SME,False,False,PARTIAL,731,2018-02-06,2026-08-18,8.53,4.25,16607.4,8000,386652.53,78000.0,0.6751,-0.5104,0.368,2.869,0.9532,0,0.0,464,63.47,0,0,0,0,0,Tier 5: Microcap / Illiquid (<10L/day)
RTSPOWR,R T S POWER CORPN. LTD.,INE005C01017,EQ,NORMAL,False,False,PARTIAL,5,2026-08-17,2026-08-21,0.01,93.33,4029.2,1720,384702.0,166358.4,0.6755,-0.764,-0.081,0.809,0.0527,0,0.0,0,0.0,0,0,0,0,0,Tier 5: Microcap / Illiquid (<10L/day)
SENSEXADD,DSPAMC - DSPSENXETF,INF740KA1SZ6,EQ,NORMAL,False,False,PARTIAL,755,2023-08-02,2026-08-21,3.05,79.65,4846.3,1636,384441.27,130672.14,0.194,0.02,-3.16,66.01,0.2031,0,0.0,1,0.13,0,0,0,0,0,Tier 5: Microcap / Illiquid (<10L/day)
SAROJA,SAROJA PHARMA INDUS IND L,INE0PCL01011,SM,SME,False,False,PARTIAL,425,2023-09-13,2026-08-21,2.94,34.4,7518.1,3200,381871.44,179200.0,0.7572,-0.1273,0.89,5.569,0.65,0,0.0,184,43.29,0,0,0,0,0,Tier 5: Microcap / Illiquid (<10L/day)
VIVOBIOT,VIVO BIO TECH LTD.,INE380K01017,EQ,NORMAL,False,False,PARTIAL,5,2026-08-17,2026-08-21,0.01,18.73,19910.8,17072,381676.4,325221.6,0.329,-3.0569,0.167,0.751,0.0483,0,0.0,0,0.0,0,0,0,0,0,Tier 5: Microcap / Illiquid (<10L/day)
QUALITY30,KOTAKMAMC - QUALITY30,INF174KA1WT6,EQ,NORMAL,False,False,PARTIAL,271,2025-07-18,2026-08-21,1.09,21.03,18380.0,10324,377902.73,217970.48,0.1569,0.0181,-0.676,5.752,0.1538,0,0.0,0,0.0,0,0,0,0,0,Tier 5: Microcap / Illiquid (<10L/day)
PACIFICI,PACIFIC INDUSTRIES LTD.,INE883C01025,EQ,NORMAL,False,False,PARTIAL,5,2026-08-17,2026-08-21,0.01,148.71,2515.2,112,377285.83,15654.24,1.2149,4.4577,0.672,1.267,0.0445,0,0.0,0,0.0,0,0,0,0,0,Tier 5: Microcap / Illiquid (<10L/day)
NAGREEKCAP,NAGREEKA CAP & INFR.LTD,INE245I01016,EQ,NORMAL,False,False,PARTIAL,2350,2016-08-22,2026-08-21,10.0,22.7,12055.1,3437,368864.5,58568.6,0.618,0.2519,0.519,4.565,0.9499,0,0.0,337,14.34,9,0,0,0,0,Tier 5: Microcap / Illiquid (<10L/day)
TUTIALKA,TUTICORIN ALKAL CH & FE L,INE400A01014,EQ,NORMAL,False,False,PARTIAL,5,2026-08-17,2026-08-21,0.01,55.09,6672.4,5900,365388.08,325031.0,0.4849,-1.7309,0.2,1.123,0.0596,0,0.0,0,0.0,0,0,0,0,0,Tier 5: Microcap / Illiquid (<10L/day)
GAYAHWS,GAYATRI HIGHWAYS LIMITED,INE287Z01012,EQ,NORMAL,False,False,PARTIAL,1773,2018-06-28,2026-08-21,8.15,1.95,313439.0,158426,364290.18,133530.4,1.0046,0.2618,0.395,5.089,0.9808,1,0.06,347,19.57,7,0,0,0,0,Tier 5: Microcap / Illiquid (<10L/day)
THACKER,THACKER & CO. LTD.,INE077P01034,BE,NORMAL,False,False,PARTIAL,78,2026-04-20,2026-08-21,0.34,1081.0,259.3,41,363789.12,43050.0,0.8278,0.4734,1.16,6.033,0.36,0,0.0,11,14.1,0,0,0,0,0,Tier 5: Microcap / Illiquid (<10L/day)
SHERVANI,SHERVANI INDUSTRIAL SYN L,INE011D01013,EQ,NORMAL,False,False,PARTIAL,5,2026-08-17,2026-08-21,0.01,321.15,1061.4,229,360127.11,78670.6,1.6526,-3.9997,0.191,0.842,0.1165,0,0.0,0,0.0,0,0,0,0,0,Tier 5: Microcap / Illiquid (<10L/day)
ARENTERP,RAJDARSHAN INDUSTRIES LTD,INE610C01014,EQ,NORMAL,False,False,PARTIAL,1692,2017-11-07,2026-08-21,8.79,37.13,7318.3,2397,353467.78,74881.0,0.6291,0.3036,1.101,7.172,0.6524,1,0.06,135,7.98,9,0,0,0,0,Tier 5: Microcap / Illiquid (<10L/day)
MINALIND,MINAL INDUSTRIES LTD.,INE097E01028,EQ,NORMAL,False,False,PARTIAL,5,2026-08-17,2026-08-21,0.01,3.18,132747.8,113814,346447.4,236733.12,1.5366,29.6921,-0.094,0.67,0.0,0,0.0,0,0.0,0,0,0,0,0,Tier 5: Microcap / Illiquid (<10L/day)
OPTIFIN,OPTIMUS FINANCE LTD.,INE031G01022,EQ,NORMAL,False,False,PARTIAL,5,2026-08-17,2026-08-21,0.01,12.4,28498.0,32550,343642.6,387670.5,0.1373,5.0788,0.005,0.569,0.0,0,0.0,0,0.0,0,0,0,0,0,Tier 5: Microcap / Illiquid (<10L/day)
SMVD,SMVD POLY PACK LIMITED,INE702Y01013,SM,SME,False,False,PARTIAL,943,2017-12-26,2026-08-21,8.65,16.25,21232.5,8080,337980.7,79588.0,0.713,0.1231,0.016,3.475,0.8738,0,0.0,572,60.66,0,0,0,0,0,Tier 5: Microcap / Illiquid (<10L/day)
LEENEE,LEE & NEE SOFTWARES (E) L,INE791B01014,EQ,NORMAL,False,False,PARTIAL,5,2026-08-17,2026-08-21,0.01,9.19,39021.8,25358,334802.17,197031.66,0.4949,17.258,-0.43,1.18,0.0,0,0.0,0,0.0,0,0,0,0,0,Tier 5: Microcap / Illiquid (<10L/day)
MON50EQUAL,MOTILALAMC - MON50EQUAL,INF247L01FC0,EQ,NORMAL,False,False,PARTIAL,322,2025-05-07,2026-08-21,1.29,33.64,10370.7,3363,333928.16,112036.86,0.1362,0.0934,0.098,6.05,0.1255,0,0.0,0,0.0,0,0,0,0,0,Tier 5: Microcap / Illiquid (<10L/day)
MOMGF,MOTILALAMC - MOMGF,INF247L01FK3,EQ,NORMAL,False,False,PARTIAL,306,2025-05-28,2026-08-21,1.23,165.19,2189.7,715,333419.45,107469.56,0.2798,0.1693,1.495,82.225,0.2293,0,0.0,4,1.31,0,0,0,0,0,Tier 5: Microcap / Illiquid (<10L/day)
MOBANK10,MOTILALAMC - MOBANK10,INF247L01GV8,EQ,NORMAL,False,False,PARTIAL,92,2026-04-10,2026-08-21,0.36,16.99,19518.8,12043,331138.74,202461.12,0.1476,0.0518,0.506,3.242,0.0718,0,0.0,0,0.0,0,0,0,0,0,Tier 5: Microcap / Illiquid (<10L/day)
SHRADDHA,SHRADDHA PRIME PROJECTS L,INE311M01018,EQ,NORMAL,False,False,PARTIAL,5,2026-08-17,2026-08-21,0.01,154.21,2090.0,2012,322984.35,313509.84,0.2793,1.4795,0.272,0.906,0.0103,0,0.0,0,0.0,0,0,0,0,0,Tier 5: Microcap / Illiquid (<10L/day)
DHATRE,DHATRE UDYOG LTD.,INE715T01031,EQ,NORMAL,False,False,PARTIAL,5,2026-08-17,2026-08-21,0.01,4.52,71358.2,73072,317773.4,331204.6,0.9063,4.0639,-0.029,0.704,0.0459,0,0.0,0,0.0,0,0,0,0,0,Tier 5: Microcap / Illiquid (<10L/day)
CLCIND,CLC INDUSTRIES LIMITED,INE376C01038,BE,NORMAL,False,False,PARTIAL,53,2026-01-30,2026-08-21,0.56,48.15,5882.8,128,317535.35,3026.82,0.5113,8.4108,-1.616,3.965,0.2192,0,0.0,36,67.92,5,0,0,0,0,Tier 5: Microcap / Illiquid (<10L/day)
SENSEXAXIS,AXISAMC-SENSEXAXIS,INF846K010Q0,EQ,NORMAL,False,False,PARTIAL,842,2023-03-29,2026-08-21,3.4,80.68,4165.0,2006,313310.52,152655.93,0.152,0.1104,0.282,23.778,0.173,0,0.0,0,0.0,0,0,0,0,0,Tier 5: Microcap / Illiquid (<10L/day)
CHEMCRUX,CHEMCRUX ENTERPRISES LTD.,INE298W01016,EQ,NORMAL,False,False,PARTIAL,5,2026-08-17,2026-08-21,0.01,84.34,3593.6,2039,306196.0,177393.0,0.318,-1.644,0.078,0.717,0.0306,0,0.0,0,0.0,0,0,0,0,0,Tier 5: Microcap / Illiquid (<10L/day)
ZENITHEXPO,ZENITH EXPORTS LTD,INE058B01018,EQ,NORMAL,False,False,PARTIAL,2225,2016-08-22,2026-08-21,10.0,205.18,2488.5,873,305518.89,80851.0,0.6064,0.3446,1.145,6.758,0.854,1,0.04,238,10.7,10,0,0,0,0,Tier 5: Microcap / Illiquid (<10L/day)
MOPSE,MOTILALAMC - MOPSE,INF247L01FO5,EQ,NORMAL,False,False,PARTIAL,299,2025-06-05,2026-08-21,1.21,99.34,2949.4,1226,301023.36,122569.62,0.1667,0.0143,0.503,8.169,0.1089,0,0.0,5,1.67,0,0,0,0,0,Tier 5: Microcap / Illiquid (<10L/day)
LIQUIDBETA,UTIAMC - LIQUIDBETA,INF789F1AG68,EQ,NORMAL,False,False,PARTIAL,19,2026-07-21,2026-08-21,0.08,1005.31,299.2,14,299802.66,14066.64,0.0031,0.0613,1.38,3.618,0.0,0,0.0,7,36.84,0,0,0,0,0,Tier 5: Microcap / Illiquid (<10L/day)
MINDPOOL,MINDPOOL TECHNOLOGIES LTD,INE00RQ01019,SM,SME,False,False,PARTIAL,241,2019-02-28,2025-09-11,6.54,71.1,8282.2,4000,297142.74,112800.0,0.8949,1.3582,0.166,4.363,0.5807,0,0.0,193,80.08,0,0,0,0,0,Tier 5: Microcap / Illiquid (<10L/day)
ORTEL,ORTEL COMMUNICATIONS LTD,INE849L01019,BZ,NORMAL,False,False,PARTIAL,1999,2016-08-22,2026-08-17,9.98,2.1,22051.3,8633,288995.59,20223.9,0.6749,-0.3075,0.268,4.783,0.9987,0,0.0,364,18.21,5,0,0,0,0,Tier 5: Microcap / Illiquid (<10L/day)
BSLSENETFG,BIRLASLAMC - BSLSENETFG,INF209KB10E8,EQ,NORMAL,False,False,PARTIAL,1210,2021-10-06,2026-08-21,4.87,78.11,3916.0,1846,288254.25,127760.64,0.1439,0.0768,-0.138,5.252,0.1583,0,0.0,0,0.0,0,0,0,0,0,Tier 5: Microcap / Illiquid (<10L/day)
PREMIER,PREMIER LIMITED,INE342A01018,BE,NORMAL,False,False,PARTIAL,2232,2016-08-22,2026-08-21,10.0,2.74,22384.7,8022,288053.85,43163.4,0.5466,-0.1342,0.641,5.061,0.9668,0,0.0,290,12.99,9,0,0,0,0,Tier 5: Microcap / Illiquid (<10L/day)
21STCENMGM,21ST CENTURY MGMT SERVICE,INE253B01015,EQ,NORMAL,False,False,PARTIAL,2107,2018-01-11,2026-08-21,8.61,43.31,6758.5,2893,285491.68,84125.25,0.2559,0.0638,-0.02,1.35,0.7937,0,0.0,643,30.52,10,2,0,0,0,Tier 5: Microcap / Illiquid (<10L/day)
IDFNIFTYET,BANDHANAMC - IDFNIFTYET,INF194KA1U07,EQ,NORMAL,False,False,PARTIAL,2333,2016-10-18,2026-08-21,9.84,267.65,1424.2,302,282265.08,55238.75,0.2792,0.1616,0.426,18.558,0.2951,0,0.0,161,6.9,0,0,0,0,0,Tier 5: Microcap / Illiquid (<10L/day)
MERCANTILE,MERCANTILE VENTURES LTD.,INE689O01013,EQ,NORMAL,False,False,PARTIAL,87,2026-04-20,2026-08-21,0.34,24.05,10070.9,2980,270732.62,74142.4,0.5982,0.4209,0.944,6.522,0.2081,0,0.0,0,0.0,0,0,0,0,0,Tier 5: Microcap / Illiquid (<10L/day)
PML,PAUL MERCHANTS LTD.,INE291E01019,EQ,NORMAL,False,False,PARTIAL,87,2026-04-20,2026-08-21,0.34,488.15,527.7,291,267197.05,146419.0,0.3457,-0.5789,0.54,5.106,0.2633,0,0.0,0,0.0,0,0,0,0,0,Tier 5: Microcap / Illiquid (<10L/day)
LKPSEC,L K P SECURITIES LTD.,INE341H01023,EQ,NORMAL,False,False,PARTIAL,5,2026-08-17,2026-08-21,0.01,17.0,15920.0,7740,264064.84,133128.0,0.6173,2.2597,0.223,0.941,0.0304,0,0.0,0,0.0,0,0,0,0,0,Tier 5: Microcap / Illiquid (<10L/day)
ODYCORP,ODYSSEY CORPORATION LTD.,INE839E01023,EQ,NORMAL,False,False,PARTIAL,5,2026-08-17,2026-08-21,0.01,7.49,36691.0,37827,262806.64,283324.23,0.6814,3.1207,-0.733,1.3,0.0517,0,0.0,0,0.0,0,0,0,0,0,Tier 5: Microcap / Illiquid (<10L/day)
GUJRAFFIA,GUJARAT RAFFIA INDUST LTD,INE610B01024,EQ,NORMAL,False,False,PARTIAL,1907,2017-12-13,2026-08-21,8.69,41.22,5288.5,1787,260273.65,65086.2,0.517,0.1034,0.513,4.527,0.9176,0,0.0,432,22.65,10,0,0,0,0,Tier 5: Microcap / Illiquid (<10L/day)
EMETAL,EDELAMC - EMETAL,INF754K01XG1,EQ,NORMAL,False,False,PARTIAL,19,2026-07-28,2026-08-21,0.07,13.1,19801.1,11657,257732.96,152706.7,0.1951,0.7765,0.451,2.431,0.0189,0,0.0,0,0.0,0,0,0,0,0,Tier 5: Microcap / Illiquid (<10L/day)
CFEL,CONFIDENCE FUTURIST ENE L,INE700F01024,EQ,NORMAL,False,False,PARTIAL,5,2026-08-17,2026-08-21,0.01,30.24,8451.6,10228,254450.32,311954.0,0.6418,0.3205,0.141,0.743,0.0358,0,0.0,0,0.0,0,0,0,0,0,Tier 5: Microcap / Illiquid (<10L/day)
SNXT50BETA,UTIAMC-SNXT50BETA,INF789F1AUU3,EQ,NORMAL,False,False,PARTIAL,1756,2019-03-13,2026-08-21,7.44,96.12,3604.4,1747,253836.9,97179.38,0.342,0.2099,0.392,15.575,0.3997,0,0.0,69,3.93,0,0,0,0,0,Tier 5: Microcap / Illiquid (<10L/day)
KKVAPOW,KKV AGRO POWERS LTD.,INE239T01016,SM,SME,False,False,PARTIAL,364,2016-08-22,2026-08-19,9.99,407.45,541.6,344,250316.97,148547.8,0.7956,0.6902,-0.271,4.569,0.6553,4,1.1,286,78.57,0,0,0,0,0,Tier 5: Microcap / Illiquid (<10L/day)
HINDALUMI,HIND ALUMINIUM INDS. LTD.,INE227B01019,EQ,NORMAL,False,False,PARTIAL,5,2026-08-17,2026-08-21,0.01,98.18,2521.8,2375,248873.21,233177.5,0.0697,-0.6295,0.44,1.082,0.01,0,0.0,0,0.0,0,0,0,0,0,Tier 5: Microcap / Illiquid (<10L/day)
MODTHREAD,MODERN THREADS INDIA LTD,INE794W01014,EQ,NORMAL,False,False,PARTIAL,612,2024-02-14,2026-08-21,2.52,58.31,4518.3,1489,244416.77,72590.13,0.5534,0.5711,1.006,7.053,0.5395,0,0.0,65,10.62,8,0,0,0,0,Tier 5: Microcap / Illiquid (<10L/day)
SWARNSAR,SWARNSARITA JEWELS IND L,INE967A01012,EQ,NORMAL,False,False,PARTIAL,5,2026-08-17,2026-08-21,0.01,34.19,6906.2,6075,241159.62,208068.75,0.4958,-3.2376,-0.579,1.171,0.0577,0,0.0,0,0.0,0,0,0,0,0,Tier 5: Microcap / Illiquid (<10L/day)
IPRINGLTD,IP RINGS LTD.,INE558A01019,EQ,NORMAL,False,False,PARTIAL,5,2026-08-17,2026-08-21,0.01,147.62,1609.6,1213,234169.64,172549.25,0.7006,6.3558,-0.461,1.185,0.0367,0,0.0,0,0.0,0,0,0,0,0,Tier 5: Microcap / Illiquid (<10L/day)
MPDL,MPDL LTD.,INE493H01014,EQ,NORMAL,False,False,PARTIAL,4,2026-08-18,2026-08-21,0.01,41.18,5983.8,8795,230578.89,301844.4,1.8325,33.5902,-0.385,0.667,0.0,0,0.0,0,0.0,0,0,0,0,0,Tier 5: Microcap / Illiquid (<10L/day)
SHRIKRISH,SHRI KRISHNA DEVCON LTD.,INE997I01012,EQ,NORMAL,False,False,PARTIAL,82,2026-04-20,2026-08-20,0.33,38.0,5335.3,1317,227545.2,53581.43,0.7363,-0.0932,0.853,5.96,0.2067,0,0.0,0,0.0,0,0,0,0,0,Tier 5: Microcap / Illiquid (<10L/day)
TNTELE,TAMILNADU TELECOMMUNICATI,INE141D01018,EQ,NORMAL,False,False,PARTIAL,2118,2016-08-22,2026-08-21,10.0,8.95,20904.0,7708,223307.12,58347.1,0.5259,0.2854,-0.717,21.821,0.7865,0,0.0,629,29.7,8,0,0,0,0,Tier 5: Microcap / Illiquid (<10L/day)
ABGSEC,BIRLASLAMC - ABGSEC,INF209KC1134,EQ,NORMAL,False,False,PARTIAL,496,2024-07-10,2026-08-21,2.11,115.07,1975.2,346,212561.38,37227.3,0.101,0.02,-8.187,133.198,0.1042,0,0.0,22,4.44,0,0,0,0,0,Tier 5: Microcap / Illiquid (<10L/day)
GLOBALE,GLOBALE TESSILE LIMITED,INE0URU01010,EQ,NORMAL,False,False,PARTIAL,494,2024-08-27,2026-08-21,1.98,11.81,13038.8,5535,210798.5,89443.92,0.4426,-0.8351,0.072,3.093,0.8629,0,0.0,9,1.82,1,0,0,0,0,Tier 5: Microcap / Illiquid (<10L/day)
SAYAJIIND,SAYAJI INDUSTRIES LTD.,INE327G01032,EQ,NORMAL,False,False,PARTIAL,5,2026-08-17,2026-08-21,0.01,116.17,1833.6,1038,210712.34,113868.6,0.511,0.8481,-0.705,1.282,0.0444,0,0.0,1,20.0,0,0,0,0,0,Tier 5: Microcap / Illiquid (<10L/day)
SHIVAAGRO,SHIVA GLOBAL AGRO INDS. L,INE960E01019,EQ,NORMAL,False,False,PARTIAL,5,2026-08-17,2026-08-21,0.01,39.4,5181.2,4493,210009.86,187897.26,0.755,2.0066,-0.453,1.085,0.0579,0,0.0,0,0.0,0,0,0,0,0,Tier 5: Microcap / Illiquid (<10L/day)
TOYAMSL,TOYAM SPORTS LTD.,INE457P01020,EQ,NORMAL,False,False,PARTIAL,5,2026-08-17,2026-08-21,0.01,0.65,311632.2,344388,206082.07,223852.2,0.1378,-1.8948,-0.0,0.563,0.0299,0,0.0,0,0.0,0,0,0,0,0,Tier 5: Microcap / Illiquid (<10L/day)
MANAV,MANAV INFRA PROJECTS LTD,INE104Y01012,SM,SME,False,False,PARTIAL,597,2017-09-18,2026-08-21,8.92,29.8,11048.6,8000,202973.2,93200.0,0.7824,0.3997,-0.175,4.069,0.8272,0,0.0,406,68.01,0,0,0,0,0,Tier 5: Microcap / Illiquid (<10L/day)
YOGI,YOGI LTD.,INE290E01011,EQ,NORMAL,False,False,PARTIAL,4,2026-08-18,2026-08-21,0.01,165.97,1242.0,1270,201964.57,208280.0,0.6464,5.4952,-0.326,0.667,0.0244,0,0.0,0,0.0,0,0,0,0,0,Tier 5: Microcap / Illiquid (<10L/day)
MOSERVICE,MOTILALAMC - MOSERVICE,INF247L01GJ3,EQ,NORMAL,False,False,PARTIAL,182,2025-11-27,2026-08-21,0.73,31.18,6430.0,3627,201919.64,114733.46,0.1743,-0.1123,0.012,4.945,0.1704,0,0.0,0,0.0,0,0,0,0,0,Tier 5: Microcap / Illiquid (<10L/day)
PARNAXLAB,PARNAX LAB LTD.,INE383L01019,EQ,NORMAL,False,False,PARTIAL,5,2026-08-17,2026-08-21,0.01,127.8,1635.2,1206,199041.54,144297.9,0.3977,4.2443,-0.06,1.115,0.0144,0,0.0,0,0.0,0,0,0,0,0,Tier 5: Microcap / Illiquid (<10L/day)
IWP,INDIAN WOOD PRODUCTS CO L,INE586E01020,EQ,NORMAL,False,False,PARTIAL,87,2026-04-20,2026-08-21,0.34,34.09,5841.0,3699,198803.54,126971.35,0.2452,0.125,-0.033,2.777,0.0979,0,0.0,0,0.0,0,0,0,0,0,Tier 5: Microcap / Illiquid (<10L/day)
QUINT,QUINT DIGITAL LTD.,INE641R01017,EQ,NORMAL,False,False,PARTIAL,87,2026-04-20,2026-08-21,0.34,40.34,4921.9,2428,196498.22,97133.04,0.4575,-0.0635,0.287,4.207,0.1881,0,0.0,2,2.3,0,0,0,0,0,Tier 5: Microcap / Illiquid (<10L/day)
NTCIND,N T C INDUSTRIES LTD.,INE920C01017,EQ,NORMAL,False,False,PARTIAL,5,2026-08-17,2026-08-21,0.01,140.0,1375.8,665,195306.78,93100.0,0.1403,-1.9562,0.121,0.714,0.0332,0,0.0,0,0.0,0,0,0,0,0,Tier 5: Microcap / Illiquid (<10L/day)
VIJSOLX,VIJAY SOLVEX LTD.,INE362D01010,EQ,NORMAL,False,False,PARTIAL,5,2026-08-17,2026-08-21,0.01,693.45,275.0,251,191950.65,175700.0,0.1731,0.0976,-0.026,0.623,0.0178,0,0.0,0,0.0,0,0,0,0,0,Tier 5: Microcap / Illiquid (<10L/day)
ABSLMSCIN,BIRLASLAMC - ABSLMSCIN,INF209KC1662,EQ,NORMAL,False,False,PARTIAL,122,2026-02-20,2026-08-21,0.5,29.8,6358.4,728,189559.51,21526.96,0.3597,0.0331,-1.102,28.158,0.1641,0,0.0,3,2.46,0,0,0,0,0,Tier 5: Microcap / Illiquid (<10L/day)
HAMPTON,HAMPTON SKY REALTY LTD.,INE299D01022,EQ,NORMAL,False,False,PARTIAL,5,2026-08-17,2026-08-21,0.01,8.47,22785.6,26801,186792.79,217624.12,0.4635,4.1034,-0.335,1.158,0.0234,0,0.0,0,0.0,0,0,0,0,0,Tier 5: Microcap / Illiquid (<10L/day)
ADVIKCA,ADVIK CAPITAL LTD.,INE178T01024,EQ,NORMAL,False,False,PARTIAL,5,2026-08-17,2026-08-21,0.01,1.2,152409.6,178394,184583.41,214072.8,0.223,-0.5037,0.284,1.041,0.0244,0,0.0,0,0.0,0,0,0,0,0,Tier 5: Microcap / Illiquid (<10L/day)
MIDBANKADD,DSPAMC - MIDBANKADD,INF740KA1ZH9,EQ,NORMAL,False,False,PARTIAL,11,2026-08-07,2026-08-21,0.04,17.65,10508.7,4010,182670.34,70215.1,0.0687,0.3619,0.181,1.453,0.0074,0,0.0,0,0.0,0,0,0,0,0,Tier 5: Microcap / Illiquid (<10L/day)
ICDSLTD,ICDS LTD,INE613B01010,EQ,NORMAL,False,False,PARTIAL,1259,2021-07-06,2026-08-21,5.13,41.12,3379.8,1363,181827.16,52065.9,0.5104,0.3025,0.659,4.737,0.886,0,0.0,173,13.74,9,0,0,0,0,Tier 5: Microcap / Illiquid (<10L/day)
EASTSILK,EASTERN SILK INDUSTRIES L,INE962C01035,BE,NORMAL,False,False,PARTIAL,160,2025-08-18,2026-08-21,1.01,64.2,2759.7,706,180396.61,43654.5,0.6173,1.6758,-0.223,1.47,0.5102,0,0.0,43,26.88,9,0,0,0,0,Tier 5: Microcap / Illiquid (<10L/day)
EDUCOMP,EDUCOMP SOLUTIONS LTD,INE216H01027,BZ,NORMAL,False,False,PARTIAL,608,2022-01-10,2026-08-17,4.6,0.89,52334.3,36620,173589.29,93206.75,0.5085,-0.7457,0.117,1.706,0.8894,0,0.0,121,19.9,6,0,0,0,0,Tier 5: Microcap / Illiquid (<10L/day)
KEEPLEARN,DSJ KEEP LEARNING LTD,INE055C01020,EQ,NORMAL,False,False,PARTIAL,1150,2021-03-25,2026-08-21,5.41,1.91,54758.9,32735,168172.96,81701.16,0.5687,0.3969,0.336,3.562,0.8178,0,0.0,345,30.0,10,0,0,0,1,Tier 5: Microcap / Illiquid (<10L/day)
BLUECOAST,BLUE COAST HOTELS LIMITED,INE472B01011,BE,NORMAL,False,False,PARTIAL,529,2022-09-05,2026-08-21,3.96,23.9,3872.6,1426,166298.07,30999.56,0.5435,0.766,-0.108,1.755,0.7741,1,0.19,217,41.02,9,0,0,0,0,Tier 5: Microcap / Illiquid (<10L/day)
KJMCFIN,K J M C FINANCIAL SERV L,INE533C01018,EQ,NORMAL,False,False,PARTIAL,5,2026-08-17,2026-08-21,0.01,79.7,2440.6,3326,166262.46,216965.0,2.3247,21.8094,-0.349,0.945,0.1071,0,0.0,1,20.0,0,0,0,0,0,Tier 5: Microcap / Illiquid (<10L/day)
ENEXT50,EDELAMC - ENEXT50,INF754K01XF3,EQ,NORMAL,False,False,PARTIAL,63,2026-05-25,2026-08-21,0.24,73.98,2280.2,925,164249.72,68139.25,0.1638,0.1604,0.047,3.306,0.0414,0,0.0,1,1.59,0,0,0,0,0,Tier 5: Microcap / Illiquid (<10L/day)
IVZBANKNF,RELIGARAMC - IVZBANKNF,INF205KA1CB9,EQ,NORMAL,False,False,PARTIAL,1,2026-08-21,2026-08-21,0.0,57.47,2851.0,2851,163846.97,163846.97,0.0,0.0,0.0,3.0,0.0,0,0.0,0,0.0,0,0,0,0,0,Tier 5: Microcap / Illiquid (<10L/day)
MCCHRLS-B,MAC CHARLES (INDIA) LTD.,INE435D01014,EQ,NORMAL,False,False,PARTIAL,87,2026-04-20,2026-08-21,0.34,694.95,237.0,142,163601.03,96538.7,0.2407,0.1097,-0.031,3.177,0.0788,0,0.0,2,2.3,0,0,0,0,0,Tier 5: Microcap / Illiquid (<10L/day)
BANK10BETF,BFAM - BANK10BETF,INF0QA701CI0,EQ,NORMAL,False,False,PARTIAL,24,2026-07-21,2026-08-21,0.08,21.24,7495.5,1806,157250.76,42454.5,0.8534,0.3382,0.705,9.742,0.1719,0,0.0,0,0.0,0,0,0,0,0,Tier 5: Microcap / Illiquid (<10L/day)
VGCL,VIBRANT GLOBAL CAPITAL L,INE761Q01015,EQ,NORMAL,False,False,PARTIAL,5,2026-08-17,2026-08-21,0.01,59.96,2625.0,1700,157183.17,101745.0,0.4634,-0.4834,-0.026,1.105,0.0426,0,0.0,0,0.0,0,0,0,0,0,Tier 5: Microcap / Illiquid (<10L/day)
MOMNC,MOTILALAMC - MOMNC,INF247L01GK1,EQ,NORMAL,False,False,PARTIAL,176,2025-12-04,2026-08-21,0.71,33.26,4949.9,2213,155699.83,69008.94,0.2085,0.1626,-0.194,5.996,0.1541,0,0.0,1,0.57,0,0,0,0,0,Tier 5: Microcap / Illiquid (<10L/day)
PRISMX,PRISMX GLOBAL VENTURES L,INE286N01028,EQ,NORMAL,False,False,PARTIAL,5,2026-08-17,2026-08-21,0.01,0.53,294539.0,108507,154660.34,57508.71,0.4507,1.2784,0.148,0.73,0.0185,0,0.0,0,0.0,0,0,0,0,0,Tier 5: Microcap / Illiquid (<10L/day)
PANCHMAHQ,PANCHMAHAL STEEL LTD.,INE798F01010,EQ,NORMAL,False,False,PARTIAL,5,2026-08-17,2026-08-21,0.01,300.0,517.0,93,152859.18,27807.0,0.8426,-2.7766,-0.68,1.266,0.0894,0,0.0,0,0.0,0,0,0,0,0,Tier 5: Microcap / Illiquid (<10L/day)
IVZINNIFTY,INVESCO INDIA NIFTY ETF,INF205KA1CC7,EQ,NORMAL,False,False,PARTIAL,1866,2016-08-25,2026-08-21,9.99,278.0,661.9,170,149405.4,28470.4,0.3194,0.2168,0.318,25.803,0.3789,0,0.0,441,23.63,0,0,0,0,0,Tier 5: Microcap / Illiquid (<10L/day)
HRYNSHP,HARIYANA SHIP BREAKERS L,INE400G01011,EQ,NORMAL,False,False,PARTIAL,5,2026-08-17,2026-08-21,0.01,99.86,1479.6,1402,148354.97,138812.02,0.3309,-0.6729,-0.069,0.86,0.0272,0,0.0,0,0.0,0,0,0,0,0,Tier 5: Microcap / Illiquid (<10L/day)
SHYAMTEL,SHYAM TELECOM LIMITED,INE635A01023,EQ,NORMAL,False,False,PARTIAL,1795,2016-08-22,2026-08-21,10.0,14.67,7114.5,2272,146446.03,27059.2,0.5845,0.0669,0.55,4.389,0.8778,2,0.11,476,26.52,9,0,0,0,0,Tier 5: Microcap / Illiquid (<10L/day)
SUMEDHA,SUMEDHA FISCAL SERVICES L,INE886B01012,EQ,NORMAL,False,False,PARTIAL,5,2026-08-17,2026-08-21,0.01,38.04,3583.8,3791,141349.58,145081.57,0.9479,-10.0184,-0.495,1.121,0.1549,0,0.0,0,0.0,0,0,0,0,0,Tier 5: Microcap / Illiquid (<10L/day)
MOOILGAS,MOTILALAMC - MOOILGAS,INF247L01HH5,EQ,NORMAL,False,False,PARTIAL,12,2026-08-06,2026-08-21,0.04,11.12,12311.3,4144,138651.49,46744.32,0.1205,-0.361,-0.065,1.628,0.0237,0,0.0,0,0.0,0,0,0,0,0,Tier 5: Microcap / Illiquid (<10L/day)
IMPEXFERRO,IMPEX FERRO TECH LIMITED,INE691G01015,BZ,NORMAL,False,False,PARTIAL,1963,2016-08-22,2026-08-21,10.0,3.92,35457.0,14941,137020.52,22688.4,0.8764,0.5452,0.254,4.839,0.9111,0,0.0,498,25.37,3,0,0,0,0,Tier 5: Microcap / Illiquid (<10L/day)
NEAGI,NEELAMALAI AGRO INDS. L,INE605D01012,EQ,NORMAL,False,False,PARTIAL,62,2026-04-22,2026-08-21,0.33,3305.0,42.1,10,134000.48,33000.0,0.3823,-0.045,-0.097,2.943,0.11,0,0.0,21,33.87,1,1,0,0,0,Tier 5: Microcap / Illiquid (<10L/day)
ESENSEX,EDELAMC - ESENSEX,INF754K01VY8,EQ,NORMAL,False,False,PARTIAL,181,2025-11-27,2026-08-21,0.73,78.35,1701.7,549,133290.51,42130.26,0.2624,-0.122,1.009,37.452,0.1757,0,0.0,1,0.55,0,0,0,0,0,Tier 5: Microcap / Illiquid (<10L/day)
ALFREDHE,ALFRED HERBERT INDIA L,INE782D01027,EQ,NORMAL,False,False,PARTIAL,5,2026-08-17,2026-08-21,0.01,2967.8,43.6,29,131329.2,86066.2,0.4521,-3.6711,-0.267,1.146,0.0582,0,0.0,0,0.0,1,1,0,0,0,Tier 5: Microcap / Illiquid (<10L/day)
NKIND,NK INDUSTRIES LTD,INE542C01019,EQ,NORMAL,False,False,PARTIAL,2277,2016-08-22,2026-08-21,10.0,67.62,2547.5,757,129220.72,30331.2,0.5993,0.2371,0.838,5.766,0.8974,0,0.0,336,14.76,8,0,0,0,0,Tier 5: Microcap / Illiquid (<10L/day)
ABMINTLLTD,ABM INTERNATIONAL LTD,INE251C01025,BE,NORMAL,False,False,PARTIAL,1186,2021-09-13,2026-08-21,4.94,55.92,1783.1,622,129138.53,34524.0,0.6024,0.012,0.623,4.206,0.7881,0,0.0,183,15.43,3,0,0,0,0,Tier 5: Microcap / Illiquid (<10L/day)
HAVISHA,SRI HAVISHA HOSP & INFR L,INE293B01029,EQ,NORMAL,False,False,PARTIAL,1982,2018-04-12,2026-08-21,8.36,1.42,61953.0,36231,124820.04,56426.75,0.6662,0.1855,0.036,5.714,0.825,0,0.0,309,15.59,9,0,0,0,0,Tier 5: Microcap / Illiquid (<10L/day)
DCMFINSERV,DCM FINANCIAL SERVICES LT,INE891B01012,EQ,NORMAL,False,False,PARTIAL,1626,2018-04-26,2026-08-21,8.32,5.43,20460.5,9430,118270.01,39800.8,0.5668,0.3032,0.424,7.757,0.871,0,0.0,443,27.24,10,0,0,0,0,Tier 5: Microcap / Illiquid (<10L/day)
PHOENXINTL,PHOENIX INTERNATIONAL LTD,INE245B01011,EQ,NORMAL,False,False,PARTIAL,5,2026-08-17,2026-08-21,0.01,31.6,3796.8,1820,117887.76,57512.0,0.7645,-1.6913,-0.477,1.114,0.074,0,0.0,0,0.0,0,0,0,0,0,Tier 5: Microcap / Illiquid (<10L/day)
INFOMEDIA,INFOMEDIA PRESS LIMITED,INE669A01022,EQ,NORMAL,False,False,PARTIAL,1504,2016-08-22,2026-08-21,10.0,5.11,20972.9,9862,117882.96,50542.8,0.5536,0.1685,0.145,2.232,0.6866,0,0.0,245,16.29,3,0,0,0,0,Tier 5: Microcap / Illiquid (<10L/day)
MASKINVEST,MASK INVESTMENTS LIMITED,INE885F01015,EQ,NORMAL,False,False,PARTIAL,1530,2016-10-14,2026-08-21,9.85,146.66,923.4,212,115990.72,15223.4,0.6604,0.595,0.391,20.102,0.9091,3,0.2,571,37.32,7,0,0,0,0,Tier 5: Microcap / Illiquid (<10L/day)
MOMETAL,MOTILALAMC - MOMETAL,INF247L01HG7,EQ,NORMAL,False,False,PARTIAL,12,2026-08-06,2026-08-21,0.04,13.19,8823.6,5069,115794.41,66928.2,0.0907,0.0385,-0.059,1.583,0.0166,0,0.0,0,0.0,0,0,0,0,0,Tier 5: Microcap / Illiquid (<10L/day)
IVZSENSEX,RELIGARAMC - IVZSENSEX,INF205KA1CA1,EQ,NORMAL,False,False,PARTIAL,1,2026-08-21,2026-08-21,0.0,77.77,1448.0,1448,112610.96,112610.96,0.0,0.0,0.0,3.0,0.0,0,0.0,0,0.0,0,0,0,0,0,Tier 5: Microcap / Illiquid (<10L/day)
HBPOR,HB PORTFOLIO LTD.,INE638B01025,EQ,NORMAL,False,False,PARTIAL,5,2026-08-17,2026-08-21,0.01,61.71,1800.4,1183,110703.79,73251.36,0.4337,-1.2198,0.338,1.097,0.0475,0,0.0,0,0.0,0,0,0,0,0,Tier 5: Microcap / Illiquid (<10L/day)
NICCOPAR,NICCO PARKS & RESORTS LTD,INE653C01022,EQ,NORMAL,False,False,PARTIAL,4,2026-08-18,2026-08-21,0.01,79.99,1394.2,1850,110033.33,147722.5,0.3357,5.2205,0.176,0.667,0.0,0,0.0,0,0.0,1,1,0,0,0,Tier 5: Microcap / Illiquid (<10L/day)
ADDIND,ADDI INDUSTRIES LTD.,INE757C01021,EQ,NORMAL,False,False,PARTIAL,4,2026-08-18,2026-08-21,0.01,80.66,1277.0,612,103222.99,48960.0,0.7081,-8.412,-0.12,0.667,0.1061,0,0.0,0,0.0,0,0,0,0,0,Tier 5: Microcap / Illiquid (<10L/day)
CREATIVEYE,CREATIVE EYE LIMITED,INE230B01021,EQ,NORMAL,False,False,PARTIAL,1642,2018-12-12,2026-08-21,7.69,6.36,14716.2,5000,99152.13,20863.45,0.5941,0.2923,0.567,5.699,0.6,0,0.0,503,30.63,9,0,0,0,0,Tier 5: Microcap / Illiquid (<10L/day)
NIRAJISPAT,NIRAJ ISPAT IND LTD,INE326T01011,EQ,NORMAL,False,False,PARTIAL,291,2024-03-11,2026-08-20,2.44,216.0,368.7,139,98673.29,33408.0,0.6788,0.3723,0.801,4.841,0.7314,0,0.0,70,24.05,4,0,0,0,0,Tier 5: Microcap / Illiquid (<10L/day)
MUKESHB,MUKESH BABU FINANC SER L,INE596B01017,EQ,NORMAL,False,False,PARTIAL,4,2026-08-17,2026-08-21,0.01,144.5,671.0,1154,97048.51,166337.56,0.1279,-1.4313,0.031,0.667,0.0195,0,0.0,0,0.0,0,0,0,0,0,Tier 5: Microcap / Illiquid (<10L/day)
NORBTEAEXP,NORBEN TEA & EXPORTS LTD,INE369C01017,EQ,NORMAL,False,False,PARTIAL,1680,2017-01-09,2026-08-21,9.61,69.44,4168.6,1839,95303.06,23425.5,0.5218,0.456,-0.22,6.001,0.6839,1,0.06,573,34.11,12,0,0,0,0,Tier 5: Microcap / Illiquid (<10L/day)
RRECL,RDB REAL ESTATE CONS L,INE0AK901016,EQ,NORMAL,False,False,PARTIAL,4,2026-08-17,2026-08-20,0.01,143.25,671.5,894,94736.73,121896.9,0.8899,-0.7525,-0.022,0.667,0.0597,0,0.0,0,0.0,0,0,0,0,0,Tier 5: Microcap / Illiquid (<10L/day)
WHBRADY,W H BRADY & CO. LTD.,INE855A01019,EQ,NORMAL,False,False,PARTIAL,3,2026-08-18,2026-08-21,0.01,534.5,187.3,148,94044.27,79106.0,0.0,0.0,0.0,3.0,0.0331,0,0.0,0,0.0,0,0,0,0,0,Tier 5: Microcap / Illiquid (<10L/day)
LAKPRE,LAKSHMI PRE SCRE LTD,INE651C01018,BZ,NORMAL,False,False,PARTIAL,1937,2016-08-22,2026-08-21,10.0,4.46,4193.1,1365,92875.98,10742.4,0.5758,-0.1189,-0.181,5.798,0.981,0,0.0,445,22.97,2,0,0,0,0,Tier 5: Microcap / Illiquid (<10L/day)
MOHITE,MOHITE INDUSTRIES LTD.,INE154B01023,EQ,NORMAL,False,False,PARTIAL,5,2026-08-17,2026-08-21,0.01,2.52,37083.4,17417,92451.98,43139.88,0.5626,0.8719,0.577,1.186,0.0402,0,0.0,0,0.0,0,0,0,0,0,Tier 5: Microcap / Illiquid (<10L/day)
ASTAR,ASIAN STAR CO. LTD.,INE194D01017,EQ,NORMAL,False,False,PARTIAL,77,2026-04-20,2026-08-21,0.34,600.0,146.2,68,92180.26,42840.0,0.5018,-0.0117,0.301,3.136,0.1673,0,0.0,4,5.19,0,0,0,0,0,Tier 5: Microcap / Illiquid (<10L/day)
RADAAN,RADAAN MEDIAWORKS (I) LTD,INE874F01027,EQ,NORMAL,False,False,PARTIAL,1561,2018-12-03,2026-08-21,7.72,3.0,35618.9,16621,90791.4,34222.5,0.5592,0.2486,-0.117,3.575,0.7971,1,0.06,520,33.31,7,0,0,0,0,Tier 5: Microcap / Illiquid (<10L/day)
UNIVAFOODS,UNIVA FOODS LIMITED,INE275F01019,BE,NORMAL,False,False,PARTIAL,258,2022-07-25,2026-08-17,4.06,9.03,10001.7,2392,89678.28,17649.9,0.4825,0.6388,-0.031,2.251,0.4529,0,0.0,178,68.99,6,0,0,0,0,Tier 5: Microcap / Illiquid (<10L/day)
KANCOTEA,KANCO TEA & INDS. LTD.,INE398L01017,EQ,NORMAL,False,False,PARTIAL,5,2026-08-17,2026-08-21,0.01,54.3,1714.0,2063,88744.43,100014.24,0.5783,5.8269,-0.141,1.118,0.0236,0,0.0,0,0.0,0,0,0,0,0,Tier 5: Microcap / Illiquid (<10L/day)
BGLOBAL,BHARATIYA GLOBAL INFO LTD,INE224M01013,BZ,NORMAL,False,False,PARTIAL,213,2022-07-25,2026-08-17,4.06,3.15,26158.5,17922,88145.0,58052.4,0.6088,0.368,-0.094,1.357,0.4807,0,0.0,29,13.62,8,0,0,0,0,Tier 5: Microcap / Illiquid (<10L/day)
CURAA,CURA TECHNOLOGIES LIMITED,INE117B01020,EQ,NORMAL,False,False,PARTIAL,346,2025-03-24,2026-08-21,1.41,72.59,635.7,199,88128.69,19666.68,0.5286,0.93,0.091,2.68,0.7939,1,0.29,178,51.45,0,0,0,0,0,Tier 5: Microcap / Illiquid (<10L/day)
ARYAMAN,ARYAMAN FINANCIAL SERV L,INE032E01017,EQ,NORMAL,False,False,PARTIAL,5,2026-08-17,2026-08-21,0.01,610.0,146.2,20,87474.7,11740.0,0.4319,1.1229,0.472,1.189,0.0248,0,0.0,0,0.0,0,0,0,0,0,Tier 5: Microcap / Illiquid (<10L/day)
ARCL,ARCL ORGANICS LTD.,INE372M01010,EQ,NORMAL,False,False,PARTIAL,5,2026-08-17,2026-08-21,0.01,237.99,349.2,401,81690.16,95433.99,0.3589,0.4702,0.71,1.282,0.0277,0,0.0,0,0.0,0,0,0,0,0,Tier 5: Microcap / Illiquid (<10L/day)
SGLRES,SGL RESOURCES LIMITED,INE967B01028,EQ,NORMAL,False,False,PARTIAL,5,2026-08-17,2026-08-21,0.01,2.45,31891.2,27639,78488.26,71585.01,0.4726,-3.3918,0.037,0.838,0.0734,0,0.0,0,0.0,0,0,0,0,0,Tier 5: Microcap / Illiquid (<10L/day)
TECILCHEM,TECIL CHEMICALS,INE014B01011,EQ,NORMAL,False,False,PARTIAL,778,2023-04-20,2026-08-21,3.34,9.06,4689.2,1132,77407.65,22489.66,0.5798,-0.1207,0.747,5.631,0.801,0,0.0,199,25.58,10,0,0,0,0,Tier 5: Microcap / Illiquid (<10L/day)
VADILENT,VADILAL ENTERPRISES LTD.,INE693D01018,EQ,NORMAL,False,False,PARTIAL,4,2026-08-17,2026-08-21,0.01,9700.0,7.8,10,76205.5,97000.0,0.4152,-2.5037,-0.325,0.667,0.0396,0,0.0,0,0.0,0,0,0,0,0,Tier 5: Microcap / Illiquid (<10L/day)
MEDICAPQ,MEDI CAPS LTD.,INE442D01010,EQ,NORMAL,False,False,PARTIAL,5,2026-08-17,2026-08-21,0.01,25.2,2897.8,1682,72202.49,42386.4,0.8669,0.1289,0.252,1.141,0.0673,0,0.0,0,0.0,0,0,0,0,0,Tier 5: Microcap / Illiquid (<10L/day)
EBANK10,EDELAMC - EBANK10,INF754K01XH9,EQ,NORMAL,False,False,PARTIAL,13,2026-08-05,2026-08-21,0.04,16.94,4186.3,2391,70914.52,40527.45,0.1102,-0.0068,0.373,2.189,0.0182,0,0.0,0,0.0,0,0,0,0,0,Tier 5: Microcap / Illiquid (<10L/day)
MSCI360,360ONEAMC - MSCI360,INF579M01BP5,EQ,NORMAL,False,False,PARTIAL,59,2026-05-29,2026-08-21,0.23,10.39,6896.5,2711,70123.07,26405.14,0.3264,0.2616,1.222,19.916,0.1048,0,0.0,0,0.0,0,0,0,0,0,Tier 5: Microcap / Illiquid (<10L/day)
SAYAJIHOTL,SAYAJI HOTELS LTD.,INE318C01014,EQ,NORMAL,False,False,PARTIAL,70,2026-04-22,2026-08-21,0.33,328.0,208.2,73,63684.99,20221.0,0.4584,0.7344,0.113,4.159,0.0975,0,0.0,14,20.0,0,0,0,0,0,Tier 5: Microcap / Illiquid (<10L/day)
QUINTEGRA,QUINTEGRA SOLUTIONS LTD.,INE033B01011,BE,NORMAL,False,False,PARTIAL,211,2022-07-25,2026-08-17,4.06,1.27,35134.9,22710,56813.75,30739.8,0.6112,0.2055,-0.123,1.497,0.5509,0,0.0,14,6.64,9,0,0,0,0,Tier 5: Microcap / Illiquid (<10L/day)
EASTWEST,EAST WEST FREIGHT CARRI L,INE595R01023,EQ,NORMAL,False,False,PARTIAL,5,2026-08-17,2026-08-21,0.01,2.39,23647.6,20860,56791.65,49855.4,0.5846,-1.4271,-0.288,0.891,0.0531,0,0.0,0,0.0,0,0,0,0,0,Tier 5: Microcap / Illiquid (<10L/day)
STLSTRINF,STEEL STRIPS INFRA L,INE205F01016,EQ,NORMAL,False,False,PARTIAL,4,2026-08-18,2026-08-21,0.01,18.87,2589.5,3510,49158.53,66233.7,0.6375,-0.8792,-0.073,0.667,0.0455,0,0.0,0,0.0,0,0,0,0,0,Tier 5: Microcap / Illiquid (<10L/day)
CRAVATEX,CRAVATEX LTD.,INE145E01017,EQ,NORMAL,False,False,PARTIAL,5,2026-08-17,2026-08-21,0.01,359.0,136.2,101,47959.11,36259.0,0.1898,1.618,0.157,0.888,0.006,0,0.0,0,0.0,0,0,0,0,0,Tier 5: Microcap / Illiquid (<10L/day)
LARGEMID50,MIRAEAMC - LARGEMID50,INF769K01RK3,EQ,NORMAL,False,False,PARTIAL,2,2026-08-20,2026-08-21,0.0,36.83,1268.0,1363,46748.14,50294.7,0.0,0.0,0.0,3.0,0.0019,0,0.0,0,0.0,0,0,0,0,0,Tier 5: Microcap / Illiquid (<10L/day)
SRIKPRIND,SRI KPR INDUSTRIES LTD.,INE009C01019,EQ,NORMAL,False,False,PARTIAL,4,2026-08-18,2026-08-21,0.01,20.48,2222.0,2163,44988.35,44298.24,0.4492,-0.7887,0.343,0.667,0.0382,0,0.0,0,0.0,0,0,0,0,0,Tier 5: Microcap / Illiquid (<10L/day)
ASIANTNE,ASIAN TEA & EXPORTS LTD.,INE822B01017,EQ,NORMAL,False,False,PARTIAL,5,2026-08-17,2026-08-21,0.01,9.33,4754.0,3285,43839.08,31076.1,0.608,-2.4928,0.44,1.12,0.0719,0,0.0,0,0.0,0,0,0,0,0,Tier 5: Microcap / Illiquid (<10L/day)
THAKDEV,THAKKERS DEVELOPERS LTD.,INE403F01017,EQ,NORMAL,False,False,PARTIAL,71,2026-04-21,2026-08-21,0.33,154.88,284.1,83,41480.94,10988.9,0.6134,0.8397,0.031,1.897,0.2275,0,0.0,16,22.54,0,0,0,0,0,Tier 5: Microcap / Illiquid (<10L/day)
KALYANI,KALYANI COMMERCIALS LTD,INE610E01010,BE,NORMAL,False,False,PARTIAL,4,2022-03-02,2025-07-04,3.34,138.09,318.8,500,41433.9,69045.0,0.0002,12.5906,0.341,0.667,0.0,0,0.0,2,50.0,9,0,0,0,0,Tier 5: Microcap / Illiquid (<10L/day)
VASUPRADA,SHRI VASUPRADA PLANTATI L,INE574G01013,EQ,NORMAL,False,False,PARTIAL,4,2026-08-17,2026-08-21,0.01,96.08,402.2,522,38624.37,50143.32,0.0048,0.07,0.385,0.667,0.0,0,0.0,1,25.0,0,0,0,0,0,Tier 5: Microcap / Illiquid (<10L/day)
DRSCARGO,DRS CARGO MOVERS LIMITED,INE0QZM01018,SM,SME,False,False,PARTIAL,31,2025-07-10,2026-04-15,0.76,21.8,1083.9,800,38078.71,36560.0,1.3293,-0.1459,0.919,2.901,0.6245,0,0.0,28,90.32,0,0,0,0,0,Tier 5: Microcap / Illiquid (<10L/day)
SVGLOBAL,S V GLOBAL MILL LTD.,INE159L01013,EQ,NORMAL,False,False,PARTIAL,5,2026-08-17,2026-08-21,0.01,125.26,267.4,181,34700.86,25993.41,0.599,-8.3287,0.152,0.959,0.1398,0,0.0,0,0.0,0,0,0,0,0,Tier 5: Microcap / Illiquid (<10L/day)
POLYSPIN,POLYSPIN EXPORTS LTD.,INE914G01029,EQ,NORMAL,False,False,PARTIAL,5,2026-08-17,2026-08-21,0.01,30.97,994.6,635,30897.61,19665.95,0.6838,-0.9539,0.534,1.152,0.071,0,0.0,0,0.0,0,0,0,0,0,Tier 5: Microcap / Illiquid (<10L/day)
TRANSCOR,TRANSCORP INTERNATIONAL L,INE330E01023,EQ,NORMAL,False,False,PARTIAL,5,2026-08-17,2026-08-21,0.01,24.5,1203.0,752,29450.16,18529.28,0.1605,0.6306,-0.073,1.089,0.0101,0,0.0,0,0.0,0,0,0,0,0,Tier 5: Microcap / Illiquid (<10L/day)
PBMPOLY,P B M POLYTEX LTD.,INE501F01018,EQ,NORMAL,False,False,PARTIAL,4,2026-08-17,2026-08-21,0.01,60.3,452.8,405,27323.53,24470.1,0.4458,-4.2382,-0.308,0.667,0.0551,0,0.0,1,25.0,0,0,0,0,0,Tier 5: Microcap / Illiquid (<10L/day)
MSL,MANGALAM SEEDS LTD.,INE829S01016,EQ,NORMAL,False,False,PARTIAL,5,2026-08-17,2026-08-21,0.01,141.0,183.0,51,26425.98,7191.0,0.4373,0.9722,0.533,1.202,0.0276,0,0.0,1,20.0,0,0,0,0,0,Tier 5: Microcap / Illiquid (<10L/day)
GKB,GKB OPHTHALMICS LTD.,INE265D01015,EQ,NORMAL,False,False,PARTIAL,5,2026-08-17,2026-08-21,0.01,65.0,405.0,26,25214.16,1690.0,0.6496,0.1567,0.265,0.862,0.0631,0,0.0,2,40.0,0,0,0,0,0,Tier 5: Microcap / Illiquid (<10L/day)
SIMPLXREA,SIMPLEX REALTY LTD.,INE167H01014,EQ,NORMAL,False,False,PARTIAL,5,2026-08-17,2026-08-21,0.01,120.4,198.2,83,24247.53,10799.13,0.3126,-4.8016,-0.484,1.17,0.0746,0,0.0,0,0.0,0,0,0,0,0,Tier 5: Microcap / Illiquid (<10L/day)
SAICAPI,SAI CAPITAL LTD.,INE531X01018,EQ,NORMAL,False,False,PARTIAL,4,2026-08-17,2026-08-21,0.01,146.44,149.2,150,22448.89,22492.5,0.3081,-1.9498,-0.208,0.667,0.0323,0,0.0,0,0.0,0,0,0,0,0,Tier 5: Microcap / Illiquid (<10L/day)
GFSTEELS,GRAND FOUNDRY LTD,INE534A01028,BE,NORMAL,False,False,PARTIAL,811,2019-07-23,2026-08-17,7.07,15.0,3763.9,1381,20484.21,4840.5,0.5291,0.9019,-0.144,1.78,0.8345,0,0.0,568,70.04,7,0,0,0,0,Tier 5: Microcap / Illiquid (<10L/day)
LADDERUP,LADDERUP FINANCE LTD.,INE519D01015,EQ,NORMAL,False,False,PARTIAL,5,2026-08-17,2026-08-21,0.01,50.8,407.4,428,20181.57,21019.08,0.3604,2.1888,0.018,0.605,0.0215,0,0.0,0,0.0,0,0,0,0,0,Tier 5: Microcap / Illiquid (<10L/day)
SAB,S A B INDUSTRIES LTD.,INE137M01017,EQ,NORMAL,False,False,PARTIAL,4,2026-08-17,2026-08-21,0.01,170.32,70.8,104,12035.82,17713.28,0.0173,0.1581,0.385,0.667,0.0,0,0.0,2,50.0,0,0,0,0,0,Tier 5: Microcap / Illiquid (<10L/day)
ASSAMENT,ASSAM ENTRADE LIMITED,INE165G01010,EQ,NORMAL,False,False,PARTIAL,4,2026-08-17,2026-08-21,0.01,780.0,15.0,14,11835.62,11200.0,0.3259,-7.0802,-0.147,0.667,0.0824,0,0.0,1,25.0,0,0,0,0,0,Tier 5: Microcap / Illiquid (<10L/day)
ANSALBU,ANSAL BUILDWELL LTD.,INE030C01015,EQ,NORMAL,False,False,PARTIAL,4,2026-08-17,2026-08-21,0.01,73.5,144.5,145,10595.33,10585.0,0.0547,0.8061,0.129,0.667,0.0,0,0.0,1,25.0,0,0,0,0,0,Tier 5: Microcap / Illiquid (<10L/day)
TERAI,TERAI TEA CO. LTD.,INE390D01011,EQ,NORMAL,False,False,PARTIAL,3,2026-08-17,2026-08-21,0.01,128.35,77.0,7,9870.3,868.0,0.0,0.0,0.0,3.0,0.0048,0,0.0,1,33.33,0,0,0,0,0,Tier 5: Microcap / Illiquid (<10L/day)
APOORVA,APOORVA LEAS F & INV C L,INE217S01014,EQ,NORMAL,False,False,PARTIAL,1,2026-08-20,2026-08-20,0.0,26.51,361.0,361,9570.11,9570.11,0.0,0.0,0.0,3.0,0.0,0,0.0,0,0.0,0,0,0,0,0,Tier 5: Microcap / Illiquid (<10L/day)
SUNLOC,SUNIL HEALTHCARE LTD.,INE671C01016,EQ,NORMAL,False,False,PARTIAL,4,2026-08-17,2026-08-21,0.01,69.0,136.0,129,9316.74,8901.0,0.1638,0.8669,0.209,0.667,0.0056,0,0.0,0,0.0,0,0,0,0,0,Tier 5: Microcap / Illiquid (<10L/day)
RAJVIR,RAJVIR INDUSTRIES LIMITED,INE011H01014,BZ,NORMAL,False,False,PARTIAL,94,2022-08-16,2026-08-17,4.0,5.6,1056.7,200,8869.68,1452.0,0.5961,-0.772,0.173,1.607,0.4969,0,0.0,70,74.47,5,0,0,0,0,Tier 5: Microcap / Illiquid (<10L/day)
SONAL,SONAL MERCANTILE LTD.,INE321M01017,EQ,NORMAL,False,False,PARTIAL,60,2026-04-21,2026-08-19,0.33,90.46,95.5,42,8774.23,3999.0,0.3889,-0.3449,0.05,2.946,0.1656,0,0.0,16,26.67,0,0,0,0,0,Tier 5: Microcap / Illiquid (<10L/day)
UPHOT,U P HOTELS LTD.,INE726E01014,EQ,NORMAL,False,False,PARTIAL,3,2026-08-18,2026-08-21,0.01,1396.0,5.7,3,8153.33,4188.0,0.0,0.0,0.0,3.0,0.0359,0,0.0,0,0.0,0,0,0,0,0,Tier 5: Microcap / Illiquid (<10L/day)
DSKULKARNI,DS KULKARNI DEVELOPERS L,INE891A01022,BE,NORMAL,False,False,PARTIAL,13,2026-08-03,2026-08-21,0.05,16.14,296.1,98,4013.8,1303.4,0.0033,12.4956,-0.319,1.56,0.0,0,0.0,12,92.31,3,1,0,0,0,Tier 5: Microcap / Illiquid (<10L/day)
GSEC10ADD,DSPAMC - GSEC10ADD,INF740KA1ZI7,EQ,NORMAL,False,False,PARTIAL,2,2026-08-20,2026-08-21,0.0,26.9,43.0,73,1167.65,1985.6,0.0,0.0,0.0,3.0,0.011,0,0.0,0,0.0,0,0,0,0,0,Tier 5: Microcap / Illiquid (<10L/day)
